id	file	context	type	japanese	translation
ACTOR_10_nickname	Actors.json	nickname	name	セイリューの若き当主
ACTOR_10_profile	Actors.json	profile	profile	西の山奥の国セイリュー領主の娘。幼い頃より領民の悪童と\n悪さばかりして育った。粗暴な面もあるが人望が厚く人気者。
ACTOR_11_nickname	Actors.json	nickname	name	セイリュー領主の一人娘
ACTOR_11_profile	Actors.json	profile	profile	西の山奥の国セイリュー領主の娘。幼い頃より領民の悪童と\n悪さばかりして育った。粗暴な面もあるが人望が厚く人気者。
ACTOR_14_nickname	Actors.json	nickname	name	自他ともに認める天才騎士
ACTOR_14_profile	Actors.json	profile	profile	類稀な頭脳と剣術で天才の名を欲しいままにしている騎士。\n伝説的な騎士であるロイを超える才能とも言われている。
ACTOR_15_nickname	Actors.json	nickname	name	フレイム王国の王子
ACTOR_15_profile	Actors.json	profile	profile	フレイム王国の第二王子だったが兄の急逝により次期国王と\nなった。兄と真逆で性格は豪放磊落、学問より剣術が好き。
ACTOR_16_nickname	Actors.json	nickname	name	食べるの大好き
ACTOR_16_profile	Actors.json	profile	profile	その類まれな身体性能と槍の扱いで将来を期待されていたが、\n食べ過ぎてどんどん太るので心配されている若き兵士。
ACTOR_17_nickname	Actors.json	nickname	name	天才と呼ばれる若き騎士
ACTOR_17_profile	Actors.json	profile	profile	幼い頃に父より風の紋章を継承した若き騎士。\nそれを抜きにしても天才的な頭脳と剣術を持つ。
ACTOR_18_nickname	Actors.json	nickname	name	ウィンダム騎士団長代行
ACTOR_18_profile	Actors.json	profile	profile	ウィンダム王国騎士団に代々騎士団長を輩出している名門。\nその怪力と胆力で戦場を駆け巡った歴戦の勇士。
ACTOR_19_nickname	Actors.json	nickname	name	フレイム王国の国王
ACTOR_19_profile	Actors.json	profile	profile	フレイム王国の王。伝説の王であるバーン王に匹敵すると\n言われるほどの剣の使い手だった。
ACTOR_1_nickname	Actors.json	nickname	name	若き騎士
ACTOR_1_profile	Actors.json	profile	profile	庶民の出だが父母が無理をして入学させてくれた士官学校を\n首席で卒業。将来を期待されている新米騎士。
ACTOR_20_nickname	Actors.json	nickname	name	フレイム王国の王子
ACTOR_20_profile	Actors.json	profile	profile	フレイム王国の第一王子。弟のホノオのような剣術や体術の\n才能には恵まれなかったが、類まれな頭脳と洞察力を持つ。
ACTOR_21_nickname	Actors.json	nickname	name	セイリューの前当主
ACTOR_21_profile	Actors.json	profile	profile	西の山奥の国セイリュー領主の娘。幼い頃より身体が弱く、\n剣術よりも本を読んだり植物を愛でて育った。
ACTOR_22_nickname	Actors.json	nickname	name	セイリューの長老
ACTOR_22_profile	Actors.json	profile	profile	セイリューの元当主人。一体どれほど長生きをしているのか\n誰も分からない。膨大な知識と尋常でない剣の腕を持つ。
ACTOR_23_nickname	Actors.json	nickname	name	自他ともに認める天才騎士
ACTOR_23_profile	Actors.json	profile	profile	類稀な頭脳と剣術で天才の名を欲しいままにしている騎士。\n伝説的な騎士であるロイを超える才能とも言われている。
ACTOR_24_nickname	Actors.json	nickname	name	ウィンダム王国の国王
ACTOR_24_profile	Actors.json	profile	profile	ウィンダムの王。幼い頃より武術全般に優れ、騎士団の\n騎士たちにも厳しい鍛錬を求める。年齢不詳。
ACTOR_25_nickname	Actors.json	nickname	name	セイリュー鍛冶屋の娘
ACTOR_25_profile	Actors.json	profile	profile	セイリューの鍛冶屋の一族の娘。家業に殆ど関わらず、悪さと\n剣術にだけ励んで育った。気性は激しいが心根は優しい。
ACTOR_26_nickname	Actors.json	nickname	name	セイリュー農家の息子
ACTOR_26_profile	Actors.json	profile	profile	セイリュー農家の一族の男子。幼い頃より何をやらせても\n器用だった。なぜか村の者の中では悪童とばかり仲が良い。
ACTOR_2_nickname	Actors.json	nickname	name	フレイム王国の王子
ACTOR_2_profile	Actors.json	profile	profile	フレイム王国の第二王子だったが兄の急逝により次期国王と\nなった。兄と真逆で性格は豪放磊落、学問より剣術が好き。
ACTOR_30_nickname	Actors.json	nickname	name	炭鉱夫
ACTOR_31_nickname	Actors.json	nickname	name	セイリュー領主
ACTOR_32_nickname	Actors.json	nickname	name	フレイム王子
ACTOR_33_nickname	Actors.json	nickname	name	忍者犬
ACTOR_3_nickname	Actors.json	nickname	name	セイリューの若き当主
ACTOR_3_profile	Actors.json	profile	profile	西の山奥の国セイリュー領主の娘。幼い頃より領民の悪童と\n悪さばかりして育った。粗暴な面もあるが人望が厚く人気者。
ACTOR_4_nickname	Actors.json	nickname	name	自他ともに認める天才騎士
ACTOR_4_profile	Actors.json	profile	profile	類稀な頭脳と剣術で天才の名を欲しいままにしている騎士。\n伝説的な騎士であるロイを超える才能とも言われている。
ACTOR_5_nickname	Actors.json	nickname	name	元騎士隊長
ACTOR_5_profile	Actors.json	profile	profile	かつて天才騎士として王国に名を轟かせた男。\nいまは森の中の生家に籠り隠遁生活を送っている。
ACTOR_6_nickname	Actors.json	nickname	name	天才と呼ばれる若き騎士
ACTOR_6_profile	Actors.json	profile	profile	幼い頃に父より風の紋章を継承した若き騎士。\nそれを抜きにしても天才的な頭脳と剣術を持つ。
ACTOR_7_nickname	Actors.json	nickname	name	自他ともに認める天才騎士
ACTOR_7_profile	Actors.json	profile	profile	火と水の紋章を両手に宿した天才騎士。\nかつての部下ウィンと二人で最終局面に挑む。
ACTOR_9_nickname	Actors.json	nickname	name	フレイム王国の王子
ACTOR_9_profile	Actors.json	profile	profile	フレイム王国の第二王子だったが兄の急逝により次期国王と\nなった。兄と真逆で性格は豪放磊落、学問より剣術が好き。
DB_Actors_10_name	Actors.json	Actors.json #10 (ナガレテスト用)	name	ナガレテスト用
DB_Actors_11_name	Actors.json	Actors.json #11 (ナガレ)	name	ナガレ
DB_Actors_12_name	Actors.json	Actors.json #12 (トリカゼ)	name	トリカゼ
DB_Actors_13_name	Actors.json	Actors.json #13 (マハリ)	name	マハリ
DB_Actors_14_name	Actors.json	Actors.json #14 (ピピン)	name	ピピン
DB_Actors_15_name	Actors.json	Actors.json #15 (ホノオテスト用最終)	name	ホノオテスト用最終
DB_Actors_16_name	Actors.json	Actors.json #16 (レイモンド)	name	レイモンド
DB_Actors_17_name	Actors.json	Actors.json #17 (ロイ)	name	ロイ
DB_Actors_18_name	Actors.json	Actors.json #18 (サクソン)	name	サクソン
DB_Actors_19_name	Actors.json	Actors.json #19 (フレイム王)	name	フレイム王
DB_Actors_1_name	Actors.json	Actors.json #1 (ウィン)	name	ウィン
DB_Actors_20_name	Actors.json	Actors.json #20 (ホムラ)	name	ホムラ
DB_Actors_21_name	Actors.json	Actors.json #21 (シズク)	name	シズク
DB_Actors_22_name	Actors.json	Actors.json #22 (オタキ)	name	オタキ
DB_Actors_23_name	Actors.json	Actors.json #23 (ピピン)	name	ピピン
DB_Actors_24_name	Actors.json	Actors.json #24 (ウィンダム王)	name	ウィンダム王
DB_Actors_25_name	Actors.json	Actors.json #25 (トリカゼ)	name	トリカゼ
DB_Actors_26_name	Actors.json	Actors.json #26 (マハリ)	name	マハリ
DB_Actors_2_name	Actors.json	Actors.json #2 (ホノオ)	name	ホノオ
DB_Actors_30_name	Actors.json	Actors.json #30 (アルドン)	name	アルドン
DB_Actors_31_name	Actors.json	Actors.json #31 (オタキ)	name	オタキ
DB_Actors_32_name	Actors.json	Actors.json #32 (ホムラ)	name	ホムラ
DB_Actors_33_name	Actors.json	Actors.json #33 (ピピン)	name	ピピン
DB_Actors_3_name	Actors.json	Actors.json #3 (ナガレ)	name	ナガレ
DB_Actors_4_name	Actors.json	Actors.json #4 (ピピン)	name	ピピン
DB_Actors_5_name	Actors.json	Actors.json #5 (ロイ)	name	ロイ
DB_Actors_6_name	Actors.json	Actors.json #6 (ロイ)	name	ロイ
DB_Actors_7_name	Actors.json	Actors.json #7 (ピピン)	name	ピピン
DB_Actors_8_name	Actors.json	Actors.json #8 (ウィン　テスト用)	name	ウィン　テスト用
DB_Actors_9_name	Actors.json	Actors.json #9 (ホノオ)	name	ホノオ
DB_Armors_10_description	Armors.json	Armors.json #10	description	細かな鎖を編み込んだ戦闘用の軽装鎧。軽さと斬撃への耐性\nを両立した、最も一般的な防具。少しだけ素早さがダウン。
DB_Armors_10_name	Armors.json	Armors.json #10 (チェインメイル)	name	チェインメイル
DB_Armors_11_description	Armors.json	Armors.json #11	description	細かな鎖を編み込んだ戦闘用の軽装鎧。軽さと斬撃への耐性\nを両立した、最も一般的な防具。少しだけ素早さがダウン。
DB_Armors_11_name	Armors.json	Armors.json #11 (チェインメイル（良質）)	name	チェインメイル（良質）
DB_Armors_12_description	Armors.json	Armors.json #12	description	細かな鎖を編み込んだ戦闘用の軽装鎧。軽さと斬撃への耐性\nを両立した、最も一般的な防具。素早さがダウン。
DB_Armors_12_name	Armors.json	Armors.json #12 (チェインメイル（名品）)	name	チェインメイル（名品）
DB_Armors_13_description	Armors.json	Armors.json #13	description	全身を出来る限り隙間なく金属で覆った全身鎧。大変高価で\nあると共に、その重量の為に素早さが大きくダウン。
DB_Armors_13_name	Armors.json	Armors.json #13 (プレートメイル)	name	プレートメイル
DB_Armors_14_description	Armors.json	Armors.json #14	description	全身を出来る限り隙間なく金属で覆った全身鎧。大変高価で\nあると共に、その重量の為に素早さが大きくダウン。
DB_Armors_14_name	Armors.json	Armors.json #14 (プレートメイル（良質）)	name	プレートメイル（良質）
DB_Armors_15_description	Armors.json	Armors.json #15	description	全身を出来る限り隙間なく金属で覆った全身鎧。大変高価で\nあると共に、その重量の為に素早さが大きくダウン。
DB_Armors_15_name	Armors.json	Armors.json #15 (プレートメイル（名品）)	name	プレートメイル（名品）
DB_Armors_16_description	Armors.json	Armors.json #16	description	ウィンダム騎士団の騎士のみに支給される立派なマント。\n風の力が宿るというが、真偽のほどは分からない。
DB_Armors_16_name	Armors.json	Armors.json #16 (騎士のマント)	name	騎士のマント
DB_Armors_17_description	Armors.json	Armors.json #17	description	幼い頃に急逝したというフレイム王国の王子が身に着けて\nいた腰布から作られたバンダナ。ホノオにとって兄の形見。
DB_Armors_17_name	Armors.json	Armors.json #17 (ホムラのバンダナ)	name	ホムラのバンダナ
DB_Armors_18_description	Armors.json	Armors.json #18	description	大昔からセイリューに伝わり水の紋章の継承者に受け継がれ\nている伝説の着物。龍から授かったと伝わる。
DB_Armors_18_name	Armors.json	Armors.json #18 (清流のマフラー)	name	清流のマフラー
DB_Armors_19_description	Armors.json	Armors.json #19	description	ウィンダム騎士隊長のみに支給される立派なマント。\n風の力が宿るというが、真偽のほどは分からない。
DB_Armors_19_name	Armors.json	Armors.json #19 (騎士隊長のマント)	name	騎士隊長のマント
DB_Armors_1_description	Armors.json	Armors.json #1	description	小型で軽量の盾。敵の攻撃を受け止めるというよりも、\n受け流すためのもの。少量の防御力と、回避率が上がる。
DB_Armors_1_name	Armors.json	Armors.json #1 (バックラー)	name	バックラー
DB_Armors_20_description	Armors.json	Armors.json #20	description	小型で軽量の盾。敵の攻撃を受け止めるというよりも、\n受け流すためのもの。少量の防御力と、回避率が上がる。
DB_Armors_20_name	Armors.json	Armors.json #20 (バックラー（匠）)	name	バックラー（匠）
DB_Armors_21_description	Armors.json	Armors.json #21	description	斬撃や弓矢を完全に防ぎ重い打撃もある程度防ぐ鉄製の盾。\n防御力と少しの回避率が上がるが、素早さが下がる。
DB_Armors_21_name	Armors.json	Armors.json #21 (アイアンシールド（匠）)	name	アイアンシールド（匠）
DB_Armors_22_description	Armors.json	Armors.json #22	description	細かな鎖を編み込んだ戦闘用の軽装鎧。軽さと斬撃への耐性\nを両立した、最も一般的な防具。素早さがダウン。
DB_Armors_22_name	Armors.json	Armors.json #22 (チェインメイル（匠）)	name	チェインメイル（匠）
DB_Armors_23_description	Armors.json	Armors.json #23	description	全身を出来る限り隙間なく金属で覆った全身鎧。大変高価で\nあると共に、その重量の為に素早さが大きくダウン。
DB_Armors_23_name	Armors.json	Armors.json #23 (プレートメイル（匠）)	name	プレートメイル（匠）
DB_Armors_24_description	Armors.json	Armors.json #24	description	魔法の力が宿った盾。少量の防御力と回避率、\nそして魔法ぼうぎょが大きくアップする。
DB_Armors_24_name	Armors.json	Armors.json #24 (エレメンタルシールド)	name	エレメンタルシールド
DB_Armors_25_description	Armors.json	Armors.json #25	description	全身を出来る限り隙間なく金属で覆った全身鎧。騎士団は\n勿論、他国でも見たことのない立派で頑丈な鎧。ウィン専用
DB_Armors_25_name	Armors.json	Armors.json #25 (ナイトメイル)	name	ナイトメイル
DB_Armors_26_description	Armors.json	Armors.json #26	description	初代フレイム王の持ち物と伝わる、フレイムの伝説上の鎧。\n軽く動きやすいが、急所は全て守られている。ホノオ専用。
DB_Armors_26_name	Armors.json	Armors.json #26 (狂戦士の鎧)	name	狂戦士の鎧
DB_Armors_27_description	Armors.json	Armors.json #27	description	見たこともない意匠の美しい鎧。華美でありながら軽く、\n堅牢な作り。素早さが少しダウン。ナガレ専用。
DB_Armors_27_name	Armors.json	Armors.json #27 (サムライの甲冑)	name	サムライの甲冑
DB_Armors_2_description	Armors.json	Armors.json #2	description	小型で軽量の盾。敵の攻撃を受け止めるというよりも、\n受け流すためのもの。少量の防御力と、回避率が上がる。
DB_Armors_2_name	Armors.json	Armors.json #2 (バックラー（良質）)	name	バックラー（良質）
DB_Armors_3_description	Armors.json	Armors.json #3	description	小型で軽量の盾。敵の攻撃を受け止めるというよりも、\n受け流すためのもの。少量の防御力と、回避率が上がる。
DB_Armors_3_name	Armors.json	Armors.json #3 (バックラー（名品）)	name	バックラー（名品）
DB_Armors_4_description	Armors.json	Armors.json #4	description	斬撃や弓矢を完全に防ぎ重い打撃もある程度防ぐ鉄製の盾。\n防御力と少しの回避率が上がるが、素早さが下がる。
DB_Armors_4_name	Armors.json	Armors.json #4 (アイアンシールド)	name	アイアンシールド
DB_Armors_5_description	Armors.json	Armors.json #5	description	斬撃や弓矢を完全に防ぎ重い打撃もある程度防ぐ鉄製の盾。\n防御力と少しの回避率が上がるが、素早さが下がる。
DB_Armors_5_name	Armors.json	Armors.json #5 (アイアンシールド（良質）)	name	アイアンシールド（良質）
DB_Armors_6_description	Armors.json	Armors.json #6	description	斬撃や弓矢を完全に防ぎ重い打撃もある程度防ぐ鉄製の盾。\n防御力と少しの回避率が上がるが、素早さが下がる。
DB_Armors_6_name	Armors.json	Armors.json #6 (アイアンシールド（名品）)	name	アイアンシールド（名品）
DB_Armors_7_description	Armors.json	Armors.json #7	description	主にウインダム王国の兵士、その中でも重装する必要のない\n役職のものが着るもの。軽装ながら丈夫に作られている。
DB_Armors_7_name	Armors.json	Armors.json #7 (レザーコート)	name	レザーコート
DB_Armors_8_description	Armors.json	Armors.json #8	description	フレイム王国の民の多くが普段着として用いる上質な服。\n通気性と丈夫さを兼ね備えている。
DB_Armors_8_name	Armors.json	Armors.json #8 (絹の服)	name	絹の服
DB_Armors_9_description	Armors.json	Armors.json #9	description	セイリューの者が長旅に出る際にまとう服、一式。\n動きやすく、防寒性にも優れている。
DB_Armors_9_name	Armors.json	Armors.json #9 (旅装束)	name	旅装束
DB_Classes_10_name	Classes.json	Classes.json #10 (新米の偵察兵)	name	新米の偵察兵
DB_Classes_10_name	Classes.json	Classes.json #10 (新米の偵察兵)	name	新米の偵察兵
DB_Classes_11_name	Classes.json	Classes.json #11 (風の紋章さいご)	name	風の紋章さいご
DB_Classes_11_name	Classes.json	Classes.json #11 (風の紋章さいご)	name	風の紋章さいご
DB_Classes_12_name	Classes.json	Classes.json #12 (風の紋章の継承者)	name	風の紋章の継承者
DB_Classes_12_name	Classes.json	Classes.json #12 (風の紋章の継承者)	name	風の紋章の継承者
DB_Classes_13_name	Classes.json	Classes.json #13 (風の紋章の継承者)	name	風の紋章の継承者
DB_Classes_13_name	Classes.json	Classes.json #13 (風の紋章の継承者)	name	風の紋章の継承者
DB_Classes_14_name	Classes.json	Classes.json #14 (火の紋章さいご)	name	火の紋章さいご
DB_Classes_14_name	Classes.json	Classes.json #14 (火の紋章さいご)	name	火の紋章さいご
DB_Classes_15_name	Classes.json	Classes.json #15 (火の紋章の継承者)	name	火の紋章の継承者
DB_Classes_15_name	Classes.json	Classes.json #15 (火の紋章の継承者)	name	火の紋章の継承者
DB_Classes_16_name	Classes.json	Classes.json #16 (火の紋章の継承者)	name	火の紋章の継承者
DB_Classes_16_name	Classes.json	Classes.json #16 (火の紋章の継承者)	name	火の紋章の継承者
DB_Classes_17_name	Classes.json	Classes.json #17 (水の紋章さいご)	name	水の紋章さいご
DB_Classes_17_name	Classes.json	Classes.json #17 (水の紋章さいご)	name	水の紋章さいご
DB_Classes_18_name	Classes.json	Classes.json #18 (水の紋章の継承者)	name	水の紋章の継承者
DB_Classes_18_name	Classes.json	Classes.json #18 (水の紋章の継承者)	name	水の紋章の継承者
DB_Classes_19_name	Classes.json	Classes.json #19 (水の紋章の継承者)	name	水の紋章の継承者
DB_Classes_19_name	Classes.json	Classes.json #19 (水の紋章の継承者)	name	水の紋章の継承者
DB_Classes_1_name	Classes.json	Classes.json #1 (新米騎士)	name	新米騎士
DB_Classes_1_name	Classes.json	Classes.json #1 (新米騎士)	name	新米騎士
DB_Classes_20_name	Classes.json	Classes.json #20 (騎士隊長)	name	騎士隊長
DB_Classes_20_name	Classes.json	Classes.json #20 (騎士隊長)	name	騎士隊長
DB_Classes_21_name	Classes.json	Classes.json #21 (ウィンダム王国国王)	name	ウィンダム王国国王
DB_Classes_21_name	Classes.json	Classes.json #21 (ウィンダム王国国王)	name	ウィンダム王国国王
DB_Classes_22_name	Classes.json	Classes.json #22 (セイリューの村人)	name	セイリューの村人
DB_Classes_22_name	Classes.json	Classes.json #22 (セイリューの村人)	name	セイリューの村人
DB_Classes_23_name	Classes.json	Classes.json #23 (セイリューの村人)	name	セイリューの村人
DB_Classes_23_name	Classes.json	Classes.json #23 (セイリューの村人)	name	セイリューの村人
DB_Classes_24_name	Classes.json	Classes.json #24 (謎の魔力を得た騎士)	name	謎の魔力を得た騎士
DB_Classes_24_name	Classes.json	Classes.json #24 (謎の魔力を得た騎士)	name	謎の魔力を得た騎士
DB_Classes_25_name	Classes.json	Classes.json #25 (謎の魔力を得た王)	name	謎の魔力を得た王
DB_Classes_25_name	Classes.json	Classes.json #25 (謎の魔力を得た王)	name	謎の魔力を得た王
DB_Classes_26_name	Classes.json	Classes.json #26 (謎の魔力を得たサムライ)	name	謎の魔力を得たサムライ
DB_Classes_26_name	Classes.json	Classes.json #26 (謎の魔力を得たサムライ)	name	謎の魔力を得たサムライ
DB_Classes_27_name	Classes.json	Classes.json #27 (謎の魔力を得たサムライ)	name	謎の魔力を得たサムライ
DB_Classes_27_name	Classes.json	Classes.json #27 (謎の魔力を得たサムライ)	name	謎の魔力を得たサムライ
DB_Classes_29_name	Classes.json	Classes.json #29 (忍者犬)	name	忍者犬
DB_Classes_29_name	Classes.json	Classes.json #29 (忍者犬)	name	忍者犬
DB_Classes_2_name	Classes.json	Classes.json #2 (騎士隊長)	name	騎士隊長
DB_Classes_2_name	Classes.json	Classes.json #2 (騎士隊長)	name	騎士隊長
DB_Classes_30_name	Classes.json	Classes.json #30 (大地の勇者)	name	大地の勇者
DB_Classes_30_name	Classes.json	Classes.json #30 (大地の勇者)	name	大地の勇者
DB_Classes_3_name	Classes.json	Classes.json #3 (風の紋章の継承者)	name	風の紋章の継承者
DB_Classes_3_name	Classes.json	Classes.json #3 (風の紋章の継承者)	name	風の紋章の継承者
DB_Classes_4_name	Classes.json	Classes.json #4 (火の紋章の継承者)	name	火の紋章の継承者
DB_Classes_4_name	Classes.json	Classes.json #4 (火の紋章の継承者)	name	火の紋章の継承者
DB_Classes_5_name	Classes.json	Classes.json #5 (水の紋章の継承者)	name	水の紋章の継承者
DB_Classes_5_name	Classes.json	Classes.json #5 (水の紋章の継承者)	name	水の紋章の継承者
DB_Classes_6_name	Classes.json	Classes.json #6 (火と水の紋章の継承者)	name	火と水の紋章の継承者
DB_Classes_6_name	Classes.json	Classes.json #6 (火と水の紋章の継承者)	name	火と水の紋章の継承者
DB_Classes_7_name	Classes.json	Classes.json #7 (退役騎士)	name	退役騎士
DB_Classes_7_name	Classes.json	Classes.json #7 (退役騎士)	name	退役騎士
DB_Classes_8_name	Classes.json	Classes.json #8 (セイリューの村人)	name	セイリューの村人
DB_Classes_8_name	Classes.json	Classes.json #8 (セイリューの村人)	name	セイリューの村人
DB_Classes_9_name	Classes.json	Classes.json #9 (セイリューの領主)	name	セイリューの領主
DB_Classes_9_name	Classes.json	Classes.json #9 (セイリューの領主)	name	セイリューの領主
CE4_1	CommonEvents.json	0	dialogue	度重なる魔族軍の侵攻も最早脅威と呼ばれなくなって
CE4_11	CommonEvents.json	0	dialogue	魔族を、闇を駆逐した我々は、いまや彼らと比べて本当に
CE4_12	CommonEvents.json	0	dialogue	正しいのであろうか。お互いの内に闇を生み出しそれを増幅
CE4_13	CommonEvents.json	0	dialogue	し合うようになった我々がそこに目を向けない限り、本当の
CE4_14	CommonEvents.json	0	dialogue	意味での闇は結局形を変えるだけでむしろ強大になるばかり
CE4_2	CommonEvents.json	0	dialogue	数百年。我々は遂に闇を克服したと言ってよいだろう。
CE4_3	CommonEvents.json	0	dialogue	この大陸のどこにも光が満たされ、闇は駆逐された。
CE4_4	CommonEvents.json	0	dialogue	彼らの魔法の力も我々の兵器の前には児戯に等しい。
CE4_6	CommonEvents.json	0	dialogue	しかしそうなって後、魔族を駆逐する兵器群を持て余した
CE4_7	CommonEvents.json	0	dialogue	人類は、互いに争い始めた。大陸に闇はない。全てが文明の
CE4_8	CommonEvents.json	0	dialogue	明かりに照らされている。野生の魔物も近い将来大陸から
CE4_9	CommonEvents.json	0	dialogue	姿を消すだろう。しかし、それは勝利ではなかった。
CE4_name	CommonEvents.json	common event name	name	奇書
DB_Enemies_10_name	Enemies.json	Enemies.json #10 (ナウー)	name	ナウー
DB_Enemies_11_name	Enemies.json	Enemies.json #11 (鎧魔人ナウー)	name	鎧魔人ナウー
DB_Enemies_12_name	Enemies.json	Enemies.json #12 (闇のエレメント)	name	闇のエレメント
DB_Enemies_13_name	Enemies.json	Enemies.json #13 (暗黒のエレメント)	name	暗黒のエレメント
DB_Enemies_15_name	Enemies.json	Enemies.json #15 (人食いハチ)	name	人食いハチ
DB_Enemies_16_name	Enemies.json	Enemies.json #16 (人食い草)	name	人食い草
DB_Enemies_17_name	Enemies.json	Enemies.json #17 (新米バンデッド)	name	新米バンデッド
DB_Enemies_19_name	Enemies.json	Enemies.json #19 (娘さん)	name	娘さん
DB_Enemies_1_name	Enemies.json	Enemies.json #1 (人食いコウモリ)	name	人食いコウモリ
DB_Enemies_21_name	Enemies.json	Enemies.json #21 (デザートウルフ)	name	デザートウルフ
DB_Enemies_22_name	Enemies.json	Enemies.json #22 (マムシ)	name	マムシ
DB_Enemies_23_name	Enemies.json	Enemies.json #23 (ハブ)	name	ハブ
DB_Enemies_24_name	Enemies.json	Enemies.json #24 (アオダイショー)	name	アオダイショー
DB_Enemies_25_name	Enemies.json	Enemies.json #25 (火食い鳥)	name	火食い鳥
DB_Enemies_26_name	Enemies.json	Enemies.json #26 (火牛)	name	火牛
DB_Enemies_27_name	Enemies.json	Enemies.json #27 (炎のアクマ)	name	炎のアクマ
DB_Enemies_28_name	Enemies.json	Enemies.json #28 (風のアクマ)	name	風のアクマ
DB_Enemies_29_name	Enemies.json	Enemies.json #29 (氷のアクマ)	name	氷のアクマ
DB_Enemies_2_name	Enemies.json	Enemies.json #2 (人食いネズミ)	name	人食いネズミ
DB_Enemies_30_name	Enemies.json	Enemies.json #30 (動く人形)	name	動く人形
DB_Enemies_31_name	Enemies.json	Enemies.json #31 (火牛)	name	火牛
DB_Enemies_32_name	Enemies.json	Enemies.json #32 (青龍)	name	青龍
DB_Enemies_33_name	Enemies.json	Enemies.json #33 (ミケーネ)	name	ミケーネ
DB_Enemies_34_name	Enemies.json	Enemies.json #34 (ダフィール)	name	ダフィール
DB_Enemies_35_name	Enemies.json	Enemies.json #35 (火食い鳥)	name	火食い鳥
DB_Enemies_36_name	Enemies.json	Enemies.json #36 (サチコ)	name	サチコ
DB_Enemies_38_name	Enemies.json	Enemies.json #38 (ナウー)	name	ナウー
DB_Enemies_39_name	Enemies.json	Enemies.json #39 (ひとつ目のアクマ)	name	ひとつ目のアクマ
DB_Enemies_3_name	Enemies.json	Enemies.json #3 (人食いグモ)	name	人食いグモ
DB_Enemies_40_name	Enemies.json	Enemies.json #40 (操られたピピン)	name	操られたピピン
DB_Enemies_41_name	Enemies.json	Enemies.json #41 (ダフィール)	name	ダフィール
DB_Enemies_42_name	Enemies.json	Enemies.json #42 (火牛)	name	火牛
DB_Enemies_43_name	Enemies.json	Enemies.json #43 (雷牛)	name	雷牛
DB_Enemies_44_name	Enemies.json	Enemies.json #44 (火吹きイヌ)	name	火吹きイヌ
DB_Enemies_45_name	Enemies.json	Enemies.json #45 (セイレーン)	name	セイレーン
DB_Enemies_46_name	Enemies.json	Enemies.json #46 (凍りついた人形)	name	凍りついた人形
DB_Enemies_47_name	Enemies.json	Enemies.json #47 (焼き焦げた人形)	name	焼き焦げた人形
DB_Enemies_48_name	Enemies.json	Enemies.json #48 (生えてきた目玉)	name	生えてきた目玉
DB_Enemies_49_name	Enemies.json	Enemies.json #49 (踊り狂うアクマ)	name	踊り狂うアクマ
DB_Enemies_4_name	Enemies.json	Enemies.json #4 (人食いイヌ)	name	人食いイヌ
DB_Enemies_50_name	Enemies.json	Enemies.json #50 (雷を帯びた妖精)	name	雷を帯びた妖精
DB_Enemies_52_name	Enemies.json	Enemies.json #52 (ヤバミネーション)	name	ヤバミネーション
DB_Enemies_53_name	Enemies.json	Enemies.json #53 (暗くかがやく龍)	name	暗くかがやく龍
DB_Enemies_54_name	Enemies.json	Enemies.json #54 (ヤバミネーション)	name	ヤバミネーション
DB_Enemies_55_name	Enemies.json	Enemies.json #55 (暗くかがやく龍)	name	暗くかがやく龍
DB_Enemies_56_name	Enemies.json	Enemies.json #56 (ミケーネ)	name	ミケーネ
DB_Enemies_57_name	Enemies.json	Enemies.json #57 (ナウー)	name	ナウー
DB_Enemies_58_name	Enemies.json	Enemies.json #58 (魔王ダフィール)	name	魔王ダフィール
DB_Enemies_59_name	Enemies.json	Enemies.json #59 (魔王ダフィール)	name	魔王ダフィール
DB_Enemies_5_name	Enemies.json	Enemies.json #5 (ナウー)	name	ナウー
DB_Enemies_60_name	Enemies.json	Enemies.json #60 (大魔王ダフィール)	name	大魔王ダフィール
DB_Enemies_61_name	Enemies.json	Enemies.json #61 (ピケピケ)	name	ピケピケ
DB_Enemies_62_name	Enemies.json	Enemies.json #62 (人食いバット)	name	人食いバット
DB_Enemies_63_name	Enemies.json	Enemies.json #63 (人食いラット)	name	人食いラット
DB_Enemies_64_name	Enemies.json	Enemies.json #64 (人食いスパイダー)	name	人食いスパイダー
DB_Enemies_65_name	Enemies.json	Enemies.json #65 (人食いドッグ)	name	人食いドッグ
DB_Enemies_66_name	Enemies.json	Enemies.json #66 (狂気のジャクリーン)	name	狂気のジャクリーン
DB_Enemies_67_name	Enemies.json	Enemies.json #67 (ナウー)	name	ナウー
DB_Enemies_68_name	Enemies.json	Enemies.json #68 (火のサムライ)	name	火のサムライ
DB_Enemies_69_name	Enemies.json	Enemies.json #69 (風のサムライ)	name	風のサムライ
DB_Enemies_6_name	Enemies.json	Enemies.json #6 (ピケピケ)	name	ピケピケ
DB_Enemies_70_name	Enemies.json	Enemies.json #70 (氷のサムライ)	name	氷のサムライ
DB_Enemies_71_name	Enemies.json	Enemies.json #71 (髪が伸びる人形)	name	髪が伸びる人形
DB_Enemies_72_name	Enemies.json	Enemies.json #72 (焔牛)	name	焔牛
DB_Enemies_73_name	Enemies.json	Enemies.json #73 (ミケーネ)	name	ミケーネ
DB_Enemies_74_name	Enemies.json	Enemies.json #74 (ナウー)	name	ナウー
DB_Enemies_75_name	Enemies.json	Enemies.json #75 (ミケーネ)	name	ミケーネ
DB_Enemies_76_name	Enemies.json	Enemies.json #76 (ダフィール)	name	ダフィール
DB_Enemies_77_name	Enemies.json	Enemies.json #77 (操られたピピン)	name	操られたピピン
DB_Enemies_78_name	Enemies.json	Enemies.json #78 (雲ガメ)	name	雲ガメ
DB_Enemies_79_name	Enemies.json	Enemies.json #79 (雷イヌ)	name	雷イヌ
DB_Enemies_7_name	Enemies.json	Enemies.json #7 (大魔道士ピケピケ)	name	大魔道士ピケピケ
DB_Enemies_80_name	Enemies.json	Enemies.json #80 (雲ガメ)	name	雲ガメ
DB_Enemies_81_name	Enemies.json	Enemies.json #81 (雷イヌ)	name	雷イヌ
DB_Enemies_82_name	Enemies.json	Enemies.json #82 (ひとつ目のアクマ)	name	ひとつ目のアクマ
DB_Enemies_83_name	Enemies.json	Enemies.json #83 (凄腕バンデッド)	name	凄腕バンデッド
DB_Enemies_84_name	Enemies.json	Enemies.json #84 (猛毒ヘビ)	name	猛毒ヘビ
DB_Enemies_85_name	Enemies.json	Enemies.json #85 (サヨコ)	name	サヨコ
DB_Enemies_86_name	Enemies.json	Enemies.json #86 (ダークフェアリー)	name	ダークフェアリー
DB_Enemies_87_name	Enemies.json	Enemies.json #87 (凍りついたヒノタマ)	name	凍りついたヒノタマ
DB_Enemies_88_name	Enemies.json	Enemies.json #88 (燃え盛るヒノタマ)	name	燃え盛るヒノタマ
DB_Enemies_89_name	Enemies.json	Enemies.json #89 (青い巨人)	name	青い巨人
DB_Enemies_8_name	Enemies.json	Enemies.json #8 (ミケーネ)	name	ミケーネ
DB_Enemies_90_name	Enemies.json	Enemies.json #90 (大魔道士ピケピケ)	name	大魔道士ピケピケ
DB_Enemies_91_name	Enemies.json	Enemies.json #91 (ミケーネ)	name	ミケーネ
DB_Enemies_92_name	Enemies.json	Enemies.json #92 (ナウー)	name	ナウー
DB_Enemies_93_name	Enemies.json	Enemies.json #93 (魔王ダフィール)	name	魔王ダフィール
DB_Enemies_94_name	Enemies.json	Enemies.json #94 (魔王ダフィール)	name	魔王ダフィール
DB_Enemies_95_name	Enemies.json	Enemies.json #95 (大魔王ダフィール)	name	大魔王ダフィール
DB_Enemies_96_name	Enemies.json	Enemies.json #96 (闇の王)	name	闇の王
DB_Enemies_97_name	Enemies.json	Enemies.json #97 (伝説のバンデッド)	name	伝説のバンデッド
DB_Enemies_98_name	Enemies.json	Enemies.json #98 (ザイール)	name	ザイール
DB_Enemies_9_name	Enemies.json	Enemies.json #9 (蛇神ミケーネ)	name	蛇神ミケーネ
DB_Items_10_description	Items.json	Items.json #10	description	フレイムの古書収集家ダガから譲られた不思議な本。分厚く\n頑丈な装丁で、しかも割と新しい本に見える。
DB_Items_10_name	Items.json	Items.json #10 (奇書『闇は我々の中に』)	name	奇書『闇は我々の中に』
DB_Items_11_description	Items.json	Items.json #11	description	フレイムの戦士が戦に赴く際に摂取するキノコ。\n10ターンの間攻撃力を２倍にする！！
DB_Items_11_name	Items.json	Items.json #11 (狂戦士のキノコ)	name	狂戦士のキノコ
DB_Items_12_description	Items.json	Items.json #12	description	セイリュー独自の携帯食。栄養価が高く、携帯性にも優れて\nおり旅や戦の際に好んで食べられている。HPを500回復する。
DB_Items_12_name	Items.json	Items.json #12 (ライスボール)	name	ライスボール
DB_Items_13_description	Items.json	Items.json #13	description	魔物から採取した、それなりの皮、骨、角、牙など…。\n街の店に持っていけば100Gで買い取ってもらえるだろう。
DB_Items_13_name	Items.json	Items.json #13 (ふつうの魔物の素材)	name	ふつうの魔物の素材
DB_Items_14_description	Items.json	Items.json #14	description	魔物から採取した、状態の良い皮、骨、角、牙など…。\n街の店に持っていけば300Gで買い取ってもらえるだろう。
DB_Items_14_name	Items.json	Items.json #14 (かなりいい魔物の素材)	name	かなりいい魔物の素材
DB_Items_15_description	Items.json	Items.json #15	description	魔物から採取した、貴重な類の皮、骨、角、牙など…。\n街の店に持っていけば600Gで買い取ってもらえるだろう。
DB_Items_15_name	Items.json	Items.json #15 (きちょうな魔物の素材)	name	きちょうな魔物の素材
DB_Items_16_description	Items.json	Items.json #16	description	魔物から採取した、最高級の皮、骨、角、牙など…。\n街の店に持っていけば1000Gで買い取ってもらえるだろう。
DB_Items_16_name	Items.json	Items.json #16 (さいこうの魔物の素材)	name	さいこうの魔物の素材
DB_Items_17_description	Items.json	Items.json #17	description	ウィンダム王国城内で作られた、兵士たちの主食である\nパン。固くてパサパサだが栄養は十分。HP300回復する。
DB_Items_17_name	Items.json	Items.json #17 (固いパン)	name	固いパン
DB_Items_18_description	Items.json	Items.json #18	description	ウィンダム城下町の名物パン屋で作られた美味しいパン。\n外はサクっと中はフワッとしている。HP800回復する。
DB_Items_18_name	Items.json	Items.json #18 (美味しいパン)	name	美味しいパン
DB_Items_1_description	Items.json	Items.json #1	description	薬効成分のある数種類の植物を混ぜ合わせた応急の塗り薬。\n怪我の治療用に最も普及している薬。HPを500回復できる。
DB_Items_1_name	Items.json	Items.json #1 (傷薬)	name	傷薬
DB_Items_20_description	Items.json	Items.json #20	description	敵から奪った、まずまずの宝石、貴金属、装飾品など…。\n街の店に持っていけば100Gで買い取ってもらえるだろう。
DB_Items_20_name	Items.json	Items.json #20 (ちょっとした財宝)	name	ちょっとした財宝
DB_Items_21_description	Items.json	Items.json #21	description	敵から奪った、状態の良い宝石、貴金属、装飾品など…。\n街の店に持っていけば300Gで買い取ってもらえるだろう。
DB_Items_21_name	Items.json	Items.json #21 (なかなかの財宝)	name	なかなかの財宝
DB_Items_22_description	Items.json	Items.json #22	description	敵から奪った、高価な宝石、貴金属、装飾品など…。\n街の店に持っていけば600Gで買い取ってもらえるだろう。
DB_Items_22_name	Items.json	Items.json #22 (かなりいい財宝)	name	かなりいい財宝
DB_Items_23_description	Items.json	Items.json #23	description	敵から奪った、最高級の宝石、貴金属、装飾品など…。\n街の店に持っていけば1000Gで買い取ってもらえるだろう。
DB_Items_23_name	Items.json	Items.json #23 (すごい財宝)	name	すごい財宝
DB_Items_24_description	Items.json	Items.json #24	description	敵から奪った、伝説級の宝石、貴金属、装飾品など…。\n街の店に持っていけば10万Gで買い取ってもらえるだろう。
DB_Items_24_name	Items.json	Items.json #24 (ものすごい財宝)	name	ものすごい財宝
DB_Items_25_description	Items.json	Items.json #25	description	これを持っていればフレイム王国へ入ることが出来る。\nウィンが王様から貰ったもの。
DB_Items_25_name	Items.json	Items.json #25 (南への通行手形)	name	南への通行手形
DB_Items_26_description	Items.json	Items.json #26	description	フレイム王国で作られた甘い食べ物。何かの果物を干して\n乾燥させたもの。HPを300回復する。
DB_Items_26_name	Items.json	Items.json #26 (ドライフルーツ)	name	ドライフルーツ
DB_Items_27_description	Items.json	Items.json #27	description	握りしめると力を得ることが出来る、輝く不思議な石。\n使用するとこうげき力が５成長する。
DB_Items_27_name	Items.json	Items.json #27 (力のエレメント)	name	力のエレメント
DB_Items_28_description	Items.json	Items.json #28	description	握りしめると力を得ることが出来る、輝く不思議な石。\n使用するとぼうぎょ力が５成長する。
DB_Items_28_name	Items.json	Items.json #28 (守りのエレメント)	name	守りのエレメント
DB_Items_29_description	Items.json	Items.json #29	description	握りしめると力を得ることが出来る、輝く不思議な石。\n使用すると素早さが５成長する。
DB_Items_29_name	Items.json	Items.json #29 (素早さのエレメント)	name	素早さのエレメント
DB_Items_2_description	Items.json	Items.json #2	description	軍隊の兵士に支給される、医療品類の詰め合わせ。\n戦場で即座に使えるよう工夫されている。HPを1000回復する。
DB_Items_2_name	Items.json	Items.json #2 (医療キット)	name	医療キット
DB_Items_30_description	Items.json	Items.json #30	description	握りしめると力を得ることが出来る、輝く不思議な石。\n使用すると魔力が５成長する。
DB_Items_30_name	Items.json	Items.json #30 (魔力のエレメント)	name	魔力のエレメント
DB_Items_31_description	Items.json	Items.json #31	description	握りしめると力を得ることが出来る、輝く不思議な石。\n使用すると魔法ぼうぎょが５成長する。
DB_Items_31_name	Items.json	Items.json #31 (精神のエレメント)	name	精神のエレメント
DB_Items_32_description	Items.json	Items.json #32	description	握りしめると力を得ることが出来る、輝く不思議な石。\n使用すると最大HPが200成長する。
DB_Items_32_name	Items.json	Items.json #32 (いのちのエレメント)	name	いのちのエレメント
DB_Items_33_description	Items.json	Items.json #33	description	握りしめると力を得ることが出来る、輝く不思議な石。\n使用すると最大EPが50成長する。
DB_Items_33_name	Items.json	Items.json #33 (気力のエレメント)	name	気力のエレメント
DB_Items_34_description	Items.json	Items.json #34	description	握りしめると力を得ることが出来る、輝く不思議な石。\n使用すると素早さが5、最大EPが50成長する。
DB_Items_34_name	Items.json	Items.json #34 (風のエレメント)	name	風のエレメント
DB_Items_35_description	Items.json	Items.json #35	description	握りしめると力を得ることが出来る、輝く不思議な石。\n使用すると攻撃力が5、魔力が5成長する。
DB_Items_35_name	Items.json	Items.json #35 (火のエレメント)	name	火のエレメント
DB_Items_36_description	Items.json	Items.json #36	description	握りしめると力を得ることが出来る、輝く不思議な石。\n使用すると最大HPが200、魔法ぼうぎょ力が5成長する。
DB_Items_36_name	Items.json	Items.json #36 (水のエレメント)	name	水のエレメント
DB_Items_37_description	Items.json	Items.json #37	description	ライスボールの進化版。栄養価が高く、携帯性にも優れて\nおり旅や戦の際に好んで食べられている。HPを1200回復する。
DB_Items_37_name	Items.json	Items.json #37 (おにぎり)	name	おにぎり
DB_Items_38_description	Items.json	Items.json #38	description	軍隊の兵士に支給される、医療品類の詰め合わせ。\n戦場で即座に使えるよう工夫されている。HPを1500回復する。
DB_Items_38_name	Items.json	Items.json #38 (高級医療キット)	name	高級医療キット
DB_Items_3_description	Items.json	Items.json #3	description	専門的な錬金術によって作られる貴重な薬。その材料は秘密\nとされていて、量産も不可能。HPを2000回復できる。
DB_Items_3_name	Items.json	Items.json #3 (ヒールポーション)	name	ヒールポーション
DB_Items_40_description	Items.json	Items.json #40	description	魔物から採取した、最高級の皮、骨、角、牙など…。\n街の店に持っていけば3000Gで買い取ってもらえるだろう。
DB_Items_40_name	Items.json	Items.json #40 (究極の魔物の素材)	name	究極の魔物の素材
DB_Items_41_description	Items.json	Items.json #41	description	握りしめると力を得ることが出来る、輝く不思議な石。\n使用すると全ての能力が成長する。
DB_Items_41_name	Items.json	Items.json #41 (闇のエレメント)	name	闇のエレメント
DB_Items_4_description	Items.json	Items.json #4	description	毒消しと目薬の効果を併せ持つ丸薬。西の国セイリューの\n特産品。その効き目の確かさから、大陸中で愛用されている。
DB_Items_4_name	Items.json	Items.json #4 (万金丹)	name	万金丹
DB_Items_5_description	Items.json	Items.json #5	description	毒を除くあらゆる状態異常を治すことができる飲み薬。\n錬金術により作られる、強力な気付け薬の一種。
DB_Items_5_name	Items.json	Items.json #5 (キュアポーション)	name	キュアポーション
DB_Items_6_description	Items.json	Items.json #6	description	フレイムで生産される非常に強い酒。祭りや儀式でのみ供さ\nれるのは、たまに死人が出るから。なぜか猛毒を治せる。
DB_Items_6_name	Items.json	Items.json #6 (コブラ酒)	name	コブラ酒
DB_Items_7_description	Items.json	Items.json #7	description	セイリューでごく稀に発掘される宝石。これを握りながら\n祈ると死者が蘇るという伝説がある。味方一人を蘇生
DB_Items_7_name	Items.json	Items.json #7 (龍の涙)	name	龍の涙
DB_Items_8_description	Items.json	Items.json #8	description	疲れや眠気が消えて一時的に気力に溢れる飲み薬。錬金術師\nたちの目玉商品だが常用は危険との噂も。EPを500回復する。
DB_Items_8_name	Items.json	Items.json #8 (エネルギーポーション)	name	エネルギーポーション
DB_Items_9_description	Items.json	Items.json #9	description	錬金術で作られた強力な気付け薬。気絶状態や心臓停止状態\nから即座に回復させるが、後遺症が残るとの噂も…
DB_Items_9_name	Items.json	Items.json #9 (ショックポーション)	name	ショックポーション
MAP4_displayName	Map004.json	display name	mapname	エレメント大陸
MAP4_e10_p1_1	Map004.json	0	dialogue	ホノオ：
MAP4_e10_p1_2	Map004.json	0	dialogue	…街には入らない方がいい、ウィン…
MAP4_e10_p1_4	Map004.json	0	dialogue	ナガレ：
MAP4_e10_p1_5	Map004.json	0	dialogue	あのとき、燃え盛る岩がたくさん降ってきて…
MAP4_e10_p1_6	Map004.json	0	dialogue	この街はがれきの山になってしまったんだ。
MAP4_e10_p1_8	Map004.json	0	dialogue	ウィン：
MAP4_e10_p1_9	Map004.json	0	dialogue	…。
MAP4_e11_p1_1	Map004.json	0	dialogue	ホノオ：
MAP4_e11_p1_2	Map004.json	0	dialogue	…街には入らない方がいい、ウィン…
MAP4_e11_p1_4	Map004.json	0	dialogue	ナガレ：
MAP4_e11_p1_5	Map004.json	0	dialogue	あのとき、燃え盛る岩がたくさん降ってきて…
MAP4_e11_p1_6	Map004.json	0	dialogue	この街はがれきの山になってしまったんだ。
MAP4_e11_p1_8	Map004.json	0	dialogue	ウィン：
MAP4_e11_p1_9	Map004.json	0	dialogue	…。
MAP4_e15_p0_1	Map004.json	0	dialogue	この先、旧坑道。
MAP4_e15_p0_2	Map004.json	0	dialogue	危険につき、立ち入りを禁ずる。
MAP4_e15_p0_3	Map004.json	0	dialogue	　　　　　　　　　　　　　　　王国騎士団　　　　　　
MAP4_e17_name	Map004.json	event name	name	ウィンダム城下町
MAP4_e17_note	Map004.json	event note	note	入り口
MAP4_e17_p0_1	Map004.json	0	dialogue	ウィン：
MAP4_e17_p0_2	Map004.json	0	dialogue	…。
MAP4_e17_p0_5	Map004.json	0	dialogue	　　　ウィンは先にフレイム王に会おうと思った　　　
MAP4_e18_name	Map004.json	event name	name	ウィンダム城下町
MAP4_e18_note	Map004.json	event note	note	入り口
MAP4_e18_p0_1	Map004.json	0	dialogue	ウィン：
MAP4_e18_p0_2	Map004.json	0	dialogue	…。
MAP4_e18_p0_5	Map004.json	0	dialogue	　　　ウィンは先にフレイム王に会おうと思った　　　
MAP4_e1_name	Map004.json	event name	name	ウィンダム城下町
MAP4_e1_note	Map004.json	event note	note	入り口
MAP4_e24_p0_1	Map004.json	0	dialogue	ウィン：
MAP4_e24_p0_2	Map004.json	0	dialogue	…。
MAP4_e24_p0_5	Map004.json	0	dialogue	　　　　ウィンは先にセイリューへ行こうと思った
MAP4_e26_p1_1	Map004.json	0	dialogue	ナガレ：
MAP4_e26_p1_10	Map004.json	0	dialogue	ウィン：
MAP4_e26_p1_11	Map004.json	0	dialogue	…。
MAP4_e26_p1_2	Map004.json	0	dialogue	えーと…　
MAP4_e26_p1_3	Map004.json	0	dialogue	先にセイリューの様子を見に行くんじゃ
MAP4_e26_p1_4	Map004.json	0	dialogue	なかったのか…？
MAP4_e26_p1_6	Map004.json	0	dialogue	ホノオ：
MAP4_e26_p1_7	Map004.json	0	dialogue	も、もちろんだぜ！
MAP4_e26_p1_8	Map004.json	0	dialogue	ウィン、オマエなんでこっち来たんだよ…？
MAP4_e2_name	Map004.json	event name	name	ウィンダム城下町
MAP4_e2_note	Map004.json	event note	note	入り口
MAP4_e3_name	Map004.json	event name	name	ウィンダム城下町
MAP4_e3_note	Map004.json	event note	note	入り口
MAP4_e4_name	Map004.json	event name	name	ウィンダム城下町
MAP4_e4_note	Map004.json	event note	note	入り口
MAP4_e5_name	Map004.json	event name	name	ロイの家入り口
MAP4_e5_p0_1	Map004.json	0	dialogue	ピピン：
MAP4_e5_p0_2	Map004.json	0	dialogue	ここは…ロイの家だ。
MAP4_e5_p0_3	Map004.json	0	dialogue	いまは奴に用はない…。行くぞ。
MAP4_e6_name	Map004.json	event name	name	ウィンダム城下町
MAP4_e6_note	Map004.json	event note	note	入り口
MAP4_e7_name	Map004.json	event name	name	ウィンダム城下町
MAP4_e7_note	Map004.json	event note	note	入り口
MAP4_e8_name	Map004.json	event name	name	ウィンダム城下町
MAP4_e8_note	Map004.json	event note	note	入り口
MAP4_e9_name	Map004.json	event name	name	ウィンダム城下町
MAP4_e9_note	Map004.json	event note	note	入り口
MAP5_displayName	Map005.json	display name	mapname	ウィンダム城下町
MAP5_e10_name	Map005.json	event name	name	泥棒はずれ
MAP5_e10_p0_1	Map005.json	0	dialogue	持ち出して役に立つようなものは何も見つけられなかった…
MAP5_e11_name	Map005.json	event name	name	泥棒はずれ
MAP5_e11_p0_2	Map005.json	0	dialogue	　　　　　　　何かの作物の種が入っている
MAP5_e12_name	Map005.json	event name	name	泥棒はずれ
MAP5_e12_p0_1	Map005.json	0	dialogue	持ち出して役に立つようなものは何も見つけられなかった…
MAP5_e13_name	Map005.json	event name	name	泥棒はずれ
MAP5_e13_p0_2	Map005.json	0	dialogue	　　　　まだ使えそうな古い食器類が捨てられている
MAP5_e14_name	Map005.json	event name	name	泥棒はずれ
MAP5_e14_p0_2	Map005.json	0	dialogue	　　　　　　　縄やつるはしなどが入っている
MAP5_e15_name	Map005.json	event name	name	泥棒はずれ
MAP5_e15_p0_1	Map005.json	0	dialogue	持ち出して役に立つようなものは何も見つけられなかった…
MAP5_e16_name	Map005.json	event name	name	泥棒はずれ
MAP5_e16_p0_2	Map005.json	0	dialogue	　　　　　　中は少し湿って　かびていた…
MAP5_e17_name	Map005.json	event name	name	泥棒はずれ
MAP5_e17_p0_1	Map005.json	0	dialogue	持ち出して役に立つようなものは何も見つけられなかった…
MAP5_e18_name	Map005.json	event name	name	泥棒はずれ
MAP5_e18_p0_1	Map005.json	0	dialogue	持ち出して役に立つようなものは何も見つけられなかった…
MAP5_e26_p0_1	Map005.json	0	dialogue	看板には、
MAP5_e26_p0_2	Map005.json	0	dialogue	『騎士団駐屯本部』
MAP5_e26_p0_3	Map005.json	0	dialogue	と、書いてある。
MAP5_e29_name	Map005.json	event name	name	ウィンダム入り口兵
MAP5_e29_p0_1	Map005.json	0	dialogue	城下町の巡回兵マックス：
MAP5_e29_p0_2	Map005.json	0	dialogue	ここはウィンダム王国の城下町だよ。
MAP5_e29_p0_3	Map005.json	0	dialogue	…笑えよ、ウィン！
MAP5_e30_name	Map005.json	event name	name	城下町花畑
MAP5_e30_p0_1	Map005.json	0	dialogue	市民トリス：
MAP5_e30_p0_2	Map005.json	0	dialogue	ここのお花きれいでしょ？
MAP5_e30_p0_3	Map005.json	0	dialogue	私が毎日お水あげてるんだ！
MAP5_e31_name	Map005.json	event name	name	錬金術師の横
MAP5_e31_p0_1	Map005.json	0	dialogue	市民ヒョードル：
MAP5_e31_p0_2	Map005.json	0	dialogue	…遂にお金を貯めたぞ。
MAP5_e31_p0_3	Map005.json	0	dialogue	このお金で僕は、エネルギーポージョンを
MAP5_e31_p0_4	Map005.json	0	dialogue	買うんだ…　買うんだ…！
MAP5_e32_name	Map005.json	event name	name	釣をしてるひと
MAP5_e32_p0_1	Map005.json	0	dialogue	市民ジェームズ：
MAP5_e32_p0_10	Map005.json	1	dialogue	近頃はもうすっかり戦争も起きないし、
MAP5_e32_p0_11	Map005.json	1	dialogue	お前さんみたいな男にこそ、騎士が
MAP5_e32_p0_12	Map005.json	1	dialogue	相応しい時代なのかも知れないなあ。
MAP5_e32_p0_16	Map005.json	1	dialogue	騎士や兵隊の世界は、厳しいだろう。
MAP5_e32_p0_17	Map005.json	1	dialogue	とは言え、もう昔のような戦が起こる
MAP5_e32_p0_18	Map005.json	1	dialogue	時代じゃないんだ。
MAP5_e32_p0_19	Map005.json	1	dialogue	あんまり気張らんでもいいんだぞ。
MAP5_e32_p0_2	Map005.json	0	dialogue	おや、ウィン、元気そうだね？
MAP5_e32_p0_3_c0	Map005.json	choice	choice	元気だよ
MAP5_e32_p0_3_c1	Map005.json	choice	choice	そうでもない
MAP5_e32_p0_6	Map005.json	1	dialogue	市民ジェームズ：
MAP5_e32_p0_7	Map005.json	1	dialogue	お前さんが騎士になったって聞いたときは
MAP5_e32_p0_8	Map005.json	1	dialogue	驚いたよ。優しい子だったからなあ。
MAP5_e33_name	Map005.json	event name	name	像の左
MAP5_e33_p0_1	Map005.json	0	dialogue	市民タバサ：
MAP5_e33_p0_12	Map005.json	1	dialogue	いまの若い子は知らないかも知れないねえ
MAP5_e33_p0_13	Map005.json	1	dialogue	この像は、先代国王の像なんだよ！！
MAP5_e33_p0_14	Map005.json	1	dialogue	勉強になったかい？
MAP5_e33_p0_2	Map005.json	0	dialogue	この像は…　
MAP5_e33_p0_3	Map005.json	0	dialogue	この像は何の像か知っているかい？
MAP5_e33_p0_4_c0	Map005.json	choice	choice	知ってる
MAP5_e33_p0_4_c1	Map005.json	choice	choice	知らない
MAP5_e33_p0_7	Map005.json	1	dialogue	なんだって？
MAP5_e33_p0_8	Map005.json	1	dialogue	聞こえないねえ…
MAP5_e34_name	Map005.json	event name	name	城下町北の巡回兵
MAP5_e34_p0_1	Map005.json	0	dialogue	城下町北の巡回兵デミトリ―：
MAP5_e34_p0_2	Map005.json	0	dialogue	異常なーし
MAP5_e34_p0_3	Map005.json	0	dialogue	ウィンの家の前異常なーし
MAP5_e34_p0_4	Map005.json	0	dialogue	しかしここは、いいにおいがするぜー
MAP5_e5_name	Map005.json	event name	name	泥棒はずれ
MAP5_e5_p0_1	Map005.json	0	dialogue	持ち出して役に立つようなものは何も見つけられなかった…
MAP5_e6_name	Map005.json	event name	name	泥棒はずれ
MAP5_e6_p0_1	Map005.json	0	dialogue	持ち出して役に立つようなものは何も見つけられなかった…
MAP5_e7_name	Map005.json	event name	name	泥棒はずれ
MAP5_e7_p0_1	Map005.json	0	dialogue	持ち出して役に立つようなものは何も見つけられなかった…
MAP5_e8_name	Map005.json	event name	name	泥棒はずれ
MAP5_e8_p0_2	Map005.json	0	dialogue	　　底から　キュアポーションを　１個手に入れた！
MAP5_e8_p1_2	Map005.json	0	dialogue	　　　　　　　　　中はからっぽだった
MAP5_e9_name	Map005.json	event name	name	泥棒はずれ
MAP5_e9_p0_2	Map005.json	0	dialogue	　　　　　魚のエサにつかう虫が入っている
MAP6_displayName	Map006.json	display name	mapname	ウインダム城一階
MAP6_e10_name	Map006.json	event name	name	ウィンダム城下町
MAP6_e10_note	Map006.json	event note	note	入り口
MAP6_e11_name	Map006.json	event name	name	ウィンダム城下町
MAP6_e11_note	Map006.json	event note	note	入り口
MAP6_e12_name	Map006.json	event name	name	ウィンダム城下町
MAP6_e12_note	Map006.json	event note	note	入り口
MAP6_e13_name	Map006.json	event name	name	ウィンダム城下町
MAP6_e13_note	Map006.json	event note	note	入り口
MAP6_e14_name	Map006.json	event name	name	ウィンダム城下町
MAP6_e14_note	Map006.json	event note	note	入り口
MAP6_e15_p0_1	Map006.json	0	dialogue	ここでなら休んでいくことが出来る。
MAP6_e15_p0_2	Map006.json	0	dialogue	休んでいこうか…。
MAP6_e15_p0_3_c0	Map006.json	choice	choice	休んでいく
MAP6_e15_p0_3_c1	Map006.json	choice	choice	休まない
MAP6_e16_p0_1	Map006.json	0	dialogue	ここでなら休んでいくことが出来る。
MAP6_e16_p0_2	Map006.json	0	dialogue	休んでいこうか…。
MAP6_e16_p0_3_c0	Map006.json	choice	choice	休んでいく
MAP6_e16_p0_3_c1	Map006.json	choice	choice	休まない
MAP6_e17_p0_1	Map006.json	0	dialogue	ここでなら休んでいくことが出来る。
MAP6_e17_p0_2	Map006.json	0	dialogue	休んでいこうか…。
MAP6_e17_p0_3_c0	Map006.json	choice	choice	休んでいく
MAP6_e17_p0_3_c1	Map006.json	choice	choice	休まない
MAP6_e18_p0_1	Map006.json	0	dialogue	ここでなら休んでいくことが出来る。
MAP6_e18_p0_2	Map006.json	0	dialogue	休んでいこうか…。
MAP6_e18_p0_3_c0	Map006.json	choice	choice	休んでいく
MAP6_e18_p0_3_c1	Map006.json	choice	choice	休まない
MAP6_e19_p0_1	Map006.json	0	dialogue	ここでなら休んでいくことが出来る。
MAP6_e19_p0_2	Map006.json	0	dialogue	休んでいこうか…。
MAP6_e19_p0_3_c0	Map006.json	choice	choice	休んでいく
MAP6_e19_p0_3_c1	Map006.json	choice	choice	休まない
MAP6_e20_p0_1	Map006.json	0	dialogue	ここでなら休んでいくことが出来る。
MAP6_e20_p0_2	Map006.json	0	dialogue	休んでいこうか…。
MAP6_e20_p0_3_c0	Map006.json	choice	choice	休んでいく
MAP6_e20_p0_3_c1	Map006.json	choice	choice	休まない
MAP6_e21_name	Map006.json	event name	name	泥棒はずれ
MAP6_e21_p0_1	Map006.json	0	dialogue	持ち出して役に立つようなものは何も見つけられなかった…
MAP6_e22_name	Map006.json	event name	name	泥棒はずれ
MAP6_e22_p0_2	Map006.json	0	dialogue	　　　　擦り切れたレザーコートが入っている
MAP6_e23_name	Map006.json	event name	name	泥棒はずれ
MAP6_e23_p0_2	Map006.json	0	dialogue	　　　　　あせくさい　あまり調べたくはない…
MAP6_e24_name	Map006.json	event name	name	泥棒はずれ
MAP6_e24_p0_2	Map006.json	0	dialogue	レザーコートを　一着　手に入れた！
MAP6_e24_p1_1	Map006.json	0	dialogue	持ち出して役に立つようなものは何も見つけられなかった…
MAP6_e25_name	Map006.json	event name	name	泥棒はずれ
MAP6_e25_p0_1	Map006.json	0	dialogue	持ち出して役に立つようなものは何も見つけられなかった…
MAP6_e26_name	Map006.json	event name	name	泥棒はずれ
MAP6_e26_p0_2	Map006.json	0	dialogue	　　　　　　　　　　食器や調味料の類だ
MAP6_e27_name	Map006.json	event name	name	泥棒はずれ
MAP6_e27_p0_1	Map006.json	0	dialogue	持ち出して役に立つようなものは何も見つけられなかった…
MAP6_e28_name	Map006.json	event name	name	泥棒はずれ
MAP6_e28_p0_2	Map006.json	0	dialogue	　　　　　　赤い野菜がたくさん入っている　
MAP6_e29_name	Map006.json	event name	name	泥棒はずれ
MAP6_e29_p0_1	Map006.json	0	dialogue	持ち出して役に立つようなものは何も見つけられなかった…
MAP6_e30_name	Map006.json	event name	name	泥棒はずれ
MAP6_e30_p0_2	Map006.json	0	dialogue	　　　　　　　　　　　小麦粉か何かだ
MAP6_e31_name	Map006.json	event name	name	泥棒はずれ
MAP6_e31_p0_2	Map006.json	0	dialogue	　　　　　　緑色の野菜がたくさん入っている
MAP6_e32_name	Map006.json	event name	name	泥棒はずれ
MAP6_e32_p0_1	Map006.json	0	dialogue	持ち出して役に立つようなものは何も見つけられなかった…
MAP6_e33_name	Map006.json	event name	name	泥棒はずれ
MAP6_e33_p0_1	Map006.json	0	dialogue	持ち出して役に立つようなものは何も見つけられなかった…
MAP6_e34_name	Map006.json	event name	name	固いパン１個
MAP6_e34_p0_1	Map006.json	0	dialogue	固いパンを　１個　手に入れた！
MAP6_e34_p1_1	Map006.json	0	dialogue	持ち出して役に立つようなものは何も見つけられなかった…
MAP6_e35_name	Map006.json	event name	name	泥棒はずれ
MAP6_e35_p0_1	Map006.json	0	dialogue	持ち出して役に立つようなものは何も見つけられなかった…
MAP6_e36_name	Map006.json	event name	name	泥棒はずれ
MAP6_e36_p0_2	Map006.json	0	dialogue	　　　　　　いい匂いがする　お酒かもしれない
MAP6_e37_name	Map006.json	event name	name	泥棒はずれ
MAP6_e37_p0_1	Map006.json	0	dialogue	持ち出して役に立つようなものは何も見つけられなかった…
MAP6_e37_p0_3	Map006.json	0	dialogue	倉庫番ストロング：
MAP6_e37_p0_4	Map006.json	0	dialogue	おい、勝手に触るんじゃねえ！
MAP6_e38_name	Map006.json	event name	name	泥棒はずれ
MAP6_e38_p0_2	Map006.json	0	dialogue	　　　　　兵たちの為に常備されている薬類だ
MAP6_e39_p0_1	Map006.json	0	dialogue	『ここ最近の事件と報告』
MAP6_e39_p0_11	Map006.json	1	dialogue	・西の監視塔の見回りについて
MAP6_e39_p0_12	Map006.json	1	dialogue	他国との戦争の為に作られた西の塔ですが、定期的に
MAP6_e39_p0_13	Map006.json	1	dialogue	泥棒や魔物が住み着くので、見回りが大変です。
MAP6_e39_p0_14	Map006.json	1	dialogue	壊してしまってはどうでしょう。
MAP6_e39_p0_16	Map006.json	1	dialogue	・騎士と兵士の槍嫌いについて
MAP6_e39_p0_17	Map006.json	1	dialogue	王国では戦争の為に槍の訓練が推奨されていますが、
MAP6_e39_p0_18	Map006.json	1	dialogue	槍は重くて長いので、兵はおろか、騎士でさえ全然
MAP6_e39_p0_19	Map006.json	1	dialogue	練習していません。槍のイメージアップが必要です。
MAP6_e39_p0_2	Map006.json	0	dialogue	…と、書かれた本がある。読んでみようか？
MAP6_e39_p0_3_c0	Map006.json	choice	choice	読んでみる
MAP6_e39_p0_3_c1	Map006.json	choice	choice	読まない
MAP6_e39_p0_6	Map006.json	1	dialogue	・フレイムからの野盗、ごろつき、密売人の流入
MAP6_e39_p0_7	Map006.json	1	dialogue	関所の警備の強化をしています。通行手形の発行手続きを
MAP6_e39_p0_8	Map006.json	1	dialogue	複雑にして、料金も値上げしました。
MAP6_e39_p0_9	Map006.json	1	dialogue	街のパトロールも増やしました。
MAP6_e40_p0_1	Map006.json	0	dialogue	『色々な見積もりリスト』
MAP6_e40_p0_11	Map006.json	1	dialogue	城内宿舎の改築　資材6540G　人手5800G
MAP6_e40_p0_12	Map006.json	1	dialogue	出来ます。ベットの数が元々足りていませんしね…。
MAP6_e40_p0_13	Map006.json	1	dialogue	各区画への公衆トイレ設置　資材4500G　人手7200G
MAP6_e40_p0_14	Map006.json	1	dialogue	各区画でなくとも一個か二個でもいいです。切実に…。
MAP6_e40_p0_16	Map006.json	1	dialogue	武器庫の掃除　資材800G　人手300G
MAP6_e40_p0_17	Map006.json	1	dialogue	陛下からストロングに御自ら命令してください！
MAP6_e40_p0_18	Map006.json	1	dialogue	軍馬の購入　資材？？？　人手？？？
MAP6_e40_p0_19	Map006.json	1	dialogue	一体いつからこの大陸には馬がいなくなったのでしょう…
MAP6_e40_p0_2	Map006.json	0	dialogue	…と、表紙に書かれた本がある。読んでみようか。
MAP6_e40_p0_3_c0	Map006.json	choice	choice	読んでみる
MAP6_e40_p0_3_c1	Map006.json	choice	choice	読まない
MAP6_e40_p0_6	Map006.json	1	dialogue	バルコニーの改修　資材5136G　人手107050G
MAP6_e40_p0_7	Map006.json	1	dialogue	とてもじゃないですが無理です陛下…！
MAP6_e40_p0_8	Map006.json	1	dialogue	城下町のバリアフリー化　資材3460G 人手6845G
MAP6_e40_p0_9	Map006.json	1	dialogue	出来なくもないですが、車椅子使っている国民ゼロです…
MAP6_e41_name	Map006.json	event name	name	倉庫番ストロング
MAP6_e41_p0_1	Map006.json	0	dialogue	倉庫番ストロング：
MAP6_e41_p0_11	Map006.json	0	dialogue	医療キットを　２個　渡された！
MAP6_e41_p0_13	Map006.json	0	dialogue	固いパンを　２個　渡された！
MAP6_e41_p0_15	Map006.json	0	dialogue	万金丹を　２個　渡された！
MAP6_e41_p0_17	Map006.json	0	dialogue	レイピアを　１本　渡された！
MAP6_e41_p0_19	Map006.json	0	dialogue	スピアを　１本　渡された！
MAP6_e41_p0_2	Map006.json	0	dialogue	二人とも、西の監視塔の見回りだろ？
MAP6_e41_p0_21	Map006.json	0	dialogue	お金を　５００Ｇ　渡された！
MAP6_e41_p0_23	Map006.json	0	dialogue	ピピン：
MAP6_e41_p0_24	Map006.json	0	dialogue	…万金丹？これは、毒消しの薬だな。
MAP6_e41_p0_25	Map006.json	0	dialogue	そんな厄介な魔物がいるのか？
MAP6_e41_p0_27	Map006.json	0	dialogue	倉庫番ストロング：
MAP6_e41_p0_28	Map006.json	0	dialogue	ああ。
MAP6_e41_p0_29	Map006.json	0	dialogue	西の監視塔に忍び込んだ子供が魔物に襲われて、
MAP6_e41_p0_3	Map006.json	0	dialogue	ほれ、今回の支給品だ。受け取れ。
MAP6_e41_p0_30	Map006.json	0	dialogue	毒で死にかけたって話だ。
MAP6_e41_p0_32	Map006.json	0	dialogue	倉庫番ストロング：
MAP6_e41_p0_33	Map006.json	0	dialogue	だから当然、毒への備えをしておいた。
MAP6_e41_p0_34	Map006.json	0	dialogue	…というか、報告いってないのか？
MAP6_e41_p0_36	Map006.json	0	dialogue	ピピン：
MAP6_e41_p0_37	Map006.json	0	dialogue	…ったく。
MAP6_e41_p0_38	Map006.json	0	dialogue	どうせサクソンが陛下に伝え忘れたんだろう。
MAP6_e41_p0_40	Map006.json	0	dialogue	倉庫番ストロング：
MAP6_e41_p0_41	Map006.json	0	dialogue	それ、ありうるなあ…。
MAP6_e41_p0_43	Map006.json	0	dialogue	倉庫番ストロング：
MAP6_e41_p0_44	Map006.json	0	dialogue	まあ、何にしろ、気をつけてな。
MAP6_e41_p0_45	Map006.json	0	dialogue	足りないものは、その５００Ｇで何とか
MAP6_e41_p0_46	Map006.json	0	dialogue	用立ててくれ。
MAP6_e41_p0_48	Map006.json	0	dialogue	ピピン：
MAP6_e41_p0_49	Map006.json	0	dialogue	フン…！
MAP6_e41_p0_50	Map006.json	0	dialogue	こんな任務、ささっと終わらせてくるさ。
MAP6_e41_p1_1	Map006.json	0	dialogue	倉庫番ストロング：
MAP6_e41_p1_10	Map006.json	0	dialogue	医療キットを　５個　渡された！
MAP6_e41_p1_12	Map006.json	0	dialogue	万金丹を　２個　渡された！
MAP6_e41_p1_14	Map006.json	0	dialogue	レイピア(名品)を　１本　渡された！
MAP6_e41_p1_16	Map006.json	0	dialogue	スピア(名品)を　１本　渡された！
MAP6_e41_p1_18	Map006.json	0	dialogue	お金を　５００Ｇ　渡された！
MAP6_e41_p1_2	Map006.json	0	dialogue	二人とも、西の監視塔の見回りだろ？
MAP6_e41_p1_20	Map006.json	0	dialogue	ピピン：
MAP6_e41_p1_21	Map006.json	0	dialogue	…万金丹？これは、毒消しの薬だな。
MAP6_e41_p1_22	Map006.json	0	dialogue	そんな厄介な魔物がいるのか？
MAP6_e41_p1_24	Map006.json	0	dialogue	倉庫番ストロング：
MAP6_e41_p1_25	Map006.json	0	dialogue	ああ。
MAP6_e41_p1_26	Map006.json	0	dialogue	西の監視塔に忍び込んだ子供が魔物に襲われて、
MAP6_e41_p1_27	Map006.json	0	dialogue	毒で死にかけたって話だ。
MAP6_e41_p1_29	Map006.json	0	dialogue	倉庫番ストロング：
MAP6_e41_p1_3	Map006.json	0	dialogue	ほれ、今回の支給品だ。受け取れ。
MAP6_e41_p1_30	Map006.json	0	dialogue	だから当然、毒への備えをしておいた。
MAP6_e41_p1_31	Map006.json	0	dialogue	…というか、報告いってないのか？
MAP6_e41_p1_33	Map006.json	0	dialogue	ピピン：
MAP6_e41_p1_34	Map006.json	0	dialogue	…ったく。
MAP6_e41_p1_35	Map006.json	0	dialogue	どうせサクソンが陛下に伝え忘れたんだろう。
MAP6_e41_p1_37	Map006.json	0	dialogue	倉庫番ストロング：
MAP6_e41_p1_38	Map006.json	0	dialogue	それ、ありうるなあ…。
MAP6_e41_p1_40	Map006.json	0	dialogue	倉庫番ストロング：
MAP6_e41_p1_41	Map006.json	0	dialogue	まあ、何にしろ、気をつけてな。
MAP6_e41_p1_42	Map006.json	0	dialogue	足りないものは、その５００Ｇで何とか
MAP6_e41_p1_43	Map006.json	0	dialogue	用立ててくれ。
MAP6_e41_p1_45	Map006.json	0	dialogue	ピピン：
MAP6_e41_p1_46	Map006.json	0	dialogue	フン…！
MAP6_e41_p1_47	Map006.json	0	dialogue	こんな任務、ささっと終わらせてくるさ。
MAP6_e41_p2_1	Map006.json	0	dialogue	倉庫番ストロング：
MAP6_e41_p2_17	Map006.json	0	dialogue	倉庫番ストロング：
MAP6_e41_p2_18	Map006.json	0	dialogue	必要なものがあったら、また来いよ。
MAP6_e41_p2_2	Map006.json	0	dialogue	支給したもの以外で欲しいものがある場合は、
MAP6_e41_p2_3	Map006.json	0	dialogue	自前で金を払ってもらうぜ。
MAP6_e41_p2_4	Map006.json	0	dialogue	さあ、何が欲しいんだ？
MAP6_e41_p3_1	Map006.json	0	dialogue	倉庫番ストロング：
MAP6_e41_p3_19	Map006.json	0	dialogue	倉庫番ストロング：
MAP6_e41_p3_2	Map006.json	0	dialogue	支給したもの以外で欲しいものがある場合は、
MAP6_e41_p3_20	Map006.json	0	dialogue	必要なものがあったら、また来いよ。
MAP6_e41_p3_3	Map006.json	0	dialogue	自前で金を払ってもらうぜ。
MAP6_e41_p3_4	Map006.json	0	dialogue	さあ、何が欲しいんだ？
MAP6_e42_name	Map006.json	event name	name	ピピンに教えてもらう
MAP6_e42_p0_1	Map006.json	0	dialogue	ピピン：
MAP6_e42_p0_2	Map006.json	0	dialogue	任務に取り掛かる前に、支給品を受け取るのを
MAP6_e42_p0_3	Map006.json	0	dialogue	忘れるなよ。
MAP6_e42_p0_5	Map006.json	0	dialogue	ピピン：
MAP6_e42_p0_6	Map006.json	0	dialogue	どこで受け取れるかって？
MAP6_e42_p0_7	Map006.json	0	dialogue	お前本当にここの騎士か！？
MAP6_e42_p0_8	Map006.json	0	dialogue	…そこ曲がった先の、とっちらかった部屋だ。
MAP6_e43_name	Map006.json	event name	name	ピピンに教えてもらう
MAP6_e43_p0_1	Map006.json	0	dialogue	ピピン：
MAP6_e43_p0_2	Map006.json	0	dialogue	任務に取り掛かる前に、支給品を受け取るのを
MAP6_e43_p0_3	Map006.json	0	dialogue	忘れるなよ。
MAP6_e43_p0_5	Map006.json	0	dialogue	ピピン：
MAP6_e43_p0_6	Map006.json	0	dialogue	どこで受け取れるかって？
MAP6_e43_p0_7	Map006.json	0	dialogue	お前本当にここの騎士か！？
MAP6_e43_p0_8	Map006.json	0	dialogue	…そこ曲がった先の、とっちらかった部屋だ。
MAP6_e44_name	Map006.json	event name	name	ピピンに教えてもらう
MAP6_e44_p0_1	Map006.json	0	dialogue	ピピン：
MAP6_e44_p0_2	Map006.json	0	dialogue	任務に取り掛かる前に、支給品を受け取るのを
MAP6_e44_p0_3	Map006.json	0	dialogue	忘れるなよ。
MAP6_e44_p0_5	Map006.json	0	dialogue	ピピン：
MAP6_e44_p0_6	Map006.json	0	dialogue	どこで受け取れるかって？
MAP6_e44_p0_7	Map006.json	0	dialogue	お前本当にここの騎士か！？
MAP6_e44_p0_8	Map006.json	0	dialogue	…そこ曲がった先の、とっちらかった部屋だ。
MAP6_e45_name	Map006.json	event name	name	泥棒はずれ
MAP6_e45_p0_1	Map006.json	0	dialogue	持ち出して役に立つようなものは何も見つけられなかった…
MAP6_e46_name	Map006.json	event name	name	ウィンダムの大臣
MAP6_e46_p0_1	Map006.json	0	dialogue	大臣イワノフ：
MAP6_e46_p0_10	Map006.json	1	dialogue	考える暇もないのです！
MAP6_e46_p0_15	Map006.json	1	dialogue	大臣イワノフ：
MAP6_e46_p0_16	Map006.json	1	dialogue	ウィン殿は私がどれだけ忙しいか、ご存じない
MAP6_e46_p0_17	Map006.json	1	dialogue	のですな？
MAP6_e46_p0_18	Map006.json	1	dialogue	用がなければ出て行ってください！！
MAP6_e46_p0_2	Map006.json	0	dialogue	これは騎士ウィン殿。
MAP6_e46_p0_3	Map006.json	0	dialogue	今日はどういったご用件ですかな？
MAP6_e46_p0_4_c0	Map006.json	choice	choice	最近どうですか
MAP6_e46_p0_4_c1	Map006.json	choice	choice	用はありません
MAP6_e46_p0_7	Map006.json	1	dialogue	大臣イワノフ：
MAP6_e46_p0_8	Map006.json	1	dialogue	最近も何も常に私は忙しいのです！
MAP6_e46_p0_9	Map006.json	1	dialogue	私の気分！？そんなこと分かりません！
MAP6_e47_name	Map006.json	event name	name	泥棒はずれ
MAP6_e47_p0_1	Map006.json	0	dialogue	何かのメモ…
MAP6_e47_p0_2	Map006.json	0	dialogue	私の隣の家の人が夜中に歌を歌います。
MAP6_e47_p0_3	Map006.json	0	dialogue	文句を言ったら笛を吹き出しました。
MAP6_e47_p0_4	Map006.json	0	dialogue	彼は、音楽家になるんだそうです！助けて下さい。
MAP6_e48_p0_1	Map006.json	0	dialogue	大臣イワノフ：
MAP6_e48_p0_2	Map006.json	0	dialogue	ちょっと！仕事の邪魔をしないで下さい！
MAP6_e48_p0_3	Map006.json	0	dialogue	さっきからあなたはウロチョロと…
MAP6_e48_p0_4	Map006.json	0	dialogue	何してるんです、本当に騎士なのか！？
MAP6_e49_p0_1	Map006.json	0	dialogue	何かのメモ…
MAP6_e49_p0_2	Map006.json	0	dialogue	靴底がはがれました。先月は穴があきました。
MAP6_e49_p0_3	Map006.json	0	dialogue	この国の靴は、もろすぎます！抜本的に解決してください！
MAP6_e49_p0_4	Map006.json	0	dialogue	働き者ほど、靴代でお金がかかります！
MAP6_e50_name	Map006.json	event name	name	泥棒はずれ
MAP6_e50_p0_1	Map006.json	0	dialogue	持ち出して役に立つようなものは何も見つけられなかった…
MAP6_e51_name	Map006.json	event name	name	泥棒はずれ
MAP6_e51_p0_1	Map006.json	0	dialogue	ピピンへの苦情の手紙やメモがたくさん置いてある…
MAP6_e51_p0_10	Map006.json	0	dialogue	早く行くぞ！
MAP6_e51_p0_3	Map006.json	0	dialogue	ピピンに嫌みを言われて傷付いた…
MAP6_e51_p0_4	Map006.json	0	dialogue	ピピンが俺の剣術をバカにした…
MAP6_e51_p0_5	Map006.json	0	dialogue	ピピンが俺の喋り方をバカにした…
MAP6_e51_p0_6	Map006.json	0	dialogue	ピピンが小鳥に話し掛けていた…
MAP6_e51_p0_8	Map006.json	0	dialogue	ピピン：
MAP6_e51_p0_9	Map006.json	0	dialogue	おい！何読んでやがる！
MAP6_e51_p1_1	Map006.json	0	dialogue	ピピンへの苦情の手紙やメモがたくさん置いてある…
MAP6_e51_p1_3	Map006.json	0	dialogue	ピピンに嫌みを言われて傷付いた…
MAP6_e51_p1_4	Map006.json	0	dialogue	ピピンが俺の剣術をバカにした…
MAP6_e51_p1_5	Map006.json	0	dialogue	ピピンが俺の喋り方をバカにした…
MAP6_e51_p1_6	Map006.json	0	dialogue	ピピンが小鳥に話し掛けていた…
MAP6_e52_name	Map006.json	event name	name	城門係スカイ
MAP6_e52_p0_1	Map006.json	0	dialogue	城門係スカイ：
MAP6_e52_p0_12	Map006.json	1	dialogue	城門係スカイ：
MAP6_e52_p0_13	Map006.json	1	dialogue	若くして騎士になったってのに、何て謙虚な…
MAP6_e52_p0_14	Map006.json	1	dialogue	ウィン、俺はお前を応援しているぜ！
MAP6_e52_p0_2	Map006.json	0	dialogue	騎士ウィン殿に敬礼！
MAP6_e52_p0_3_c0	Map006.json	choice	choice	敬礼を返す
MAP6_e52_p0_3_c1	Map006.json	choice	choice	おじぎをする
MAP6_e52_p0_6	Map006.json	1	dialogue	城門係スカイ：
MAP6_e52_p0_7	Map006.json	1	dialogue	まだ若いのに何て立派な敬礼だろう…
MAP6_e52_p0_8	Map006.json	1	dialogue	ウィン、今度俺に教えてくれ！
MAP6_e53_name	Map006.json	event name	name	城門係クロウ
MAP6_e53_p0_1	Map006.json	0	dialogue	城門係クロウ：
MAP6_e53_p0_12	Map006.json	1	dialogue	城門係クロウ：
MAP6_e53_p0_13	Map006.json	1	dialogue	おう、ありがとよ！
MAP6_e53_p0_14	Map006.json	1	dialogue	とは言えずっとここに立っていると飽きるよ。
MAP6_e53_p0_15	Map006.json	1	dialogue	外に出られるお前が羨ましいや。
MAP6_e53_p0_2	Map006.json	0	dialogue	お勤めごくろう！騎士ウィン殿！
MAP6_e53_p0_3_c0	Map006.json	choice	choice	ありがとう
MAP6_e53_p0_3_c1	Map006.json	choice	choice	そちらこそご苦労様です
MAP6_e53_p0_6	Map006.json	1	dialogue	城門係クロウ：
MAP6_e53_p0_7	Map006.json	1	dialogue	ハハハ！相変わらず素直なやつだなあ。
MAP6_e53_p0_8	Map006.json	1	dialogue	騎士殿、ご武運を祈るぜ！
MAP6_e54_p0_1	Map006.json	0	dialogue	ウィンダム市民レクサス：
MAP6_e54_p0_2	Map006.json	0	dialogue	孫の顔を見せに娘がフレイムから来てくれて
MAP6_e54_p0_3	Map006.json	0	dialogue	いるのじゃが、関所を通れず立ち往生している
MAP6_e54_p0_4	Map006.json	0	dialogue	そうなんじゃ…。何とかならんかのう…。
MAP6_e55_p0_1	Map006.json	0	dialogue	市民オードリー：
MAP6_e55_p0_2	Map006.json	0	dialogue	うちの店の雨漏りを直してくれるって話を
MAP6_e55_p0_3	Map006.json	0	dialogue	してから、もう二週間が経つんだよ。
MAP6_e55_p0_4	Map006.json	0	dialogue	大臣は本当に覚えているのかねえ？
MAP6_e56_p0_1	Map006.json	0	dialogue	巡回兵カイル：
MAP6_e56_p0_10	Map006.json	1	dialogue	ここに魚がいるの知ってたか？
MAP6_e56_p0_12	Map006.json	1	dialogue	巡回兵カイル：
MAP6_e56_p0_13	Map006.json	1	dialogue	知らないだろう。
MAP6_e56_p0_14	Map006.json	1	dialogue	この前の休暇で釣った魚をここに放したら
MAP6_e56_p0_15	Map006.json	1	dialogue	増えちゃったんだ。内緒だぞ？
MAP6_e56_p0_2	Map006.json	0	dialogue	おっ、ウィンじゃないか？
MAP6_e56_p0_20	Map006.json	1	dialogue	巡回兵カイル：
MAP6_e56_p0_21	Map006.json	1	dialogue	知ってるよ。お前外で仕事だろ？
MAP6_e56_p0_22	Map006.json	1	dialogue	それより、この前誘った釣りの件なんだが、
MAP6_e56_p0_23	Map006.json	1	dialogue	考えておいてくれよな。楽しいぞ！
MAP6_e56_p0_3	Map006.json	0	dialogue	お前も休憩か？
MAP6_e56_p0_4_c0	Map006.json	choice	choice	そうだよ
MAP6_e56_p0_4_c1	Map006.json	choice	choice	違うよ
MAP6_e56_p0_7	Map006.json	1	dialogue	巡回兵カイル：
MAP6_e56_p0_8	Map006.json	1	dialogue	…なんの休憩だよ？
MAP6_e56_p0_9	Map006.json	1	dialogue	俺は魚にエサやってんの。
MAP6_e57_p0_1	Map006.json	0	dialogue	『スキルの勉強』
MAP6_e57_p0_10	Map006.json	1	dialogue	スキルポイントは、バトル中に敵を攻撃したり、
MAP6_e57_p0_11	Map006.json	1	dialogue	攻撃されたりすることで溜まるが、戦いながら探ると
MAP6_e57_p0_12	Map006.json	1	dialogue	よいだろう。ぼうぎょをすると大きく溜まるのは確かだ。
MAP6_e57_p0_13	Map006.json	1	dialogue	使いたいスキルがあるときは活用するといいだろう。
MAP6_e57_p0_15	Map006.json	1	dialogue	使用できるスキルの種類は、武器ごとに違うが、
MAP6_e57_p0_16	Map006.json	1	dialogue	品質のよい武器ほど、使用できるスキルの種類が増える
MAP6_e57_p0_17	Map006.json	1	dialogue	傾向にあるようだ。
MAP6_e57_p0_2	Map006.json	0	dialogue	…と、表紙に書かれた本がある。読んでみようか。
MAP6_e57_p0_3_c0	Map006.json	choice	choice	読んでみる
MAP6_e57_p0_3_c1	Map006.json	choice	choice	読まない
MAP6_e57_p0_6	Map006.json	1	dialogue	スキルとは、装備している武器ごとに使える特技のことで、
MAP6_e57_p0_7	Map006.json	1	dialogue	スキルポイント（SP)を消費して使うことのできる、
MAP6_e57_p0_8	Map006.json	1	dialogue	強力だったり、便利な技の数々である。
MAP6_e58_p1_1	Map006.json	0	dialogue	市民レクサス：
MAP6_e58_p1_10	Map006.json	0	dialogue	　　　　ウィンは　ダガー（良質）　を受け取った！
MAP6_e58_p1_2	Map006.json	0	dialogue	おお…騎士様…
MAP6_e58_p1_3	Map006.json	0	dialogue	この度は娘たちが大変お世話になったそうで…
MAP6_e58_p1_5	Map006.json	0	dialogue	お礼と言ってはなんですが…
MAP6_e58_p1_6	Map006.json	0	dialogue	どうかこれをお受け取り下さい…
MAP6_e58_p1_7	Map006.json	0	dialogue	孫と会えたいま、もう必要なくなりましたので
MAP6_e58_p2_1	Map006.json	0	dialogue	市民レクサス：
MAP6_e58_p2_10	Map006.json	0	dialogue	　　　　ウィンは　マンゴーシュ　を受け取った！
MAP6_e58_p2_2	Map006.json	0	dialogue	おお…騎士様…
MAP6_e58_p2_3	Map006.json	0	dialogue	この度は娘たちが大変お世話になったそうで…
MAP6_e58_p2_5	Map006.json	0	dialogue	お礼と言ってはなんですが…
MAP6_e58_p2_6	Map006.json	0	dialogue	どうかこれをお受け取り下さい…
MAP6_e58_p2_7	Map006.json	0	dialogue	孫と会えたいま、もう必要なくなりましたので
MAP6_e58_p3_1	Map006.json	0	dialogue	市民レクサス：
MAP6_e58_p3_2	Map006.json	0	dialogue	騎士様のおかげで血をみなくて済みました。
MAP6_e59_p1_1	Map006.json	0	dialogue	市民マイ：
MAP6_e59_p1_2	Map006.json	0	dialogue	おじいちゃんたら　
MAP6_e59_p1_3	Map006.json	0	dialogue	わたしをママのちいさいころに
MAP6_e59_p1_4	Map006.json	0	dialogue	そっくりだって言うんだよー
MAP6_e60_p1_1	Map006.json	0	dialogue	市民サラ：
MAP6_e60_p1_2	Map006.json	0	dialogue	この度は本当にありがとうございました…
MAP6_e60_p1_3	Map006.json	0	dialogue	こうして父に娘を会わせることもできました！
MAP6_e60_p1_5	Map006.json	0	dialogue	通行手形をお返ししますね。
MAP6_e60_p1_8	Map006.json	0	dialogue	　　　　　　ウィンは通行手形を返してもらった！
MAP6_e60_p2_1	Map006.json	0	dialogue	市民サラ：
MAP6_e60_p2_2	Map006.json	0	dialogue	しかし親父いつまで娘とあそんでるんだよ…
MAP6_e61_p0_1	Map006.json	0	dialogue	休憩中の兵士ステイ：
MAP6_e61_p0_10	Map006.json	1	dialogue	ちょっとばかし、臭いけどな。
MAP6_e61_p0_16	Map006.json	1	dialogue	休憩中の兵士ステイ：
MAP6_e61_p0_17	Map006.json	1	dialogue	いいねえ　若いってのは。
MAP6_e61_p0_18	Map006.json	1	dialogue	でも、無理すんなよ。そこのベッドなら、
MAP6_e61_p0_19	Map006.json	1	dialogue	いつでも使って大丈夫だからな？
MAP6_e61_p0_2	Map006.json	0	dialogue	ふいーつかれたーーー
MAP6_e61_p0_3	Map006.json	0	dialogue	お、ウィン、お前も疲れたのか？
MAP6_e61_p0_4_c0	Map006.json	choice	choice	疲れたー
MAP6_e61_p0_4_c1	Map006.json	choice	choice	元気だよ
MAP6_e61_p0_7	Map006.json	1	dialogue	休憩中の兵士ステイ：
MAP6_e61_p0_8	Map006.json	1	dialogue	それなら隣のベッドで休んで行けよ。
MAP6_e61_p0_9	Map006.json	1	dialogue	宿屋と違って、タダだぜ。
MAP6_e62_p0_1	Map006.json	0	dialogue	料理長コッコ：
MAP6_e62_p0_2	Map006.json	0	dialogue	あーいそがしい！いそがしい！
MAP6_e62_p0_3	Map006.json	0	dialogue	ちょっと、騎士さん、どいてちょうだい！
MAP6_e62_p0_4	Map006.json	0	dialogue	ふんづけちゃうから！
MAP6_e63_p0_1	Map006.json	0	dialogue	手伝わされている兵士ハング：
MAP6_e63_p0_2	Map006.json	0	dialogue	あーいそがしいいそがしい　って、
MAP6_e63_p0_3	Map006.json	0	dialogue	俺なんで手伝わされてるの？
MAP6_e64_p0_1	Map006.json	0	dialogue	本好きの兵士ライブ：
MAP6_e64_p0_13	Map006.json	1	dialogue	本好きの兵士ライブ：
MAP6_e64_p0_14	Map006.json	1	dialogue	おいおい、いいのかそれで？
MAP6_e64_p0_15	Map006.json	1	dialogue	たくさん本を読むと、この世界での暮らしが、
MAP6_e64_p0_16	Map006.json	1	dialogue	さらに、もっと豊かになると思うぞー
MAP6_e64_p0_2	Map006.json	0	dialogue	お前、本棚とかちゃんと調べているか？
MAP6_e64_p0_3_c0	Map006.json	choice	choice	調べてる
MAP6_e64_p0_3_c1	Map006.json	choice	choice	ぜんぜん
MAP6_e64_p0_6	Map006.json	1	dialogue	本好きの兵士ライブ：
MAP6_e64_p0_7	Map006.json	1	dialogue	世の中いろいろな本があって面白いよなー
MAP6_e64_p0_8	Map006.json	1	dialogue	俺も本棚を見つけると、しごとサボって
MAP6_e64_p0_9	Map006.json	1	dialogue	ついつい読んじまうんだよー
MAP6_e9_name	Map006.json	event name	name	ウィンダム城下町
MAP6_e9_note	Map006.json	event note	note	入り口
MAP7_displayName	Map007.json	display name	mapname	ウィンダム城二階
MAP7_e10_p0_1	Map007.json	0	dialogue	何かの書き置き：
MAP7_e10_p0_2	Map007.json	0	dialogue	食糧庫のパンが最近減っている。何が起こっているんだ？
MAP7_e10_p0_3	Map007.json	0	dialogue	誰かに調べて欲しいが、もしかしたら犯人が騎士団に
MAP7_e10_p0_4	Map007.json	0	dialogue	いるかも知れない…。誰に相談すればいいんだろう…。
MAP7_e11_p0_1	Map007.json	0	dialogue	書きかけの手紙がある…
MAP7_e11_p0_11	Map007.json	1	dialogue	…
MAP7_e11_p0_12	Map007.json	1	dialogue	その後には知らない名前が五人くらい書いてある。
MAP7_e11_p0_2	Map007.json	0	dialogue	読んでみようか…。
MAP7_e11_p0_3_c0	Map007.json	choice	choice	読んでしまう
MAP7_e11_p0_3_c1	Map007.json	choice	choice	読まない
MAP7_e11_p0_6	Map007.json	1	dialogue	騎士団長ロイ様へ
MAP7_e11_p0_7	Map007.json	1	dialogue	新たな騎士候補者のリストをお送りします。
MAP7_e11_p0_8	Map007.json	1	dialogue	どの者も将来の楽しみな者たちです。
MAP7_e11_p0_9	Map007.json	1	dialogue	いつもお手数をおかけしますが、ご確認ください。
MAP7_e12_p0_1	Map007.json	0	dialogue	『世界の武器』
MAP7_e12_p0_11	Map007.json	1	dialogue	曲剣。フレイム王国のみで生産される、刃の反った剣。
MAP7_e12_p0_12	Map007.json	1	dialogue	振り回しやすく、素早さが少し上がる。
MAP7_e12_p0_13	Map007.json	1	dialogue	刀。セイリューでのみ生産される。美しく鋭い剣。切れ味が
MAP7_e12_p0_14	Map007.json	1	dialogue	抜群だが、取り回しが悪く、素早さが下がる。
MAP7_e12_p0_16	Map007.json	1	dialogue	他に、大剣という、重くて凄まじい威力の剣や、
MAP7_e12_p0_17	Map007.json	1	dialogue	短剣、刺剣、槍といった、突き刺す武器もある。
MAP7_e12_p0_18	Map007.json	1	dialogue	この三つは敵の急所を突きやすい（会心率があがる）が、
MAP7_e12_p0_19	Map007.json	1	dialogue	槍は元の威力が他のふたつよりも高い分、素早さが下がる。
MAP7_e12_p0_2	Map007.json	0	dialogue	…と、表紙に書かれた本がある。読んでみようか…。
MAP7_e12_p0_3_c0	Map007.json	choice	choice	読んでみる
MAP7_e12_p0_3_c1	Map007.json	choice	choice	読まない
MAP7_e12_p0_6	Map007.json	1	dialogue	このエレメント大陸には、大きく分けて次のような武器が
MAP7_e12_p0_7	Map007.json	1	dialogue	普及している。
MAP7_e12_p0_8	Map007.json	1	dialogue	直剣。もっとも普通の剣で、主にウインダム王国で生産され
MAP7_e12_p0_9	Map007.json	1	dialogue	ている。扱いやすい。
MAP7_e13_p0_1	Map007.json	0	dialogue	『エレメンタルパワー』
MAP7_e13_p0_11	Map007.json	1	dialogue	かつて大昔、この大陸が生まれる前、紋章の力で闇の
MAP7_e13_p0_12	Map007.json	1	dialogue	エレメントを彼方に封じ、火水風のエレメントの加護を
MAP7_e13_p0_13	Map007.json	1	dialogue	受けてこの地が栄えたと伝わるが、その紋章の力が、
MAP7_e13_p0_14	Map007.json	1	dialogue	実際にどんなものだったのかは、よく分からない。
MAP7_e13_p0_16	Map007.json	1	dialogue	ただ、紋章の魔法の力、エレメンタルパワーは、継承者の
MAP7_e13_p0_17	Map007.json	1	dialogue	精神力そのものであるいう言い伝えもある。
MAP7_e13_p0_18	Map007.json	1	dialogue	そうであるのなら、精神の弱いものが継承者になると、
MAP7_e13_p0_19	Map007.json	1	dialogue	魔法の力も弱まってしまうのかも知れない。
MAP7_e13_p0_2	Map007.json	0	dialogue	…と、表紙に書かれた本がある。読んでみようか？
MAP7_e13_p0_3_c0	Map007.json	choice	choice	読む
MAP7_e13_p0_3_c1	Map007.json	choice	choice	読まない
MAP7_e13_p0_6	Map007.json	1	dialogue	火、水、風、それぞれの紋章は、闇のエレメントが復活し、
MAP7_e13_p0_7	Map007.json	1	dialogue	その力を強めるほどに、紋章も輝きを増し、不思議な魔法の
MAP7_e13_p0_8	Map007.json	1	dialogue	力を紋章継承者に与えるという。
MAP7_e13_p0_9	Map007.json	1	dialogue	この魔法の力が、エレメンタルパワーである。
MAP7_e14_p0_1	Map007.json	0	dialogue	『怖くない！五分で怖くなくなる錬金術』
MAP7_e14_p0_11	Map007.json	1	dialogue	例えばみんながよく心配するのが、各ポーション類…
MAP7_e14_p0_12	Map007.json	1	dialogue	飲み薬に使われている、材料のことだと思います。
MAP7_e14_p0_13	Map007.json	1	dialogue	確かに私たちは材料を教えません、隠していますが、
MAP7_e14_p0_14	Map007.json	1	dialogue	決して危なかったり汚かったりするものは使っていません。
MAP7_e14_p0_16	Map007.json	1	dialogue	私たちは、材料がバレると売れなくなるから、隠して
MAP7_e14_p0_17	Map007.json	1	dialogue	いるのではないのです！とても専門的で、難易度の高い
MAP7_e14_p0_18	Map007.json	1	dialogue	製法で作るものなので、皆さんに気軽に真似をされて、
MAP7_e14_p0_19	Map007.json	1	dialogue	大怪我したり病気になって欲しくないだけなのです！
MAP7_e14_p0_2	Map007.json	0	dialogue	…と、表紙に書かれた本がある。読んでみようか。
MAP7_e14_p0_3_c0	Map007.json	choice	choice	読んでみる
MAP7_e14_p0_3_c1	Map007.json	choice	choice	読まない
MAP7_e14_p0_6	Map007.json	1	dialogue	錬金術師と呼ばれる（というより自分たちで呼んでいる）
MAP7_e14_p0_7	Map007.json	1	dialogue	ひとたちが、正体の分からない薬を大変な高額で売り出す
MAP7_e14_p0_8	Map007.json	1	dialogue	ようになって百年くらいでしょうか。
MAP7_e14_p0_9	Map007.json	1	dialogue	でも効き目が凄いから、みんな本当は憧れているでしょう？
MAP7_e15_p0_1	Map007.json	0	dialogue	読みかけの本がある…
MAP7_e15_p0_2	Map007.json	0	dialogue	読んでみようか…。
MAP7_e15_p0_3_c0	Map007.json	choice	choice	読んでみる
MAP7_e15_p0_3_c1	Map007.json	choice	choice	読まない
MAP7_e15_p0_6	Map007.json	1	dialogue	騎士は国王の命令に絶対に背いてはいけません。
MAP7_e15_p0_7	Map007.json	1	dialogue	次に、騎士団長の命令にも背いてはいけません。
MAP7_e15_p0_8	Map007.json	1	dialogue	命令を聞かないと、騎士をやめさせられます。
MAP7_e15_p0_9	Map007.json	1	dialogue	騎士をやめると、ただの兵士か、市民になります。
MAP7_e16_p0_1	Map007.json	0	dialogue	『この世界の紋章』
MAP7_e16_p0_10	Map007.json	1	dialogue	この紋章は、闇のエレメントが復活する際に輝き出し、
MAP7_e16_p0_11	Map007.json	1	dialogue	闇のエレメントによって世界が暗闇に覆われ、魔物に
MAP7_e16_p0_12	Map007.json	1	dialogue	溢れるのを防ぐことが出来ると言われている。
MAP7_e16_p0_14	Map007.json	1	dialogue	紋章は、持ち主が最も信頼している人間へと継承される。
MAP7_e16_p0_15	Map007.json	1	dialogue	しかし紋章が輝いたのを誰も見たことがない為、現実には
MAP7_e16_p0_16	Map007.json	1	dialogue	権力者が継承している。フレイム王国では代々国王が、
MAP7_e16_p0_17	Map007.json	1	dialogue	セイリューでは領主が、ウィンダムでは騎士団長である。
MAP7_e16_p0_2	Map007.json	0	dialogue	…という本がある。読んでみようか…。
MAP7_e16_p0_3_c0	Map007.json	choice	choice	読んでみる
MAP7_e16_p0_3_c1	Map007.json	choice	choice	読まない
MAP7_e16_p0_6	Map007.json	1	dialogue	エレメント大陸は火と水と風のエレメントによって
MAP7_e16_p0_7	Map007.json	1	dialogue	作られた土地で、エレメントの加護の証である紋章が、
MAP7_e16_p0_8	Map007.json	1	dialogue	それぞれの紋章継承者の手の甲に刻まれる。
MAP7_e17_p0_1	Map007.json	0	dialogue	『恐怖！闇のエレメント復活！』
MAP7_e17_p0_11	Map007.json	1	dialogue	よし！ここで水の紋章の出番です。水の紋章の勇者が
MAP7_e17_p0_12	Map007.json	1	dialogue	片手を振りかざすと、大きな津波があらわれました。
MAP7_e17_p0_13	Map007.json	1	dialogue	火はまたたくまに消えました。しかし、闇のエレメントも
MAP7_e17_p0_14	Map007.json	1	dialogue	流されてしまい、どこにいったか分かりません。
MAP7_e17_p0_16	Map007.json	1	dialogue	このままでは世界は暗黒に包まれ、魔物が増え、ひとの
MAP7_e17_p0_17	Map007.json	1	dialogue	住めない土地になってしまう！しかし気付けば風の勇者が
MAP7_e17_p0_18	Map007.json	1	dialogue	いません。なんと！風の紋章のハヤテの力で疾風となった
MAP7_e17_p0_19	Map007.json	1	dialogue	風の勇者が闇のエレメントを追いかけています！
MAP7_e17_p0_2	Map007.json	0	dialogue	…と、表紙に書かれた本がある。読んでみようか…。
MAP7_e17_p0_21	Map007.json	1	dialogue	そのスピードはすさまじく、火の勇者と水の勇者は
MAP7_e17_p0_22	Map007.json	1	dialogue	置いていかれました。最早闇のエレメントも風の勇者も
MAP7_e17_p0_23	Map007.json	1	dialogue	どこにいるのか分かりません。さあ二人はどうやって合流
MAP7_e17_p0_24	Map007.json	1	dialogue	するのか！？次回をおたのしみに！
MAP7_e17_p0_3_c0	Map007.json	choice	choice	読んでみる
MAP7_e17_p0_3_c1	Map007.json	choice	choice	読んでみない
MAP7_e17_p0_6	Map007.json	1	dialogue	火を噴く火の紋章！ぎゃーーーーーーーーー闇のエレメント
MAP7_e17_p0_7	Map007.json	1	dialogue	は燃えました。風の紋章がカマイタチを呼び、火はもっと
MAP7_e17_p0_8	Map007.json	1	dialogue	激しくなりました。いかん！火が凄くて闇のエレメントが
MAP7_e17_p0_9	Map007.json	1	dialogue	よく見えない！近付くこともできません。
MAP7_e18_name	Map007.json	event name	name	泥棒はずれ
MAP7_e18_p0_1	Map007.json	0	dialogue	持ち出して役に立つようなものは何も見つけられなかった…
MAP7_e19_p0_1	Map007.json	0	dialogue	書記官デアール：
MAP7_e19_p0_2	Map007.json	0	dialogue	吾輩は王国書記官のデアール卿であーる。
MAP7_e19_p0_4	Map007.json	0	dialogue	吾輩は現在王国の財政の記録をつけているの
MAP7_e19_p0_5	Map007.json	0	dialogue	であーる！
MAP7_e1_name	Map007.json	event name	name	ウィンダム城下町
MAP7_e1_note	Map007.json	event note	note	入り口
MAP7_e20_p0_1	Map007.json	0	dialogue	料理人助手ジョッシュ：
MAP7_e20_p0_2	Map007.json	0	dialogue	食事の時間までにテーブルを整えないと
MAP7_e20_p0_3	Map007.json	0	dialogue	いけないんです…話し掛けないで下さい！
MAP7_e21_p0_1	Map007.json	0	dialogue	城内の見回り兵ロール：
MAP7_e21_p0_2	Map007.json	0	dialogue	異常なーしっ　って、当たり前だっての。
MAP7_e21_p0_3	Map007.json	0	dialogue	おいウィン！これが兵卒のしごとなのか！
MAP7_e21_p0_4	Map007.json	0	dialogue	つらすぎるー
MAP7_e22_p0_1	Map007.json	0	dialogue	新米兵士ヤーボ：
MAP7_e22_p0_11	Map007.json	1	dialogue	新米兵士ヤーボ：
MAP7_e22_p0_12	Map007.json	1	dialogue	よかったー　あれ、騎士であるあなたが
MAP7_e22_p0_13	Map007.json	1	dialogue	持っていても、何の役にも立ちませんし、
MAP7_e22_p0_14	Map007.json	1	dialogue	そりゃ売りますよね。　よかったー
MAP7_e22_p0_18	Map007.json	1	dialogue	新米兵士ヤーボ：
MAP7_e22_p0_19	Map007.json	1	dialogue	あー…　素材や財宝はためこんでも、
MAP7_e22_p0_2	Map007.json	0	dialogue	ウィンさん、魔物をたおしたときにたまに
MAP7_e22_p0_20	Map007.json	1	dialogue	俺ら兵士や騎士には、役に立ちません。
MAP7_e22_p0_21	Map007.json	1	dialogue	お店で売ってお金に変えた方がいいですよ？
MAP7_e22_p0_3	Map007.json	0	dialogue	手に入る、魔物の素材とか財宝…
MAP7_e22_p0_4	Map007.json	0	dialogue	ちゃんと売ってますか？
MAP7_e22_p0_6	Map007.json	0	dialogue	ウィン：
MAP7_e22_p0_7	Map007.json	0	dialogue	…。
MAP7_e22_p0_8_c0	Map007.json	choice	choice	売ってるよ
MAP7_e22_p0_8_c1	Map007.json	choice	choice	えっ　なんのこと
MAP7_e2_name	Map007.json	event name	name	ウィンダム城下町
MAP7_e2_note	Map007.json	event note	note	入り口
MAP7_e3_name	Map007.json	event name	name	ウィンダム城下町
MAP7_e3_note	Map007.json	event note	note	入り口
MAP7_e4_name	Map007.json	event name	name	ウィンダム城下町
MAP7_e4_note	Map007.json	event note	note	入り口
MAP7_e5_name	Map007.json	event name	name	ウィンダム城下町
MAP7_e5_note	Map007.json	event note	note	入り口
MAP7_e6_name	Map007.json	event name	name	ウィンダム城下町
MAP7_e6_note	Map007.json	event note	note	入り口
MAP7_e7_name	Map007.json	event name	name	ウィンダム城下町
MAP7_e7_note	Map007.json	event note	note	入り口
MAP7_e8_name	Map007.json	event name	name	ウィンダム城下町
MAP7_e8_note	Map007.json	event note	note	入り口
MAP7_e9_name	Map007.json	event name	name	ウィンダム城下町
MAP7_e9_note	Map007.json	event note	note	入り口
MAP8_displayName	Map008.json	display name	mapname	ウィンダム城三階
MAP8_e10_p0_1	Map008.json	0	dialogue	騎士団長代行サクソン：
MAP8_e10_p0_10	Map008.json	0	dialogue	ピピン：
MAP8_e10_p0_11	Map008.json	0	dialogue	随分と焦ってるようだが、それも当然だな。
MAP8_e10_p0_12	Map008.json	0	dialogue	西の監視塔なら、毎月サクソン団長代行が
MAP8_e10_p0_13	Map008.json	0	dialogue	見回りを命じられているはずだからな。
MAP8_e10_p0_15	Map008.json	0	dialogue	騎士団長代行サクソン：
MAP8_e10_p0_16	Map008.json	0	dialogue	ええい、ピピンめ、無礼なあああああ！！
MAP8_e10_p0_18	Map008.json	0	dialogue	騎士団長代行サクソン：
MAP8_e10_p0_19	Map008.json	0	dialogue	確かに前回の見回りでは異常なかったのだ！
MAP8_e10_p0_2	Map008.json	0	dialogue	わしは忙しいのだウィン！邪魔を…
MAP8_e10_p0_20	Map008.json	0	dialogue	魔物どころか、ねずみ一匹さえ、クモ一匹さえ
MAP8_e10_p0_21	Map008.json	0	dialogue	いなかったのだ！！
MAP8_e10_p0_23	Map008.json	0	dialogue	ピピン：
MAP8_e10_p0_24	Map008.json	0	dialogue	どうだかね…。
MAP8_e10_p0_26	Map008.json	0	dialogue	騎士団長代行サクソン：
MAP8_e10_p0_27	Map008.json	0	dialogue	しつこいぞ、ピピン！し、しかし…
MAP8_e10_p0_28	Map008.json	0	dialogue	もしかすれば、闇のエレメントの復活が
MAP8_e10_p0_29	Map008.json	0	dialogue	近いのかも知れぬ…
MAP8_e10_p0_3	Map008.json	0	dialogue	ん？西の監視塔に人食いの魔物が出たから
MAP8_e10_p0_31	Map008.json	0	dialogue	騎士団長代行サクソン：
MAP8_e10_p0_32	Map008.json	0	dialogue	ふたりとも、気を引き締めていくのだ！！
MAP8_e10_p0_4	Map008.json	0	dialogue	調査に行く、だと…？
MAP8_e10_p0_6	Map008.json	0	dialogue	騎士団長代行サクソン：
MAP8_e10_p0_7	Map008.json	0	dialogue	そ、それは大変だのう！
MAP8_e10_p0_8	Map008.json	0	dialogue	気を付けて行ってまいれよ！
MAP8_e10_p1_1	Map008.json	0	dialogue	騎士団長代行サクソン：
MAP8_e10_p1_2	Map008.json	0	dialogue	ふたりとも、気を引き締めていくのだ！！
MAP8_e10_p2_1	Map008.json	0	dialogue	騎士団長代行サクソン：
MAP8_e10_p2_10	Map008.json	1	dialogue	うん、よかったのう！
MAP8_e10_p2_14	Map008.json	1	dialogue	騎士団長代行サクソン：
MAP8_e10_p2_15	Map008.json	1	dialogue	なんだ…体の具合でも悪いのか？
MAP8_e10_p2_16	Map008.json	1	dialogue	何か思いつめていたり…？
MAP8_e10_p2_18	Map008.json	1	dialogue	あ、いや！
MAP8_e10_p2_19	Map008.json	1	dialogue	別に心配しているわけではないぞ！
MAP8_e10_p2_2	Map008.json	0	dialogue	…ウィン。ロイに会ったか？
MAP8_e10_p2_20	Map008.json	1	dialogue	気にするな！
MAP8_e10_p2_3	Map008.json	0	dialogue	やつは…元気そうだったか？
MAP8_e10_p2_4_c0	Map008.json	choice	choice	元気です
MAP8_e10_p2_4_c1	Map008.json	choice	choice	あんまり
MAP8_e10_p2_7	Map008.json	1	dialogue	騎士団長代行サクソン：
MAP8_e10_p2_8	Map008.json	1	dialogue	…そうか。
MAP8_e10_p2_9	Map008.json	1	dialogue	そ、それならよかった！
MAP8_e10_p3_1	Map008.json	0	dialogue	騎士団長代行サクソン：
MAP8_e10_p3_2	Map008.json	0	dialogue	…ウィン、
MAP8_e10_p3_3	Map008.json	0	dialogue	お主は風の紋章の継承者となった。
MAP8_e10_p3_4	Map008.json	0	dialogue	ということは当然、次の騎士団長はおぬし。
MAP8_e10_p3_6	Map008.json	0	dialogue	おぬしのような新米には…重責じゃ。
MAP8_e10_p3_7	Map008.json	0	dialogue	気負い過ぎることなく、いつでも王やわし…
MAP8_e10_p3_8	Map008.json	0	dialogue	そしてロイを頼るのだぞ？
MAP8_e11_name	Map008.json	event name	name	サクソンの部屋出る
MAP8_e11_p0_1	Map008.json	0	dialogue	ピピン：
MAP8_e11_p0_2	Map008.json	0	dialogue	…サクソンめ、なにが闇のエレメントだ。
MAP8_e11_p0_3	Map008.json	0	dialogue	自分の能無しを、おとぎ話で誤魔化すなんて、
MAP8_e11_p0_4	Map008.json	0	dialogue	恥知らずにもほどがある。
MAP8_e12_name	Map008.json	event name	name	泥棒はずれ
MAP8_e12_p0_1	Map008.json	0	dialogue	持ち出して役に立つようなものは何も見つけられなかった…
MAP8_e13_name	Map008.json	event name	name	泥棒はずれ
MAP8_e13_p0_1	Map008.json	0	dialogue	持ち出して役に立つようなものは何も見つけられなかった…
MAP8_e14_name	Map008.json	event name	name	泥棒はずれ
MAP8_e14_p0_2	Map008.json	0	dialogue	　　　　　　　　50Gを見つけた！　が…
MAP8_e14_p0_3	Map008.json	0	dialogue	　　　　　　　泥棒になるので元に戻した
MAP8_e15_name	Map008.json	event name	name	泥棒はずれ
MAP8_e15_p0_2	Map008.json	0	dialogue	　　　サクソン騎士団長代行のお弁当があったが…
MAP8_e15_p0_3	Map008.json	0	dialogue	　　　　　　ウィンは黙って　もとに戻した
MAP8_e16_name	Map008.json	event name	name	泥棒はずれ
MAP8_e16_p0_1	Map008.json	0	dialogue	持ち出して役に立つようなものは何も見つけられなかった…
MAP8_e17_name	Map008.json	event name	name	泥棒はずれ
MAP8_e17_p0_2	Map008.json	0	dialogue	　　　　　　下痢止めの薬を見つけたが…
MAP8_e17_p0_3	Map008.json	0	dialogue	　　　　　　　　黙ってもとに戻した　
MAP8_e18_p0_1	Map008.json	0	dialogue	『ウィンダム王国の歴史』
MAP8_e18_p0_11	Map008.json	1	dialogue	南の国のフレイムや、西の山奥のセイリューでは、
MAP8_e18_p0_12	Map008.json	1	dialogue	辺境の田舎に、いつのまにか大きな城が建っていて
MAP8_e18_p0_13	Map008.json	1	dialogue	王国が出来ていたので驚いたと伝わっている。
MAP8_e18_p0_15	Map008.json	1	dialogue	なので、風のエレメントの加護で出来たお城と国である、
MAP8_e18_p0_16	Map008.json	1	dialogue	そういう噂が、ウィンダム王国以外でもそれなりに
MAP8_e18_p0_17	Map008.json	1	dialogue	信じられている。
MAP8_e18_p0_18	Map008.json	1	dialogue	とにかくこの国では何でも風のエレメントのおかげである。
MAP8_e18_p0_2	Map008.json	0	dialogue	…と表紙に書かれた本がある。読んでみようか…・
MAP8_e18_p0_3_c0	Map008.json	choice	choice	読んでみる
MAP8_e18_p0_3_c1	Map008.json	choice	choice	読まない
MAP8_e18_p0_6	Map008.json	1	dialogue	大昔からある国だと伝わるが、実際にどのくらい大昔から
MAP8_e18_p0_7	Map008.json	1	dialogue	あるのかは、あまりよく分からない。
MAP8_e18_p0_8	Map008.json	1	dialogue	色々な本や言い伝えから、500年くらい前には、
MAP8_e18_p0_9	Map008.json	1	dialogue	国王がいて、兵士がいて、街があったらしい。
MAP8_e19_p0_1	Map008.json	0	dialogue	『サクソンの日記』
MAP8_e19_p0_11	Map008.json	1	dialogue	ちょっと古いページ：
MAP8_e19_p0_12	Map008.json	1	dialogue	領内を荒らし回っていた野盗の集団を、遂に追い詰めた。
MAP8_e19_p0_13	Map008.json	1	dialogue	この戦いで大手柄を挙げることで、あのロイを差し置いて
MAP8_e19_p0_14	Map008.json	1	dialogue	わしが騎士団長になれないものか…。ううむ。
MAP8_e19_p0_16	Map008.json	1	dialogue	そんなに古くないページ：
MAP8_e19_p0_17	Map008.json	1	dialogue	もうずっとわしが騎士団長代行のままだ。
MAP8_e19_p0_18	Map008.json	1	dialogue	実質的にはわしが騎士団を率いているとはいえ…
MAP8_e19_p0_19	Map008.json	1	dialogue	紋章のないわしにいざとなった時に国を守れるだろうか…
MAP8_e19_p0_2	Map008.json	0	dialogue	…と、表紙に書かれた本がある。読んでみようか…
MAP8_e19_p0_3_c0	Map008.json	choice	choice	読んでみよう
MAP8_e19_p0_3_c1	Map008.json	choice	choice	読まない
MAP8_e19_p0_6	Map008.json	1	dialogue	とても古いページ：
MAP8_e19_p0_7	Map008.json	1	dialogue	代々何度も騎士団長、そして風の紋章を受け継いできた
MAP8_e19_p0_8	Map008.json	1	dialogue	我が一族…。わしもその栄誉が欲しかったのに、あのロイ
MAP8_e19_p0_9	Map008.json	1	dialogue	とかいう男がいるせいで…。悔しい。
MAP8_e1_name	Map008.json	event name	name	ウィンダム城下町
MAP8_e1_note	Map008.json	event note	note	入り口
MAP8_e20_name	Map008.json	event name	name	オープニング最後
MAP8_e20_p0_10	Map008.json	0	dialogue	これがお前の初めての戦闘任務となる。
MAP8_e20_p0_12	Map008.json	0	dialogue	西の監視塔に人食いの魔物が巣くっている
MAP8_e20_p0_13	Map008.json	0	dialogue	という報告があった。
MAP8_e20_p0_14	Map008.json	0	dialogue	この調査、そして魔物の討伐を、お前に命ず。
MAP8_e20_p0_16	Map008.json	0	dialogue	ウィン：
MAP8_e20_p0_17	Map008.json	0	dialogue	…。
MAP8_e20_p0_19	Map008.json	0	dialogue	騎士隊長ピピン：
MAP8_e20_p0_20	Map008.json	0	dialogue	陛下…ウィンだけでなく、
MAP8_e20_p0_21	Map008.json	0	dialogue	俺のこともお呼びになられたのは？
MAP8_e20_p0_23	Map008.json	0	dialogue	ウィンダム王：
MAP8_e20_p0_24	Map008.json	0	dialogue	勿論、ウィンの初陣を助けてもらう為だ。
MAP8_e20_p0_26	Map008.json	0	dialogue	天才騎士と誉れの高いお前であれば、
MAP8_e20_p0_27	Map008.json	0	dialogue	新米騎士のウィンにとってこれ以上ない
MAP8_e20_p0_28	Map008.json	0	dialogue	助けとなるであろう。
MAP8_e20_p0_30	Map008.json	0	dialogue	ピピン：
MAP8_e20_p0_31	Map008.json	0	dialogue	…まあ、陛下のご命令とあれば…
MAP8_e20_p0_32	Map008.json	0	dialogue	仕方がありません。
MAP8_e20_p0_34	Map008.json	0	dialogue	ウィンダム王：
MAP8_e20_p0_35	Map008.json	0	dialogue	ピピンよ。お前もひとの上に立つ立場。
MAP8_e20_p0_36	Map008.json	0	dialogue	面倒臭がらずに、部下の面倒も見られるように
MAP8_e20_p0_37	Map008.json	0	dialogue	なってくれないと困る。
MAP8_e20_p0_39	Map008.json	0	dialogue	ピピン：
MAP8_e20_p0_40	Map008.json	0	dialogue	…はい。
MAP8_e20_p0_42	Map008.json	0	dialogue	ウィンダム王：
MAP8_e20_p0_43	Map008.json	0	dialogue	騎士ウィン、お前にはまだ実戦経験が少ない。
MAP8_e20_p0_44	Map008.json	0	dialogue	この任務を良い機会とし、ピピンから多くを
MAP8_e20_p0_45	Map008.json	0	dialogue	学ぶのだ。よいな…　下がれ。
MAP8_e20_p0_8	Map008.json	0	dialogue	ウィンダム王：
MAP8_e20_p0_9	Map008.json	0	dialogue	騎士ウィンよ。
MAP8_e20_p1_19	Map008.json	0	dialogue	ウィンダム王：
MAP8_e20_p1_20	Map008.json	0	dialogue	騎士ウィンよ。
MAP8_e20_p1_21	Map008.json	0	dialogue	これがお前の初めての戦闘任務となる。
MAP8_e20_p1_23	Map008.json	0	dialogue	西の監視塔に人食いの魔物が巣くっている
MAP8_e20_p1_24	Map008.json	0	dialogue	という報告があった。
MAP8_e20_p1_25	Map008.json	0	dialogue	この調査、そして魔物の討伐を、お前に命ず。
MAP8_e20_p1_27	Map008.json	0	dialogue	ウィン：
MAP8_e20_p1_28	Map008.json	0	dialogue	…。
MAP8_e20_p1_30	Map008.json	0	dialogue	騎士隊長ピピン：
MAP8_e20_p1_31	Map008.json	0	dialogue	陛下…ウィンだけでなく、
MAP8_e20_p1_32	Map008.json	0	dialogue	俺のこともお呼びになられたのは？
MAP8_e20_p1_34	Map008.json	0	dialogue	ウィンダム王：
MAP8_e20_p1_35	Map008.json	0	dialogue	勿論、ウィンの初陣を助けてもらう為だ。
MAP8_e20_p1_37	Map008.json	0	dialogue	天才騎士と誉れの高いお前であれば、
MAP8_e20_p1_38	Map008.json	0	dialogue	新米騎士のウィンにとってこれ以上ない
MAP8_e20_p1_39	Map008.json	0	dialogue	助けとなるであろう。
MAP8_e20_p1_41	Map008.json	0	dialogue	ピピン：
MAP8_e20_p1_42	Map008.json	0	dialogue	…まあ、陛下のご命令とあれば…
MAP8_e20_p1_43	Map008.json	0	dialogue	仕方がありません。
MAP8_e20_p1_45	Map008.json	0	dialogue	ウィンダム王：
MAP8_e20_p1_46	Map008.json	0	dialogue	ピピンよ。お前もひとの上に立つ立場。
MAP8_e20_p1_47	Map008.json	0	dialogue	面倒臭がらずに、部下の面倒も見られるように
MAP8_e20_p1_48	Map008.json	0	dialogue	なってくれないと困る。
MAP8_e20_p1_50	Map008.json	0	dialogue	ピピン：
MAP8_e20_p1_51	Map008.json	0	dialogue	…はい。
MAP8_e20_p1_53	Map008.json	0	dialogue	ウィンダム王：
MAP8_e20_p1_54	Map008.json	0	dialogue	騎士ウィン、お前にはまだ実戦経験が少ない。
MAP8_e20_p1_55	Map008.json	0	dialogue	この任務を良い機会とし、ピピンから多くを
MAP8_e20_p1_56	Map008.json	0	dialogue	学ぶのだ。よいな…　下がれ。
MAP8_e21_name	Map008.json	event name	name	レイモンド
MAP8_e21_p1_1	Map008.json	0	dialogue	偵察兵レイモンド：
MAP8_e21_p1_10	Map008.json	1	dialogue	俺、ちょっとあいつ苦手だし…
MAP8_e21_p1_14	Map008.json	1	dialogue	偵察兵レイモンド：
MAP8_e21_p1_15	Map008.json	1	dialogue	わからないってお前…
MAP8_e21_p1_16	Map008.json	1	dialogue	何かあったのか？
MAP8_e21_p1_17	Map008.json	1	dialogue	あっ、俺の相手はいい！陛下が待ってるぞ！
MAP8_e21_p1_2	Map008.json	0	dialogue	あっ、ウィンおかえり！
MAP8_e21_p1_3	Map008.json	0	dialogue	…ピピンはどうしたんだよ？
MAP8_e21_p1_4_c0	Map008.json	choice	choice	別行動なんだ
MAP8_e21_p1_4_c1	Map008.json	choice	choice	わからない
MAP8_e21_p1_7	Map008.json	1	dialogue	偵察兵レイモンド：
MAP8_e21_p1_8	Map008.json	1	dialogue	そうなのか…？
MAP8_e21_p1_9	Map008.json	1	dialogue	まあいっか…
MAP8_e2_name	Map008.json	event name	name	ウィンダム城下町
MAP8_e2_note	Map008.json	event note	note	入り口
MAP8_e3_name	Map008.json	event name	name	ウィンダム城下町
MAP8_e3_note	Map008.json	event note	note	入り口
MAP8_e4_name	Map008.json	event name	name	ウィンダム王
MAP8_e4_p0_1	Map008.json	0	dialogue	ウィンダム王：
MAP8_e4_p0_2	Map008.json	0	dialogue	騎士ウィン、お前にはまだ実戦経験がない。
MAP8_e4_p0_3	Map008.json	0	dialogue	この任務を良い機会とし、ピピンから多くを
MAP8_e4_p0_4	Map008.json	0	dialogue	学ぶのだ。よいな…　下がれ。
MAP8_e4_p1_10	Map008.json	2	dialogue	ウィンダム王：
MAP8_e4_p1_11	Map008.json	2	dialogue	お前の働きに期待しているぞ。
MAP8_e4_p1_12	Map008.json	2	dialogue	下がれ。
MAP8_e4_p1_16	Map008.json	2	dialogue	ウィンダム王：
MAP8_e4_p1_17	Map008.json	2	dialogue	…すまぬが少し考え事をしているのだ。
MAP8_e4_p1_18	Map008.json	2	dialogue	ひとりになりたい。
MAP8_e4_p1_19	Map008.json	2	dialogue	またの機会にしてくれ。
MAP8_e4_p1_26	Map008.json	1	dialogue	ウィンダム王：
MAP8_e4_p1_27	Map008.json	1	dialogue	以前サクソンに西の塔の見回りを命じたが、
MAP8_e4_p1_28	Map008.json	1	dialogue	あれからまだ、ひとつきも経っていない。
MAP8_e4_p1_29	Map008.json	1	dialogue	こんな短期間に多くの魔物が巣くうものか…
MAP8_e4_p1_3	Map008.json	1	dialogue	ウィンダム王：
MAP8_e4_p1_31	Map008.json	1	dialogue	ピピン：
MAP8_e4_p1_32	Map008.json	1	dialogue	恐れながら、陛下。
MAP8_e4_p1_33	Map008.json	1	dialogue	サクソン騎士団長代行のこと、きっと報告だけ
MAP8_e4_p1_34	Map008.json	1	dialogue	して、見回りはしていません。
MAP8_e4_p1_36	Map008.json	1	dialogue	ウィンダム王：
MAP8_e4_p1_37	Map008.json	1	dialogue	ありそうなことだ…。
MAP8_e4_p1_38	Map008.json	1	dialogue	いつもあの者の尻拭いをさせてすまないが、
MAP8_e4_p1_39	Map008.json	1	dialogue	ピピン、任せたぞ。
MAP8_e4_p1_4	Map008.json	1	dialogue	…なぜまだここにいる？
MAP8_e4_p1_41	Map008.json	1	dialogue	ピピン：
MAP8_e4_p1_42	Map008.json	1	dialogue	…は
MAP8_e4_p1_47	Map008.json	1	dialogue	ウィンダム王：
MAP8_e4_p1_48	Map008.json	1	dialogue	ピピン、お前の今回の仕事は、ウィンの
MAP8_e4_p1_49	Map008.json	1	dialogue	サポートだ。色々と教えてやるように。
MAP8_e4_p1_5	Map008.json	1	dialogue	お前には西の塔の調査に向かうよう命じた。
MAP8_e4_p1_50	Map008.json	1	dialogue	少しは仲良くするのだぞ。
MAP8_e4_p1_52	Map008.json	1	dialogue	ピピン：
MAP8_e4_p1_53	Map008.json	1	dialogue	…は
MAP8_e4_p1_55	Map008.json	1	dialogue	ウィンダム王：
MAP8_e4_p1_56	Map008.json	1	dialogue	王に向かってそうあからさまに嫌な顔をするな。
MAP8_e4_p1_57	Map008.json	1	dialogue	お前なりのやり方でいいが、努力はしろ。
MAP8_e4_p1_58	Map008.json	1	dialogue	隊長たるもの、部下の教育も仕事の内だ。
MAP8_e4_p1_6	Map008.json	1	dialogue	私にはお前と雑談するような暇はないぞ。
MAP8_e4_p1_60	Map008.json	1	dialogue	ピピン：
MAP8_e4_p1_61	Map008.json	1	dialogue	…努力します。
MAP8_e4_p1_7_c0	Map008.json	choice	choice	申し訳ございません
MAP8_e4_p1_7_c1	Map008.json	choice	choice	陛下とお話させて下さい
MAP8_e4_p2_1	Map008.json	0	dialogue	ウィンダム王：
MAP8_e4_p2_10	Map008.json	0	dialogue	しかし…
MAP8_e4_p2_101	Map008.json	0	dialogue	長話は終わりにしよう。
MAP8_e4_p2_102	Map008.json	0	dialogue	ウィンよ、ピピンをよろしく頼む。
MAP8_e4_p2_103	Map008.json	0	dialogue	急ぎ、西の森に住むロイを訪ね、事の次第を
MAP8_e4_p2_104	Map008.json	0	dialogue	伝え、城に出てくるよう説得するのだ。
MAP8_e4_p2_106	Map008.json	0	dialogue	ピピン：
MAP8_e4_p2_107	Map008.json	0	dialogue	陛下、それは逆ですよ。
MAP8_e4_p2_108	Map008.json	0	dialogue	なんで俺がこいつに面倒を見られにゃならんの
MAP8_e4_p2_109	Map008.json	0	dialogue	です！
MAP8_e4_p2_111	Map008.json	0	dialogue	ウィンダム王：
MAP8_e4_p2_112	Map008.json	0	dialogue	この意味、
MAP8_e4_p2_113	Map008.json	0	dialogue	分からないお前ではあるまい、ピピン！
MAP8_e4_p2_115	Map008.json	0	dialogue	ピピン：
MAP8_e4_p2_116	Map008.json	0	dialogue	は…？
MAP8_e4_p2_117	Map008.json	0	dialogue	いや、分かりませんが…
MAP8_e4_p2_119	Map008.json	0	dialogue	ウィンダム王：
MAP8_e4_p2_12	Map008.json	0	dialogue	ウィンダム王：
MAP8_e4_p2_120	Map008.json	0	dialogue	ロイは気難しい男だ…。
MAP8_e4_p2_121	Map008.json	0	dialogue	説得は難しいかも知れないが、頼むぞ。
MAP8_e4_p2_13	Map008.json	0	dialogue	どうした？
MAP8_e4_p2_15	Map008.json	0	dialogue	ピピン：
MAP8_e4_p2_16	Map008.json	0	dialogue	最上階に怪しいガイコツの男がいました。
MAP8_e4_p2_17	Map008.json	0	dialogue	奴は自分を闇のエレメントの担い手…
MAP8_e4_p2_18	Map008.json	0	dialogue	大魔道士ピ…ピ何とかと名乗りました…。
MAP8_e4_p2_2	Map008.json	0	dialogue	よくぞ戻った、騎士ピピン、騎士ウィンよ。
MAP8_e4_p2_20	Map008.json	0	dialogue	ウィンダム王：
MAP8_e4_p2_21	Map008.json	0	dialogue	大魔道士ピ…なんとかだと……！？
MAP8_e4_p2_23	Map008.json	0	dialogue	ピピン：
MAP8_e4_p2_24	Map008.json	0	dialogue	ご存知なのですか？
MAP8_e4_p2_26	Map008.json	0	dialogue	ウィンダム王：
MAP8_e4_p2_27	Map008.json	0	dialogue	いや、わからん。そもそもピ何とかでは、
MAP8_e4_p2_28	Map008.json	0	dialogue	もし知っていたとしても、わからなそうだ…。
MAP8_e4_p2_30	Map008.json	0	dialogue	ピピン：
MAP8_e4_p2_31	Map008.json	0	dialogue	きっと、ちょっと変なやつというだけだとは
MAP8_e4_p2_32	Map008.json	0	dialogue	思いますが、一応報告しました。
MAP8_e4_p2_34	Map008.json	0	dialogue	ウィンダム王：
MAP8_e4_p2_35	Map008.json	0	dialogue	ふむ…。
MAP8_e4_p2_36	Map008.json	0	dialogue	しかし、闇のエレメントの復活の予兆
MAP8_e4_p2_37	Map008.json	0	dialogue	なのかも知れないな。
MAP8_e4_p2_39	Map008.json	0	dialogue	ピピン：
MAP8_e4_p2_4	Map008.json	0	dialogue	ウィンダム王：
MAP8_e4_p2_40	Map008.json	0	dialogue	ああ、やつはそんなことも言っていました。
MAP8_e4_p2_41	Map008.json	0	dialogue	闇のエレメントの復活が近いとか何とか…
MAP8_e4_p2_42	Map008.json	0	dialogue	闇の結晶を集めるとか何とか…
MAP8_e4_p2_44	Map008.json	0	dialogue	ウィンダム王：
MAP8_e4_p2_45	Map008.json	0	dialogue	闇の結晶を集めるだと！！！！！？
MAP8_e4_p2_47	Map008.json	0	dialogue	ピピン：
MAP8_e4_p2_48	Map008.json	0	dialogue	ご存知なのですか？
MAP8_e4_p2_5	Map008.json	0	dialogue	早速だが、調査結果を教えてくれ。
MAP8_e4_p2_50	Map008.json	0	dialogue	ウィンダム王：
MAP8_e4_p2_51	Map008.json	0	dialogue	以前ロイから聞いたことがある…。
MAP8_e4_p2_52	Map008.json	0	dialogue	この大陸には、闇の力が集まりやすい場所が
MAP8_e4_p2_53	Map008.json	0	dialogue	あって…
MAP8_e4_p2_55	Map008.json	0	dialogue	闇のエレメント復活の際には、その場所に
MAP8_e4_p2_56	Map008.json	0	dialogue	闇の結晶が現れるらしいと…
MAP8_e4_p2_58	Map008.json	0	dialogue	ピピン、そしてウィンよ。
MAP8_e4_p2_59	Map008.json	0	dialogue	本当に闇のエレメントの復活が近いとするなら、
MAP8_e4_p2_60	Map008.json	0	dialogue	風の紋章の継承者であるロイの力が必要だ。
MAP8_e4_p2_62	Map008.json	0	dialogue	ピピン：
MAP8_e4_p2_63	Map008.json	0	dialogue	…森の奥に引きこもっている、かつて天才と
MAP8_e4_p2_64	Map008.json	0	dialogue	呼ばれた、伝説の騎士、ロイ…
MAP8_e4_p2_66	Map008.json	0	dialogue	ウィンダム王：
MAP8_e4_p2_67	Map008.json	0	dialogue	…そうだ、ピピン。
MAP8_e4_p2_69	Map008.json	0	dialogue	闇のエレメントに対抗できるのは、
MAP8_e4_p2_7	Map008.json	0	dialogue	ピピン：
MAP8_e4_p2_70	Map008.json	0	dialogue	火、水、風の紋章の継承者だけだ。
MAP8_e4_p2_71	Map008.json	0	dialogue	そして、ロイはここ何十年も、山奥で古文書を
MAP8_e4_p2_72	Map008.json	0	dialogue	読み、研究を続けている。
MAP8_e4_p2_74	Map008.json	0	dialogue	彼の力が、いまこそ必要なのだ。
MAP8_e4_p2_76	Map008.json	0	dialogue	二人は急いでロイの元に向かい、
MAP8_e4_p2_77	Map008.json	0	dialogue	ここへ出てくるよう説得して参るのだ。
MAP8_e4_p2_79	Map008.json	0	dialogue	ピピン：
MAP8_e4_p2_8	Map008.json	0	dialogue	塔の内部は人食いの魔物だらけでした。
MAP8_e4_p2_80	Map008.json	0	dialogue	俺は…
MAP8_e4_p2_82	Map008.json	0	dialogue	ピピン：
MAP8_e4_p2_83	Map008.json	0	dialogue	俺は残ります。
MAP8_e4_p2_84	Map008.json	0	dialogue	ウィンにだけ、行かせて下さい。
MAP8_e4_p2_86	Map008.json	0	dialogue	ウィンダム王：
MAP8_e4_p2_87	Map008.json	0	dialogue	………。
MAP8_e4_p2_89	Map008.json	0	dialogue	実はな、ピピン…
MAP8_e4_p2_9	Map008.json	0	dialogue	いちばんの大物、人食いイヌは倒しました。
MAP8_e4_p2_90	Map008.json	0	dialogue	このような事態になったときには、
MAP8_e4_p2_91	Map008.json	0	dialogue	ピピンを寄こすよう、以前ロイから
MAP8_e4_p2_92	Map008.json	0	dialogue	頼まれているのだよ。
MAP8_e4_p2_94	Map008.json	0	dialogue	ピピン：
MAP8_e4_p2_95	Map008.json	0	dialogue	…な、んだと………？
MAP8_e4_p2_97	Map008.json	0	dialogue	ウィンダム王：
MAP8_e4_p2_98	Map008.json	0	dialogue	この意味…
MAP8_e4_p2_99	Map008.json	0	dialogue	分からないお前ではあるまい、ピピン。
MAP8_e4_p3_1	Map008.json	0	dialogue	ウィンダム王：
MAP8_e4_p3_2	Map008.json	0	dialogue	ウィンよ、ピピンをよろしく頼む。
MAP8_e4_p3_3	Map008.json	0	dialogue	急ぎ、西の森に住むロイを訪ね、事の次第を
MAP8_e4_p3_4	Map008.json	0	dialogue	伝え、城に出てくるよう説得するのだ。
MAP8_e4_p4_1	Map008.json	0	dialogue	ウィンダム王：
MAP8_e4_p4_12	Map008.json	0	dialogue	ウィンダム王：
MAP8_e4_p4_13	Map008.json	0	dialogue	…分かった。
MAP8_e4_p4_14	Map008.json	0	dialogue	ウィンよ…紋章の継承者としての責務、
MAP8_e4_p4_15	Map008.json	0	dialogue	見事果たしてみせよ。
MAP8_e4_p4_17	Map008.json	0	dialogue	闇のエレメントが復活するのであれば、
MAP8_e4_p4_18	Map008.json	0	dialogue	我々も急ぎ準備が必要だ。
MAP8_e4_p4_19	Map008.json	0	dialogue	兵はサクソンにまとめさせ、城壁、そして
MAP8_e4_p4_2	Map008.json	0	dialogue	ん？
MAP8_e4_p4_20	Map008.json	0	dialogue	街の防備を固めねばなるまい…
MAP8_e4_p4_22	Map008.json	0	dialogue	ウィン、お前は早速南のフレイム王国に向かい、
MAP8_e4_p4_23	Map008.json	0	dialogue	闇のエレメントの復活をフレイム王に告げよ。
MAP8_e4_p4_25	Map008.json	0	dialogue	そして火の紋章の継承者…
MAP8_e4_p4_26	Map008.json	0	dialogue	おそらく王子のホノオ殿がそうだ…
MAP8_e4_p4_27	Map008.json	0	dialogue	彼と一緒にセイリューへ向かい、
MAP8_e4_p4_28	Map008.json	0	dialogue	水の紋章の継承者とも会うのだ。
MAP8_e4_p4_3	Map008.json	0	dialogue	どうした、ウィンよ、お前だけか。
MAP8_e4_p4_30	Map008.json	0	dialogue	その頃にまだ闇のエレメントが
MAP8_e4_p4_31	Map008.json	0	dialogue	復活していなければよいが…
MAP8_e4_p4_32	Map008.json	0	dialogue	とにかく急ぐのだ。
MAP8_e4_p4_34	Map008.json	0	dialogue	ウィン、これを持っていけ。
MAP8_e4_p4_37	Map008.json	0	dialogue	　　　　　　ウィンは南の通行手形を受け取った！
MAP8_e4_p4_40	Map008.json	0	dialogue	それがあれば南の関所を越え、
MAP8_e4_p4_41	Map008.json	0	dialogue	フレイムへと渡ることが出来る。
MAP8_e4_p4_42	Map008.json	0	dialogue	砂漠の魔物は手ごわいと聞く。
MAP8_e4_p4_43	Map008.json	0	dialogue	準備を怠るなよ。
MAP8_e4_p4_45	Map008.json	0	dialogue	それともうひとつ…
MAP8_e4_p4_46	Map008.json	0	dialogue	フレイムまでの道のりを、
MAP8_e4_p4_47	Map008.json	0	dialogue	共にしてほしい者がいるのだ。
MAP8_e4_p4_48	Map008.json	0	dialogue	レイモンド、参れ！
MAP8_e4_p4_5	Map008.json	0	dialogue	ロイの説得は出来たのか…？
MAP8_e4_p4_56	Map008.json	0	dialogue	偵察兵レイモンド：
MAP8_e4_p4_57	Map008.json	0	dialogue	はっ、ここに！
MAP8_e4_p4_59	Map008.json	0	dialogue	ウィンダム王：
MAP8_e4_p4_6	Map008.json	0	dialogue	ピピンはどうしている？
MAP8_e4_p4_60	Map008.json	0	dialogue	この者は最近身体が鈍っているのでな。
MAP8_e4_p4_61	Map008.json	0	dialogue	走らせるために偵察兵にした。
MAP8_e4_p4_62	Map008.json	0	dialogue	この者の任地、フレイムまで共に向かってくれ。
MAP8_e4_p4_64	Map008.json	0	dialogue	偵察兵レイモンド：
MAP8_e4_p4_65	Map008.json	0	dialogue	メシがうまいと評判のフレイム…
MAP8_e4_p4_66	Map008.json	0	dialogue	楽しみです！！
MAP8_e4_p4_9	Map008.json	0	dialogue	　　　　ウィンはこれまでの経緯を王に説明した
MAP8_e4_p5_1	Map008.json	0	dialogue	ウィンダム王：
MAP8_e4_p5_2	Map008.json	0	dialogue	火と水の紋章の継承者との合流を急げ。
MAP8_e4_p5_3	Map008.json	0	dialogue	それまで私は国の防衛強化と情報収集に
MAP8_e4_p5_4	Map008.json	0	dialogue	務める。
MAP8_e4_p6_1	Map008.json	0	dialogue	ウィンダム王：
MAP8_e4_p6_11	Map008.json	0	dialogue	ウィンダム王：
MAP8_e4_p6_12	Map008.json	0	dialogue	ホノオ王子…それはどうも…お疲れ様です。
MAP8_e4_p6_13	Map008.json	0	dialogue	我が城下町には自慢の宿屋があります。
MAP8_e4_p6_14	Map008.json	0	dialogue	是非ご利用くだされ…。
MAP8_e4_p6_2	Map008.json	0	dialogue	火と水の紋章の継承者との合流を急げ。
MAP8_e4_p6_3	Map008.json	0	dialogue	それまで私は国の防衛強化と情報収集に
MAP8_e4_p6_4	Map008.json	0	dialogue	務める。
MAP8_e4_p6_6	Map008.json	0	dialogue	ホノオ：
MAP8_e4_p6_7	Map008.json	0	dialogue	もう少し待ってくれ、ウィンダムの王様！
MAP8_e4_p6_8	Map008.json	0	dialogue	こちとら毎日戦ってばかりでさあ…
MAP8_e4_p6_9	Map008.json	0	dialogue	クタクタなんだよなあ…
MAP8_e4_p7_1	Map008.json	0	dialogue	ウィンダム王：
MAP8_e4_p7_11	Map008.json	0	dialogue	ウィンダム王：
MAP8_e4_p7_12	Map008.json	0	dialogue	ご武運をお祈りします。
MAP8_e4_p7_2	Map008.json	0	dialogue	おお、ホノオ王子！
MAP8_e4_p7_3	Map008.json	0	dialogue	見事継承の試練を乗り越えられたとのこと、
MAP8_e4_p7_4	Map008.json	0	dialogue	お祝い申し上げますぞ。
MAP8_e4_p7_6	Map008.json	0	dialogue	ホノオ：
MAP8_e4_p7_7	Map008.json	0	dialogue	ありがとよ、ウィンダムの王様！
MAP8_e4_p7_8	Map008.json	0	dialogue	これでやっと本腰入れて勇者さまの
MAP8_e4_p7_9	Map008.json	0	dialogue	おしごとにとりかかれるぜ。
MAP8_e5_name	Map008.json	event name	name	玉座の護衛左
MAP8_e5_p0_1	Map008.json	0	dialogue	近衛兵ブロウニング：
MAP8_e5_p0_11	Map008.json	1	dialogue	ピピン：
MAP8_e5_p0_12	Map008.json	1	dialogue	どこの自称天才さんの話だ？おい？
MAP8_e5_p0_14	Map008.json	1	dialogue	近衛兵ブロウニング：
MAP8_e5_p0_15	Map008.json	1	dialogue	げっ！いたのかピピン！！
MAP8_e5_p0_16	Map008.json	1	dialogue	ま、とりあえず、ウィン！がんばれよ！
MAP8_e5_p0_17	Map008.json	1	dialogue	…ピピンもな。
MAP8_e5_p0_2	Map008.json	0	dialogue	よう、ウィン。最近どうだ？
MAP8_e5_p0_21	Map008.json	1	dialogue	近衛兵ブロウニング：
MAP8_e5_p0_22	Map008.json	1	dialogue	なんだなんだ、騎士学校トップで卒業した
MAP8_e5_p0_23	Map008.json	1	dialogue	お前が、そんなパッとしない顔して。
MAP8_e5_p0_24	Map008.json	1	dialogue	最近実家のパン食べてないのか？
MAP8_e5_p0_3_c0	Map008.json	choice	choice	いい感じ
MAP8_e5_p0_3_c1	Map008.json	choice	choice	ぼちぼち
MAP8_e5_p0_6	Map008.json	1	dialogue	近衛兵ブロウニング：
MAP8_e5_p0_7	Map008.json	1	dialogue	そりゃあよかった！俺はお前ならきっと
MAP8_e5_p0_8	Map008.json	1	dialogue	騎士団長になると思ってるんだ。
MAP8_e5_p0_9	Map008.json	1	dialogue	あんな性格の悪い自称天才でなく…
MAP8_e5_p1_1	Map008.json	0	dialogue	近衛兵ブロウニング：
MAP8_e5_p1_2	Map008.json	0	dialogue	おかえりー！
MAP8_e5_p1_3	Map008.json	0	dialogue	その顔…　珍しく難しい顔してどうした？
MAP8_e5_p1_4	Map008.json	0	dialogue	結構きつかったか…？
MAP8_e5_p2_1	Map008.json	0	dialogue	近衛兵ブロウニング：
MAP8_e5_p2_12	Map008.json	1	dialogue	近衛兵ブロウニング：
MAP8_e5_p2_13	Map008.json	1	dialogue	そうか…。
MAP8_e5_p2_14	Map008.json	1	dialogue	俺はてっきりケンカでもしたのかと。
MAP8_e5_p2_2	Map008.json	0	dialogue	よう、ウィン。あれ、ピピンは…
MAP8_e5_p2_3_c0	Map008.json	choice	choice	うん
MAP8_e5_p2_3_c1	Map008.json	choice	choice	別行動なんだ
MAP8_e5_p2_6	Map008.json	1	dialogue	近衛兵ブロウニング：
MAP8_e5_p2_7	Map008.json	1	dialogue	うんてウィン…
MAP8_e5_p2_8	Map008.json	1	dialogue	なんだお前ら、ケンカしたかー？
MAP8_e5_p3_1	Map008.json	0	dialogue	近衛兵ブロウニング：
MAP8_e5_p3_13	Map008.json	1	dialogue	近衛兵ブロウニング：
MAP8_e5_p3_14	Map008.json	1	dialogue	ちがうってなんだよ…
MAP8_e5_p3_15	Map008.json	1	dialogue	おい！手を隠すなって！
MAP8_e5_p3_2	Map008.json	0	dialogue	ウィン、聞いたぞ！
MAP8_e5_p3_3	Map008.json	0	dialogue	おまえ…　紋章を継承したって…！
MAP8_e5_p3_4_c0	Map008.json	choice	choice	うん
MAP8_e5_p3_4_c1	Map008.json	choice	choice	ちがうよ
MAP8_e5_p3_7	Map008.json	1	dialogue	近衛兵ブロウニング：
MAP8_e5_p3_8	Map008.json	1	dialogue	てことはお前…将来の騎士団長じゃねえか…
MAP8_e5_p3_9	Map008.json	1	dialogue	出世早すぎるだろ！すげえな！
MAP8_e6_name	Map008.json	event name	name	玉座の護衛右
MAP8_e6_p0_1	Map008.json	0	dialogue	近衛兵ライトニング：
MAP8_e6_p0_11	Map008.json	1	dialogue	ピピン：
MAP8_e6_p0_12	Map008.json	1	dialogue	ああ。
MAP8_e6_p0_14	Map008.json	1	dialogue	近衛兵ライトニング：
MAP8_e6_p0_15	Map008.json	1	dialogue	…それなら安心だ。
MAP8_e6_p0_16	Map008.json	1	dialogue	ピピンと一緒なら、ウィンも色々勉強に
MAP8_e6_p0_17	Map008.json	1	dialogue	なるだろう。ピピン、ウィンをよろしくな。
MAP8_e6_p0_2	Map008.json	0	dialogue	…仕事か？
MAP8_e6_p0_21	Map008.json	1	dialogue	ピピン：
MAP8_e6_p0_22	Map008.json	1	dialogue	なんでだ！仕事だろう！？
MAP8_e6_p0_23	Map008.json	1	dialogue	まさかウイン、
MAP8_e6_p0_24	Map008.json	1	dialogue	お前、陛下の話を聞いてなかったのか！？
MAP8_e6_p0_26	Map008.json	1	dialogue	近衛兵ライトニング：
MAP8_e6_p0_27	Map008.json	1	dialogue	俺も聞いていた、仕事だよな？ウィン。
MAP8_e6_p0_28	Map008.json	1	dialogue	知っていて聞いた俺が悪かったよ。
MAP8_e6_p0_29	Map008.json	1	dialogue	…しかしピピンは怒り過ぎだ。うるさい。
MAP8_e6_p0_31	Map008.json	1	dialogue	ピピン：
MAP8_e6_p0_32	Map008.json	1	dialogue	…クッ
MAP8_e6_p0_33	Map008.json	1	dialogue	どうして俺が怒られたんだ…
MAP8_e6_p0_3_c0	Map008.json	choice	choice	そうだよ
MAP8_e6_p0_3_c1	Map008.json	choice	choice	ちがうよ
MAP8_e6_p0_6	Map008.json	1	dialogue	近衛兵ライトニング：
MAP8_e6_p0_7	Map008.json	1	dialogue	人食いの獣が住み着いたっていう、
MAP8_e6_p0_8	Map008.json	1	dialogue	西の監視塔か。
MAP8_e6_p0_9	Map008.json	1	dialogue	ピピンも一緒なんだな？
MAP8_e6_p1_1	Map008.json	0	dialogue	近衛兵ライトニング：
MAP8_e6_p1_2	Map008.json	0	dialogue	…無事に戻ったみたいだな。安心した。
MAP8_e6_p2_1	Map008.json	0	dialogue	近衛兵ライトニング：
MAP8_e6_p2_13	Map008.json	1	dialogue	近衛兵ライトニング：
MAP8_e6_p2_14	Map008.json	1	dialogue	なら、なんでそんな難しい顔をしてるんだ？
MAP8_e6_p2_15	Map008.json	1	dialogue	なあ、もしつらいことがあったら、
MAP8_e6_p2_16	Map008.json	1	dialogue	ひとりで抱え込むんじゃないぞ…？
MAP8_e6_p2_2	Map008.json	0	dialogue	…また仕事か？
MAP8_e6_p2_3_c0	Map008.json	choice	choice	そうだよ
MAP8_e6_p2_3_c1	Map008.json	choice	choice	ちがうよ
MAP8_e6_p2_6	Map008.json	1	dialogue	近衛兵ライトニング：
MAP8_e6_p2_7	Map008.json	1	dialogue	どんな仕事かはあえて聞かないさ。
MAP8_e6_p2_8	Map008.json	1	dialogue	しかし、ウィン、お前なんだか顔つきが
MAP8_e6_p2_9	Map008.json	1	dialogue	変わったな…。
MAP8_e6_p3_1	Map008.json	0	dialogue	近衛兵ライトニング：
MAP8_e6_p3_13	Map008.json	1	dialogue	近衛兵ライトニング：
MAP8_e6_p3_14	Map008.json	1	dialogue	すまん、冗談さ、ウィン。
MAP8_e6_p3_15	Map008.json	1	dialogue	闇のエレメントの復活…
MAP8_e6_p3_16	Map008.json	1	dialogue	止めてくれよ。お前なら、きっと出来るさ。
MAP8_e6_p3_2	Map008.json	0	dialogue	これはこれは次期騎士団長どの…
MAP8_e6_p3_3	Map008.json	0	dialogue	紋章の継承おめでとうございます
MAP8_e6_p3_4_c0	Map008.json	choice	choice	ありがとう
MAP8_e6_p3_4_c1	Map008.json	choice	choice	やめてよ
MAP8_e6_p3_7	Map008.json	1	dialogue	近衛兵ライトニング：
MAP8_e6_p3_8	Map008.json	1	dialogue	浮かれている場合か、若造。
MAP8_e6_p3_9	Map008.json	1	dialogue	…がんばれよ。
MAP8_e8_name	Map008.json	event name	name	王の寝室の護衛本体
MAP8_e8_p0_1	Map008.json	0	dialogue	近衛兵クリス：
MAP8_e8_p0_2	Map008.json	0	dialogue	ここから先は、ウィンダム王とお妃さまの
MAP8_e8_p0_3	Map008.json	0	dialogue	寝室だぜ　…って、
MAP8_e8_p0_4	Map008.json	0	dialogue	お前そんなこと知ってるだろ。あっち行った。
MAP8_e9_name	Map008.json	event name	name	王の寝室の護衛ゆか
MAP8_e9_p0_2	Map008.json	0	dialogue	近衛兵クリス：
MAP8_e9_p0_3	Map008.json	0	dialogue	ここから先は、ウィンダム王とお妃さまの
MAP8_e9_p0_4	Map008.json	0	dialogue	寝室だぜ　…って、
MAP8_e9_p0_5	Map008.json	0	dialogue	お前そんなこと知ってるだろ。あっち行った。
MAP9_displayName	Map009.json	display name	mapname	ウィンダム宿屋
MAP9_e10_p0_1	Map009.json	0	dialogue	宿泊者たちの書き残しがある。読んでみようか…。
MAP9_e10_p0_10	Map009.json	1	dialogue	この国のごはんは美味しくない！
MAP9_e10_p0_11	Map009.json	1	dialogue	このホテルの食事が美味しくないのかと思ったら、
MAP9_e10_p0_12	Map009.json	1	dialogue	外のレストランも美味しくなかった！
MAP9_e10_p0_13	Map009.json	1	dialogue	でもパン屋のパンは美味しかったなあ。
MAP9_e10_p0_15	Map009.json	1	dialogue	宿舎に帰るのが嫌で、しょっちゅうここに泊まってる…。
MAP9_e10_p0_16	Map009.json	1	dialogue	一泊100Gもするから、そろそろお金がなくなってしまう。
MAP9_e10_p0_17	Map009.json	1	dialogue	どうしよう…　でもピピンの嫌味が怖くて、胃が痛い…。
MAP9_e10_p0_18	Map009.json	1	dialogue	騎士、やめようかな…。
MAP9_e10_p0_20	Map009.json	1	dialogue	ピピン：
MAP9_e10_p0_21	Map009.json	1	dialogue	………。
MAP9_e10_p0_2_c0	Map009.json	choice	choice	読んでみる
MAP9_e10_p0_2_c1	Map009.json	choice	choice	読まない
MAP9_e10_p0_5	Map009.json	1	dialogue	フレイムからここまで行商に来るのに丸ひとつきも
MAP9_e10_p0_6	Map009.json	1	dialogue	かかった。そんなに遠くないのに、手形がないせいで、
MAP9_e10_p0_7	Map009.json	1	dialogue	関所で長いことまちぼうけを食わされたからだ。
MAP9_e10_p0_8	Map009.json	1	dialogue	なんでこの国はこんなに入国が厳しいんだ！？
MAP9_e10_p1_1	Map009.json	0	dialogue	宿泊者たちの書き残しがある。読んでみようか…。
MAP9_e10_p1_10	Map009.json	1	dialogue	この国のごはんは美味しくない！
MAP9_e10_p1_11	Map009.json	1	dialogue	このホテルの食事が美味しくないのかと思ったら、
MAP9_e10_p1_12	Map009.json	1	dialogue	外のレストランも美味しくなかった！
MAP9_e10_p1_13	Map009.json	1	dialogue	でもパン屋のパンは美味しかったなあ。
MAP9_e10_p1_15	Map009.json	1	dialogue	宿舎に帰るのが嫌で、しょっちゅうここに泊まってる…。
MAP9_e10_p1_16	Map009.json	1	dialogue	一泊100Gもするから、そろそろお金がなくなってしまう。
MAP9_e10_p1_17	Map009.json	1	dialogue	どうしよう…　でもピピンの嫌味が怖くて、胃が痛い…。
MAP9_e10_p1_18	Map009.json	1	dialogue	騎士、やめようかな…。
MAP9_e10_p1_2_c0	Map009.json	choice	choice	読んでみる
MAP9_e10_p1_2_c1	Map009.json	choice	choice	読まない
MAP9_e10_p1_5	Map009.json	1	dialogue	フレイムからここまで行商に来るのに丸ひとつきも
MAP9_e10_p1_6	Map009.json	1	dialogue	かかった。そんなに遠くないのに、手形がないせいで、
MAP9_e10_p1_7	Map009.json	1	dialogue	関所で長いことまちぼうけを食わされたからだ。
MAP9_e10_p1_8	Map009.json	1	dialogue	なんでこの国はこんなに入国が厳しいんだ！？
MAP9_e11_p0_1	Map009.json	0	dialogue	『セイリューの歴史』
MAP9_e11_p0_11	Map009.json	1	dialogue	かの地の特徴は、その豊かな自然と、何よりも住民たちの
MAP9_e11_p0_12	Map009.json	1	dialogue	先祖から代々受け継いでいる、技術や知識の数々である。
MAP9_e11_p0_13	Map009.json	1	dialogue	かの地でしか栽培されないコメは、栄養があり美味で、
MAP9_e11_p0_14	Map009.json	1	dialogue	刀という剣の鋭さと頑強さは他の国に真似できない。
MAP9_e11_p0_16	Map009.json	1	dialogue	また、かの地には龍が住むという伝説があり、領民たちから
MAP9_e11_p0_17	Map009.json	1	dialogue	恐れられるのと同時に、愛されてもいる。
MAP9_e11_p0_18	Map009.json	1	dialogue	おそらく水のエレメントを、龍という神獣にたとえて
MAP9_e11_p0_19	Map009.json	1	dialogue	信仰しているのだろう。
MAP9_e11_p0_2	Map009.json	0	dialogue	…と、表紙に書かれた本がある。読んでみようか？
MAP9_e11_p0_3_c0	Map009.json	choice	choice	読んでみる
MAP9_e11_p0_3_c1	Map009.json	choice	choice	読まない
MAP9_e11_p0_6	Map009.json	1	dialogue	セイリューとは西の山奥にある国だが、国というよりも
MAP9_e11_p0_7	Map009.json	1	dialogue	その規模で考えると、集落に過ぎない。
MAP9_e11_p0_8	Map009.json	1	dialogue	昔から同じ領主のもとで、様々な農民、職人が、
MAP9_e11_p0_9	Map009.json	1	dialogue	一種の宗教的な団結を持って支え合っている。
MAP9_e12_name	Map009.json	event name	name	泥棒はずれ
MAP9_e12_p0_1	Map009.json	0	dialogue	持ち出して役に立つようなものは何も見つけられなかった…
MAP9_e13_name	Map009.json	event name	name	宿屋の娘
MAP9_e13_p0_1	Map009.json	0	dialogue	宿屋のバイト　ウェンディ：
MAP9_e13_p0_2	Map009.json	0	dialogue	あっ、いらっしゃい…
MAP9_e13_p0_6	Map009.json	0	dialogue	宿屋のバイト　ウェンディ：
MAP9_e13_p0_7	Map009.json	0	dialogue	あの、忙しいんで…
MAP9_e13_p0_8	Map009.json	0	dialogue	邪魔しないでもらえますか
MAP9_e3_name	Map009.json	event name	name	ウィンダム城下町
MAP9_e3_note	Map009.json	event note	note	入り口
MAP9_e4_p0_1	Map009.json	0	dialogue	宿屋の主人ドゥイン：
MAP9_e4_p0_13	Map009.json	3	dialogue	では明日の朝までごゆっくりご滞在下さいませ。
MAP9_e4_p0_2	Map009.json	0	dialogue	これはこれは騎士様。今日はどういったご用件でしょうか。
MAP9_e4_p0_21	Map009.json	3	dialogue	おはようございます。
MAP9_e4_p0_22	Map009.json	3	dialogue	またのご利用をお待ちしております。
MAP9_e4_p0_26	Map009.json	3	dialogue	おや？お手持ちのお金が料金に足りないようですね…。
MAP9_e4_p0_27	Map009.json	3	dialogue	恐縮ですが、またの機会にご利用くださいませ。
MAP9_e4_p0_33	Map009.json	2	dialogue	そうですか…
MAP9_e4_p0_34	Map009.json	2	dialogue	では、お好きなだけ見て回って行って下さい。
MAP9_e4_p0_3_c0	Map009.json	choice	choice	泊まりたい
MAP9_e4_p0_3_c1	Map009.json	choice	choice	ちょっと寄ってみただけ
MAP9_e4_p0_40	Map009.json	1	dialogue	そうですか…
MAP9_e4_p0_41	Map009.json	1	dialogue	では、お好きなだけ見て回って行って下さい。
MAP9_e4_p0_6	Map009.json	1	dialogue	騎士様方の宿舎でなら無料で休めますが、
MAP9_e4_p0_7	Map009.json	1	dialogue	こちらでご宿泊なさると100Gの料金を頂くことになります。
MAP9_e4_p0_8	Map009.json	1	dialogue	それでもよろしいですか？
MAP9_e4_p0_9_c0	Map009.json	choice	choice	泊まらせてもらいます
MAP9_e4_p0_9_c1	Map009.json	choice	choice	やっぱりやめます
MAP9_e5_name	Map009.json	event name	name	泥棒はずれ
MAP9_e5_p0_1	Map009.json	0	dialogue	持ち出して役に立つようなものは何も見つけられなかった…
MAP9_e6_name	Map009.json	event name	name	泥棒はずれ
MAP9_e6_p0_1	Map009.json	0	dialogue	持ち出して役に立つようなものは何も見つけられなかった…
MAP9_e7_name	Map009.json	event name	name	泥棒はずれ
MAP9_e7_p0_1	Map009.json	0	dialogue	持ち出して役に立つようなものは何も見つけられなかった…
MAP9_e8_name	Map009.json	event name	name	泥棒はずれ
MAP9_e8_p0_1	Map009.json	0	dialogue	持ち出して役に立つようなものは何も見つけられなかった…
MAP9_e9_name	Map009.json	event name	name	泥棒はずれ
MAP9_e9_p0_1	Map009.json	0	dialogue	持ち出して役に立つようなものは何も見つけられなかった…
MAP11_displayName	Map011.json	display name	mapname	ウィンダム城バルコニー
MAP11_e1_name	Map011.json	event name	name	ウィンダム城下町
MAP11_e1_note	Map011.json	event note	note	入り口
MAP11_e2_name	Map011.json	event name	name	ウィンダム城下町
MAP11_e2_note	Map011.json	event note	note	入り口
MAP11_e3_name	Map011.json	event name	name	ウィンダム城下町
MAP11_e3_note	Map011.json	event note	note	入り口
MAP12_displayName	Map012.json	display name	mapname	パン屋
MAP12_e3_name	Map012.json	event name	name	パン屋父
MAP12_e3_p0_1	Map012.json	0	dialogue	ウィンの父ジョン：
MAP12_e3_p0_10	Map012.json	1	dialogue	でも、絶対に無理をしたらいかんぞ！
MAP12_e3_p0_14	Map012.json	1	dialogue	そうか…。
MAP12_e3_p0_15	Map012.json	1	dialogue	そういうときもあるだろう…。
MAP12_e3_p0_16	Map012.json	1	dialogue	どうだい、たまの休みには帰ってきて、
MAP12_e3_p0_17	Map012.json	1	dialogue	一緒にのんびり、夕食を食べようじゃないか！
MAP12_e3_p0_2	Map012.json	0	dialogue	おお、ウィン！よく来たな。
MAP12_e3_p0_3	Map012.json	0	dialogue	仕事はうまくいっているかい？
MAP12_e3_p0_4_c0	Map012.json	choice	choice	うん
MAP12_e3_p0_4_c1	Map012.json	choice	choice	ダメ
MAP12_e3_p0_7	Map012.json	1	dialogue	そうかそうか！
MAP12_e3_p0_8	Map012.json	1	dialogue	陛下や先輩の言うことをよく聞いて、
MAP12_e3_p0_9	Map012.json	1	dialogue	何でも素直に学ぶことだ。
MAP12_e4_name	Map012.json	event name	name	ウィンの母
MAP12_e4_p0_1	Map012.json	0	dialogue	ウィンの母マリア：
MAP12_e4_p0_12	Map012.json	1	dialogue	ああ、びっくりした…。
MAP12_e4_p0_13	Map012.json	1	dialogue	あんなにパンが嫌いだったのに…。
MAP12_e4_p0_14	Map012.json	1	dialogue	でも、お城のご飯ばかり食べていると、
MAP12_e4_p0_15	Map012.json	1	dialogue	うちのパンが懐かしくなったでしょう？
MAP12_e4_p0_2	Map012.json	0	dialogue	いらっしゃい！…って、ウィンじゃないの！
MAP12_e4_p0_3	Map012.json	0	dialogue	…うちのパンを買いに来たのかい！？
MAP12_e4_p0_4_c0	Map012.json	choice	choice	うん
MAP12_e4_p0_4_c1	Map012.json	choice	choice	違うよ
MAP12_e4_p0_8	Map012.json	1	dialogue	またいつでもいらっしゃいよ、ウィン！
MAP12_e5_name	Map012.json	event name	name	パン屋の客1
MAP12_e5_p0_1	Map012.json	0	dialogue	市民ユージーン：
MAP12_e5_p0_2	Map012.json	0	dialogue	パパが今日もここのパンをお昼に食べたいから
MAP12_e5_p0_3	Map012.json	0	dialogue	買ってこいって…
MAP12_e5_p0_4	Map012.json	0	dialogue	でも僕もこのお店のパン大好き！
MAP12_e6_name	Map012.json	event name	name	パン屋の客2
MAP12_e6_p0_1	Map012.json	0	dialogue	市民ボブ：
MAP12_e6_p0_2	Map012.json	0	dialogue	あと何回この店のパンを食べられるかのう…
MAP12_e6_p0_3	Map012.json	0	dialogue	その前に歯がなくなってしもうたら…
MAP12_e6_p0_4	Map012.json	0	dialogue	そうなるくらいなら死んだ方がマシじゃ！
MAP13_displayName	Map013.json	display name	mapname	ウィンダム道具屋
MAP13_e3_name	Map013.json	event name	name	ウィンダム道具屋
MAP13_e3_p0_1	Map013.json	0	dialogue	道具屋アレクセイ：
MAP13_e3_p0_10	Map013.json	0	dialogue	あー、どうも…
MAP13_e3_p0_11	Map013.json	0	dialogue	おつかれさまです…
MAP13_e3_p0_2	Map013.json	0	dialogue	あー、いらっしゃいませ…
MAP13_e3_p0_3	Map013.json	0	dialogue	お買い物なさいますか…？
MAP13_e3_p0_9	Map013.json	0	dialogue	道具屋アレクセイ：
MAP13_e4_name	Map013.json	event name	name	道具屋の客
MAP13_e4_p0_1	Map013.json	0	dialogue	市民ハンナ：
MAP13_e4_p0_2	Map013.json	0	dialogue	どうにもこの店は辛気臭いねえ…
MAP13_e4_p0_3	Map013.json	0	dialogue	品揃えがこれじゃあ、客も来ないだろう
MAP13_e4_p0_4	Map013.json	0	dialogue	がねえ…　そもそも店主があれだもの…
MAP14_displayName	Map014.json	display name	mapname	民家
MAP14_e3_name	Map014.json	event name	name	泥棒はずれ
MAP14_e3_p0_2	Map014.json	0	dialogue	　　　　　　　　　水がたくさん入っている
MAP14_e4_name	Map014.json	event name	name	泥棒はずれ
MAP14_e4_p0_2	Map014.json	0	dialogue	　　　　　　　　　水がたくさん入っている
MAP14_e5_p0_1	Map014.json	0	dialogue	市民エヴァ：
MAP14_e5_p0_11	Map014.json	0	dialogue	市民デイビッド：
MAP14_e5_p0_12	Map014.json	0	dialogue	おい！ウィンが困ってるだろう！
MAP14_e5_p0_13	Map014.json	0	dialogue	そいつはもう子供じゃないんだ！
MAP14_e5_p0_17	Map014.json	0	dialogue	市民エヴァ：
MAP14_e5_p0_18	Map014.json	0	dialogue	あらあら、そうだったねえ。
MAP14_e5_p0_19	Map014.json	0	dialogue	騎士様になったんだものねえ！
MAP14_e5_p0_2	Map014.json	0	dialogue	んー？
MAP14_e5_p0_21	Map014.json	0	dialogue	でも、ウィン。
MAP14_e5_p0_22	Map014.json	0	dialogue	お休みのときにでも、気が向いたらいつでも
MAP14_e5_p0_23	Map014.json	0	dialogue	遊びに来るんだよ？
MAP14_e5_p0_3	Map014.json	0	dialogue	あら、ウィンじゃないか！
MAP14_e5_p0_4	Map014.json	0	dialogue	珍しいねえ。
MAP14_e5_p0_6	Map014.json	0	dialogue	よかったら、一緒にご飯食べていくかい？
MAP14_e5_p0_7	Map014.json	0	dialogue	遠慮しないでいいんだよ！
MAP14_e6_name	Map014.json	event name	name	じいさん
MAP14_e6_p0_1	Map014.json	0	dialogue	市民デイビッド：
MAP14_e6_p0_2	Map014.json	0	dialogue	おお、ウィン…よく来たな。
MAP14_e6_p0_3	Map014.json	0	dialogue	なんにもないが、ゆっくりしていきなさい。
MAP14_e6_p0_5	Map014.json	0	dialogue	しかし、大きくなったのう…
MAP14_e6_p0_6	Map014.json	0	dialogue	騎士の恰好もよく似合っておるわい。
MAP15_displayName	Map015.json	display name	mapname	民家
MAP15_e10_p0_1	Map015.json	0	dialogue	『ある天才騎士の軌跡』
MAP15_e10_p0_10	Map015.json	1	dialogue	彼はその剣術、頭脳において、他を圧倒していた。
MAP15_e10_p0_11	Map015.json	1	dialogue	しかし、ピピンがどこから来た男なのかを知るものは、
MAP15_e10_p0_12	Map015.json	1	dialogue	騎士団にはいなかった…
MAP15_e10_p0_13	Map015.json	1	dialogue	少なくとも筆者の周りに知る者はいなかった。
MAP15_e10_p0_15	Map015.json	1	dialogue	彼には、その能力だけでなく、ひとと違う特徴があった。
MAP15_e10_p0_16	Map015.json	1	dialogue	彼の耳は、とても細長く、とがっている。
MAP15_e10_p0_17	Map015.json	1	dialogue	そのような耳をした者を、我々は他に見たことがない。
MAP15_e10_p0_18	Map015.json	1	dialogue	彼は一体、何者なのか。どこからやってきたのだろうか…。
MAP15_e10_p0_2	Map015.json	0	dialogue	…と、表紙に書かれた本がある。読んでみようか…。
MAP15_e10_p0_3_c0	Map015.json	choice	choice	読んでみる
MAP15_e10_p0_3_c1	Map015.json	choice	choice	読まない
MAP15_e10_p0_6	Map015.json	1	dialogue	天才と呼ばれる騎士がいる…
MAP15_e10_p0_7	Map015.json	1	dialogue	呼ばれるだけでなく自分でもそう呼ぶのだが…
MAP15_e10_p0_8	Map015.json	1	dialogue	その男の名を、ピピンという。
MAP15_e11_name	Map015.json	event name	name	ウィング
MAP15_e11_p0_1	Map015.json	0	dialogue	市民ウィング：
MAP15_e11_p0_10	Map015.json	1	dialogue	そうだ、ウィン。
MAP15_e11_p0_11	Map015.json	1	dialogue	外でおもしろい本を見つけたら、私に持って
MAP15_e11_p0_12	Map015.json	1	dialogue	帰ってきてちょうだい。
MAP15_e11_p0_13	Map015.json	1	dialogue	読む本がなくなって退屈しているのよ…。
MAP15_e11_p0_19	Map015.json	1	dialogue	騎士になったってのに、それじゃあ
MAP15_e11_p0_2	Map015.json	0	dialogue	あら、ウィン。今日はどうしたの？
MAP15_e11_p0_20	Map015.json	1	dialogue	いままでと変わらないじゃないの…。
MAP15_e11_p0_21	Map015.json	1	dialogue	はたらきなさいよ。
MAP15_e11_p0_23	Map015.json	1	dialogue	そうだ、ウィン。
MAP15_e11_p0_24	Map015.json	1	dialogue	外でおもしろい本を見つけたら、私に持って
MAP15_e11_p0_25	Map015.json	1	dialogue	帰ってきてちょうだい。
MAP15_e11_p0_26	Map015.json	1	dialogue	読む本がなくなって退屈しているのよ…。
MAP15_e11_p0_3_c0	Map015.json	choice	choice	君に会いに来たんだ
MAP15_e11_p0_3_c1	Map015.json	choice	choice	どうもしないよ
MAP15_e11_p0_6	Map015.json	1	dialogue	そういうのはいいから。
MAP15_e11_p0_7	Map015.json	1	dialogue	どうせなんとなくヒマでぶらぶらしている
MAP15_e11_p0_8	Map015.json	1	dialogue	だけなんでしょう？
MAP15_e12_p0_2	Map015.json	0	dialogue	　　　　　　　　小麦粉か何かが入っている
MAP15_e13_p0_1	Map015.json	0	dialogue	『暗黒大陸』
MAP15_e13_p0_11	Map015.json	1	dialogue	大昔にセイリューの南から暗黒大陸への橋が作られたが、
MAP15_e13_p0_12	Map015.json	1	dialogue	そこから大量の恐ろしい魔物が雪崩れこんだ。
MAP15_e13_p0_13	Map015.json	1	dialogue	そして橋を渡って向こう側へ行ったものはみな病気になって
MAP15_e13_p0_14	Map015.json	1	dialogue	すぐに死んでしまった。
MAP15_e13_p0_16	Map015.json	1	dialogue	それ以来、橋は落とされ、誰もその土地へ行こうと
MAP15_e13_p0_17	Map015.json	1	dialogue	しなくなった。
MAP15_e13_p0_18	Map015.json	1	dialogue	いまではその地の存在を知る者も稀である。
MAP15_e13_p0_2	Map015.json	0	dialogue	…と、表紙に書かれた本がある。読んでみようか…。
MAP15_e13_p0_3_c0	Map015.json	choice	choice	読んでみる
MAP15_e13_p0_3_c1	Map015.json	choice	choice	読まない
MAP15_e13_p0_6	Map015.json	1	dialogue	この大陸のずっと南…
MAP15_e13_p0_7	Map015.json	1	dialogue	かつて暗黒大陸と呼ばれていた土地がある。
MAP15_e13_p0_8	Map015.json	1	dialogue	そう呼ばれるようになった理由は、
MAP15_e13_p0_9	Map015.json	1	dialogue	恐ろしい魔物がたくさんおり、そして空気が毒だからだ。
MAP15_e14_p0_2	Map015.json	0	dialogue	　　　　　　　　たくさんの手紙だ。
MAP15_e14_p0_3	Map015.json	0	dialogue	　　　国内宛ての手紙だけではなく、フレイム王や
MAP15_e14_p0_4	Map015.json	0	dialogue	　　　　セイリューの領主に宛てたものまである
MAP15_e3_name	Map015.json	event name	name	泥棒はずれ
MAP15_e3_p0_1	Map015.json	0	dialogue	持ち出して役に立つようなものは何も見つけられなかった…
MAP15_e4_name	Map015.json	event name	name	泥棒はずれ
MAP15_e4_p0_2	Map015.json	0	dialogue	　　　　　いい匂いがする　お茶の葉かもしれない
MAP15_e5_name	Map015.json	event name	name	泥棒はずれ
MAP15_e5_p0_1	Map015.json	0	dialogue	持ち出して役に立つようなものは何も見つけられなかった…
MAP15_e6_name	Map015.json	event name	name	泥棒はずれ
MAP15_e6_p0_2	Map015.json	0	dialogue	　　　　調べているところを見られたら大変だ
MAP15_e7_p0_1	Map015.json	0	dialogue	『歴代騎士団長』
MAP15_e7_p0_10	Map015.json	1	dialogue	筆者が把握している歴代団長の名とその実績を
MAP15_e7_p0_11	Map015.json	1	dialogue	俯瞰してみても、大体その通りである。
MAP15_e7_p0_13	Map015.json	1	dialogue	ただ、現騎士団長であるロイ団長は、騎士団長の証である
MAP15_e7_p0_14	Map015.json	1	dialogue	紋章を、幼い頃に危機的状況において半ば強制的に
MAP15_e7_p0_15	Map015.json	1	dialogue	継承された点において、特別であった。
MAP15_e7_p0_2	Map015.json	0	dialogue	…と、表紙に書かれた本がある。読んでみようか…。
MAP15_e7_p0_3_c0	Map015.json	choice	choice	読んでみる
MAP15_e7_p0_3_c1	Map015.json	choice	choice	読まない
MAP15_e7_p0_6	Map015.json	1	dialogue	ウィンダム騎士団の団長の選出基準であるが、
MAP15_e7_p0_7	Map015.json	1	dialogue	主に能力（戦闘技術、実務能力、学問など）で候補となり、
MAP15_e7_p0_8	Map015.json	1	dialogue	それに実績を加味した上で選出されることが多い。
MAP15_e8_p0_1	Map015.json	0	dialogue	『世界の美味しいごはん』
MAP15_e8_p0_11	Map015.json	1	dialogue	カレーは辛いのに食べるのをやめることが出来ず、
MAP15_e8_p0_12	Map015.json	1	dialogue	辛みの中にも色々な野菜のうま味が凝縮されており、
MAP15_e8_p0_13	Map015.json	1	dialogue	とても美味だという。しかも、カレーには色々な種類が
MAP15_e8_p0_14	Map015.json	1	dialogue	あり、赤いのや、黄色いの、みどり色のもあるという。
MAP15_e8_p0_16	Map015.json	1	dialogue	そしてもうひとつが、セイリューでしか育てられない
MAP15_e8_p0_17	Map015.json	1	dialogue	コメという穀物を蒸したもの。
MAP15_e8_p0_18	Map015.json	1	dialogue	もちもちとした食感の中に、みずみずしく爽やかな甘みが
MAP15_e8_p0_19	Map015.json	1	dialogue	凝縮されているという。
MAP15_e8_p0_2	Map015.json	0	dialogue	…と、表紙に書かれた本がある。読んでみようか…。
MAP15_e8_p0_21	Map015.json	1	dialogue	そしてその蒸したコメを手で丸めた携帯食…
MAP15_e8_p0_22	Map015.json	1	dialogue	ライスボールが何よりも有名だ。
MAP15_e8_p0_23	Map015.json	1	dialogue	絶品の味なのに、持ち歩くことができ、しかも歩きながら
MAP15_e8_p0_24	Map015.json	1	dialogue	でも食べられることから、旅人たちの憧れである。
MAP15_e8_p0_3_c0	Map015.json	choice	choice	読んでみる
MAP15_e8_p0_3_c1	Map015.json	choice	choice	読まない
MAP15_e8_p0_6	Map015.json	1	dialogue	たくさんのひとがよく挙げるものには以下がある。
MAP15_e8_p0_7	Map015.json	1	dialogue	フレイム王国のカレー、
MAP15_e8_p0_8	Map015.json	1	dialogue	そして、セイリューのライスボール…その主原料である
MAP15_e8_p0_9	Map015.json	1	dialogue	コメである。
MAP15_e9_p0_1	Map015.json	0	dialogue	『わたしのゆめ』
MAP15_e9_p0_10	Map015.json	1	dialogue	だけど、もじをおぼえるのは　たいへんです
MAP15_e9_p0_11	Map015.json	1	dialogue	たいへんだから　あまり本をかいたり　よんだりするひとが
MAP15_e9_p0_12	Map015.json	1	dialogue	せかいには　すくないと　おもいます
MAP15_e9_p0_14	Map015.json	1	dialogue	だからわたしは　しょうらいだれでももじをおぼえられる
MAP15_e9_p0_15	Map015.json	1	dialogue	かんたんで　わかりやすい　本を　かきたいです
MAP15_e9_p0_16	Map015.json	1	dialogue	そして　もっと　せかいのれきしを　みらいにのこせる
MAP15_e9_p0_17	Map015.json	1	dialogue	ように　できたらいいなとおもいます
MAP15_e9_p0_2	Map015.json	0	dialogue	…と、表紙に書かれた本がある。読んでみようか…。
MAP15_e9_p0_3_c0	Map015.json	choice	choice	読んでみる
MAP15_e9_p0_3_c1	Map015.json	choice	choice	読まない
MAP15_e9_p0_6	Map015.json	1	dialogue	わたしのゆめは　本をかくことです。
MAP15_e9_p0_7	Map015.json	1	dialogue	わたしは本がだいすきです。
MAP15_e9_p0_8	Map015.json	1	dialogue	しらないことが　たくさんわかるからです。
MAP16_displayName	Map016.json	display name	mapname	錬金術師の店
MAP16_e3_name	Map016.json	event name	name	ウィンダムの錬金術師
MAP16_e3_p0_1	Map016.json	0	dialogue	錬金術師サラ：
MAP16_e3_p0_10	Map016.json	0	dialogue	錬金術師サラ：
MAP16_e3_p0_11	Map016.json	0	dialogue	またのご来店をお待ちしております！
MAP16_e3_p0_12	Map016.json	0	dialogue	どうぞ今後もごひいきに！！
MAP16_e3_p0_2	Map016.json	0	dialogue	いらっしゃいませ騎士様！
MAP16_e3_p0_3	Map016.json	0	dialogue	当店のポーションは効き目抜群です！！
MAP16_e3_p0_4	Map016.json	0	dialogue	どうぞお買い求めください！！
MAP17_displayName	Map017.json	display name	mapname	民家
MAP17_e10_name	Map017.json	event name	name	泥棒はずれ
MAP17_e10_p0_2	Map017.json	0	dialogue	　　　　　　　水がたくさんはいっている
MAP17_e11_name	Map017.json	event name	name	泥棒はずれ
MAP17_e11_p0_2	Map017.json	0	dialogue	　　　　　　　水がたくさんはいっている
MAP17_e12_name	Map017.json	event name	name	泥棒はずれ
MAP17_e12_p0_2	Map017.json	0	dialogue	　　　　　　　　　底に何かのカギがあった
MAP17_e12_p0_3	Map017.json	0	dialogue	　　　　　　　大事な物だと思って元に戻した
MAP17_e13_name	Map017.json	event name	name	泥棒はずれ
MAP17_e13_p0_1	Map017.json	0	dialogue	持ち出して役に立つようなものは何も見つけられなかった…
MAP17_e14_p0_2	Map017.json	0	dialogue	　　　ウィンは本棚から100Gのへそくりを見つけた！
MAP17_e14_p0_4	Map017.json	0	dialogue	ウィン：
MAP17_e14_p0_5	Map017.json	0	dialogue	…。
MAP17_e14_p0_8	Map017.json	0	dialogue	　　　　ウィンは黙ってへそくりを元にもどした…
MAP17_e15_name	Map017.json	event name	name	泥棒はずれ
MAP17_e15_p0_2	Map017.json	0	dialogue	　　　　　　　　干した果物類が入っている
MAP17_e4_name	Map017.json	event name	name	ハリス
MAP17_e4_p0_1	Map017.json	0	dialogue	市民ハリス：
MAP17_e4_p0_10	Map017.json	0	dialogue	ああ…　本当にこの国の騎士は市民を
MAP17_e4_p0_11	Map017.json	0	dialogue	守るつもりがあるのだろうか…。
MAP17_e4_p0_2	Map017.json	0	dialogue	おお、騎士様！
MAP17_e4_p0_3	Map017.json	0	dialogue	私の娘の救助は？行って下さるのですか！？
MAP17_e4_p0_5	Map017.json	0	dialogue	ピピン：
MAP17_e4_p0_6	Map017.json	0	dialogue	…俺たちは陛下直々の任務を遂行中だ。
MAP17_e4_p0_7	Map017.json	0	dialogue	人助けなら他の奴に頼め。
MAP17_e4_p0_9	Map017.json	0	dialogue	市民ハリス：
MAP17_e4_p1_1	Map017.json	0	dialogue	市民ハリス：
MAP17_e4_p1_12	Map017.json	1	dialogue	ショックポーションを　１個　貰った！
MAP17_e4_p1_17	Map017.json	1	dialogue	なんだ、違うんですか。
MAP17_e4_p1_18	Map017.json	1	dialogue	じゃあ何しに来たんですか？
MAP17_e4_p1_2	Map017.json	0	dialogue	娘が無事に帰って来ました！
MAP17_e4_p1_3	Map017.json	0	dialogue	騎士様がお助け下さったのですね！？
MAP17_e4_p1_4_c0	Map017.json	choice	choice	はい
MAP17_e4_p1_4_c1	Map017.json	choice	choice	いいえ
MAP17_e4_p1_7	Map017.json	1	dialogue	ありがとうございます！
MAP17_e4_p1_8	Map017.json	1	dialogue	これはささやかでお礼です。
MAP17_e4_p1_9	Map017.json	1	dialogue	よかったらお使い下さい。
MAP17_e4_p2_1	Map017.json	0	dialogue	市民ハリス：
MAP17_e4_p2_2	Map017.json	0	dialogue	本当にありがとうございました。
MAP17_e4_p2_3	Map017.json	0	dialogue	これからは娘がうっかりキノコを食べて
MAP17_e4_p2_4	Map017.json	0	dialogue	暴れないように気を付けさせます。
MAP17_e5_name	Map017.json	event name	name	ハリスの奥さん
MAP17_e5_p0_1	Map017.json	0	dialogue	市民ホリイ：
MAP17_e5_p0_2	Map017.json	0	dialogue	なあに、娘はそろそろ帰ってきますとも。
MAP17_e5_p0_3	Map017.json	0	dialogue	ハリスは心配し過ぎなんですよ。
MAP17_e5_p1_1	Map017.json	0	dialogue	市民ホリイ：
MAP17_e5_p1_12	Map017.json	1	dialogue	あの砂漠の戦士が戦の前に食べるという…？
MAP17_e5_p1_13	Map017.json	1	dialogue	それを食べて娘はすごく強くなっていた
MAP17_e5_p1_14	Map017.json	1	dialogue	んですか！？
MAP17_e5_p1_15	Map017.json	1	dialogue	私も食べたかった…
MAP17_e5_p1_19	Map017.json	1	dialogue	騎士様、お仕事の報告はちゃんとしてください。
MAP17_e5_p1_2	Map017.json	0	dialogue	ほら、あたしの言った通りジャクリーンは
MAP17_e5_p1_20	Map017.json	1	dialogue	教えてくれないなら、騎士団に報告しますよ。
MAP17_e5_p1_3	Map017.json	0	dialogue	無事に帰って来ましたよ。
MAP17_e5_p1_5	Map017.json	0	dialogue	えっ、騎士様が助けてくれたんですか！
MAP17_e5_p1_6	Map017.json	0	dialogue	それはどうもありがとうございました！
MAP17_e5_p1_7	Map017.json	0	dialogue	え、キノコ…？騎士様それは一体どんな
MAP17_e5_p1_8	Map017.json	0	dialogue	キノコだったんですか！？
MAP17_e5_p1_9_c0	Map017.json	choice	choice	狂戦士のキノコです
MAP17_e5_p1_9_c1	Map017.json	choice	choice	内緒です
MAP17_e6_name	Map017.json	event name	name	ハリスの娘さん
MAP17_e6_p1_1	Map017.json	0	dialogue	ハリスの娘ジャクリーン：
MAP17_e6_p1_2	Map017.json	0	dialogue	あっ、この度はどうもお世話になりました…
MAP17_e6_p1_3	Map017.json	0	dialogue	いまでも自分がどうなっていたのか、
MAP17_e6_p1_4	Map017.json	0	dialogue	よく思い出せませんが…でも元気です！
MAP17_e7_name	Map017.json	event name	name	泥棒はずれ
MAP17_e7_p0_2	Map017.json	0	dialogue	　　　　　手の込んだ作りのブローチがある
MAP17_e7_p0_3	Map017.json	0	dialogue	　　　　　　　　　贈り物だろうか
MAP17_e8_name	Map017.json	event name	name	泥棒はずれ
MAP17_e8_p0_1	Map017.json	0	dialogue	持ち出して役に立つようなものは何も見つけられなかった…
MAP17_e9_name	Map017.json	event name	name	泥棒はずれ
MAP17_e9_p0_1	Map017.json	0	dialogue	持ち出して役に立つようなものは何も見つけられなかった…
MAP18_displayName	Map018.json	display name	mapname	レストラン
MAP18_e10_p0_1	Map018.json	0	dialogue	行商人アバ：
MAP18_e10_p0_2	Map018.json	0	dialogue	ここでご飯を食べると、
MAP18_e10_p0_3	Map018.json	0	dialogue	早く家に帰りたくなるんだ。
MAP18_e11_p0_1	Map018.json	0	dialogue	行政官グラス：
MAP18_e11_p0_2	Map018.json	0	dialogue	フッ…
MAP18_e11_p0_3	Map018.json	0	dialogue	僕はこの店ではコーヒーしか飲まないんだ。
MAP18_e11_p0_5	Map018.json	0	dialogue	暗い顔でフォークやスプーンを
MAP18_e11_p0_6	Map018.json	0	dialogue	口元に運んでいる、哀れな市民たちを横目にね
MAP18_e11_p0_8	Map018.json	0	dialogue	ぐーーーーーーーーー（お腹の音）
MAP18_e12_name	Map018.json	event name	name	泥棒はずれ
MAP18_e12_p0_2	Map018.json	0	dialogue	　　　　　　　半分くらいつぶれている野菜だ
MAP18_e13_name	Map018.json	event name	name	泥棒はずれ
MAP18_e13_p0_2	Map018.json	0	dialogue	　　　　　　　小麦粉か何かだと思う
MAP18_e14_name	Map018.json	event name	name	泥棒はずれ
MAP18_e14_p0_1	Map018.json	0	dialogue	持ち出して役に立つようなものは何も見つけられなかった…
MAP18_e15_name	Map018.json	event name	name	泥棒はずれ
MAP18_e15_p0_2	Map018.json	0	dialogue	　　　　　　　食器がたくさん入っている
MAP18_e16_name	Map018.json	event name	name	泥棒はずれ
MAP18_e16_p0_2	Map018.json	0	dialogue	　　　　　美味しそうなお酒がたくさん入っている
MAP18_e3_name	Map018.json	event name	name	レストラン主人
MAP18_e3_p0_1	Map018.json	0	dialogue	レストラン主人メアリ―：
MAP18_e3_p0_10	Map018.json	2	dialogue	ありがとうございます、すぐに用意しますよ。
MAP18_e3_p0_14	Map018.json	2	dialogue	お腹いっぱい食べて、みんなのＨＰが回復した！
MAP18_e3_p0_17	Map018.json	2	dialogue	レストラン主人メアリ―：
MAP18_e3_p0_18	Map018.json	2	dialogue	また食べにおいでね、ウィンくん…
MAP18_e3_p0_19	Map018.json	2	dialogue	じゃなかった、騎士様！
MAP18_e3_p0_2	Map018.json	0	dialogue	いらっしゃい！あらあら騎士様じゃないか！
MAP18_e3_p0_23	Map018.json	2	dialogue	レストラン主人メアリ―：
MAP18_e3_p0_24	Map018.json	2	dialogue	おやおや、お金が足りないみたいだね…。
MAP18_e3_p0_25	Map018.json	2	dialogue	大丈夫かい、ウィン君？
MAP18_e3_p0_26	Map018.json	2	dialogue	ちゃんとお給金はもらえているのかい…？
MAP18_e3_p0_3	Map018.json	0	dialogue	食べていくかい？
MAP18_e3_p0_32	Map018.json	1	dialogue	レストラン主人メアリ―：
MAP18_e3_p0_33	Map018.json	1	dialogue	そうですか、
MAP18_e3_p0_34	Map018.json	1	dialogue	じゃあまた今度食べに来て下さいねえ。
MAP18_e3_p0_4	Map018.json	0	dialogue	ウチの名物ランチ、全員で50Gになりますよ。
MAP18_e3_p0_5_c0	Map018.json	choice	choice	食べます
MAP18_e3_p0_5_c1	Map018.json	choice	choice	また今度来ます
MAP18_e3_p0_9	Map018.json	2	dialogue	レストラン主人メアリ―：
MAP18_e4_name	Map018.json	event name	name	泥棒はずれ
MAP18_e4_p0_1	Map018.json	0	dialogue	持ち出して役に立つようなものは何も見つけられなかった…
MAP18_e5_name	Map018.json	event name	name	泥棒はずれ
MAP18_e5_p0_2	Map018.json	0	dialogue	　　　　何に使うのか　石がたくさん入っている
MAP18_e6_name	Map018.json	event name	name	泥棒はずれ
MAP18_e6_p0_1	Map018.json	0	dialogue	持ち出して役に立つようなものは何も見つけられなかった…
MAP18_e7_name	Map018.json	event name	name	泥棒はずれ
MAP18_e7_p0_2	Map018.json	0	dialogue	　　　　　　　少し変なにおいのする水だ
MAP18_e8_p0_1	Map018.json	0	dialogue	市民ハング：
MAP18_e8_p0_2	Map018.json	0	dialogue	うーん…すごくお腹が減っていたんだが…
MAP18_e8_p0_3	Map018.json	0	dialogue	もういいかなあ
MAP18_e9_p0_1	Map018.json	0	dialogue	市民ミドル：
MAP18_e9_p0_2	Map018.json	0	dialogue	……うーむ
MAP18_e9_p0_3	Map018.json	0	dialogue	まあ、お腹はふくれたかなあ…
MAP19_displayName	Map019.json	display name	mapname	駐屯本部
MAP19_e10_name	Map019.json	event name	name	泥棒はずれ
MAP19_e10_p0_2	Map019.json	0	dialogue	　　　　ひとつだけ傷薬をもらっていくことにした！
MAP19_e10_p1_2	Map019.json	0	dialogue	　　　　　　　　　備蓄された薬類がある
MAP19_e11_p0_1	Map019.json	0	dialogue	休憩中の兵デニー：
MAP19_e11_p0_13	Map019.json	1	dialogue	いや、パン屋の息子のお前になれて
MAP19_e11_p0_14	Map019.json	1	dialogue	僕になれないわけないだろ…？
MAP19_e11_p0_15	Map019.json	1	dialogue	そうだろー　なあ　そうだろー
MAP19_e11_p0_2	Map019.json	0	dialogue	あっ、ウィン！じゃなかった騎士ウィンどの！
MAP19_e11_p0_3	Map019.json	0	dialogue	ぼくでも騎士になれるかなあ？
MAP19_e11_p0_4_c0	Map019.json	choice	choice	もちろん
MAP19_e11_p0_4_c1	Map019.json	choice	choice	どうかな
MAP19_e11_p0_7	Map019.json	1	dialogue	寝る前には勉強してるし…
MAP19_e11_p0_8	Map019.json	1	dialogue	筋トレも毎日かかしていないし…
MAP19_e11_p0_9	Map019.json	1	dialogue	何か他にアドバイスあったら教えてくれよな？
MAP19_e12_p0_1	Map019.json	0	dialogue	休憩中の兵トム：
MAP19_e12_p0_11	Map019.json	1	dialogue	まず、敵の急所を点で突けるのが一番に違い。
MAP19_e12_p0_12	Map019.json	1	dialogue	会心率が高く、防御力の高い敵に特に
MAP19_e12_p0_13	Map019.json	1	dialogue	有効だ。
MAP19_e12_p0_14	Map019.json	1	dialogue	重いのが嫌なら、レイピアやダガーもいい。
MAP19_e12_p0_18	Map019.json	1	dialogue	そうか、うん。
MAP19_e12_p0_19	Map019.json	1	dialogue	皆が剣ばかり使っている中で、すでに
MAP19_e12_p0_2	Map019.json	0	dialogue	ん、ウィン？
MAP19_e12_p0_20	Map019.json	1	dialogue	槍の良さに
MAP19_e12_p0_21	Map019.json	1	dialogue	気付いているとはな。さすがだ。
MAP19_e12_p0_3	Map019.json	0	dialogue	君も槍よりも剣を使うかい？
MAP19_e12_p0_4_c0	Map019.json	choice	choice	そうだよ
MAP19_e12_p0_4_c1	Map019.json	choice	choice	そうでもない
MAP19_e12_p0_7	Map019.json	1	dialogue	君もか…
MAP19_e12_p0_8	Map019.json	1	dialogue	最近は皆、すっかり剣しか使わないが、
MAP19_e12_p0_9	Map019.json	1	dialogue	槍は有効な武器だぞ。
MAP19_e13_p0_1	Map019.json	0	dialogue	『七転び七起きれず』
MAP19_e13_p0_10	Map019.json	1	dialogue	毒にかかったり、眠ってしまったり、混乱したり…
MAP19_e13_p0_11	Map019.json	1	dialogue	そういった状態異常は、すぐに死にはつながらないが、
MAP19_e13_p0_12	Map019.json	1	dialogue	転倒は即死につながりかねない。
MAP19_e13_p0_14	Map019.json	1	dialogue	しかも、薬を飲んで治したりもできない。
MAP19_e13_p0_15	Map019.json	1	dialogue	ドタバタしながら、少しでも早く起き上がれることを
MAP19_e13_p0_16	Map019.json	1	dialogue	祈るしかない…。
MAP19_e13_p0_2	Map019.json	0	dialogue	…と、表紙に書かれた本がある。読んでみようか…。
MAP19_e13_p0_3_c0	Map019.json	choice	choice	読んでみる
MAP19_e13_p0_3_c1	Map019.json	choice	choice	読まない
MAP19_e13_p0_6	Map019.json	1	dialogue	戦闘中に、転倒してしまったら大ピンチだ。
MAP19_e13_p0_7	Map019.json	1	dialogue	しばらくなんの行動も取れなくなるし、
MAP19_e13_p0_8	Map019.json	1	dialogue	何よりも、防御力がゼロになってしまうのだ。
MAP19_e14_p0_1	Map019.json	0	dialogue	『素早さの重要性』
MAP19_e14_p0_11	Map019.json	1	dialogue	もちろん、頑丈な防具を着れば、受けるダメージが減るし、
MAP19_e14_p0_12	Map019.json	1	dialogue	強力な武器を持てば、与えるダメージが増える。
MAP19_e14_p0_13	Map019.json	1	dialogue	しかし、素早さが低ければ、動く前にすべての敵から
MAP19_e14_p0_14	Map019.json	1	dialogue	攻撃されるだろう。
MAP19_e14_p0_16	Map019.json	1	dialogue	敵の中には強力な状態異常攻撃や、全体攻撃を持つものも
MAP19_e14_p0_17	Map019.json	1	dialogue	多い。
MAP19_e14_p0_18	Map019.json	1	dialogue	そういった攻撃を浴びれば、強力な武器も防具も、
MAP19_e14_p0_19	Map019.json	1	dialogue	殆ど役に立たない。
MAP19_e14_p0_2	Map019.json	0	dialogue	…と、表紙に書かれた本がある。読んでみようか…。
MAP19_e14_p0_3_c0	Map019.json	choice	choice	読んでみる
MAP19_e14_p0_3_c1	Map019.json	choice	choice	読まない
MAP19_e14_p0_6	Map019.json	1	dialogue	戦闘中に、敵よりも早く動けるかどうかは、
MAP19_e14_p0_7	Map019.json	1	dialogue	素早さにかかっている。
MAP19_e14_p0_8	Map019.json	1	dialogue	しかし、頑丈な防具や、強い武器を持てば、その重さで
MAP19_e14_p0_9	Map019.json	1	dialogue	素早さは下がってしまう。
MAP19_e15_name	Map019.json	event name	name	泥棒はずれ
MAP19_e15_p0_2	Map019.json	0	dialogue	　　　　　　　小麦粉か何かが入っている
MAP19_e16_p0_1	Map019.json	0	dialogue	駐屯隊長ジョセフ：
MAP19_e16_p0_2	Map019.json	0	dialogue	おい、ウィン！勝手に読まないでくれよ！
MAP19_e17_p0_1	Map019.json	0	dialogue	『武器や防具の品質』
MAP19_e17_p0_10	Map019.json	1	dialogue	するが、反面、重くなったりするものもあるので、
MAP19_e17_p0_11	Map019.json	1	dialogue	必ずしも、品質のいいものを装備すればいいという
MAP19_e17_p0_12	Map019.json	1	dialogue	ものでもない、かも知れない…。
MAP19_e17_p0_14	Map019.json	1	dialogue	相手や場所、自分の役割によって、
MAP19_e17_p0_15	Map019.json	1	dialogue	バランスの取れた組み合わせにするのが良いだろう。
MAP19_e17_p0_2	Map019.json	0	dialogue	…と、表紙に書かれた本がある。読んでみようか…。
MAP19_e17_p0_3_c0	Map019.json	choice	choice	読んでみる
MAP19_e17_p0_3_c1	Map019.json	choice	choice	読まない
MAP19_e17_p0_6	Map019.json	1	dialogue	この世界の武器や防具は、種類自体はすくないが、
MAP19_e17_p0_7	Map019.json	1	dialogue	品質によって、普通のものや、優れたものが存在する。
MAP19_e17_p0_9	Map019.json	1	dialogue	当然、品質の良いものほど強力だったり頑丈だったり
MAP19_e18_p0_1	Map019.json	0	dialogue	『バックラーとは』
MAP19_e18_p0_11	Map019.json	1	dialogue	通常の盾に比べれば、防御力は数段落ちるが、
MAP19_e18_p0_12	Map019.json	1	dialogue	回避率が大きく上がるので、ただの軽くて弱い盾という
MAP19_e18_p0_13	Map019.json	1	dialogue	わけではない。
MAP19_e18_p0_15	Map019.json	1	dialogue	なので、通常の大きさの魔物や人間を相手にする場合には、
MAP19_e18_p0_16	Map019.json	1	dialogue	通常の盾よりも有効な場面が多い。
MAP19_e18_p0_17	Map019.json	1	dialogue	しかし、巨大な敵や、どうしても避けられない攻撃を
MAP19_e18_p0_18	Map019.json	1	dialogue	用いてくる相手には、あまり有効ではない。
MAP19_e18_p0_2	Map019.json	0	dialogue	…と、表紙に書かれた本がある。読んでみようか…。
MAP19_e18_p0_3_c0	Map019.json	choice	choice	読んでみる
MAP19_e18_p0_3_c1	Map019.json	choice	choice	読まない
MAP19_e18_p0_6	Map019.json	1	dialogue	相手に突きつけるように構える小型の盾で、
MAP19_e18_p0_7	Map019.json	1	dialogue	中型、大型の盾とは異なった技術を要する。
MAP19_e18_p0_8	Map019.json	1	dialogue	受け止めるのではなく、受け流す、絡めとるなどして、
MAP19_e18_p0_9	Map019.json	1	dialogue	回避やカウンターの布石にする盾である。
MAP19_e3_name	Map019.json	event name	name	駐屯隊長
MAP19_e3_p0_1	Map019.json	0	dialogue	駐屯隊長ジョセフ：
MAP19_e3_p0_10	Map019.json	1	dialogue	キノコを採りに行ったらしいんだが、
MAP19_e3_p0_12	Map019.json	1	dialogue	ジョセフ：
MAP19_e3_p0_13	Map019.json	1	dialogue	もう丸一日戻ってきていないらしい。しかし、
MAP19_e3_p0_14	Map019.json	1	dialogue	人手が足りなくてすぐに捜索隊を出せない。
MAP19_e3_p0_15	Map019.json	1	dialogue	もしよかったら見てきてくれないか？
MAP19_e3_p0_16_c0	Map019.json	choice	choice	わかった
MAP19_e3_p0_16_c1	Map019.json	choice	choice	ちょっと無理かな
MAP19_e3_p0_19	Map019.json	2	dialogue	ジョセフ：
MAP19_e3_p0_2	Map019.json	0	dialogue	ウィンじゃないか。
MAP19_e3_p0_20	Map019.json	2	dialogue	助かるよ。きっと足をくじいたとか、そんな
MAP19_e3_p0_21	Map019.json	2	dialogue	ことだろうとは思うんだが…。お前が引き受け
MAP19_e3_p0_22	Map019.json	2	dialogue	てくれたと、ハリスさんにも伝えとくよ。
MAP19_e3_p0_24	Map019.json	2	dialogue	ピピン：
MAP19_e3_p0_25	Map019.json	2	dialogue	何を勝手に面倒なこと引き受けてるんだ！？
MAP19_e3_p0_26	Map019.json	2	dialogue	陛下から直々に下された任務があるだろ！
MAP19_e3_p0_28	Map019.json	2	dialogue	ピピン：
MAP19_e3_p0_29	Map019.json	2	dialogue	行くなら、ひとりで行くんだな。
MAP19_e3_p0_3	Map019.json	0	dialogue	こんなところで油売ってていいのか？
MAP19_e3_p0_30	Map019.json	2	dialogue	俺は知らん…。
MAP19_e3_p0_34	Map019.json	2	dialogue	ジョセフ：
MAP19_e3_p0_35	Map019.json	2	dialogue	そうだよなあ…。
MAP19_e3_p0_36	Map019.json	2	dialogue	とりあえず、俺の方でかき集めてみるよ。
MAP19_e3_p0_37	Map019.json	2	dialogue	無理を言って悪かったな。
MAP19_e3_p0_43	Map019.json	1	dialogue	ジョセフ：
MAP19_e3_p0_44	Map019.json	1	dialogue	ここの仕事は俺たちに任せて、お前は自分の
MAP19_e3_p0_45	Map019.json	1	dialogue	任務に集中しろ。
MAP19_e3_p0_46	Map019.json	1	dialogue	なあに、心配すんなって…。
MAP19_e3_p0_4_c0	Map019.json	choice	choice	何か困りごとないか？
MAP19_e3_p0_4_c1	Map019.json	choice	choice	ごめんなさい
MAP19_e3_p0_7	Map019.json	1	dialogue	ジョセフ：
MAP19_e3_p0_8	Map019.json	1	dialogue	いやあ、ちょっとな…
MAP19_e3_p0_9	Map019.json	1	dialogue	ハリスさんちの娘さんが南の旧坑道へ
MAP19_e3_p1_1	Map019.json	0	dialogue	駐屯隊長ジョセフ：
MAP19_e3_p1_12	Map019.json	0	dialogue	チェインメイルを　１着　貰った！
MAP19_e3_p1_14	Map019.json	0	dialogue	最近すっかり外に行くこともなくなってな。
MAP19_e3_p1_15	Map019.json	0	dialogue	着る機会もなさそうだから、お前で有効活用
MAP19_e3_p1_16	Map019.json	0	dialogue	してくれよ。
MAP19_e3_p1_18	Map019.json	0	dialogue	軽装鎧は、コートに比べれば素早さは下がるが、
MAP19_e3_p1_19	Map019.json	0	dialogue	それ以上に防御力が上がるから、戦闘するなら
MAP19_e3_p1_2	Map019.json	0	dialogue	ウィン！待ってたぞ！
MAP19_e3_p1_20	Map019.json	0	dialogue	ぜったいに着ておいた方がいいぞ。
MAP19_e3_p1_3	Map019.json	0	dialogue	ハリスさんとこの娘さんの件、
MAP19_e3_p1_4	Map019.json	0	dialogue	解決したらしいじゃないか。
MAP19_e3_p1_6	Map019.json	0	dialogue	お前、自分の仕事があるのに助けてくれて
MAP19_e3_p1_7	Map019.json	0	dialogue	本当にありがとな！
MAP19_e3_p1_8	Map019.json	0	dialogue	これ、俺からの気持ちだ、
MAP19_e3_p1_9	Map019.json	0	dialogue	まあまあ、受け取ってくれよ！
MAP19_e3_p2_1	Map019.json	0	dialogue	駐屯隊長ジョセフ：
MAP19_e3_p2_12	Map019.json	0	dialogue	チェインメイル(匠)を　１着　貰った！
MAP19_e3_p2_14	Map019.json	0	dialogue	最近すっかり外に行くこともなくなってな。
MAP19_e3_p2_15	Map019.json	0	dialogue	着る機会もなさそうだから、お前で有効活用
MAP19_e3_p2_16	Map019.json	0	dialogue	してくれよ。
MAP19_e3_p2_18	Map019.json	0	dialogue	軽装鎧は、コートに比べれば素早さは下がるが、
MAP19_e3_p2_19	Map019.json	0	dialogue	それ以上に防御力が上がるから、戦闘するなら
MAP19_e3_p2_2	Map019.json	0	dialogue	ウィン！待ってたぞ！
MAP19_e3_p2_20	Map019.json	0	dialogue	ぜったいに着ておいた方がいいぞ。
MAP19_e3_p2_3	Map019.json	0	dialogue	ハリスさんとこの娘さんの件、
MAP19_e3_p2_4	Map019.json	0	dialogue	解決したらしいじゃないか。
MAP19_e3_p2_6	Map019.json	0	dialogue	お前、自分の仕事があるのに助けてくれて
MAP19_e3_p2_7	Map019.json	0	dialogue	本当にありがとな！
MAP19_e3_p2_8	Map019.json	0	dialogue	これ、俺からの気持ちだ、
MAP19_e3_p2_9	Map019.json	0	dialogue	まあまあ、受け取ってくれよ！
MAP19_e3_p3_1	Map019.json	0	dialogue	駐屯隊長ジョセフ：
MAP19_e3_p3_2	Map019.json	0	dialogue	最近魔物に関する相談事が増えているんだ。
MAP19_e3_p3_3	Map019.json	0	dialogue	何かこの辺りに親玉とか、巣とかが
MAP19_e3_p3_4	Map019.json	0	dialogue	あるのかも知れないなあ…。
MAP19_e3_p4_1	Map019.json	0	dialogue	駐屯隊長ジョセフ：
MAP19_e3_p4_2	Map019.json	0	dialogue	最近魔物に関する相談事が増えているんだ。
MAP19_e3_p4_3	Map019.json	0	dialogue	何かこの辺りに親玉とか、巣とかが
MAP19_e3_p4_4	Map019.json	0	dialogue	あるのかも知れないなあ…。
MAP19_e4_name	Map019.json	event name	name	泥棒はずれ
MAP19_e4_p0_1	Map019.json	0	dialogue	持ち出して役に立つようなものは何も見つけられなかった…
MAP19_e5_name	Map019.json	event name	name	泥棒はずれ
MAP19_e5_p0_1	Map019.json	0	dialogue	持ち出して役に立つようなものは何も見つけられなかった…
MAP19_e6_name	Map019.json	event name	name	泥棒はずれ
MAP19_e6_p0_1	Map019.json	0	dialogue	持ち出して役に立つようなものは何も見つけられなかった…
MAP19_e7_name	Map019.json	event name	name	泥棒はずれ
MAP19_e7_p0_1	Map019.json	0	dialogue	持ち出して役に立つようなものは何も見つけられなかった…
MAP19_e8_name	Map019.json	event name	name	泥棒はずれ
MAP19_e8_p0_2	Map019.json	0	dialogue	　　　　　　　　貯蓄用の飲料水だと思う
MAP19_e9_name	Map019.json	event name	name	泥棒はずれ
MAP19_e9_p0_1	Map019.json	0	dialogue	持ち出して役に立つようなものは何も見つけられなかった…
MAP20_displayName	Map020.json	display name	mapname	武器屋
MAP20_e3_name	Map020.json	event name	name	ウィンダム武器屋
MAP20_e3_p0_1	Map020.json	0	dialogue	武器屋ドミトリー：
MAP20_e3_p0_14	Map020.json	0	dialogue	武器屋ドミトリー：
MAP20_e3_p0_15	Map020.json	0	dialogue	この武器の売上の何割かは当然、騎士団に
MAP20_e3_p0_16	Map020.json	0	dialogue	入るんだぜ？俺たち相手なら、少しは
MAP20_e3_p0_17	Map020.json	0	dialogue	割引とかしてくれてもいいよなあ…。
MAP20_e3_p0_2	Map020.json	0	dialogue	ここは交易や冒険者向けの武器、防具屋だ。
MAP20_e3_p0_3	Map020.json	0	dialogue	支給品とはちょっと違う品々を揃えてる。
MAP20_e3_p0_4	Map020.json	0	dialogue	ウィン、ちゃんと金は持ってきたか？
MAP20_e3_p1_1	Map020.json	0	dialogue	武器屋ドミトリー：
MAP20_e3_p1_2	Map020.json	0	dialogue	ここは交易や冒険者向けの武器、防具屋だ。
MAP20_e3_p1_20	Map020.json	0	dialogue	武器屋ドミトリー：
MAP20_e3_p1_21	Map020.json	0	dialogue	この武器の売上の何割かは当然、騎士団に
MAP20_e3_p1_22	Map020.json	0	dialogue	入るんだぜ？俺たち相手なら、少しは
MAP20_e3_p1_23	Map020.json	0	dialogue	割引とかしてくれてもいいよなあ…。
MAP20_e3_p1_3	Map020.json	0	dialogue	支給品とはちょっと違う品々を揃えてる。
MAP20_e3_p1_4	Map020.json	0	dialogue	ウィン、ちゃんと金は持ってきたか？
MAP20_e4_name	Map020.json	event name	name	泥棒はずれ
MAP20_e4_p0_1	Map020.json	0	dialogue	持ち出して役に立つようなものは何も見つけられなかった…
MAP20_e5_name	Map020.json	event name	name	泥棒はずれ
MAP20_e5_p0_1	Map020.json	0	dialogue	持ち出して役に立つようなものは何も見つけられなかった…
MAP21_displayName	Map021.json	display name	mapname	ロイの家
MAP21_e10_name	Map021.json	event name	name	泥棒はずれ
MAP21_e10_p0_2	Map021.json	0	dialogue	　　　　　　王国の騎士団のリストが入っている
MAP21_e11_name	Map021.json	event name	name	泥棒はずれ
MAP21_e11_p0_1	Map021.json	0	dialogue	持ち出して役に立つようなものは何も見つけられなかった…
MAP21_e12_name	Map021.json	event name	name	泥棒はずれ
MAP21_e12_p0_1	Map021.json	0	dialogue	持ち出して役に立つようなものは何も見つけられなかった…
MAP21_e13_name	Map021.json	event name	name	ロイ
MAP21_e13_p1_1	Map021.json	0	dialogue	ロイ：
MAP21_e13_p1_2	Map021.json	0	dialogue	…。
MAP21_e13_p2_10	Map021.json	0	dialogue	俺のやり方が悪かったことは、分かっている…
MAP21_e13_p2_12	Map021.json	0	dialogue	さあ、手を差し出せ。
MAP21_e13_p2_13	Map021.json	0	dialogue	風の紋章を、お前に継承する。
MAP21_e13_p2_16	Map021.json	0	dialogue	　　　　　　ウィンは左手をロイに差し出した
MAP21_e13_p2_18	Map021.json	0	dialogue	よし、そのまま、しばらくじっとしていろ…。
MAP21_e13_p2_2	Map021.json	0	dialogue	ロイ：
MAP21_e13_p2_21	Map021.json	0	dialogue	　　　ロイは自分の手のひらをウィンの手の甲にのせた　　　　　　　
MAP21_e13_p2_3	Map021.json	0	dialogue	…。
MAP21_e13_p2_30	Map021.json	0	dialogue	ロイ：
MAP21_e13_p2_31	Map021.json	0	dialogue	…無事に、継承できたようだ。
MAP21_e13_p2_34	Map021.json	0	dialogue	おそらく、まだ自覚できるような力を
MAP21_e13_p2_35	Map021.json	0	dialogue	感じることはないだろう…。
MAP21_e13_p2_36	Map021.json	0	dialogue	しかし紋章は、闇の力が強まるにつれて、
MAP21_e13_p2_37	Map021.json	0	dialogue	その輝きを増すと言われる。
MAP21_e13_p2_39	Map021.json	0	dialogue	その力…
MAP21_e13_p2_40	Map021.json	0	dialogue	エレメンタルパワーが、具体的に、
MAP21_e13_p2_41	Map021.json	0	dialogue	どういった力なのかは、俺にも分からん。
MAP21_e13_p2_43	Map021.json	0	dialogue	紋章の力が強まったとしても…
MAP21_e13_p2_44	Map021.json	0	dialogue	それは、闇の力もまた強まっている事を
MAP21_e13_p2_45	Map021.json	0	dialogue	意味する。
MAP21_e13_p2_47	Map021.json	0	dialogue	とは言え…これは俺が古文書を調べて何とか
MAP21_e13_p2_48	Map021.json	0	dialogue	得た知識に過ぎん。
MAP21_e13_p2_49	Map021.json	0	dialogue	実際にどうなるのかは…誰にも分からんのだ。
MAP21_e13_p2_51	Map021.json	0	dialogue	ウィンよ。直ちにお前が継承者になった事を
MAP21_e13_p2_52	Map021.json	0	dialogue	ウィンダム王に報告し、そののち、
MAP21_e13_p2_53	Map021.json	0	dialogue	急いでフレイム王国とセイリューに向かえ。
MAP21_e13_p2_55	Map021.json	0	dialogue	俺はまだ気になることがある…。
MAP21_e13_p2_56	Map021.json	0	dialogue	過去に読んだ文献をもう一通り読み直してみる。
MAP21_e13_p2_58	Map021.json	0	dialogue	闇のエレメントに対抗するには、
MAP21_e13_p2_59	Map021.json	0	dialogue	火、水、風、全ての紋章の力が必要なのだ。
MAP21_e13_p2_60	Map021.json	0	dialogue	頼んだぞ、ウィン。
MAP21_e13_p2_62	Map021.json	0	dialogue	…だがその前に、もしよかったら、
MAP21_e13_p2_63	Map021.json	0	dialogue	お前に聞いて欲しい話がある。
MAP21_e13_p2_64	Map021.json	0	dialogue	聞いてくれる気になったなら、もう一度
MAP21_e13_p2_65	Map021.json	0	dialogue	俺に話し掛けてくれ…。
MAP21_e13_p2_8	Map021.json	0	dialogue	ロイ：
MAP21_e13_p2_9	Map021.json	0	dialogue	…何も言うな、ウィン。
MAP21_e13_p3_1	Map021.json	0	dialogue	ウィンよ。直ちにお前が継承者になった事を
MAP21_e13_p3_10	Map021.json	0	dialogue	…。
MAP21_e13_p3_12	Map021.json	0	dialogue	…ピピンのことか。
MAP21_e13_p3_13	Map021.json	0	dialogue	すまなかった。
MAP21_e13_p3_14	Map021.json	0	dialogue	俺があいつに、あんな言い方をしてしまった
MAP21_e13_p3_15	Map021.json	0	dialogue	のには、一応、理由があるんだ…。
MAP21_e13_p3_17	Map021.json	0	dialogue	俺の、若い頃の昔話だ…。
MAP21_e13_p3_18	Map021.json	0	dialogue	お前は風の紋章の継承者だ。
MAP21_e13_p3_19	Map021.json	0	dialogue	話しておいてもいいのかも知れん…。
MAP21_e13_p3_2	Map021.json	0	dialogue	ウィンダム王に報告し、そののち、
MAP21_e13_p3_21	Map021.json	0	dialogue	だが、長くなるぞ。
MAP21_e13_p3_22	Map021.json	0	dialogue	それでもよければ、聞くか？
MAP21_e13_p3_23_c0	Map021.json	choice	choice	聞きます
MAP21_e13_p3_23_c1	Map021.json	choice	choice	聞きません
MAP21_e13_p3_26	Map021.json	1	dialogue	わかった。
MAP21_e13_p3_27	Map021.json	1	dialogue	俺が風の紋章を継承したのは…
MAP21_e13_p3_28	Map021.json	1	dialogue	実は子供の頃だったんだ。
MAP21_e13_p3_29	Map021.json	1	dialogue	ああ、まだ字も読めなかったくらい、幼い頃だ
MAP21_e13_p3_3	Map021.json	0	dialogue	急いでフレイム王国とセイリューに向かえ。
MAP21_e13_p3_38	Map021.json	1	dialogue	そうだな…。
MAP21_e13_p3_39	Map021.json	1	dialogue	いまは時間が惜しい。
MAP21_e13_p3_40	Map021.json	1	dialogue	いつか機会があれば、聞いてくれ。
MAP21_e13_p3_5	Map021.json	0	dialogue	闇のエレメントに対抗するには、
MAP21_e13_p3_6	Map021.json	0	dialogue	火、水、風、全ての紋章の力が必要なのだ。
MAP21_e13_p3_7	Map021.json	0	dialogue	頼んだぞ、ウィン。
MAP21_e13_p3_9	Map021.json	0	dialogue	ロイ：
MAP21_e13_p4_10	Map021.json	0	dialogue	…。
MAP21_e13_p4_101	Map021.json	0	dialogue	この世界にまだほんの少しだけ残っていた、
MAP21_e13_p4_102	Map021.json	0	dialogue	俺の味方を　してくれるひとたちだった…
MAP21_e13_p4_104	Map021.json	0	dialogue	でも、その頃の俺は、そのありがたみも
MAP21_e13_p4_105	Map021.json	0	dialogue	わかっていなかった…。
MAP21_e13_p4_106	Map021.json	0	dialogue	誰でも同じ…他人が嫌いだった。
MAP21_e13_p4_108	Map021.json	0	dialogue	だから…
MAP21_e13_p4_109	Map021.json	0	dialogue	その頃ちまたを騒がしていた野盗の集団が、
MAP21_e13_p4_110	Map021.json	0	dialogue	西の監視塔に集まっているという情報が入った
MAP21_e13_p4_111	Map021.json	0	dialogue	とき…
MAP21_e13_p4_113	Map021.json	0	dialogue	俺は内心ホッとしながら…
MAP21_e13_p4_114	Map021.json	0	dialogue	街のひとたちをそのまま置いて、
MAP21_e13_p4_115	Map021.json	0	dialogue	現場の指揮に向かったんだ。
MAP21_e13_p4_12	Map021.json	0	dialogue	俺の父は…
MAP21_e13_p4_14	Map021.json	0	dialogue	俺の父は家に帰る途中に、
MAP21_e13_p4_15	Map021.json	0	dialogue	魔物に襲われて死んだ。
MAP21_e13_p4_17	Map021.json	0	dialogue	俺の父はどうも弱かったみたいだな…。
MAP21_e13_p4_18	Map021.json	0	dialogue	頭はすごく良かったらしいんだが…
MAP21_e13_p4_19	Map021.json	0	dialogue	ともかく、
MAP21_e13_p4_21	Map021.json	0	dialogue	俺は父から、幼い頃に紋章を継承したんだ。
MAP21_e13_p4_22	Map021.json	0	dialogue	俺の手に紋章が刻まれてすぐに、
MAP21_e13_p4_23	Map021.json	0	dialogue	父は死んだ。
MAP21_e13_p4_25	Map021.json	0	dialogue	まるで、とっくに死んでいたはずの父を、
MAP21_e13_p4_26	Map021.json	0	dialogue	紋章がぎりぎりこの世につなぎとめていたか
MAP21_e13_p4_27	Map021.json	0	dialogue	のように…すぐに死んだんだ。
MAP21_e13_p4_29	Map021.json	0	dialogue	それからの俺は…
MAP21_e13_p4_30	Map021.json	0	dialogue	もう、子どもであることをやめた。
MAP21_e13_p4_32	Map021.json	0	dialogue	毎日、昼は身体を鍛え、夜は寝ずに本を読み…
MAP21_e13_p4_33	Map021.json	0	dialogue	自分をひたすらに追い込んだ。
MAP21_e13_p4_34	Map021.json	0	dialogue	強くなる為に。それは父の遺言でもあったが…
MAP21_e13_p4_36	Map021.json	0	dialogue	何より俺はもう、紋章の継承者だったから。
MAP21_e13_p4_37	Map021.json	0	dialogue	将来は、騎士団長にならなければならない…
MAP21_e13_p4_38	Map021.json	0	dialogue	世界の危機が来たら、それを防げる男に
MAP21_e13_p4_39	Map021.json	0	dialogue	ならなければならない…
MAP21_e13_p4_41	Map021.json	0	dialogue	その一心だったのさ。
MAP21_e13_p4_43	Map021.json	0	dialogue	そして俺は、天才と呼ばれるようになった…。
MAP21_e13_p4_44	Map021.json	0	dialogue	そう、ピピンと同じようなものだ。
MAP21_e13_p4_46	Map021.json	0	dialogue	剣でも知識でも、騎士団の誰も、
MAP21_e13_p4_47	Map021.json	0	dialogue	俺にかなわなかったんだ。
MAP21_e13_p4_48	Map021.json	0	dialogue	既に継承者であったこともあって、
MAP21_e13_p4_49	Map021.json	0	dialogue	騎士になってすぐに騎士団長候補になった。
MAP21_e13_p4_51	Map021.json	0	dialogue	だがな…
MAP21_e13_p4_52	Map021.json	0	dialogue	俺はその頃にはもう…
MAP21_e13_p4_53	Map021.json	0	dialogue	ほとんど燃え尽きてしまったんだ…
MAP21_e13_p4_55	Map021.json	0	dialogue	誰もが…俺のことを嫌いだった。
MAP21_e13_p4_56	Map021.json	0	dialogue	歩いていても、聞こえてくるのは、
MAP21_e13_p4_57	Map021.json	0	dialogue	俺に対する陰口や嫌みばかり…。
MAP21_e13_p4_59	Map021.json	0	dialogue	俺の能力のことも…
MAP21_e13_p4_60	Map021.json	0	dialogue	幼い頃に父から貰った紋章のおかげだと、
MAP21_e13_p4_61	Map021.json	0	dialogue	みんなが言うのさ。
MAP21_e13_p4_63	Map021.json	0	dialogue	勿論…紋章がその持ち主の能力を高めるなんて
MAP21_e13_p4_64	Map021.json	0	dialogue	話は聞いたことがなかったし…
MAP21_e13_p4_65	Map021.json	0	dialogue	きっと、周りの連中もそんなことは
MAP21_e13_p4_66	Map021.json	0	dialogue	分かっていた…
MAP21_e13_p4_68	Map021.json	0	dialogue	だけど、彼らからすれば、妬ましかったのさ。
MAP21_e13_p4_69	Map021.json	0	dialogue	騎士になる大抵の連中は…
MAP21_e13_p4_70	Map021.json	0	dialogue	将来騎士団長になること、継承者になることを、
MAP21_e13_p4_71	Map021.json	0	dialogue	夢見ているものだからな…。
MAP21_e13_p4_73	Map021.json	0	dialogue	それを俺も分かっていたからこそ、
MAP21_e13_p4_74	Map021.json	0	dialogue	誰よりも努力し…自分を鍛えて、
MAP21_e13_p4_75	Map021.json	0	dialogue	誰から見ても継承者に相応しい男になろうと
MAP21_e13_p4_76	Map021.json	0	dialogue	してきたんだがな…。
MAP21_e13_p4_78	Map021.json	0	dialogue	だがそうなった頃には…
MAP21_e13_p4_79	Map021.json	0	dialogue	俺は誰からも嫌われていて…　そして…
MAP21_e13_p4_81	Map021.json	0	dialogue	何より俺自身が…
MAP21_e13_p4_82	Map021.json	0	dialogue	みんなのことを嫌いになってしまっていた…。
MAP21_e13_p4_84	Map021.json	0	dialogue	それどころか…
MAP21_e13_p4_85	Map021.json	0	dialogue	自分が騎士団長になったら…
MAP21_e13_p4_86	Map021.json	0	dialogue	あいつらを散々いじめてやろうとすら
MAP21_e13_p4_87	Map021.json	0	dialogue	思っていたのさ。
MAP21_e13_p4_89	Map021.json	0	dialogue	もうそれくらいしか…
MAP21_e13_p4_9	Map021.json	0	dialogue	ロイ：
MAP21_e13_p4_90	Map021.json	0	dialogue	希望というか…　やりたいことがなかった…。
MAP21_e13_p4_91	Map021.json	0	dialogue	この世界を守りたいなんて、ちっとも
MAP21_e13_p4_92	Map021.json	0	dialogue	思えなくなっていたからな…。
MAP21_e13_p4_94	Map021.json	0	dialogue	そして…
MAP21_e13_p4_95	Map021.json	0	dialogue	あれは俺が騎士団長になって間もない頃だ。
MAP21_e13_p4_97	Map021.json	0	dialogue	父と仲の良かった街のひとたちが、
MAP21_e13_p4_98	Map021.json	0	dialogue	俺の騎士団長就任のお祝いに、
MAP21_e13_p4_99	Map021.json	0	dialogue	俺の家に集まったんだ。
MAP21_e13_p5_11	Map021.json	0	dialogue	詳しくはわからないが…
MAP21_e13_p5_12	Map021.json	0	dialogue	もしかすると紋章は…
MAP21_e13_p5_13	Map021.json	0	dialogue	自らが失われそうなときに、少しだけ力を
MAP21_e13_p5_14	Map021.json	0	dialogue	発揮するものなのかも知れない。
MAP21_e13_p5_16	Map021.json	0	dialogue	俺の父が死んだときも、まるで俺に継承する
MAP21_e13_p5_17	Map021.json	0	dialogue	為の時間を稼ぐために…
MAP21_e13_p5_18	Map021.json	0	dialogue	紋章が父をほんの少しだけ生きながらえさせて
MAP21_e13_p5_19	Map021.json	0	dialogue	いたように思えた。
MAP21_e13_p5_21	Map021.json	0	dialogue	…いや、とにかく
MAP21_e13_p5_23	Map021.json	0	dialogue	自分でも思っていた以上に長話になって
MAP21_e13_p5_24	Map021.json	0	dialogue	しまった…。　　すまん。
MAP21_e13_p5_26	Map021.json	0	dialogue	俺は、かつて…紋章継承者であり、
MAP21_e13_p5_27	Map021.json	0	dialogue	騎士団長でもあり…
MAP21_e13_p5_28	Map021.json	0	dialogue	天才と呼ばれるくらいの力もあった。
MAP21_e13_p5_30	Map021.json	0	dialogue	それなのに…
MAP21_e13_p5_31	Map021.json	0	dialogue	すべてに失敗したんだ。
MAP21_e13_p5_32	Map021.json	0	dialogue	自分のことも、周りのことも…
MAP21_e13_p5_33	Map021.json	0	dialogue	何が大事なのか分からなくなってしまった…
MAP21_e13_p5_35	Map021.json	0	dialogue	だから…
MAP21_e13_p5_36	Map021.json	0	dialogue	ピピンには、そうなって欲しくなかった。
MAP21_e13_p5_37	Map021.json	0	dialogue	ピピンなら、俺とは違う…
MAP21_e13_p5_38	Map021.json	0	dialogue	いい騎士団長になってくれると期待していた。
MAP21_e13_p5_40	Map021.json	0	dialogue	しかしそんなのは…
MAP21_e13_p5_41	Map021.json	0	dialogue	俺の勝手な期待だ…　
MAP21_e13_p5_42	Map021.json	0	dialogue	自分の出来なかったことを勝手に…
MAP21_e13_p5_43	Map021.json	0	dialogue	あいつに期待していたんだ。
MAP21_e13_p5_46	Map021.json	0	dialogue	………ウィン。
MAP21_e13_p5_47	Map021.json	0	dialogue	もしピピンに会うことがあったら…
MAP21_e13_p5_48	Map021.json	0	dialogue	俺が謝っていたと伝えて欲しい。
MAP21_e13_p5_50	Map021.json	0	dialogue	…。　ありがとな、ウィン…。
MAP21_e13_p5_51	Map021.json	0	dialogue	きっと…　俺はこの話を、
MAP21_e13_p5_52	Map021.json	0	dialogue	誰かに聞いて欲しかったんだ…
MAP21_e13_p5_53	Map021.json	0	dialogue	おかげで、少し楽になったよ。
MAP21_e13_p5_7	Map021.json	0	dialogue	ロイ：
MAP21_e13_p5_8	Map021.json	0	dialogue	左手はつながったままだったが…
MAP21_e13_p5_9	Map021.json	0	dialogue	剣を握ることはできなくなっていた。
MAP21_e13_p6_1	Map021.json	0	dialogue	ウィンよ。直ちにお前が継承者になった事を
MAP21_e13_p6_2	Map021.json	0	dialogue	ウィンダム王に報告し、そののち、
MAP21_e13_p6_3	Map021.json	0	dialogue	急いでフレイム王国とセイリューに向かえ。
MAP21_e13_p6_5	Map021.json	0	dialogue	闇のエレメントに対抗するには、
MAP21_e13_p6_6	Map021.json	0	dialogue	火、水、風、全ての紋章の力が必要なのだ。
MAP21_e13_p6_7	Map021.json	0	dialogue	頼んだぞ、ウィン。
MAP21_e13_p7_1	Map021.json	0	dialogue	ロイ：
MAP21_e13_p7_10	Map021.json	0	dialogue	ホノオ：
MAP21_e13_p7_11	Map021.json	0	dialogue	おう！言われなくても分かってるぜ。
MAP21_e13_p7_12	Map021.json	0	dialogue	それよりあんた、ロイさんだろ？
MAP21_e13_p7_13	Map021.json	0	dialogue	噂はフレイムまで届いているぜ！
MAP21_e13_p7_15	Map021.json	0	dialogue	天才騎士って呼ばれていたロイさんと、
MAP21_e13_p7_16	Map021.json	0	dialogue	いつか剣の勝負をしてみたいと思ってた…
MAP21_e13_p7_17	Map021.json	0	dialogue	んだけど…
MAP21_e13_p7_19	Map021.json	0	dialogue	いまのアンタ、剣が握れないんだってな。
MAP21_e13_p7_2	Map021.json	0	dialogue	おお、火の紋章の継承者、ホノオ王子ですな。
MAP21_e13_p7_20	Map021.json	0	dialogue	残念だぜ。
MAP21_e13_p7_22	Map021.json	0	dialogue	ロイ：
MAP21_e13_p7_23	Map021.json	0	dialogue	もし握れたとしても、フレイムの王子と
MAP21_e13_p7_24	Map021.json	0	dialogue	立ち会うなど恐れ多くて、出来るとは
MAP21_e13_p7_25	Map021.json	0	dialogue	思えんな。
MAP21_e13_p7_27	Map021.json	0	dialogue	それよりも、王子、ウィン。
MAP21_e13_p7_28	Map021.json	0	dialogue	セイリューへ急いでくれ。
MAP21_e13_p7_29	Map021.json	0	dialogue	気になることがある…
MAP21_e13_p7_3	Map021.json	0	dialogue	聞いての通り、闇のエレメントの復活が
MAP21_e13_p7_30	Map021.json	0	dialogue	私も急いで調べたいことがあるのだ。
MAP21_e13_p7_4	Map021.json	0	dialogue	近付いております。
MAP21_e13_p7_6	Map021.json	0	dialogue	風の紋章の継承者である、騎士ウィンと共に、
MAP21_e13_p7_7	Map021.json	0	dialogue	セイリューの水の紋章継承者と、少しでも
MAP21_e13_p7_8	Map021.json	0	dialogue	早く合流してくだされ。
MAP21_e13_p8_1	Map021.json	0	dialogue	ロイ：
MAP21_e13_p8_10	Map021.json	0	dialogue	言われなくても分かってるんだけど。
MAP21_e13_p8_11	Map021.json	0	dialogue	それよりあんた、ロイさんだろ？
MAP21_e13_p8_12	Map021.json	0	dialogue	噂はセイリューにも届いていた。
MAP21_e13_p8_14	Map021.json	0	dialogue	天才騎士とほまれの高いロイさんと、
MAP21_e13_p8_15	Map021.json	0	dialogue	いつか立ち合いがしてみたいと、
MAP21_e13_p8_16	Map021.json	0	dialogue	村中の腕自慢が騒いでいたものだ。
MAP21_e13_p8_18	Map021.json	0	dialogue	ナガレ：
MAP21_e13_p8_19	Map021.json	0	dialogue	剣が握れなくったって、城の兵たちに色々
MAP21_e13_p8_2	Map021.json	0	dialogue	おお、セイリューの領主、ナガレどのですな。
MAP21_e13_p8_20	Map021.json	0	dialogue	教えてやれることはあるんじゃないのか？
MAP21_e13_p8_22	Map021.json	0	dialogue	ロイ：
MAP21_e13_p8_23	Map021.json	0	dialogue	…そうですな。いや、その通りです。
MAP21_e13_p8_25	Map021.json	0	dialogue	しかしいまはその話よりも…
MAP21_e13_p8_26	Map021.json	0	dialogue	少しでも早く、紋章の継承を急いでいただき
MAP21_e13_p8_27	Map021.json	0	dialogue	たいのです。
MAP21_e13_p8_28	Map021.json	0	dialogue	どうにも近いうちに何か起こる気がするのです
MAP21_e13_p8_3	Map021.json	0	dialogue	聞いての通り、闇のエレメントの復活が
MAP21_e13_p8_4	Map021.json	0	dialogue	近付いております。
MAP21_e13_p8_6	Map021.json	0	dialogue	ホノオ王子、騎士ウィンと共に、
MAP21_e13_p8_7	Map021.json	0	dialogue	真の水の紋章継承を急いでくだされ。
MAP21_e13_p8_9	Map021.json	0	dialogue	ナガレ：
MAP21_e14_p0_1	Map021.json	0	dialogue	『エレメントの本質』
MAP21_e14_p0_2	Map021.json	0	dialogue	…と、書かれた本がある。読んでみようか…。
MAP21_e14_p0_3_c0	Map021.json	choice	choice	読んでみる
MAP21_e14_p0_3_c1	Map021.json	choice	choice	読まない
MAP21_e14_p0_6	Map021.json	1	dialogue	………。
MAP21_e14_p0_8	Map021.json	1	dialogue	大昔のことばがほとんどで、ウィンには読めなかった…。
MAP21_e15_p0_1	Map021.json	0	dialogue	『闇の四天王とは』
MAP21_e15_p0_10	Map021.json	1	dialogue	……道士　…………
MAP21_e15_p0_12	Map021.json	1	dialogue	この四つの……唯…四天王……である
MAP21_e15_p0_2	Map021.json	0	dialogue	…と、表紙に書かれた本がある。読んでみようか。
MAP21_e15_p0_3_c0	Map021.json	choice	choice	読んでみる
MAP21_e15_p0_3_c1	Map021.json	choice	choice	読まない
MAP21_e15_p0_6	Map021.json	1	dialogue	巨大な蛇の…女…士　…ケ……
MAP21_e15_p0_7	Map021.json	1	dialogue	……な鎧に……騎…　…ウ……
MAP21_e15_p0_8	Map021.json	1	dialogue	美し…化…血…………
MAP21_e16_p0_1	Map021.json	0	dialogue	『騎士ロイ様へ』
MAP21_e16_p0_2	Map021.json	0	dialogue	…と、書かれた手紙がある。読んでみようか。
MAP21_e16_p0_4	Map021.json	0	dialogue	ロイ：
MAP21_e16_p0_5	Map021.json	0	dialogue	おい！勝手にいじるんじゃない！
MAP21_e17_name	Map021.json	event name	name	ピピン去る
MAP21_e17_p1_10	Map021.json	0	dialogue	ロイ：
MAP21_e17_p1_100	Map021.json	0	dialogue	ロイ：
MAP21_e17_p1_101	Map021.json	0	dialogue	その目だ、ピピン。
MAP21_e17_p1_103	Map021.json	0	dialogue	ピピン：
MAP21_e17_p1_104	Map021.json	0	dialogue	…は？
MAP21_e17_p1_106	Map021.json	0	dialogue	ロイ：
MAP21_e17_p1_107	Map021.json	0	dialogue	お前のその目だ…。
MAP21_e17_p1_108	Map021.json	0	dialogue	お前の目は…　かつての私と同じだ…。
MAP21_e17_p1_11	Map021.json	0	dialogue	俺を連れ出しに…か。
MAP21_e17_p1_110	Map021.json	0	dialogue	ピピン：
MAP21_e17_p1_111	Map021.json	0	dialogue	……何を言っている…？
MAP21_e17_p1_113	Map021.json	0	dialogue	ロイ：
MAP21_e17_p1_114	Map021.json	0	dialogue	ピピン、俺はお前の才能を買っていた。
MAP21_e17_p1_115	Map021.json	0	dialogue	騎士団にお前を入れる最終決定も俺が下した。
MAP21_e17_p1_117	Map021.json	0	dialogue	ピピン：
MAP21_e17_p1_118	Map021.json	0	dialogue	……だ、だったらなおのこと、どうして俺を
MAP21_e17_p1_119	Map021.json	0	dialogue	継承者にしない！？
MAP21_e17_p1_121	Map021.json	0	dialogue	ロイ：
MAP21_e17_p1_122	Map021.json	0	dialogue	お前の目は、自分が何を守りたいのかを
MAP21_e17_p1_123	Map021.json	0	dialogue	分かっていない…。
MAP21_e17_p1_124	Map021.json	0	dialogue	自分のことしか考えていない…。
MAP21_e17_p1_126	Map021.json	0	dialogue	だから結局は、そう…
MAP21_e17_p1_127	Map021.json	0	dialogue	お前は、自分自身のことすら分かっていない。
MAP21_e17_p1_128	Map021.json	0	dialogue	そんな男に、世界の命運は託せん。
MAP21_e17_p1_13	Map021.json	0	dialogue	陛下のことだ。用もなく俺を呼び出したりは
MAP21_e17_p1_130	Map021.json	0	dialogue	ピピン：
MAP21_e17_p1_131	Map021.json	0	dialogue	き…きさま…！
MAP21_e17_p1_133	Map021.json	0	dialogue	ロイ：
MAP21_e17_p1_134	Map021.json	0	dialogue	だから俺はウィンを選んだ。
MAP21_e17_p1_135	Map021.json	0	dialogue	ウィンも、以前から俺が期待していた
MAP21_e17_p1_136	Map021.json	0	dialogue	若者だったからな。
MAP21_e17_p1_138	Map021.json	0	dialogue	ピピン：
MAP21_e17_p1_139	Map021.json	0	dialogue	…くっ！
MAP21_e17_p1_14	Map021.json	0	dialogue	しないはずだが、一応理由を聞かせて貰おう。
MAP21_e17_p1_141	Map021.json	0	dialogue	ロイ：
MAP21_e17_p1_142	Map021.json	0	dialogue	だが、ピピン。お前の力も必要だ。
MAP21_e17_p1_143	Map021.json	0	dialogue	ウィンが見事継承者としての責務を果たせる
MAP21_e17_p1_144	Map021.json	0	dialogue	よう、お前がしっかりと
MAP21_e17_p1_146	Map021.json	0	dialogue	ピピン：
MAP21_e17_p1_147	Map021.json	0	dialogue	うるさい！！
MAP21_e17_p1_149	Map021.json	0	dialogue	もういい…　どうでもいい…
MAP21_e17_p1_15	Map021.json	0	dialogue	ピピン。
MAP21_e17_p1_150	Map021.json	0	dialogue	俺は…騎士を辞める。
MAP21_e17_p1_151	Map021.json	0	dialogue	こんな国、出ていく。
MAP21_e17_p1_153	Map021.json	0	dialogue	ロイ：
MAP21_e17_p1_154	Map021.json	0	dialogue	ピピン。
MAP21_e17_p1_155	Map021.json	0	dialogue	これは騎士団長からの命令だぞ。
MAP21_e17_p1_157	Map021.json	0	dialogue	ピピン：
MAP21_e17_p1_158	Map021.json	0	dialogue	知らん。
MAP21_e17_p1_159	Map021.json	0	dialogue	こんな侮辱、騎士団長といえども、
MAP21_e17_p1_160	Map021.json	0	dialogue	俺には許すことは出来ん…。
MAP21_e17_p1_162	Map021.json	0	dialogue	俺がここできさまを殺さずに去るだけでも…
MAP21_e17_p1_163	Map021.json	0	dialogue	感謝しろ、ロイ！！
MAP21_e17_p1_165	Map021.json	0	dialogue	ロイ：
MAP21_e17_p1_166	Map021.json	0	dialogue	待て！ピピン！
MAP21_e17_p1_17	Map021.json	0	dialogue	ピピン：
MAP21_e17_p1_18	Map021.json	0	dialogue	俺を知っているのか！？
MAP21_e17_p1_20	Map021.json	0	dialogue	ロイ：
MAP21_e17_p1_21	Map021.json	0	dialogue	俺は一応騎士団長でな。
MAP21_e17_p1_22	Map021.json	0	dialogue	騎士たちのリストは把握している。
MAP21_e17_p1_24	Map021.json	0	dialogue	ピピン：
MAP21_e17_p1_25	Map021.json	0	dialogue	…。
MAP21_e17_p1_28	Map021.json	0	dialogue	　　ウィンはピピンと一緒に、事の経緯をロイに説明した
MAP21_e17_p1_3	Map021.json	0	dialogue	ロイ：
MAP21_e17_p1_31	Map021.json	0	dialogue	ロイ：
MAP21_e17_p1_32	Map021.json	0	dialogue	…大魔道士ピケピケに、闇の結晶…
MAP21_e17_p1_33	Map021.json	0	dialogue	最近の魔物の増加とも、符合する。
MAP21_e17_p1_35	Map021.json	0	dialogue	お前たちの話は分かった。
MAP21_e17_p1_36	Map021.json	0	dialogue	信じがたいことだが…
MAP21_e17_p1_37	Map021.json	0	dialogue	闇のエレメントは復活するのかも知れない。
MAP21_e17_p1_39	Map021.json	0	dialogue	ピピン：
MAP21_e17_p1_4	Map021.json	0	dialogue	…何の用だ？
MAP21_e17_p1_40	Map021.json	0	dialogue	…おとぎ話じゃ、なかったのか。
MAP21_e17_p1_42	Map021.json	0	dialogue	ロイ：
MAP21_e17_p1_43	Map021.json	0	dialogue	おとぎ話だったさ…。
MAP21_e17_p1_44	Map021.json	0	dialogue	お前たちの話を聞くまではな。
MAP21_e17_p1_46	Map021.json	0	dialogue	そうなると、急がねばならん。
MAP21_e17_p1_47	Map021.json	0	dialogue	大魔道士が復活しているのなら、
MAP21_e17_p1_48	Map021.json	0	dialogue	他の四天王も蘇り、各地で動き出している。
MAP21_e17_p1_50	Map021.json	0	dialogue	紋章の継承者を集め、闇の結晶をやつらに
MAP21_e17_p1_51	Map021.json	0	dialogue	渡すのを防がねば、この大陸は急速に破滅へと
MAP21_e17_p1_52	Map021.json	0	dialogue	向かうだろう…。
MAP21_e17_p1_54	Map021.json	0	dialogue	ウィン…
MAP21_e17_p1_55	Map021.json	0	dialogue	左腕を出せ。おまえに、風の紋章を継承する。
MAP21_e17_p1_58	Map021.json	0	dialogue	ピピン：
MAP21_e17_p1_59	Map021.json	0	dialogue	なっ……！
MAP21_e17_p1_6	Map021.json	0	dialogue	ピピン：
MAP21_e17_p1_62	Map021.json	0	dialogue	ロイ：
MAP21_e17_p1_63	Map021.json	0	dialogue	俺は…以前の負傷で、剣を握ることが出来ん。
MAP21_e17_p1_64	Map021.json	0	dialogue	俺が騎士団長であり、次の候補者が未定だった
MAP21_e17_p1_65	Map021.json	0	dialogue	ことから、俺が継承者のままだったが…
MAP21_e17_p1_67	Map021.json	0	dialogue	闇のエレメントが復活しようとしているいま、
MAP21_e17_p1_68	Map021.json	0	dialogue	俺が継承者のままでいるわけにはいかんのだ。
MAP21_e17_p1_7	Map021.json	0	dialogue	あんたがロイだな。
MAP21_e17_p1_70	Map021.json	0	dialogue	だからだ…
MAP21_e17_p1_71	Map021.json	0	dialogue	急なのは承知の上だ。
MAP21_e17_p1_72	Map021.json	0	dialogue	しかし、ウィン…　おまえは騎士だ。
MAP21_e17_p1_74	Map021.json	0	dialogue	騎士であるのなら、いつでも国の…
MAP21_e17_p1_75	Map021.json	0	dialogue	世界のためにその命を捧げる覚悟は出来て
MAP21_e17_p1_76	Map021.json	0	dialogue	いるはずだ…。　　さあ、左手を…
MAP21_e17_p1_78	Map021.json	0	dialogue	ピピン：
MAP21_e17_p1_79	Map021.json	0	dialogue	な…　なんでウィンなんだ？
MAP21_e17_p1_8	Map021.json	0	dialogue	陛下から言われて、あんたを連れ出しに来た。
MAP21_e17_p1_80	Map021.json	0	dialogue	どうしてそいつが継承者なんだ！？
MAP21_e17_p1_82	Map021.json	0	dialogue	どうして俺じゃない！？
MAP21_e17_p1_84	Map021.json	0	dialogue	ロイ：
MAP21_e17_p1_85	Map021.json	0	dialogue	…。
MAP21_e17_p1_87	Map021.json	0	dialogue	ピピン：
MAP21_e17_p1_88	Map021.json	0	dialogue	俺は………！
MAP21_e17_p1_90	Map021.json	0	dialogue	俺は、そいつなんかよりもずっと強い！
MAP21_e17_p1_91	Map021.json	0	dialogue	騎士としての経験もずっと上だ！！
MAP21_e17_p1_93	Map021.json	0	dialogue	それに、紋章の継承者は…
MAP21_e17_p1_94	Map021.json	0	dialogue	この国では騎士団長になるものだ…。
MAP21_e17_p1_95	Map021.json	0	dialogue	そんな重大な決断…人選なのに…
MAP21_e17_p1_97	Map021.json	0	dialogue	どうして俺じゃなくて、ウィンなんだ！？
MAP21_e17_p1_98	Map021.json	0	dialogue	ロイ！！
MAP21_e19_name	Map021.json	event name	name	泥棒はずれ
MAP21_e19_p0_1	Map021.json	0	dialogue	持ち出して役に立つようなものは何も見つけられなかった…
MAP21_e6_name	Map021.json	event name	name	泥棒はずれ
MAP21_e6_p0_1	Map021.json	0	dialogue	持ち出して役に立つようなものは何も見つけられなかった…
MAP21_e7_name	Map021.json	event name	name	泥棒はずれ
MAP21_e7_p0_1	Map021.json	0	dialogue	持ち出して役に立つようなものは何も見つけられなかった…
MAP21_e8_name	Map021.json	event name	name	泥棒はずれ
MAP21_e8_p0_1	Map021.json	0	dialogue	持ち出して役に立つようなものは何も見つけられなかった…
MAP21_e9_name	Map021.json	event name	name	泥棒はずれ
MAP21_e9_p0_1	Map021.json	0	dialogue	持ち出して役に立つようなものは何も見つけられなかった…
MAP22_displayName	Map022.json	display name	mapname	西の監視塔　一階
MAP22_e1_name	Map022.json	event name	name	ウィンダム城下町
MAP22_e1_note	Map022.json	event note	note	入り口
MAP22_e2_name	Map022.json	event name	name	ウィンダム城下町
MAP22_e2_note	Map022.json	event note	note	入り口
MAP22_e3_name	Map022.json	event name	name	ウィンダム城下町
MAP22_e3_note	Map022.json	event note	note	入り口
MAP22_e4_name	Map022.json	event name	name	ウィンダム城下町
MAP22_e4_note	Map022.json	event note	note	入り口
MAP22_e5_name	Map022.json	event name	name	固いパン１個
MAP22_e5_p0_1	Map022.json	0	dialogue	傷薬を　１個　手に入れた！
MAP22_e5_p1_1	Map022.json	0	dialogue	持ち出して役に立つようなものは何も見つけられなかった…
MAP22_e6_p0_10	Map022.json	0	dialogue	面倒だ、一気に上まで走り抜けるぞ！
MAP22_e6_p0_12	Map022.json	0	dialogue	ウィン：
MAP22_e6_p0_13	Map022.json	0	dialogue	………。
MAP22_e6_p0_15	Map022.json	0	dialogue	ピピン：
MAP22_e6_p0_16	Map022.json	0	dialogue	…ひよっこのお前には、無理かも知れんな。
MAP22_e6_p0_17	Map022.json	0	dialogue	慎重に進むのに、付き合ってやってもいい。
MAP22_e6_p0_18	Map022.json	0	dialogue	…どうする？　お前が決めろ。
MAP22_e6_p0_19_c0	Map022.json	choice	choice	走り抜ける
MAP22_e6_p0_19_c1	Map022.json	choice	choice	慎重に進む
MAP22_e6_p0_22	Map022.json	1	dialogue	ピピン：
MAP22_e6_p0_23	Map022.json	1	dialogue	…いいだろう。
MAP22_e6_p0_24	Map022.json	1	dialogue	ザコの相手は俺がする。
MAP22_e6_p0_25	Map022.json	1	dialogue	お前は遅れずに付いてくることだけを考えろ！
MAP22_e6_p0_27	Map022.json	1	dialogue	ウィン：
MAP22_e6_p0_28	Map022.json	1	dialogue	………。
MAP22_e6_p0_31	Map022.json	1	dialogue	　　　　　　　　　　ウィンは頷いた！
MAP22_e6_p0_35	Map022.json	1	dialogue	ピピン：
MAP22_e6_p0_36	Map022.json	1	dialogue	…フン、人食いの魔物とは言え、
MAP22_e6_p0_37	Map022.json	1	dialogue	ザコしかいないな。
MAP22_e6_p0_38	Map022.json	1	dialogue	そろそろ最上階への階段だ。
MAP22_e6_p0_4	Map022.json	0	dialogue	ピピン：
MAP22_e6_p0_44	Map022.json	1	dialogue	ピピン：
MAP22_e6_p0_45	Map022.json	1	dialogue	…犬の声？
MAP22_e6_p0_46	Map022.json	1	dialogue	どこにいるんだ？　　　うわっ！
MAP22_e6_p0_49	Map022.json	1	dialogue	ピピン：
MAP22_e6_p0_5	Map022.json	0	dialogue	なんちゅう荒れっぷりだ…
MAP22_e6_p0_50	Map022.json	1	dialogue	…なんだいまの化け物は…
MAP22_e6_p0_51	Map022.json	1	dialogue	ぜんぜん普通じゃなかったぞ…！？
MAP22_e6_p0_53	Map022.json	1	dialogue	ピピン：
MAP22_e6_p0_54	Map022.json	1	dialogue	俺がいなかったら、お前は死んでいたろうな。
MAP22_e6_p0_55	Map022.json	1	dialogue	感謝しろ。
MAP22_e6_p0_56_c0	Map022.json	choice	choice	ありがとう
MAP22_e6_p0_56_c1	Map022.json	choice	choice	そんなことはない
MAP22_e6_p0_59	Map022.json	2	dialogue	ピピン：
MAP22_e6_p0_6	Map022.json	0	dialogue	放置してから数カ月どころじゃないぞ、これは
MAP22_e6_p0_60	Map022.json	2	dialogue	それよりも…　最上階から物音がする。
MAP22_e6_p0_61	Map022.json	2	dialogue	誰かいるかも知れない。調査するぞ。
MAP22_e6_p0_70	Map022.json	2	dialogue	ピピン：
MAP22_e6_p0_71	Map022.json	2	dialogue	おい、お前、本気で言っているのか？
MAP22_e6_p0_72	Map022.json	2	dialogue	自分の力の程度も把握できていないとはな…。
MAP22_e6_p0_73	Map022.json	2	dialogue	先が思いやられる奴だぜ…。
MAP22_e6_p0_75	Map022.json	2	dialogue	ピピン：
MAP22_e6_p0_76	Map022.json	2	dialogue	それよりも…　最上階から物音がする。
MAP22_e6_p0_77	Map022.json	2	dialogue	誰かいるかも知れない。調査するぞ。
MAP22_e6_p0_8	Map022.json	0	dialogue	ピピン：
MAP22_e6_p0_88	Map022.json	1	dialogue	ピピン：
MAP22_e6_p0_89	Map022.json	1	dialogue	…いいだろう。
MAP22_e6_p0_9	Map022.json	0	dialogue	ザコの魔物の気配もプンプンする…
MAP22_e6_p0_90	Map022.json	1	dialogue	ザコとのバトルにも付き合ってやる。
MAP22_e6_p0_91	Map022.json	1	dialogue	ヤバいと思ったらすぐに回復アイテムを使え。
MAP22_e6_p0_93	Map022.json	1	dialogue	ウィン：
MAP22_e6_p0_94	Map022.json	1	dialogue	…。
MAP22_e6_p0_97	Map022.json	1	dialogue	　　　　　　　　　　ウィンは頷いた！
MAP22_e6_p1_10	Map022.json	0	dialogue	かなり魔物が入り込んでいるみたいだ。
MAP22_e6_p1_11	Map022.json	0	dialogue	ウィン、油断するなよ？
MAP22_e6_p1_13	Map022.json	0	dialogue	ウィン：
MAP22_e6_p1_14	Map022.json	0	dialogue	…。
MAP22_e6_p1_17	Map022.json	0	dialogue	　　　　　　　　　　ウィンは頷いた。
MAP22_e6_p1_4	Map022.json	0	dialogue	ピピン：
MAP22_e6_p1_5	Map022.json	0	dialogue	なんちゅう荒れっぷりだ…
MAP22_e6_p1_6	Map022.json	0	dialogue	放置してから数カ月どころじゃないぞ、これは
MAP22_e6_p1_8	Map022.json	0	dialogue	ピピン：
MAP22_e6_p1_9	Map022.json	0	dialogue	しかもこの気配は…
MAP22_e7_p0_2	Map022.json	0	dialogue	　　　　ウィンダム騎士団の管理する建物です
MAP22_e7_p0_3	Map022.json	0	dialogue	　　　　　関係者以外の立ち入りを禁じます
MAP23_displayName	Map023.json	display name	mapname	西の監視塔　二階
MAP23_e1_name	Map023.json	event name	name	ウィンダム城下町
MAP23_e1_note	Map023.json	event note	note	入り口
MAP23_e2_name	Map023.json	event name	name	ウィンダム城下町
MAP23_e2_note	Map023.json	event note	note	入り口
MAP24_displayName	Map024.json	display name	mapname	西の監視塔　四階
MAP24_e1_name	Map024.json	event name	name	ウィンダム城下町
MAP24_e1_note	Map024.json	event note	note	入り口
MAP24_e2_name	Map024.json	event name	name	ウィンダム城下町
MAP24_e2_note	Map024.json	event note	note	入り口
MAP24_e3_name	Map024.json	event name	name	人食いイヌ
MAP24_e3_p0_10	Map024.json	0	dialogue	ピピン：
MAP24_e3_p0_11	Map024.json	0	dialogue	…なんだいまの化け物は…
MAP24_e3_p0_12	Map024.json	0	dialogue	ぜんぜん普通じゃなかったぞ…！？
MAP24_e3_p0_14	Map024.json	0	dialogue	ピピン：
MAP24_e3_p0_15	Map024.json	0	dialogue	俺がいなかったら、お前は死んでいたろうな。
MAP24_e3_p0_16	Map024.json	0	dialogue	感謝しろ。
MAP24_e3_p0_17_c0	Map024.json	choice	choice	ありがとう
MAP24_e3_p0_17_c1	Map024.json	choice	choice	そんなことはない
MAP24_e3_p0_20	Map024.json	1	dialogue	ピピン：
MAP24_e3_p0_21	Map024.json	1	dialogue	それよりも…　最上階から物音がする。
MAP24_e3_p0_22	Map024.json	1	dialogue	誰かいるかも知れない。調査するぞ。
MAP24_e3_p0_28	Map024.json	1	dialogue	ピピン：
MAP24_e3_p0_29	Map024.json	1	dialogue	おい、お前、本気で言っているのか？
MAP24_e3_p0_30	Map024.json	1	dialogue	自分の力の程度も把握できていないとはな…。
MAP24_e3_p0_31	Map024.json	1	dialogue	先が思いやられる奴だぜ…。
MAP24_e3_p0_33	Map024.json	1	dialogue	ピピン：
MAP24_e3_p0_34	Map024.json	1	dialogue	それよりも…　最上階から物音がする。
MAP24_e3_p0_35	Map024.json	1	dialogue	誰かいるかも知れない。調査するぞ。
MAP24_e3_p0_5	Map024.json	0	dialogue	ピピン：
MAP24_e3_p0_6	Map024.json	0	dialogue	…犬の声？
MAP24_e3_p0_7	Map024.json	0	dialogue	どこにいるんだ？　　　うわっ！
MAP24_e4_name	Map024.json	event name	name	固いパン１個
MAP24_e4_p0_1	Map024.json	0	dialogue	万金丹を　１個　手に入れた！
MAP24_e4_p1_1	Map024.json	0	dialogue	持ち出して役に立つようなものは何も見つけられなかった…
MAP25_displayName	Map025.json	display name	mapname	西の監視塔　三階
MAP25_e1_name	Map025.json	event name	name	ウィンダム城下町
MAP25_e1_note	Map025.json	event note	note	入り口
MAP25_e2_name	Map025.json	event name	name	ウィンダム城下町
MAP25_e2_note	Map025.json	event note	note	入り口
MAP25_e3_name	Map025.json	event name	name	泥棒はずれ
MAP25_e3_p0_1	Map025.json	0	dialogue	持ち出して役に立つようなものは何も見つけられなかった…
MAP26_displayName	Map026.json	display name	mapname	南の関所
MAP26_e10_p0_1	Map026.json	0	dialogue	通行手形のないもの、通り抜けを禁ずる。
MAP26_e10_p0_3	Map026.json	0	dialogue	　　　　　　　　　　　　　ウィンダム騎士団　　　　
MAP26_e12_name	Map026.json	event name	name	泥棒はずれ
MAP26_e12_p0_1	Map026.json	0	dialogue	持ち出して役に立つようなものは何も見つけられなかった…
MAP26_e13_name	Map026.json	event name	name	泥棒はずれ
MAP26_e13_p0_1	Map026.json	0	dialogue	持ち出して役に立つようなものは何も見つけられなかった…
MAP26_e14_name	Map026.json	event name	name	泥棒はずれ
MAP26_e14_p0_1	Map026.json	0	dialogue	持ち出して役に立つようなものは何も見つけられなかった…
MAP26_e15_name	Map026.json	event name	name	泥棒はずれ
MAP26_e15_p0_1	Map026.json	0	dialogue	持ち出して役に立つようなものは何も見つけられなかった…
MAP26_e16_name	Map026.json	event name	name	泥棒はずれ
MAP26_e16_p0_1	Map026.json	0	dialogue	持ち出して役に立つようなものは何も見つけられなかった…
MAP26_e17_p1_1	Map026.json	0	dialogue	関所の見張りノーマン：
MAP26_e17_p1_2	Map026.json	0	dialogue	ここから南…フレイム砂漠はマジで暑いぜ。
MAP26_e17_p1_3	Map026.json	0	dialogue	そんで魔物も強い。野盗も出る。
MAP26_e17_p1_4	Map026.json	0	dialogue	ウィン、マジで気をつけて行けよ。
MAP26_e18_name	Map026.json	event name	name	せきしょの　ひと
MAP26_e18_p0_1	Map026.json	0	dialogue	フレイムの民バス：
MAP26_e18_p0_2	Map026.json	0	dialogue	いやあまいったよー
MAP26_e18_p0_3	Map026.json	0	dialogue	こう入出国が厳しいとなると
MAP26_e18_p0_4	Map026.json	0	dialogue	商売あがったりさー
MAP26_e19_p0_1	Map026.json	0	dialogue	関所の警備兵ケン：
MAP26_e19_p0_2	Map026.json	0	dialogue	おっ！ウィン、ちゃんと万金丹持ったか？
MAP26_e19_p0_3	Map026.json	0	dialogue	ヘビがでるぞ、ヘビ！！
MAP26_e20_name	Map026.json	event name	name	娘さん
MAP26_e20_p0_1	Map026.json	0	dialogue	市民サラ：
MAP26_e20_p0_11	Map026.json	1	dialogue	えっ！！！！！！！！！？？？？？？
MAP26_e20_p0_13	Map026.json	1	dialogue	いいんですか…本当に？
MAP26_e20_p0_14	Map026.json	1	dialogue	ありがとうございます！！
MAP26_e20_p0_16	Map026.json	1	dialogue	ウィンダムに来たらぜひ私の父に会いに来て
MAP26_e20_p0_17	Map026.json	1	dialogue	下さい！
MAP26_e20_p0_18	Map026.json	1	dialogue	必ずお礼はします！
MAP26_e20_p0_19	Map026.json	1	dialogue	ありがとう！！
MAP26_e20_p0_2	Map026.json	0	dialogue	マジで参ったなあ…
MAP26_e20_p0_21	Map026.json	1	dialogue	市民マイ：
MAP26_e20_p0_22	Map026.json	1	dialogue	ありがとう騎士さま！！
MAP26_e20_p0_28	Map026.json	1	dialogue	…。
MAP26_e20_p0_3	Map026.json	0	dialogue	あついったらないし…
MAP26_e20_p0_5	Map026.json	0	dialogue	誰か通行手形をくれたりしないかなー…
MAP26_e20_p0_6	Map026.json	0	dialogue	これじゃあウィンダムの親父に孫の顔を
MAP26_e20_p0_7	Map026.json	0	dialogue	見せられないよー…
MAP26_e20_p0_8_c0	Map026.json	choice	choice	この通行手形あげます
MAP26_e20_p0_8_c1	Map026.json	choice	choice	大変ですね
MAP26_e20_p1_1	Map026.json	0	dialogue	ウィンダムに来たらぜひ私の父に会いに来て
MAP26_e20_p1_2	Map026.json	0	dialogue	下さい！
MAP26_e20_p1_3	Map026.json	0	dialogue	必ずお礼はします！
MAP26_e20_p1_4	Map026.json	0	dialogue	ありがとう！！
MAP26_e21_p0_1	Map026.json	0	dialogue	市民マイ：
MAP26_e21_p0_2	Map026.json	0	dialogue	まいったなあ　あついったらないよー
MAP26_e21_p1_1	Map026.json	0	dialogue	市民マイ：
MAP26_e21_p1_2	Map026.json	0	dialogue	騎士さま　ありがとう！！
MAP26_e22_p0_1	Map026.json	0	dialogue	市民ゲイル：
MAP26_e22_p0_2	Map026.json	0	dialogue	まいったのう…とてもじゃないが、
MAP26_e22_p0_3	Map026.json	0	dialogue	日が暮れる前に通れるようには
MAP26_e22_p0_4	Map026.json	0	dialogue	ならなそうじゃのう
MAP26_e23_p0_1	Map026.json	0	dialogue	宿屋の子ストール：
MAP26_e23_p0_2	Map026.json	0	dialogue	騎士さまも　とおせんぼされたの？
MAP26_e23_p0_3	Map026.json	0	dialogue	だったらうちの宿に泊まっていきなよ！
MAP26_e9_name	Map026.json	event name	name	南の関所の見張り
MAP26_e9_p0_1	Map026.json	0	dialogue	関所の見張りノーマン：
MAP26_e9_p0_2	Map026.json	0	dialogue	あれ、ウィンじゃないか。
MAP26_e9_p0_3	Map026.json	0	dialogue	どうしたんだ？ここは通行手形がないと
MAP26_e9_p0_4	Map026.json	0	dialogue	騎士でも通ることはできないぞ。
MAP26_e9_p0_6	Map026.json	0	dialogue	ピピン：
MAP26_e9_p0_7	Map026.json	0	dialogue	ここはフレイム王国への関所だ。
MAP26_e9_p0_8	Map026.json	0	dialogue	…おい、ウィン。なんでここへ来たんだ？
MAP26_e9_p1_1	Map026.json	0	dialogue	関所の見張りノーマン：
MAP26_e9_p1_2	Map026.json	0	dialogue	あれ、ウィンじゃないか。
MAP26_e9_p1_3	Map026.json	0	dialogue	どうしたんだ？ここは通行手形がないと
MAP26_e9_p1_4	Map026.json	0	dialogue	騎士でも通ることはできないぞ。
MAP26_e9_p2_1	Map026.json	0	dialogue	関所の見張りノーマン：
MAP26_e9_p2_10	Map026.json	0	dialogue	それはまさに国王陛下の発行する通行手形！！
MAP26_e9_p2_11	Map026.json	0	dialogue	ははーーーっ
MAP26_e9_p2_12	Map026.json	0	dialogue	騎士ウィン様どうぞお通りくださいませー
MAP26_e9_p2_2	Map026.json	0	dialogue	あれ、ウィンじゃないか。
MAP26_e9_p2_3	Map026.json	0	dialogue	どうしたんだ？ここは通行手形がないと
MAP26_e9_p2_4	Map026.json	0	dialogue	騎士でも通ることはできないぞ。
MAP26_e9_p2_7	Map026.json	0	dialogue	　　　　　　　　ウィンは通行手形を見せた！
MAP26_e9_p2_9	Map026.json	0	dialogue	関所の見張りノーマン：
MAP27_displayName	Map027.json	display name	mapname	西の監視塔　最上階
MAP27_e1_name	Map027.json	event name	name	ウィンダム城下町
MAP27_e1_note	Map027.json	event note	note	入り口
MAP27_e1_p0_1	Map027.json	0	dialogue	もう塔から出ようか、それともまだ探索しようか…
MAP27_e1_p0_2_c0	Map027.json	choice	choice	出よう
MAP27_e1_p0_2_c1	Map027.json	choice	choice	探索しよう
MAP27_e1_p1_1	Map027.json	0	dialogue	もう塔から出ようか、それともまだ探索しようか…
MAP27_e1_p1_2_c0	Map027.json	choice	choice	出よう
MAP27_e1_p1_2_c1	Map027.json	choice	choice	探索しよう
MAP27_e2_name	Map027.json	event name	name	ピケピケ初見
MAP27_e2_p0_10	Map027.json	0	dialogue	とは言え…そうとは言えだ！
MAP27_e2_p0_11	Map027.json	0	dialogue	やはり、やっぱり、闇の結晶を集めなければならない…
MAP27_e2_p0_12	Map027.json	0	dialogue	そう言うことか…　面倒だなあああああああ！
MAP27_e2_p0_14	Map027.json	0	dialogue	ピピン：
MAP27_e2_p0_15	Map027.json	0	dialogue	…おいっ！
MAP27_e2_p0_21	Map027.json	0	dialogue	？：
MAP27_e2_p0_22	Map027.json	0	dialogue	…んんん？
MAP27_e2_p0_26	Map027.json	0	dialogue	ピピン：
MAP27_e2_p0_27	Map027.json	0	dialogue	お前、ここで何をしている？
MAP27_e2_p0_28	Map027.json	0	dialogue	何者だ？答えろ！
MAP27_e2_p0_30	Map027.json	0	dialogue	？：
MAP27_e2_p0_31	Map027.json	0	dialogue	…王国？　騎士団だと…？？
MAP27_e2_p0_32	Map027.json	0	dialogue	あー　忌まわしき風の紋章の継承者が…
MAP27_e2_p0_34	Map027.json	0	dialogue	？：
MAP27_e2_p0_35	Map027.json	0	dialogue	勝手に国などを作って…
MAP27_e2_p0_36	Map027.json	0	dialogue	威張っているのだな…！　この時代では！！
MAP27_e2_p0_38	Map027.json	0	dialogue	ピピン：
MAP27_e2_p0_39	Map027.json	0	dialogue	時代…？何を言っている！？
MAP27_e2_p0_4	Map027.json	0	dialogue	？：
MAP27_e2_p0_40	Map027.json	0	dialogue	しかしその姿、ガイコツか…　魔物か？
MAP27_e2_p0_42	Map027.json	0	dialogue	？：
MAP27_e2_p0_43	Map027.json	0	dialogue	魔物…だとー？
MAP27_e2_p0_44	Map027.json	0	dialogue	この大魔道士ピケピケ様に向かって…
MAP27_e2_p0_45	Map027.json	0	dialogue	魔物だとぬかしたか！　そこの赤いの！！
MAP27_e2_p0_47	Map027.json	0	dialogue	ピケピケ：
MAP27_e2_p0_48	Map027.json	0	dialogue	私はこの世界を真に束ねる力、その担い手…
MAP27_e2_p0_49	Map027.json	0	dialogue	闇のエレメント四天王筆頭…
MAP27_e2_p0_5	Map027.json	0	dialogue	ふむ、ふむ…
MAP27_e2_p0_51	Map027.json	0	dialogue	ピケピケ：
MAP27_e2_p0_52	Map027.json	0	dialogue	大魔道士……ピ！ケ！ピ！ケ！様であるぞ！！
MAP27_e2_p0_54	Map027.json	0	dialogue	ピピン：
MAP27_e2_p0_55	Map027.json	0	dialogue	ピ…　なんだって？
MAP27_e2_p0_56	Map027.json	0	dialogue	よく分からないが、魔物に騎士団の建物を
MAP27_e2_p0_57	Map027.json	0	dialogue	ウロウロさせとくわけにはいかん。
MAP27_e2_p0_59	Map027.json	0	dialogue	ピピン：
MAP27_e2_p0_6	Map027.json	0	dialogue	風のエレメントの力も、
MAP27_e2_p0_60	Map027.json	0	dialogue	覚悟しろ！ぶっ殺してやる！
MAP27_e2_p0_62	Map027.json	0	dialogue	ピケピケ：
MAP27_e2_p0_63	Map027.json	0	dialogue	何でもいいとは何だ！　失礼なやつだ！
MAP27_e2_p0_64	Map027.json	0	dialogue	私の名は、ピケピケだと言っている…
MAP27_e2_p0_65	Map027.json	0	dialogue	おぼえろ、ピケピケ様だ！！
MAP27_e2_p0_67	Map027.json	0	dialogue	ピピン：
MAP27_e2_p0_68	Map027.json	0	dialogue	うるさい！！行くぞ！　ピ…　ピカピカ！！
MAP27_e2_p0_7	Map027.json	0	dialogue	ほんの少しだが、確かに増しているようだなあ。
MAP27_e2_p0_70	Map027.json	0	dialogue	ピケピケ：
MAP27_e2_p0_71	Map027.json	0	dialogue	わざとやっているのか…！？
MAP27_e2_p0_72	Map027.json	0	dialogue	わざとやっているのだったら許さんぞー！！
MAP27_e2_p0_74	Map027.json	0	dialogue	ピピン：
MAP27_e2_p0_75	Map027.json	0	dialogue	わざとじゃない！！
MAP27_e2_p0_76	Map027.json	0	dialogue	それよりも行くぞ！早くバトル準備しろ！
MAP27_e2_p0_78	Map027.json	0	dialogue	ピケピケ：
MAP27_e2_p0_79	Map027.json	0	dialogue	ひとの名前に対してもう少し敬意を払え！
MAP27_e2_p0_80	Map027.json	0	dialogue	礼儀以前の問題だぞ、そこは！！
MAP27_e2_p0_82	Map027.json	0	dialogue	しかし…　
MAP27_e2_p0_83	Map027.json	0	dialogue	私には他にもたくさんやることがあるのだ…
MAP27_e2_p0_84	Map027.json	0	dialogue	お前らに構っているヒマは…そんなヒマはない
MAP27_e2_p0_86	Map027.json	0	dialogue	ピピン：
MAP27_e2_p0_87	Map027.json	0	dialogue	よく喋る魔物だぜ…
MAP27_e2_p0_88	Map027.json	0	dialogue	その減らず口、いますぐ…　　なに…！？
MAP27_e2_p0_9	Map027.json	0	dialogue	？：
MAP27_e2_p1_10	Map027.json	0	dialogue	とは言え…そうとは言えだ！
MAP27_e2_p1_101	Map027.json	0	dialogue	ピピン：
MAP27_e2_p1_102	Map027.json	0	dialogue	よく喋る魔物だぜ…
MAP27_e2_p1_103	Map027.json	0	dialogue	その減らず口、いますぐ…　　なに…！？
MAP27_e2_p1_11	Map027.json	0	dialogue	やはり、やっぱり、闇の結晶を集めなければならない…
MAP27_e2_p1_12	Map027.json	0	dialogue	そう言うことか…　面倒だなあああああああ！
MAP27_e2_p1_14	Map027.json	0	dialogue	ピピン：
MAP27_e2_p1_15	Map027.json	0	dialogue	…おいっ！
MAP27_e2_p1_21	Map027.json	0	dialogue	？：
MAP27_e2_p1_22	Map027.json	0	dialogue	…んんん？
MAP27_e2_p1_26	Map027.json	0	dialogue	ピピン：
MAP27_e2_p1_27	Map027.json	0	dialogue	お前、ここで何をしている？
MAP27_e2_p1_28	Map027.json	0	dialogue	何者だ？答えろ！
MAP27_e2_p1_30	Map027.json	0	dialogue	？：
MAP27_e2_p1_31	Map027.json	0	dialogue	…王国？　騎士団だと…？？
MAP27_e2_p1_32	Map027.json	0	dialogue	あー　忌まわしき風の紋章の継承者が…
MAP27_e2_p1_34	Map027.json	0	dialogue	？：
MAP27_e2_p1_35	Map027.json	0	dialogue	勝手に国などを作って…
MAP27_e2_p1_36	Map027.json	0	dialogue	威張っているのだな…！　この時代では！！
MAP27_e2_p1_38	Map027.json	0	dialogue	ピピン：
MAP27_e2_p1_39	Map027.json	0	dialogue	時代…？何を言っている！？
MAP27_e2_p1_4	Map027.json	0	dialogue	？：
MAP27_e2_p1_40	Map027.json	0	dialogue	しかしその姿、ガイコツか…　魔物か？
MAP27_e2_p1_42	Map027.json	0	dialogue	？：
MAP27_e2_p1_43	Map027.json	0	dialogue	魔物…だとー？
MAP27_e2_p1_44	Map027.json	0	dialogue	この大魔道士ピケピケ様に向かって…
MAP27_e2_p1_45	Map027.json	0	dialogue	魔物だとぬかしたか！　そこの赤いの！！
MAP27_e2_p1_47	Map027.json	0	dialogue	ピケピケ：
MAP27_e2_p1_48	Map027.json	0	dialogue	私はこの世界を真に束ねる力、その担い手…
MAP27_e2_p1_49	Map027.json	0	dialogue	闇のエレメント四天王筆頭…
MAP27_e2_p1_5	Map027.json	0	dialogue	ふむ、ふむ…
MAP27_e2_p1_51	Map027.json	0	dialogue	ピケピケ：
MAP27_e2_p1_52	Map027.json	0	dialogue	大魔道士……ピ！ケ！ピ！ケ！様であるぞ！！
MAP27_e2_p1_54	Map027.json	0	dialogue	ピピン：
MAP27_e2_p1_55	Map027.json	0	dialogue	ピ…　なんだって？
MAP27_e2_p1_56	Map027.json	0	dialogue	よく分からないが、魔物に騎士団の建物を
MAP27_e2_p1_57	Map027.json	0	dialogue	ウロウロさせとくわけにはいかん。
MAP27_e2_p1_59	Map027.json	0	dialogue	ピピン：
MAP27_e2_p1_6	Map027.json	0	dialogue	風のエレメントの力も、
MAP27_e2_p1_60	Map027.json	0	dialogue	覚悟しろ！ぶっ殺してやる！
MAP27_e2_p1_62	Map027.json	0	dialogue	ピケピケ：
MAP27_e2_p1_63	Map027.json	0	dialogue	何でもいいとは何だ！　失礼なやつだ！
MAP27_e2_p1_64	Map027.json	0	dialogue	私の名は、ピケピケだと言っている…
MAP27_e2_p1_65	Map027.json	0	dialogue	おぼえろ、ピケピケ様だ！！
MAP27_e2_p1_67	Map027.json	0	dialogue	ピピン：
MAP27_e2_p1_68	Map027.json	0	dialogue	うるさい！！行くぞ！　ピ…　ピカピカ！！
MAP27_e2_p1_7	Map027.json	0	dialogue	ほんの少しだが、確かに増しているようだなあ。
MAP27_e2_p1_70	Map027.json	0	dialogue	ピケピケ：
MAP27_e2_p1_71	Map027.json	0	dialogue	わざとやっているのか…！？
MAP27_e2_p1_72	Map027.json	0	dialogue	わざとやっているのだったら許さんぞー！！
MAP27_e2_p1_74	Map027.json	0	dialogue	ピピン：
MAP27_e2_p1_75	Map027.json	0	dialogue	わざとじゃない！！
MAP27_e2_p1_76	Map027.json	0	dialogue	それよりも行くぞ！早くバトル準備しろ！
MAP27_e2_p1_78	Map027.json	0	dialogue	ピケピケ：
MAP27_e2_p1_79	Map027.json	0	dialogue	ひとの名前に対してもう少し敬意を払え！
MAP27_e2_p1_80	Map027.json	0	dialogue	礼儀以前の問題だぞ、そこは！！
MAP27_e2_p1_82	Map027.json	0	dialogue	ピケピケ：
MAP27_e2_p1_83	Map027.json	0	dialogue	そういう悪い子には少しだけオシオキを…
MAP27_e2_p1_84	Map027.json	0	dialogue	うん、オシオキをしちゃおうかなあああ？？
MAP27_e2_p1_86	Map027.json	0	dialogue	ピケピケ：
MAP27_e2_p1_87	Map027.json	0	dialogue	ほんのちょびっとだけ相手してあげよう！！
MAP27_e2_p1_88	Map027.json	0	dialogue	ホントに、ホントにちょびっとだけね！！？？
MAP27_e2_p1_9	Map027.json	0	dialogue	？：
MAP27_e2_p1_93	Map027.json	0	dialogue	ピケピケ：
MAP27_e2_p1_94	Map027.json	0	dialogue	こんなもんでいいかな？？
MAP27_e2_p1_95	Map027.json	0	dialogue	結構やるね、キミたちいいいい！！！
MAP27_e2_p1_97	Map027.json	0	dialogue	しかし…　
MAP27_e2_p1_98	Map027.json	0	dialogue	私には他にもたくさんやることがあるのだ…
MAP27_e2_p1_99	Map027.json	0	dialogue	これ以上構っているヒマは…ない！！！！
MAP27_e2_p2_10	Map027.json	0	dialogue	…闇のエレメントがどうのとか言ってたな、
MAP27_e2_p2_11	Map027.json	0	dialogue	アイツ…。
MAP27_e2_p2_13	Map027.json	0	dialogue	ピピン：
MAP27_e2_p2_14	Map027.json	0	dialogue	そんなおとぎ話を信じているなんて、
MAP27_e2_p2_15	Map027.json	0	dialogue	ちょっとヘンなやつに違いない。
MAP27_e2_p2_17	Map027.json	0	dialogue	ピピン：
MAP27_e2_p2_18	Map027.json	0	dialogue	とは言え、そうとは言え…
MAP27_e2_p2_19	Map027.json	0	dialogue	陛下に報告しなければならないな。
MAP27_e2_p2_20	Map027.json	0	dialogue	ウィン、帰るぞ！
MAP27_e2_p2_3	Map027.json	0	dialogue	ピピン：
MAP27_e2_p2_4	Map027.json	0	dialogue	…な！？　　　あいつ、消えた！？
MAP27_e2_p2_9	Map027.json	0	dialogue	ピピン：
MAP28_displayName	Map028.json	display name	mapname	南の関所の宿屋
MAP28_e3_p0_1	Map028.json	0	dialogue	宿屋の主人ルロイ：
MAP28_e3_p0_10_c0	Map028.json	choice	choice	泊まらせてもらいます
MAP28_e3_p0_10_c1	Map028.json	choice	choice	やっぱりやめます
MAP28_e3_p0_14	Map028.json	3	dialogue	宿屋の主人ルロイ：
MAP28_e3_p0_15	Map028.json	3	dialogue	毎度ありがとさん。のんびりしていきな…。
MAP28_e3_p0_2	Map028.json	0	dialogue	よお、あんた方、今日はここで休んでいくか？
MAP28_e3_p0_23	Map028.json	3	dialogue	あんたがた、朝だよ。
MAP28_e3_p0_24	Map028.json	3	dialogue	道中気を付けてな。
MAP28_e3_p0_28	Map028.json	3	dialogue	宿屋の主人ルロイ：
MAP28_e3_p0_29	Map028.json	3	dialogue	金が足りないみたいだね…。
MAP28_e3_p0_3	Map028.json	0	dialogue	砂漠は魔物も強いし、暑さもしんどいぞ。
MAP28_e3_p0_30	Map028.json	3	dialogue	すまんがタダで泊まらせるわけには
MAP28_e3_p0_31	Map028.json	3	dialogue	いかないよ…。
MAP28_e3_p0_4_c0	Map028.json	choice	choice	泊まりたい
MAP28_e3_p0_4_c1	Map028.json	choice	choice	ちょっと寄ってみただけ
MAP28_e3_p0_7	Map028.json	1	dialogue	宿屋の主人ルロイ：
MAP28_e3_p0_8	Map028.json	1	dialogue	一泊５０Ｇだよ。
MAP28_e3_p0_9	Map028.json	1	dialogue	よろしいかな？
MAP28_e4_name	Map028.json	event name	name	泥棒はずれ
MAP28_e4_p0_1	Map028.json	0	dialogue	持ち出して役に立つようなものは何も見つけられなかった…
MAP28_e5_name	Map028.json	event name	name	泥棒はずれ
MAP28_e5_p0_1	Map028.json	0	dialogue	持ち出して役に立つようなものは何も見つけられなかった…
MAP28_e6_name	Map028.json	event name	name	泥棒はずれ
MAP28_e6_p0_1	Map028.json	0	dialogue	持ち出して役に立つようなものは何も見つけられなかった…
MAP28_e7_name	Map028.json	event name	name	泥棒はずれ
MAP28_e7_p0_1	Map028.json	0	dialogue	持ち出して役に立つようなものは何も見つけられなかった…
MAP28_e8_name	Map028.json	event name	name	泥棒はずれ
MAP28_e8_p0_1	Map028.json	0	dialogue	持ち出して役に立つようなものは何も見つけられなかった…
MAP28_e9_p0_1	Map028.json	0	dialogue	市民レオン：
MAP28_e9_p0_2	Map028.json	0	dialogue	南にあるという、コブラ酒ってのを
MAP28_e9_p0_3	Map028.json	0	dialogue	買いに来たんだが…　関所を通れなくって…
MAP28_e9_p0_5	Map028.json	0	dialogue	それで、ここで普通の酒を飲んだくれてる
MAP28_e9_p0_6	Map028.json	0	dialogue	ってわけさ　ヒック
MAP29_displayName	Map029.json	display name	mapname	南の関所の道具屋
MAP29_e3_name	Map029.json	event name	name	ウィンダム道具屋
MAP29_e3_p0_1	Map029.json	0	dialogue	道具屋バル：
MAP29_e3_p0_10	Map029.json	0	dialogue	道具屋バル：
MAP29_e3_p0_11	Map029.json	0	dialogue	お帰りかい。ありがとよ。
MAP29_e3_p0_2	Map029.json	0	dialogue	いらっしゃい。少しばかり南の品も
MAP29_e3_p0_3	Map029.json	0	dialogue	置いているよ。
MAP29_e3_p1_1	Map029.json	0	dialogue	道具屋バル：
MAP29_e3_p1_11	Map029.json	0	dialogue	道具屋バル：
MAP29_e3_p1_12	Map029.json	0	dialogue	お帰りかい。ありがとよ。
MAP29_e3_p1_2	Map029.json	0	dialogue	いらっしゃい。少しばかり南の品も
MAP29_e3_p1_3	Map029.json	0	dialogue	置いているよ。
MAP29_e4_name	Map029.json	event name	name	泥棒はずれ
MAP29_e4_p0_1	Map029.json	0	dialogue	持ち出して役に立つようなものは何も見つけられなかった…
MAP30_displayName	Map030.json	display name	mapname	旅人の宿
MAP30_e10_p0_1	Map030.json	0	dialogue	旅の占い師スエタ：
MAP30_e10_p0_10	Map030.json	1	dialogue	騎士さま、ヘビに噛まれるみたいですぞ
MAP30_e10_p0_16	Map030.json	1	dialogue	旅の占い師スエタ：
MAP30_e10_p0_17	Map030.json	1	dialogue	えー　ああ　そう…
MAP30_e10_p0_2	Map030.json	0	dialogue	おー、騎士さま、ここでお会いしたのも運命！
MAP30_e10_p0_3	Map030.json	0	dialogue	よかったら占ってさしあげましょうぞ！
MAP30_e10_p0_4_c0	Map030.json	choice	choice	占ってください
MAP30_e10_p0_4_c1	Map030.json	choice	choice	また今度で
MAP30_e10_p0_7	Map030.json	1	dialogue	うーむ　むむむむ…　見えてきた
MAP30_e10_p0_9	Map030.json	1	dialogue	ヘビに噛まれるのが見えるー…
MAP30_e2_name	Map030.json	event name	name	ウィンダム城下町
MAP30_e2_note	Map030.json	event note	note	入り口
MAP30_e3_name	Map030.json	event name	name	泥棒はずれ
MAP30_e3_p0_1	Map030.json	0	dialogue	持ち出して役に立つようなものは何も見つけられなかった…
MAP30_e4_name	Map030.json	event name	name	泥棒はずれ
MAP30_e4_p0_1	Map030.json	0	dialogue	持ち出して役に立つようなものは何も見つけられなかった…
MAP30_e5_name	Map030.json	event name	name	泥棒はずれ
MAP30_e5_p0_1	Map030.json	0	dialogue	持ち出して役に立つようなものは何も見つけられなかった…
MAP30_e6_p0_1	Map030.json	0	dialogue	宿屋の主人イリス：
MAP30_e6_p0_10_c0	Map030.json	choice	choice	泊まらせてもらいます
MAP30_e6_p0_10_c1	Map030.json	choice	choice	やっぱりやめます
MAP30_e6_p0_14	Map030.json	3	dialogue	宿屋の主人イリス：
MAP30_e6_p0_15	Map030.json	3	dialogue	はい、確かにお金はいただきましたよ。
MAP30_e6_p0_16	Map030.json	3	dialogue	ゆっくり休んでいきなされ。
MAP30_e6_p0_2	Map030.json	0	dialogue	いらっしゃい、ここは国から国へと移動する
MAP30_e6_p0_24	Map030.json	3	dialogue	もうとっくにお日様が昇っているよ。
MAP30_e6_p0_25	Map030.json	3	dialogue	そろそろ出立なさったらどうだい？
MAP30_e6_p0_29	Map030.json	3	dialogue	宿屋の主人イリス：
MAP30_e6_p0_3	Map030.json	0	dialogue	行商人や旅人のための宿屋だよ。
MAP30_e6_p0_30	Map030.json	3	dialogue	お金が足りないみたいだね…。
MAP30_e6_p0_31	Map030.json	3	dialogue	悪いけれど、また今度来てくださいね。
MAP30_e6_p0_4_c0	Map030.json	choice	choice	泊まりたい
MAP30_e6_p0_4_c1	Map030.json	choice	choice	ちょっと寄ってみただけ
MAP30_e6_p0_7	Map030.json	1	dialogue	宿屋の主人イリス：
MAP30_e6_p0_8	Map030.json	1	dialogue	はいはい、一泊で５０Ｇだよ。
MAP30_e6_p0_9	Map030.json	1	dialogue	休んでいきなさるかい？
MAP30_e8_p0_1	Map030.json	0	dialogue	行商人キサリ：
MAP30_e8_p0_11	Map030.json	0	dialogue	私はしばらくここで足止めですから…
MAP30_e8_p0_12	Map030.json	0	dialogue	もし品を気に入ったら、また来てくださいね！
MAP30_e8_p0_2	Map030.json	0	dialogue	いやー困りました。
MAP30_e8_p0_3	Map030.json	0	dialogue	まさかセイリューの橋が壊れるなんてね。
MAP30_e8_p0_4	Map030.json	0	dialogue	虫の知らせみたいなの感じるなあ。
MAP30_e8_p0_6	Map030.json	0	dialogue	おっと失礼、よかったら少し品を見て下さい！
MAP30_e8_p1_1	Map030.json	0	dialogue	行商人キサリ：
MAP30_e8_p1_12	Map030.json	0	dialogue	私はしばらくここで足止めですから…
MAP30_e8_p1_13	Map030.json	0	dialogue	もし品を気に入ったら、また来てくださいね！
MAP30_e8_p1_2	Map030.json	0	dialogue	いやー困りました。
MAP30_e8_p1_3	Map030.json	0	dialogue	まさかセイリューの橋が壊れるなんてね。
MAP30_e8_p1_4	Map030.json	0	dialogue	虫の知らせみたいなの感じるなあ。
MAP30_e8_p1_6	Map030.json	0	dialogue	おっと失礼、よかったら少し品を見て下さい！
MAP30_e8_p2_1	Map030.json	0	dialogue	行商人キサリ：
MAP30_e8_p2_10	Map030.json	0	dialogue	もし品を気に入ったら、また来てください。
MAP30_e8_p2_2	Map030.json	0	dialogue	壊れていた橋が直ったらしいです。
MAP30_e8_p2_3	Map030.json	0	dialogue	よかった…これで帰ることができる…
MAP30_e8_p2_5	Map030.json	0	dialogue	おっと失礼、よかったら少し品を見て下さい！
MAP30_e8_p3_1	Map030.json	0	dialogue	行商人キサリ：
MAP30_e8_p3_11	Map030.json	0	dialogue	もし品を気に入ったら、また来てください。
MAP30_e8_p3_2	Map030.json	0	dialogue	壊れていた橋が直ったらしいです。
MAP30_e8_p3_3	Map030.json	0	dialogue	よかった…これで帰ることができる…
MAP30_e8_p3_5	Map030.json	0	dialogue	おっと失礼、よかったら少し品を見て下さい！
MAP30_e9_p0_1	Map030.json	0	dialogue	旅人ロレン：
MAP30_e9_p0_2	Map030.json	0	dialogue	西にも行けない、国にも帰れない…
MAP30_e9_p0_3	Map030.json	0	dialogue	あー、ウィンダムに行ってみるかー
MAP30_e9_p0_4	Map030.json	0	dialogue	ごはんまずいんだよなあ、あそこー
MAP30_e9_p0_6	Map030.json	0	dialogue	旅人ロレン：
MAP30_e9_p0_7	Map030.json	0	dialogue	あ、そこにいる行商人からライスボール
MAP30_e9_p0_8	Map030.json	0	dialogue	買ってみた？　美味しいよー
MAP30_e9_p0_9	Map030.json	0	dialogue	だけどセイリューだとあの半額で買えるんだ
MAP31_displayName	Map031.json	display name	mapname	フレイム城下町
MAP31_e10_name	Map031.json	event name	name	泥棒はずれ
MAP31_e10_p0_1	Map031.json	0	dialogue	持ち出して役に立つようなものは何も見つけられなかった…
MAP31_e17_p0_1	Map031.json	0	dialogue	果物売りの少年エリン：
MAP31_e17_p0_2	Map031.json	0	dialogue	兄ちゃん一個でいいから買ってってよ！
MAP31_e17_p0_5	Map031.json	0	dialogue	果物売りの少年エリン：
MAP31_e17_p0_6	Map031.json	0	dialogue	また来てくれよ！
MAP31_e17_p1_1	Map031.json	0	dialogue	果物売りの少年エリン：
MAP31_e17_p1_2	Map031.json	0	dialogue	兄ちゃん一個でいいから買ってってよ！
MAP31_e17_p1_6	Map031.json	0	dialogue	果物売りの少年エリン：
MAP31_e17_p1_7	Map031.json	0	dialogue	また来てくれよ！
MAP31_e18_p0_1	Map031.json	0	dialogue	街の見張り兵グアン：
MAP31_e18_p0_2	Map031.json	0	dialogue	最近盗人が多いんだ。
MAP31_e18_p0_3	Map031.json	0	dialogue	あんたも気をつけてくれよ！
MAP31_e19_p0_1	Map031.json	0	dialogue	物乞いの子ビザエ：
MAP31_e19_p0_2	Map031.json	0	dialogue	あそこの店からいい匂いがするんだー
MAP31_e19_p0_3	Map031.json	0	dialogue	くんくん　何の匂いかわからないけれど
MAP31_e19_p0_4	Map031.json	0	dialogue	うまそうな匂いだぜー！
MAP31_e20_p0_1	Map031.json	0	dialogue	フレイムの民シルワル：
MAP31_e20_p0_2	Map031.json	0	dialogue	魔物が増えたってんで、最近は行商人も
MAP31_e20_p0_3	Map031.json	0	dialogue	めっきり来なくなったなあ。
MAP31_e23_p0_1	Map031.json	0	dialogue	野良犬：
MAP31_e23_p0_2	Map031.json	0	dialogue	…クーン
MAP31_e23_p0_3	Map031.json	0	dialogue	…ックーン
MAP31_e23_p1_1	Map031.json	0	dialogue	野良犬：
MAP31_e23_p1_11	Map031.json	0	dialogue	ホノオ：
MAP31_e23_p1_12	Map031.json	0	dialogue	なら、うちに来い。
MAP31_e23_p1_13	Map031.json	0	dialogue	誰かに声掛けとくからよ。
MAP31_e23_p1_14	Map031.json	0	dialogue	オレの部屋使えよ！
MAP31_e23_p1_16	Map031.json	0	dialogue	野良犬：
MAP31_e23_p1_17	Map031.json	0	dialogue	…ックー？
MAP31_e23_p1_2	Map031.json	0	dialogue	…クーン
MAP31_e23_p1_3	Map031.json	0	dialogue	…ックーン
MAP31_e23_p1_5	Map031.json	0	dialogue	ホノオ：
MAP31_e23_p1_6	Map031.json	0	dialogue	何だお前…ひとりぼっちなのか？
MAP31_e23_p1_8	Map031.json	0	dialogue	野良犬：
MAP31_e23_p1_9	Map031.json	0	dialogue	…ックーン
MAP31_e24_p0_1	Map031.json	0	dialogue	物乞いの子オシム：
MAP31_e24_p0_2	Map031.json	0	dialogue	あっ、きしだ！
MAP31_e24_p0_3	Map031.json	0	dialogue	かっくいいいい！
MAP31_e25_p0_1	Map031.json	0	dialogue	物乞いの子スニダ：
MAP31_e25_p0_13	Map031.json	1	dialogue	物乞いの子スニダ：
MAP31_e25_p0_14	Map031.json	1	dialogue	どけちー！！
MAP31_e25_p0_15	Map031.json	1	dialogue	なんで1Gも渡せないんだよドケチーーー！！！
MAP31_e25_p0_17	Map031.json	1	dialogue	物乞いの子スニダ：
MAP31_e25_p0_18	Map031.json	1	dialogue	考えてみろよ　その1Gもらったら俺がどんだけ
MAP31_e25_p0_19	Map031.json	1	dialogue	よろこぶとおもうんだ？
MAP31_e25_p0_2	Map031.json	0	dialogue	にーちゃーん
MAP31_e25_p0_20	Map031.json	1	dialogue	あんたのこと神様だと思うぞ！
MAP31_e25_p0_22	Map031.json	1	dialogue	物乞いの子スニダ：
MAP31_e25_p0_23	Map031.json	1	dialogue	お前のたったの1Gが俺にわたすだけで
MAP31_e25_p0_24	Map031.json	1	dialogue	お前を神様にするんだぞ！？
MAP31_e25_p0_25	Map031.json	1	dialogue	その価値がわからないのかお前はーーーー！！
MAP31_e25_p0_3	Map031.json	0	dialogue	少しでいいからお金めぐんでくれなーい？
MAP31_e25_p0_4_c0	Map031.json	choice	choice	どうぞ
MAP31_e25_p0_4_c1	Map031.json	choice	choice	いやだ
MAP31_e25_p0_7	Map031.json	1	dialogue	物乞いの子スニダ：
MAP31_e25_p0_8	Map031.json	1	dialogue	あっす
MAP31_e26_p0_1	Map031.json	0	dialogue	物乞いをする兵マハル：
MAP31_e26_p0_10	Map031.json	1	dialogue	もっとめぐんでくれやーーーーーーー
MAP31_e26_p0_14	Map031.json	1	dialogue	物乞いをする兵マハル：
MAP31_e26_p0_15	Map031.json	1	dialogue	見回り中にスリに財布とられたんだよーーー
MAP31_e26_p0_16	Map031.json	1	dialogue	次の給料までくらせないんだよーーーーー
MAP31_e26_p0_17	Map031.json	1	dialogue	うわあああああああああ
MAP31_e26_p0_2	Map031.json	0	dialogue	あんちゃーーーん
MAP31_e26_p0_3	Map031.json	0	dialogue	めぐんでくれやーーーー
MAP31_e26_p0_4_c0	Map031.json	choice	choice	どうぞ
MAP31_e26_p0_4_c1	Map031.json	choice	choice	なんで？
MAP31_e26_p0_8	Map031.json	1	dialogue	物乞いをする兵マハル：
MAP31_e26_p0_9	Map031.json	1	dialogue	1Gてあんちゃーーーーん
MAP31_e27_p0_1	Map031.json	0	dialogue	フレイムの民タカリ：
MAP31_e27_p0_2	Map031.json	0	dialogue	野盗が増えとると兵たちは一年中言うとるが、
MAP31_e27_p0_3	Map031.json	0	dialogue	別にいまはじまったことじゃない、昔から
MAP31_e27_p0_4	Map031.json	0	dialogue	一定数おるんじゃ。
MAP31_e28_p0_1	Map031.json	0	dialogue	フレイムの民ポッソ：
MAP31_e28_p0_2	Map031.json	0	dialogue	なんか今年は特に暑い気がしないか？
MAP31_e28_p0_3	Map031.json	0	dialogue	あたしの気のせいかねえ…
MAP31_e29_p0_1	Map031.json	0	dialogue	フレイムの民トモザ：
MAP31_e29_p0_2	Map031.json	0	dialogue	あんまり活気がないって？
MAP31_e29_p0_3	Map031.json	0	dialogue	みんな暑くて外に出たがらないのよ。
MAP31_e29_p0_4	Map031.json	0	dialogue	お天気なのにもったいないと思わない？
MAP31_e6_name	Map031.json	event name	name	泥棒はずれ
MAP31_e6_p0_1	Map031.json	0	dialogue	持ち出して役に立つようなものは何も見つけられなかった…
MAP31_e7_name	Map031.json	event name	name	泥棒はずれ
MAP31_e7_p0_1	Map031.json	0	dialogue	持ち出して役に立つようなものは何も見つけられなかった…
MAP31_e8_name	Map031.json	event name	name	泥棒はずれ
MAP31_e8_p0_1	Map031.json	0	dialogue	持ち出して役に立つようなものは何も見つけられなかった…
MAP31_e9_name	Map031.json	event name	name	泥棒はずれ
MAP31_e9_p0_1	Map031.json	0	dialogue	持ち出して役に立つようなものは何も見つけられなかった…
MAP32_displayName	Map032.json	display name	mapname	フレイム城　一階
MAP32_e33_name	Map032.json	event name	name	泥棒はずれ
MAP32_e33_p0_1	Map032.json	0	dialogue	持ち出して役に立つようなものは何も見つけられなかった…
MAP32_e38_name	Map032.json	event name	name	泥棒はずれ
MAP32_e38_p0_1	Map032.json	0	dialogue	持ち出して役に立つようなものは何も見つけられなかった…
MAP32_e39_name	Map032.json	event name	name	泥棒はずれ
MAP32_e39_p0_1	Map032.json	0	dialogue	持ち出して役に立つようなものは何も見つけられなかった…
MAP32_e40_name	Map032.json	event name	name	泥棒はずれ
MAP32_e40_p0_1	Map032.json	0	dialogue	持ち出して役に立つようなものは何も見つけられなかった…
MAP32_e41_p0_1	Map032.json	0	dialogue	フレイム兵ウマル：
MAP32_e41_p0_2	Map032.json	0	dialogue	うぃーす、あー、早く休憩なんねえかなー
MAP32_e41_p0_3	Map032.json	0	dialogue	ハラ減ったあ
MAP32_e42_p0_1	Map032.json	0	dialogue	『シャムシールの扱い』
MAP32_e42_p0_10	Map032.json	1	dialogue	少ない力と動きで深く鋭く切り込めるのが特徴である。
MAP32_e42_p0_12	Map032.json	1	dialogue	その為、腕力だけでなく、技量によっても多様な使い方、
MAP32_e42_p0_13	Map032.json	1	dialogue	戦法をとれる。
MAP32_e42_p0_14	Map032.json	1	dialogue	何より小回りが利き、素早さが上がる点が優れている。
MAP32_e42_p0_2	Map032.json	0	dialogue	…と、表紙に書かれた本がある。読んでみようか…。
MAP32_e42_p0_3_c0	Map032.json	choice	choice	読んでみる
MAP32_e42_p0_3_c1	Map032.json	choice	choice	読まない
MAP32_e42_p0_6	Map032.json	1	dialogue	シャムシールとはフレイム王国に古来より伝わる
MAP32_e42_p0_7	Map032.json	1	dialogue	最も代表的で最も愛されている刀剣である。
MAP32_e42_p0_9	Map032.json	1	dialogue	他の国の刀剣類と比べると、刀身が反り返っており、
MAP32_e43_p0_1	Map032.json	0	dialogue	『王家の方々の好きなカレー』
MAP32_e43_p0_11	Map032.json	1	dialogue	ホムラ王子は緑色、特にほうれん草ベースでたくさんの
MAP32_e43_p0_12	Map032.json	1	dialogue	野菜が溶け込んだカレーを好む。油は決して入れ過ぎない。
MAP32_e43_p0_13	Map032.json	1	dialogue	辛さにも強くはない。野菜のうま味が決め手。王家の中では
MAP32_e43_p0_14	Map032.json	1	dialogue	母親譲りの好みなのかも知れない。
MAP32_e43_p0_16	Map032.json	1	dialogue	ホノオ王子は完全に辛党であり、油も大好きである。
MAP32_e43_p0_17	Map032.json	1	dialogue	しかし味音痴というわけではないので、ちゃんと辛く、
MAP32_e43_p0_18	Map032.json	1	dialogue	濃く、うま味のあるものが望ましい。色は何でもＯＫ
MAP32_e43_p0_19	Map032.json	1	dialogue	のようである。
MAP32_e43_p0_2	Map032.json	0	dialogue	…と、表紙に書かれた本がある。読んでみようか…。
MAP32_e43_p0_3_c0	Map032.json	choice	choice	読んでみる
MAP32_e43_p0_3_c1	Map032.json	choice	choice	読まない
MAP32_e43_p0_6	Map032.json	1	dialogue	フレイム王はもっぱら赤いカレーである。常に赤だけで
MAP32_e43_p0_7	Map032.json	1	dialogue	ＯＫ。しかし唐辛子をたくさん入れればいいというわけ
MAP32_e43_p0_8	Map032.json	1	dialogue	ではない。辛党なわけではなく、唐辛子の味が好きなのだ
MAP32_e43_p0_9	Map032.json	1	dialogue	と思われる。油や他スパイスで調整せよ。
MAP32_e44_p0_1	Map032.json	0	dialogue	王宮の職人キスパ：
MAP32_e44_p0_10	Map032.json	0	dialogue	王宮の職人キスパ：
MAP32_e44_p0_11	Map032.json	0	dialogue	………。
MAP32_e44_p0_13	Map032.json	0	dialogue	ウィン：
MAP32_e44_p0_14	Map032.json	0	dialogue	………。
MAP32_e44_p0_16	Map032.json	0	dialogue	王宮の職人キスパ：
MAP32_e44_p0_17	Map032.json	0	dialogue	すいません、ぼく、仕事中はすごく集中する
MAP32_e44_p0_18	Map032.json	0	dialogue	ので、話し掛けないでーーー
MAP32_e44_p0_2	Map032.json	0	dialogue	………。
MAP32_e44_p0_4	Map032.json	0	dialogue	ウィン：
MAP32_e44_p0_5	Map032.json	0	dialogue	………。
MAP32_e45_p0_1	Map032.json	0	dialogue	フレイム兵ユミル：
MAP32_e45_p0_2	Map032.json	0	dialogue	軍隊は最高だな！　
MAP32_e45_p0_3	Map032.json	0	dialogue	国からお金もらってのんびりできるんだから！
MAP32_e46_p0_1	Map032.json	0	dialogue	フレイム兵ザッハト：
MAP32_e46_p0_2	Map032.json	0	dialogue	うーん　むにゃむにゃ…
MAP32_e46_p0_3	Map032.json	0	dialogue	はっ！！　えっ！？？
MAP32_e46_p0_4	Map032.json	0	dialogue	なんでオレ寝顔のぞかれてんの！！？？
MAP32_e47_p0_1	Map032.json	0	dialogue	王宮調理師：
MAP32_e47_p0_2	Map032.json	0	dialogue	最近スパイスが高いわねーーー
MAP32_e47_p0_3	Map032.json	0	dialogue	野菜も高いし…　なのに使えるお金は
MAP32_e47_p0_4	Map032.json	0	dialogue	変わらないし…
MAP32_e51_p0_1	Map032.json	0	dialogue	家畜責任者デリー：
MAP32_e51_p0_2	Map032.json	0	dialogue	えっ？　牢屋じゃないよ。
MAP32_e51_p0_3	Map032.json	0	dialogue	ここは家畜小屋さ。
MAP32_e52_p0_1	Map032.json	0	dialogue	フレイム巡回兵ケイン：
MAP32_e52_p0_10	Map032.json	1	dialogue	意味をセイリューのひとも知らないらしいぜ
MAP32_e52_p0_14	Map032.json	1	dialogue	フレイム巡回兵ケイン：
MAP32_e52_p0_15	Map032.json	1	dialogue	そうかー？
MAP32_e52_p0_16	Map032.json	1	dialogue	まんきんたんだぜ？　毒消しってよりなんか
MAP32_e52_p0_17	Map032.json	1	dialogue	お金というか宝石みたいな響きだなあ
MAP32_e52_p0_2	Map032.json	0	dialogue	この前ヘビに噛まれてさーーー
MAP32_e52_p0_3	Map032.json	0	dialogue	万金丹で治したんだけど、
MAP32_e52_p0_4	Map032.json	0	dialogue	まんきんたん？　変な名前だよなーーー？
MAP32_e52_p0_5_c0	Map032.json	choice	choice	そうだね
MAP32_e52_p0_5_c1	Map032.json	choice	choice	そんなことない
MAP32_e52_p0_8	Map032.json	1	dialogue	フレイム巡回兵ケイン：
MAP32_e52_p0_9	Map032.json	1	dialogue	セイリューの？　特産？　らしいけどさー
MAP32_e53_name	Map032.json	event name	name	レイモンド
MAP32_e53_p0_11	Map032.json	0	dialogue	偵察兵レイモンド：
MAP32_e53_p0_12	Map032.json	0	dialogue	いろんな情報を集める事だからな！
MAP32_e53_p0_13	Map032.json	0	dialogue	早速しごとにとりかかるぜ！
MAP32_e53_p0_15	Map032.json	0	dialogue	偵察兵レイモンド：
MAP32_e53_p0_16	Map032.json	0	dialogue	じゃあな、ウィン！
MAP32_e53_p0_4	Map032.json	0	dialogue	偵察兵レイモンド：
MAP32_e53_p0_5	Map032.json	0	dialogue	ウィン！　俺はここまでだ！
MAP32_e53_p0_7	Map032.json	0	dialogue	偵察兵レイモンド：
MAP32_e53_p0_8	Map032.json	0	dialogue	俺の仕事は、フレイムの城下町で
MAP32_e53_p0_9	Map032.json	0	dialogue	いろんなカレーを…じゃなかった！
MAP33_displayName	Map033.json	display name	mapname	フレイム城　二階
MAP33_e10_p0_1	Map033.json	0	dialogue	『王のいないセイリュー』
MAP33_e10_p0_11	Map033.json	1	dialogue	セイリューでは、大昔から、漁をしてきた一族、大工をして
MAP33_e10_p0_12	Map033.json	1	dialogue	きた一族、作物を育ててきた一族、鍛冶をしてきた一族…
MAP33_e10_p0_13	Map033.json	1	dialogue	といった風な、複数の特権技術を持った一族がたくさん
MAP33_e10_p0_14	Map033.json	1	dialogue	おり、それらの間での調停役といった感じである。
MAP33_e10_p0_16	Map033.json	1	dialogue	そういったそれぞれの分野のエキスパート達から困りごとや
MAP33_e10_p0_17	Map033.json	1	dialogue	新しいアイデアを相談されると、その解決策を他の
MAP33_e10_p0_18	Map033.json	1	dialogue	エキスパートに領主がお願いするという形での統治である。
MAP33_e10_p0_19	Map033.json	1	dialogue	そして領主は代々早死にが多い。
MAP33_e10_p0_2	Map033.json	0	dialogue	…と、表紙に書かれた本がある。読んでみようか…。
MAP33_e10_p0_3_c0	Map033.json	choice	choice	読んでみる
MAP33_e10_p0_3_c1	Map033.json	choice	choice	読まない
MAP33_e10_p0_6	Map033.json	1	dialogue	セイリューには王がおらず代わりに領主という代表者が
MAP33_e10_p0_7	Map033.json	1	dialogue	存在するが、その統治の実態には他の王国とは違う点が
MAP33_e10_p0_8	Map033.json	1	dialogue	多い。領主は代々同じ一族が継ぐが、独自の軍隊はなく、
MAP33_e10_p0_9	Map033.json	1	dialogue	税金もない。領民からの善意の寄付のみで生活している。
MAP33_e11_p0_1	Map033.json	0	dialogue	『ウィンダム王国の騎士団とは』
MAP33_e11_p0_10	Map033.json	1	dialogue	ウィンダム王国では、騎士が王に次いで最も地位が高く、
MAP33_e11_p0_11	Map033.json	1	dialogue	法律上では市民の財産没収などの権限もあるが、試験に
MAP33_e11_p0_12	Map033.json	1	dialogue	おいて品行方正さや誇り高さも評価の対象となる為、
MAP33_e11_p0_13	Map033.json	1	dialogue	実際には蛮行は起こっていない。
MAP33_e11_p0_15	Map033.json	1	dialogue	そして王の命令ひとつで騎士の階級は即時はく奪もできる。
MAP33_e11_p0_16	Map033.json	1	dialogue	しかし騎士が自ら返上することも禁じられている。
MAP33_e11_p0_17	Map033.json	1	dialogue	このように、実質的に騎士という階級は、特権階級とは
MAP33_e11_p0_18	Map033.json	1	dialogue	いえ、厳しく制限された、象徴的でしかない階級とも言える。
MAP33_e11_p0_2	Map033.json	0	dialogue	…と、表紙に書かれた本がある。読んでみようか…。
MAP33_e11_p0_3_c0	Map033.json	choice	choice	読んでみる
MAP33_e11_p0_3_c1	Map033.json	choice	choice	読まない
MAP33_e11_p0_6	Map033.json	1	dialogue	ウィンダム王国では騎士団と自らが呼ぶ独特の制度がある。
MAP33_e11_p0_7	Map033.json	1	dialogue	煌びやかな鎧兜に身を包み、高い給料と身分を約束された
MAP33_e11_p0_8	Map033.json	1	dialogue	特権階級であるが、世襲制ではなく、試験制度で選ばれる。
MAP33_e12_p0_1	Map033.json	0	dialogue	『階級ということ』
MAP33_e12_p0_11	Map033.json	1	dialogue	この地における、階級の存在について、フレイム王国の
MAP33_e12_p0_12	Map033.json	1	dialogue	人々は意識が少ないと言わざるをえない。確かに厳しい
MAP33_e12_p0_13	Map033.json	1	dialogue	法律で縛られることもない、ひとびとはみな自由で、
MAP33_e12_p0_14	Map033.json	1	dialogue	思い悩む顔も、他国のひとびとよりも少ない。
MAP33_e12_p0_16	Map033.json	1	dialogue	しかし、物乞いが努力することで商人たちのように金を
MAP33_e12_p0_17	Map033.json	1	dialogue	儲けられる国だろうか？兵士が王族のような指揮官、
MAP33_e12_p0_18	Map033.json	1	dialogue	将軍になれるだろうか？農民や大工に学問を学べるような
MAP33_e12_p0_19	Map033.json	1	dialogue	機会があるだろうか？
MAP33_e12_p0_2	Map033.json	0	dialogue	…と、表紙に書かれた本がある。読んでみようか…。
MAP33_e12_p0_3_c0	Map033.json	choice	choice	読んでみる
MAP33_e12_p0_3_c1	Map033.json	choice	choice	読まない
MAP33_e12_p0_6	Map033.json	1	dialogue	フレイム王国はとても栄えており、旅先の目的地としても、
MAP33_e12_p0_7	Map033.json	1	dialogue	商売の場所としても、剣術に、技術、特に食文化の豊かな
MAP33_e12_p0_8	Map033.json	1	dialogue	地としても大陸随一である。それなのに、貧しいひとたち、
MAP33_e12_p0_9	Map033.json	1	dialogue	他の地で見られない物乞いのひともたくさんいる。
MAP33_e13_p0_1	Map033.json	0	dialogue	『継承の試練』
MAP33_e13_p0_11	Map033.json	1	dialogue	南の遺跡の試練で何をするか、何が起こるかは、
MAP33_e13_p0_12	Map033.json	1	dialogue	継承者にしか分からない。つまり、国王にしか
MAP33_e13_p0_13	Map033.json	1	dialogue	分からない。そしてそこで何が起こったかは、
MAP33_e13_p0_14	Map033.json	1	dialogue	生涯口外してはならない。
MAP33_e13_p0_16	Map033.json	1	dialogue	本当に国王となる資質があるか、火の紋章の継承者としての
MAP33_e13_p0_17	Map033.json	1	dialogue	資格があるかどうかを、試される場なのだとしか言えない。
MAP33_e13_p0_2	Map033.json	0	dialogue	…と、表紙に書かれた本がある。読んでみようか…。
MAP33_e13_p0_3_c0	Map033.json	choice	choice	読んでみる
MAP33_e13_p0_3_c1	Map033.json	choice	choice	読まない
MAP33_e13_p0_6	Map033.json	1	dialogue	フレイム王国の王となるもの、火の紋章の継承者となる者は
MAP33_e13_p0_7	Map033.json	1	dialogue	必ず南の遺跡の試練を越えねばならない。
MAP33_e13_p0_8	Map033.json	1	dialogue	越えられない場合、挑戦しない場合には、次点の継承候補者
MAP33_e13_p0_9	Map033.json	1	dialogue	にその権利が移行する。
MAP33_e14_p0_1	Map033.json	0	dialogue	『ウィンダム王国との戦争について』
MAP33_e14_p0_10	Map033.json	1	dialogue	フレイム王国の兵士よりも優れています。
MAP33_e14_p0_11	Map033.json	1	dialogue	しかし、装備や訓練に時間とお金をかけている分、
MAP33_e14_p0_12	Map033.json	1	dialogue	動員できる兵数は我が軍の半分にもなりません。
MAP33_e14_p0_14	Map033.json	1	dialogue	しかし、長期戦となった場合には、組織だった補給や
MAP33_e14_p0_15	Map033.json	1	dialogue	騎士を中心とした兵士の練度と士気の差によって、
MAP33_e14_p0_16	Map033.json	1	dialogue	我が軍は敗北すると思われます。
MAP33_e14_p0_17	Map033.json	1	dialogue	短期に集中した決戦でしか勝ち目はないでしょう。
MAP33_e14_p0_2	Map033.json	0	dialogue	…と、表紙に書かれた本がある。読んでみようか…。
MAP33_e14_p0_3_c0	Map033.json	choice	choice	読んでみる
MAP33_e14_p0_3_c1	Map033.json	choice	choice	読まない
MAP33_e14_p0_6	Map033.json	1	dialogue	国王陛下の命令の元、ウィンダム王国と戦争した場合に
MAP33_e14_p0_7	Map033.json	1	dialogue	どうなるかを調査した結果をここに報告します。
MAP33_e14_p0_9	Map033.json	1	dialogue	騎士団は定期的な軍事的訓練を行っており、その装備もまた
MAP33_e15_p1_1	Map033.json	0	dialogue	イヌ：
MAP33_e15_p1_2	Map033.json	0	dialogue	…ックーン！
MAP33_e15_p1_4	Map033.json	0	dialogue	ホノオ：
MAP33_e15_p1_5	Map033.json	0	dialogue	よしよし、ちゃんとメシもらってるみたいだな！
MAP33_e15_p2_1	Map033.json	0	dialogue	イヌ：
MAP33_e15_p2_2	Map033.json	0	dialogue	クッーン！ッっクーン！
MAP33_e15_p2_4	Map033.json	0	dialogue	ホノオ：
MAP33_e15_p2_5	Map033.json	0	dialogue	しかし変な鳴き声の犬だぜ…
MAP33_e16_p0_1	Map033.json	0	dialogue	『バーン王』
MAP33_e16_p0_11	Map033.json	1	dialogue	砂漠の国であるフレイムは、大昔から様々な災禍に
MAP33_e16_p0_12	Map033.json	1	dialogue	見舞われ続けており、ひとびとの暮らしも、国の発展も、
MAP33_e16_p0_13	Map033.json	1	dialogue	他国より遅れていたが、バーン王の築いた城壁により、
MAP33_e16_p0_14	Map033.json	1	dialogue	遂に安心して眠れる土地となった。
MAP33_e16_p0_16	Map033.json	1	dialogue	しかしその城壁の完成は、バーン王の使役した無数の民、
MAP33_e16_p0_17	Map033.json	1	dialogue	無数の兵たちの、血の混じった汗によって成し遂げられた
MAP33_e16_p0_18	Map033.json	1	dialogue	ものであった。
MAP33_e16_p0_2	Map033.json	0	dialogue	…と、表紙に書かれた本がある。読んでみようか…。
MAP33_e16_p0_3_c0	Map033.json	choice	choice	読んでみる
MAP33_e16_p0_3_c1	Map033.json	choice	choice	読まない
MAP33_e16_p0_6	Map033.json	1	dialogue	歴代フレイム国王で最も優れ、最も冷酷だった王が、
MAP33_e16_p0_7	Map033.json	1	dialogue	バーン王である。
MAP33_e16_p0_8	Map033.json	1	dialogue	砂漠にはびこる野盗、毒蛇、そして砂漠オオカミ。
MAP33_e16_p0_9	Map033.json	1	dialogue	一年中吹き荒れている砂嵐…。
MAP33_e17_p0_1	Map033.json	0	dialogue	『我々のエレメントと呼ぶもの』
MAP33_e17_p0_11	Map033.json	1	dialogue	漠然と火の恵み、水の恵み、風の恵み…自然からの恩恵、
MAP33_e17_p0_12	Map033.json	1	dialogue	そのエネルギーといった感覚で使っている言葉である。
MAP33_e17_p0_13	Map033.json	1	dialogue	しかしこの自然というものは、火と水と風のみで成り立つ
MAP33_e17_p0_14	Map033.json	1	dialogue	世界であろうか？
MAP33_e17_p0_16	Map033.json	1	dialogue	この世界、自然、そして生き物の大元のエネルギーの全てが
MAP33_e17_p0_17	Map033.json	1	dialogue	火と水と風のエレメントのみで成り立つと考える根拠がある
MAP33_e17_p0_18	Map033.json	1	dialogue	のだろうか。それ以外にもこの世界には闇のエレメントが
MAP33_e17_p0_19	Map033.json	1	dialogue	存在すると考えられている。では闇の恵みとは何か？
MAP33_e17_p0_2	Map033.json	0	dialogue	…と、表紙に書かれた本がある。読んでみようか…。
MAP33_e17_p0_3_c0	Map033.json	choice	choice	読んでみる
MAP33_e17_p0_3_c1	Map033.json	choice	choice	読まない
MAP33_e17_p0_6	Map033.json	1	dialogue	我々はこの土地を火と水と風のエレメントによって
MAP33_e17_p0_7	Map033.json	1	dialogue	作られ守られていると考えている。それゆえに、この地を
MAP33_e17_p0_8	Map033.json	1	dialogue	エレメント大陸と呼ぶ。しかし、我々の使うこの、
MAP33_e17_p0_9	Map033.json	1	dialogue	エレメントとは具体的に何を指す言葉なのだろうか？
MAP33_e18_p0_2	Map033.json	0	dialogue	　　　左　ホノオ王子の部屋　右　ホムラ王子の部屋
MAP33_e19_name	Map033.json	event name	name	ホムラ
MAP33_e19_p1_1	Map033.json	0	dialogue	ホノオ：
MAP33_e19_p1_2	Map033.json	0	dialogue	あ…　あ…　アニキ…！！？
MAP33_e19_p1_4	Map033.json	0	dialogue	ホムラ？：
MAP33_e19_p1_5	Map033.json	0	dialogue	…………。
MAP33_e19_p2_10	Map033.json	0	dialogue	ウィン：
MAP33_e19_p2_11	Map033.json	0	dialogue	……。
MAP33_e19_p2_13	Map033.json	0	dialogue	ホノオ：
MAP33_e19_p2_14	Map033.json	0	dialogue	アニキ…　
MAP33_e19_p2_2	Map033.json	0	dialogue	ホノオ：
MAP33_e19_p2_3	Map033.json	0	dialogue	あっ…！！
MAP33_e19_p2_6	Map033.json	0	dialogue	ホノオ：
MAP33_e19_p2_7	Map033.json	0	dialogue	なんだったんだ…　まぼろし…？
MAP33_e19_p2_8	Map033.json	0	dialogue	ウィン、オマエさっきの見たか？
MAP33_e4_p0_1	Map033.json	0	dialogue	引き出しをこっそり開けてみると…
MAP33_e4_p0_10	Map033.json	1	dialogue	じいやなんか　なさけないと言って泣いた
MAP33_e4_p0_12	Map033.json	1	dialogue	オレが、いつまでたっても本を読まないから
MAP33_e4_p0_13	Map033.json	1	dialogue	あにきが本を読みまくってすげえあたまいいのは
MAP33_e4_p0_14	Map033.json	1	dialogue	オレだってわかってる
MAP33_e4_p0_15	Map033.json	1	dialogue	だけどなんかよめないんだよオレは
MAP33_e4_p0_17	Map033.json	1	dialogue	みんなオレをアニキとくらべてダメなやつだって言う
MAP33_e4_p0_18	Map033.json	1	dialogue	アニキをみならえって言う
MAP33_e4_p0_19	Map033.json	1	dialogue	だけどアニキだけはそんなこと言わないし
MAP33_e4_p0_2	Map033.json	0	dialogue	『くっそーーー！！！！』
MAP33_e4_p0_20	Map033.json	1	dialogue	アニキだけはオレに本をよまなくてもいいって言う
MAP33_e4_p0_22	Map033.json	1	dialogue	だけどアニキちがうんだよ
MAP33_e4_p0_23	Map033.json	1	dialogue	オレだって本を読みたいんだよ
MAP33_e4_p0_24	Map033.json	1	dialogue	アニキみたいになりたいんだ
MAP33_e4_p0_25	Map033.json	1	dialogue	くっそーーーーーーーーーーー
MAP33_e4_p0_3	Map033.json	0	dialogue	…と、表紙に書かれた本がある。読んでみようか…。
MAP33_e4_p0_4_c0	Map033.json	choice	choice	読んでみる
MAP33_e4_p0_4_c1	Map033.json	choice	choice	読まない
MAP33_e4_p0_7	Map033.json	1	dialogue	古いページ：
MAP33_e4_p0_8	Map033.json	1	dialogue	オヤジにめちゃくちゃどなられた
MAP33_e4_p0_9	Map033.json	1	dialogue	だいじんにもせっきょうされた
MAP33_e4_p1_1	Map033.json	0	dialogue	引き出しをこっそり開けてみると…
MAP33_e4_p1_10	Map033.json	1	dialogue	じいやなんか　なさけないと言って泣いた
MAP33_e4_p1_12	Map033.json	1	dialogue	オレが、いつまでたっても本を読まないから
MAP33_e4_p1_13	Map033.json	1	dialogue	あにきが本を読みまくってすげえあたまいいのは
MAP33_e4_p1_14	Map033.json	1	dialogue	オレだってわかってる
MAP33_e4_p1_15	Map033.json	1	dialogue	だけどなんかよめないんだよオレは
MAP33_e4_p1_17	Map033.json	1	dialogue	みんなオレをアニキとくらべてダメなやつだって言う
MAP33_e4_p1_18	Map033.json	1	dialogue	アニキをみならえって言う
MAP33_e4_p1_19	Map033.json	1	dialogue	だけどアニキだけはそんなこと言わないし
MAP33_e4_p1_2	Map033.json	0	dialogue	『くっそーーー！！！！』
MAP33_e4_p1_20	Map033.json	1	dialogue	アニキだけはオレに本をよまなくてもいいって言う
MAP33_e4_p1_22	Map033.json	1	dialogue	だけどアニキちがうんだよ
MAP33_e4_p1_23	Map033.json	1	dialogue	オレだって本を読みたいんだよ
MAP33_e4_p1_24	Map033.json	1	dialogue	アニキみたいになりたいんだ
MAP33_e4_p1_25	Map033.json	1	dialogue	くっそーーーーーーーーーーー
MAP33_e4_p1_27	Map033.json	1	dialogue	ホノオ：
MAP33_e4_p1_28	Map033.json	1	dialogue	うお！？うわっ！！えっ！？
MAP33_e4_p1_3	Map033.json	0	dialogue	…と、表紙に書かれた本がある。読んでみようか…。
MAP33_e4_p1_30	Map033.json	1	dialogue	ホノオ：
MAP33_e4_p1_31	Map033.json	1	dialogue	てめえウィン…俺がちょっと目を離したスキに
MAP33_e4_p1_32	Map033.json	1	dialogue	なに勝手に読んでんだよーーー
MAP33_e4_p1_34	Map033.json	1	dialogue	ウィン：
MAP33_e4_p1_35	Map033.json	1	dialogue	…。
MAP33_e4_p1_37	Map033.json	1	dialogue	ホノオ：
MAP33_e4_p1_38	Map033.json	1	dialogue	おまえなにだまってんだよ…
MAP33_e4_p1_39	Map033.json	1	dialogue	なに黙ってんだよーーーーーー！！
MAP33_e4_p1_4_c0	Map033.json	choice	choice	読んでみる
MAP33_e4_p1_4_c1	Map033.json	choice	choice	読まない
MAP33_e4_p1_7	Map033.json	1	dialogue	古いページ：
MAP33_e4_p1_8	Map033.json	1	dialogue	オヤジにめちゃくちゃどなられた
MAP33_e4_p1_9	Map033.json	1	dialogue	だいじんにもせっきょうされた
MAP33_e4_p2_1	Map033.json	0	dialogue	引き出しをこっそり開けてみると…
MAP33_e4_p2_10	Map033.json	1	dialogue	じいやなんか　なさけないと言って泣いた
MAP33_e4_p2_12	Map033.json	1	dialogue	オレが、いつまでたっても本を読まないから
MAP33_e4_p2_13	Map033.json	1	dialogue	あにきが本を読みまくってすげえあたまいいのは
MAP33_e4_p2_14	Map033.json	1	dialogue	オレだってわかってる
MAP33_e4_p2_15	Map033.json	1	dialogue	だけどなんかよめないんだよオレは
MAP33_e4_p2_17	Map033.json	1	dialogue	みんなオレをアニキとくらべてダメなやつだって言う
MAP33_e4_p2_18	Map033.json	1	dialogue	アニキをみならえって言う
MAP33_e4_p2_19	Map033.json	1	dialogue	だけどアニキだけはそんなこと言わないし
MAP33_e4_p2_2	Map033.json	0	dialogue	『くっそーーー！！！！』
MAP33_e4_p2_20	Map033.json	1	dialogue	アニキだけはオレに本をよまなくてもいいって言う
MAP33_e4_p2_22	Map033.json	1	dialogue	だけどアニキちがうんだよ
MAP33_e4_p2_23	Map033.json	1	dialogue	オレだって本を読みたいんだよ
MAP33_e4_p2_24	Map033.json	1	dialogue	アニキみたいになりたいんだ
MAP33_e4_p2_25	Map033.json	1	dialogue	くっそーーーーーーーーーーー
MAP33_e4_p2_27	Map033.json	1	dialogue	ホノオ：
MAP33_e4_p2_28	Map033.json	1	dialogue	てめえウィン…俺がちょっと目を離したスキに
MAP33_e4_p2_29	Map033.json	1	dialogue	なに勝手に読んでんだよーーー
MAP33_e4_p2_3	Map033.json	0	dialogue	…と、表紙に書かれた本がある。読んでみようか…。
MAP33_e4_p2_31	Map033.json	1	dialogue	ウィン：
MAP33_e4_p2_32	Map033.json	1	dialogue	…。
MAP33_e4_p2_34	Map033.json	1	dialogue	ホノオ：
MAP33_e4_p2_35	Map033.json	1	dialogue	おまえなにだまってんだよ…
MAP33_e4_p2_36	Map033.json	1	dialogue	なに黙ってんだよーーーーーー！！
MAP33_e4_p2_38	Map033.json	1	dialogue	ナガレ：
MAP33_e4_p2_39	Map033.json	1	dialogue	…。
MAP33_e4_p2_41	Map033.json	1	dialogue	ホノオ：
MAP33_e4_p2_42	Map033.json	1	dialogue	おまえもだまってねえで、なんとか言えよ！
MAP33_e4_p2_44	Map033.json	1	dialogue	ナガレ：
MAP33_e4_p2_45	Map033.json	1	dialogue	ふーん…あんた、かわいいな。
MAP33_e4_p2_47	Map033.json	1	dialogue	ホノオ：
MAP33_e4_p2_48	Map033.json	1	dialogue	う…うわ…そういうのはやめて…
MAP33_e4_p2_49	Map033.json	1	dialogue	それならむしろ黙っててくれ…
MAP33_e4_p2_4_c0	Map033.json	choice	choice	読んでみる
MAP33_e4_p2_4_c1	Map033.json	choice	choice	読まない
MAP33_e4_p2_7	Map033.json	1	dialogue	古いページ：
MAP33_e4_p2_8	Map033.json	1	dialogue	オヤジにめちゃくちゃどなられた
MAP33_e4_p2_9	Map033.json	1	dialogue	だいじんにもせっきょうされた
MAP33_e5_p0_1	Map033.json	0	dialogue	引き出しをこっそり開けてみると…
MAP33_e5_p0_11	Map033.json	1	dialogue	ポケットに入っていたカラカラに乾いたパンを差し出して
MAP33_e5_p0_12	Map033.json	1	dialogue	みると…物乞い、いや、彼は、僕に頭をさげてありがとう、
MAP33_e5_p0_13	Map033.json	1	dialogue	ありがとうと呟き、涙を流しながらひざまづいたのだ。
MAP33_e5_p0_15	Map033.json	1	dialogue	乾いたパンひとつで殺人者が刹那に善人になったのだ。
MAP33_e5_p0_16	Map033.json	1	dialogue	乾いたパン一つにその力があるのに、僕らが毎日食べている
MAP33_e5_p0_17	Map033.json	1	dialogue	食事は、その一食で、あの乾いたパン何個分だろうか…。
MAP33_e5_p0_2	Map033.json	0	dialogue	『日記　というよりも覚書のようなもの』
MAP33_e5_p0_3	Map033.json	0	dialogue	…と、表紙に書かれた本がある。読んでみようか…。
MAP33_e5_p0_4_c0	Map033.json	choice	choice	読んでみる
MAP33_e5_p0_4_c1	Map033.json	choice	choice	読まない
MAP33_e5_p0_7	Map033.json	1	dialogue	古いページ：
MAP33_e5_p0_8	Map033.json	1	dialogue	昨日の朝、散歩をしていたら突然物乞いに襲われた。
MAP33_e5_p0_9	Map033.json	1	dialogue	恐怖を必死で抑えながら語りかけたが全く要領を得ない。
MAP33_e5_p1_1	Map033.json	0	dialogue	引き出しをこっそり開けてみると…
MAP33_e5_p1_11	Map033.json	1	dialogue	ポケットに入っていたカラカラに乾いたパンを差し出して
MAP33_e5_p1_12	Map033.json	1	dialogue	みると…物乞い、いや、彼は、僕に頭をさげてありがとう、
MAP33_e5_p1_13	Map033.json	1	dialogue	ありがとうとと呟き、涙を流しながらひざまづいたのだ。
MAP33_e5_p1_15	Map033.json	1	dialogue	乾いたパンひとつで殺人者が刹那に善人になったのだ。
MAP33_e5_p1_16	Map033.json	1	dialogue	乾いたパン一つにその力があるのに、僕らが毎日食べている
MAP33_e5_p1_17	Map033.json	1	dialogue	食事はその一食で、あの乾いたパン何個分だろうか…。
MAP33_e5_p1_19	Map033.json	1	dialogue	ホノオ：
MAP33_e5_p1_2	Map033.json	0	dialogue	『日記　というよりも覚書のようなもの』
MAP33_e5_p1_20	Map033.json	1	dialogue	やっぱ兄貴はすげえ…　何がすげえのかは
MAP33_e5_p1_21	Map033.json	1	dialogue	よく分からねえんだが…やっぱ兄貴はすげえ。
MAP33_e5_p1_22	Map033.json	1	dialogue	何かこう、胸にズシンと来るんだ…
MAP33_e5_p1_3	Map033.json	0	dialogue	…と、表紙に書かれた本がある。読んでみようか…。
MAP33_e5_p1_4_c0	Map033.json	choice	choice	読んでみる
MAP33_e5_p1_4_c1	Map033.json	choice	choice	読まない
MAP33_e5_p1_7	Map033.json	1	dialogue	古いページ：
MAP33_e5_p1_8	Map033.json	1	dialogue	昨日の朝、散歩をしていたら突然物乞いに襲われた。
MAP33_e5_p1_9	Map033.json	1	dialogue	恐怖を必死で抑えながら語りかけたが全く要領を得ない。
MAP33_e5_p2_1	Map033.json	0	dialogue	引き出しをこっそり開けてみると…
MAP33_e5_p2_11	Map033.json	1	dialogue	ポケットに入っていたカラカラに乾いたパンを差し出して
MAP33_e5_p2_12	Map033.json	1	dialogue	みると…物乞い、いや、彼は、僕に頭をさげてありがとう、
MAP33_e5_p2_13	Map033.json	1	dialogue	ありがとうと呟き、涙を流しながらひざまずいたのだ。
MAP33_e5_p2_15	Map033.json	1	dialogue	乾いたパンひとつで殺人者が刹那に善人になったのだ。
MAP33_e5_p2_16	Map033.json	1	dialogue	乾いたパン一つにその力があるのに、僕らが毎日食べている
MAP33_e5_p2_17	Map033.json	1	dialogue	食事はその一食で、あの乾いたパン何個分だろうか…。
MAP33_e5_p2_19	Map033.json	1	dialogue	ホノオ：
MAP33_e5_p2_2	Map033.json	0	dialogue	『日記　というよりも覚書のようなもの』
MAP33_e5_p2_20	Map033.json	1	dialogue	やっぱ兄貴はすげえ…　何がすげえのかは
MAP33_e5_p2_21	Map033.json	1	dialogue	よく分からねえんだが…やっぱ兄貴はすげえ。
MAP33_e5_p2_22	Map033.json	1	dialogue	何かこう、胸にズシンと来るんだ…
MAP33_e5_p2_24	Map033.json	1	dialogue	ナガレ：
MAP33_e5_p2_25	Map033.json	1	dialogue	…ホノオ。
MAP33_e5_p2_26	Map033.json	1	dialogue	あんた本当アタマ悪そうな喋り方が…
MAP33_e5_p2_27	Map033.json	1	dialogue	天才的だわ。
MAP33_e5_p2_29	Map033.json	1	dialogue	ホノオ：
MAP33_e5_p2_3	Map033.json	0	dialogue	…と、表紙に書かれた本がある。読んでみようか…。
MAP33_e5_p2_30	Map033.json	1	dialogue	あんだとー？
MAP33_e5_p2_31	Map033.json	1	dialogue	まあ、喋り方っていうか、オレ、ホントに
MAP33_e5_p2_32	Map033.json	1	dialogue	頭悪いからな。でもズシンと来ねえかよ？
MAP33_e5_p2_34	Map033.json	1	dialogue	ナガレ：
MAP33_e5_p2_35	Map033.json	1	dialogue	…来たよ。
MAP33_e5_p2_4_c0	Map033.json	choice	choice	読んでみる
MAP33_e5_p2_4_c1	Map033.json	choice	choice	読まない
MAP33_e5_p2_7	Map033.json	1	dialogue	古いページ：
MAP33_e5_p2_8	Map033.json	1	dialogue	昨日の朝、散歩をしていたら突然物乞いに襲われた。
MAP33_e5_p2_9	Map033.json	1	dialogue	恐怖を必死で抑えながら語りかけたが全く要領を得ない。
MAP33_e6_name	Map033.json	event name	name	泥棒はずれ
MAP33_e6_p0_1	Map033.json	0	dialogue	持ち出して役に立つようなものは何も見つけられなかった…
MAP33_e7_name	Map033.json	event name	name	フレイム王
MAP33_e7_p0_1	Map033.json	0	dialogue	フレイム王：
MAP33_e7_p0_10	Map033.json	0	dialogue	　　　　　　　　ことの経緯を説明した
MAP33_e7_p0_13	Map033.json	0	dialogue	なんだとーーーーーーーーーーーー！！！！
MAP33_e7_p0_15	Map033.json	0	dialogue	闇のエレメントが、本当に…
MAP33_e7_p0_16	Map033.json	0	dialogue	ただの伝説だと思っていたが…
MAP33_e7_p0_18	Map033.json	0	dialogue	ウィン殿。
MAP33_e7_p0_19	Map033.json	0	dialogue	火の紋章の継承者である我が息子、ホノオは…
MAP33_e7_p0_2	Map033.json	0	dialogue	おや、これはこれは騎士どの。
MAP33_e7_p0_21	Map033.json	0	dialogue	我が国伝統の継承の試練のため、南の遺跡に
MAP33_e7_p0_22	Map033.json	0	dialogue	向かったところなのだ…。
MAP33_e7_p0_23	Map033.json	0	dialogue	最近のあそこは以前と違い魔物が増えたので、
MAP33_e7_p0_24	Map033.json	0	dialogue	本当は行かせたくなかったのだがな…
MAP33_e7_p0_26	Map033.json	0	dialogue	ただでさえ試練など中止したかったところに、
MAP33_e7_p0_27	Map033.json	0	dialogue	ウィン殿からのこの報告…
MAP33_e7_p0_28	Map033.json	0	dialogue	ああ、力ずくでも止めればよかったが、
MAP33_e7_p0_29	Map033.json	0	dialogue	今更言っても詮無いことよ。
MAP33_e7_p0_3	Map033.json	0	dialogue	まずは　お茶でもいかがかな？
MAP33_e7_p0_31	Map033.json	0	dialogue	ウィン殿、恐縮だが、そなたの力で…
MAP33_e7_p0_32	Map033.json	0	dialogue	あの聞き分けのない我が息子を連れ戻して
MAP33_e7_p0_33	Map033.json	0	dialogue	ほしい…。試練どころではないと分かれば、
MAP33_e7_p0_34	Map033.json	0	dialogue	あやつも頭を冷やすだろう。
MAP33_e7_p0_5	Map033.json	0	dialogue	ウィン：
MAP33_e7_p0_6	Map033.json	0	dialogue	…。
MAP33_e7_p0_9	Map033.json	0	dialogue	　　　　ウィンはフレイム王に自己紹介をしてから
MAP33_e7_p1_1	Map033.json	0	dialogue	フレイム王：
MAP33_e7_p1_2	Map033.json	0	dialogue	ホノオは南の遺跡に継承の試練に向かった。
MAP33_e7_p1_3	Map033.json	0	dialogue	いまからなら追いつけるだろう。
MAP33_e7_p1_4	Map033.json	0	dialogue	ウィン殿、あいつを連れ戻して来て下され。
MAP33_e7_p2_10	Map033.json	0	dialogue	皆が止めるのを聞かず、勝手に出て行った
MAP33_e7_p2_100	Map033.json	0	dialogue	フレイム王：
MAP33_e7_p2_101	Map033.json	0	dialogue	お前は強かった。
MAP33_e7_p2_102	Map033.json	0	dialogue	わしらのことも、ホムラのことも、
MAP33_e7_p2_103	Map033.json	0	dialogue	自分で乗り越えた…
MAP33_e7_p2_105	Map033.json	0	dialogue	お前という強い王子を持つことができた…
MAP33_e7_p2_106	Map033.json	0	dialogue	わしら全員の誇りなのだ、お前は。　
MAP33_e7_p2_108	Map033.json	0	dialogue	ホノオ：
MAP33_e7_p2_109	Map033.json	0	dialogue	親父…。
MAP33_e7_p2_11	Map033.json	0	dialogue	ものの態度か！！
MAP33_e7_p2_111	Map033.json	0	dialogue	フレイム王：
MAP33_e7_p2_112	Map033.json	0	dialogue	だが…わしは誇りに思いながらも、
MAP33_e7_p2_113	Map033.json	0	dialogue	お前を信じられなかったのだ…。
MAP33_e7_p2_115	Map033.json	0	dialogue	お前はいまだにこころの中では…
MAP33_e7_p2_116	Map033.json	0	dialogue	王になりたくないのではないか…
MAP33_e7_p2_117	Map033.json	0	dialogue	ホムラがいたならと思っているのではないか…
MAP33_e7_p2_119	Map033.json	0	dialogue	もしそうであったなら…
MAP33_e7_p2_120	Map033.json	0	dialogue	試練を乗り越えることはできない…
MAP33_e7_p2_121	Map033.json	0	dialogue	あれは…自らが王になるのだという意思が
MAP33_e7_p2_122	Map033.json	0	dialogue	なければ、決して合格できないからな…。
MAP33_e7_p2_124	Map033.json	0	dialogue	ホノオ：
MAP33_e7_p2_125	Map033.json	0	dialogue	あはは…えー　まあ、そうなの…か？
MAP33_e7_p2_127	Map033.json	0	dialogue	フレイム王：
MAP33_e7_p2_128	Map033.json	0	dialogue	だから…お前が試練に行くのを…
MAP33_e7_p2_129	Map033.json	0	dialogue	わしはあれほどに止めたのだ…恐れたのだ。
MAP33_e7_p2_13	Map033.json	0	dialogue	ホノオ：
MAP33_e7_p2_131	Map033.json	0	dialogue	だがお前は試練を乗り越えた。
MAP33_e7_p2_132	Map033.json	0	dialogue	しっかりと、王になる覚悟を持っていた。
MAP33_e7_p2_133	Map033.json	0	dialogue	持っていてくれた…。
MAP33_e7_p2_135	Map033.json	0	dialogue	ホノオ：
MAP33_e7_p2_136	Map033.json	0	dialogue	ああ、持ってるぜ。
MAP33_e7_p2_137	Map033.json	0	dialogue	安心しな！
MAP33_e7_p2_139	Map033.json	0	dialogue	フレイム王：
MAP33_e7_p2_14	Map033.json	0	dialogue	でもよー…
MAP33_e7_p2_140	Map033.json	0	dialogue	そんなお前を信じてやれないで、本当に
MAP33_e7_p2_141	Map033.json	0	dialogue	すまなかった、ホノオ。
MAP33_e7_p2_143	Map033.json	0	dialogue	そしてもう今後二度と…
MAP33_e7_p2_144	Map033.json	0	dialogue	わしはお前を疑わんと誓う。
MAP33_e7_p2_145	Map033.json	0	dialogue	お前は偉大な王になる。そして…
MAP33_e7_p2_148	Map033.json	0	dialogue	闇のエレメントの復活も阻止してくれるだろう
MAP33_e7_p2_15	Map033.json	0	dialogue	ちゃんと試練は合格したぜ。
MAP33_e7_p2_151	Map033.json	0	dialogue	ホノオ：
MAP33_e7_p2_152	Map033.json	0	dialogue	もちろんだぜ！
MAP33_e7_p2_154	Map033.json	0	dialogue	フレイム王：
MAP33_e7_p2_155	Map033.json	0	dialogue	もう言うことはない。
MAP33_e7_p2_156	Map033.json	0	dialogue	行くがよい、火と風の勇者よ！
MAP33_e7_p2_158	Map033.json	0	dialogue	ウィン殿、お誘いしたお茶の時間が随分と
MAP33_e7_p2_159	Map033.json	0	dialogue	遠のいてしまい恐縮だが…
MAP33_e7_p2_160	Map033.json	0	dialogue	なにとぞ、息子を頼みます。
MAP33_e7_p2_17	Map033.json	0	dialogue	フレイム王：
MAP33_e7_p2_18	Map033.json	0	dialogue	………。
MAP33_e7_p2_20	Map033.json	0	dialogue	ホノオ：
MAP33_e7_p2_21	Map033.json	0	dialogue	このウィンが証人でもあるんだぜ！
MAP33_e7_p2_23	Map033.json	0	dialogue	それ以外にも…　まあ…
MAP33_e7_p2_24	Map033.json	0	dialogue	色々世話になったけど…
MAP33_e7_p2_26	Map033.json	0	dialogue	フレイム王：
MAP33_e7_p2_27	Map033.json	0	dialogue	ウィン殿、今回の件、フレイム王として
MAP33_e7_p2_28	Map033.json	0	dialogue	深く感謝しますぞ。
MAP33_e7_p2_30	Map033.json	0	dialogue	そして、ホノオ…
MAP33_e7_p2_31	Map033.json	0	dialogue	試練、ご苦労だった…
MAP33_e7_p2_33	Map033.json	0	dialogue	ホノオ：
MAP33_e7_p2_34	Map033.json	0	dialogue	ああ。これでオレは正真正銘の次期国王だな。
MAP33_e7_p2_36	Map033.json	0	dialogue	そんで…
MAP33_e7_p2_37	Map033.json	0	dialogue	正真正銘の紋章継承者にもなったみてえだぜ
MAP33_e7_p2_4	Map033.json	0	dialogue	ホノオ：
MAP33_e7_p2_46	Map033.json	0	dialogue	フレイム王：
MAP33_e7_p2_47	Map033.json	0	dialogue	おお…紋章が輝いている…！
MAP33_e7_p2_49	Map033.json	0	dialogue	ホノオ：
MAP33_e7_p2_5	Map033.json	0	dialogue	よう、親父！
MAP33_e7_p2_50	Map033.json	0	dialogue	ああ、試練の前に、闇の四天王とかってのに
MAP33_e7_p2_51	Map033.json	0	dialogue	襲われたんだが、オレとウィンの紋章の力で
MAP33_e7_p2_52	Map033.json	0	dialogue	なんとか勝てたんだ。
MAP33_e7_p2_54	Map033.json	0	dialogue	しかし、逃げられた…。
MAP33_e7_p2_55	Map033.json	0	dialogue	親父…　伝説だったことが、
MAP33_e7_p2_56	Map033.json	0	dialogue	いま現実に起こってるんだろ…？
MAP33_e7_p2_58	Map033.json	0	dialogue	フレイム王：
MAP33_e7_p2_59	Map033.json	0	dialogue	最早、疑う余地はないな…
MAP33_e7_p2_6	Map033.json	0	dialogue	帰ったぜーーー
MAP33_e7_p2_60	Map033.json	0	dialogue	闇のエレメントが復活しつつあるのだ。
MAP33_e7_p2_62	Map033.json	0	dialogue	すぐに西のセイリューへと向かい、
MAP33_e7_p2_63	Map033.json	0	dialogue	水の紋章の継承者と合流するのだ。
MAP33_e7_p2_64	Map033.json	0	dialogue	わしもその間、防備を固めよう…
MAP33_e7_p2_65	Map033.json	0	dialogue	しかしその前に、ホノオよ…
MAP33_e7_p2_67	Map033.json	0	dialogue	ホノオ：
MAP33_e7_p2_68	Map033.json	0	dialogue	なんだよ、急ぎなんだろ？
MAP33_e7_p2_70	Map033.json	0	dialogue	フレイム王：
MAP33_e7_p2_71	Map033.json	0	dialogue	わしはお前に謝らなければならん。
MAP33_e7_p2_73	Map033.json	0	dialogue	ホノオ：
MAP33_e7_p2_74	Map033.json	0	dialogue	はっ！？な、なんで…
MAP33_e7_p2_76	Map033.json	0	dialogue	フレイム王：
MAP33_e7_p2_77	Map033.json	0	dialogue	わしは…お前は王になりたくないのだと、
MAP33_e7_p2_78	Map033.json	0	dialogue	思っていた…
MAP33_e7_p2_8	Map033.json	0	dialogue	フレイム王：
MAP33_e7_p2_81	Map033.json	0	dialogue	ホノオ：
MAP33_e7_p2_82	Map033.json	0	dialogue	な…なにを…
MAP33_e7_p2_84	Map033.json	0	dialogue	フレイム王：
MAP33_e7_p2_85	Map033.json	0	dialogue	思えばわしも重臣たちも…
MAP33_e7_p2_86	Map033.json	0	dialogue	お前の兄、ホムラばかりを褒め、
MAP33_e7_p2_87	Map033.json	0	dialogue	かわいがっていた。
MAP33_e7_p2_89	Map033.json	0	dialogue	そして誰よりも…
MAP33_e7_p2_9	Map033.json	0	dialogue	ばかもの！！
MAP33_e7_p2_90	Map033.json	0	dialogue	お前がホムラを慕っていた…。
MAP33_e7_p2_92	Map033.json	0	dialogue	そのホムラが幼くして死に…
MAP33_e7_p2_93	Map033.json	0	dialogue	お前が唯一の王子になってから、
MAP33_e7_p2_94	Map033.json	0	dialogue	わしらは手のひらを返して
MAP33_e7_p2_95	Map033.json	0	dialogue	お前を大事にするようになったのだ。
MAP33_e7_p2_97	Map033.json	0	dialogue	ホノオ：
MAP33_e7_p2_98	Map033.json	0	dialogue	そ、そんなの今更もういいだろ…？
MAP33_e7_p3_1	Map033.json	0	dialogue	ウィン殿、お誘いしたお茶の時間が随分と
MAP33_e7_p3_2	Map033.json	0	dialogue	遠のいてしまい恐縮だが…
MAP33_e7_p3_3	Map033.json	0	dialogue	なにとぞ、息子を頼みます。
MAP33_e8_p0_1	Map033.json	0	dialogue	フレイム王国大臣リマル：
MAP33_e8_p0_2	Map033.json	0	dialogue	本来次期国王は、紋章を継承したあとにすぐ
MAP33_e8_p0_3	Map033.json	0	dialogue	南の遺跡へひとりで赴き、試練を果たさねば
MAP33_e8_p0_4	Map033.json	0	dialogue	ならん…
MAP33_e8_p0_6	Map033.json	0	dialogue	しかし最近南の遺跡に魔物が増えたのと、
MAP33_e8_p0_7	Map033.json	0	dialogue	何より王子が死んでしまうのを恐れて、
MAP33_e8_p0_8	Map033.json	0	dialogue	王は今回の試練を見送るつもりだったのだ…
MAP33_e8_p1_1	Map033.json	0	dialogue	フレイム王国大臣リマル：
MAP33_e8_p1_10	Map033.json	0	dialogue	王子、必ず生きてお帰り下さい。
MAP33_e8_p1_12	Map033.json	0	dialogue	ホノオ：
MAP33_e8_p1_13	Map033.json	0	dialogue	お、おい…急になんかそういうの、よそうよ…
MAP33_e8_p1_14	Map033.json	0	dialogue	ちょっと、キツイ…
MAP33_e8_p1_2	Map033.json	0	dialogue	ホノオ王子、行かれるのですな。
MAP33_e8_p1_4	Map033.json	0	dialogue	ホノオ：
MAP33_e8_p1_5	Map033.json	0	dialogue	当たり前だろ！オレは火の紋章の勇者様だぜ！
MAP33_e8_p1_7	Map033.json	0	dialogue	大臣リマル：
MAP33_e8_p1_8	Map033.json	0	dialogue	とても、誇らしく、胸高鳴る思いです。
MAP33_e8_p1_9	Map033.json	0	dialogue	しかし…同時につらくてたまりません…。
MAP33_e8_p2_1	Map033.json	0	dialogue	フレイム王国大臣リマル：
MAP33_e8_p2_10	Map033.json	0	dialogue	よかったら世話は私にお任せください！
MAP33_e8_p2_12	Map033.json	0	dialogue	ホノオ：
MAP33_e8_p2_13	Map033.json	0	dialogue	犬を見たことなかったのか…
MAP33_e8_p2_2	Map033.json	0	dialogue	ホノオ王子！あの犬は一体なんですか！？
MAP33_e8_p2_4	Map033.json	0	dialogue	ホノオ：
MAP33_e8_p2_5	Map033.json	0	dialogue	なにって…　犬は犬だろ？
MAP33_e8_p2_7	Map033.json	0	dialogue	大臣リマル：
MAP33_e8_p2_8	Map033.json	0	dialogue	とてもふさふさですし…
MAP33_e8_p2_9	Map033.json	0	dialogue	しかも賢いんですね…。
MAP33_e9_p0_1	Map033.json	0	dialogue	フレイム王国行政官シダルタ：
MAP33_e9_p0_2	Map033.json	0	dialogue	私も試練には反対したのだが…
MAP33_e9_p0_3	Map033.json	0	dialogue	ホノオ王子は勝手に行ってしまった。
MAP33_e9_p0_4	Map033.json	0	dialogue	まったく…思慮の浅いお方で頭が痛い…。
MAP33_e9_p1_1	Map033.json	0	dialogue	フレイム王国行政官シダルタ：
MAP33_e9_p1_2	Map033.json	0	dialogue	王子…ウィン殿たちお仲間の言うことを
MAP33_e9_p1_3	Map033.json	0	dialogue	よく聞いて…あと…決してひとりで勝手な
MAP33_e9_p1_4	Map033.json	0	dialogue	行動をしないように。いいですね？
MAP33_e9_p1_6	Map033.json	0	dialogue	ホノオ：
MAP33_e9_p1_7	Map033.json	0	dialogue	おいおい、他に言うことないか？
MAP33_e9_p1_8	Map033.json	0	dialogue	オレはこどもか！？
MAP34_displayName	Map034.json	display name	mapname	南の旧坑道
MAP34_e3_name	Map034.json	event name	name	E旧坑道入り繰り
MAP34_e3_p0_1	Map034.json	0	dialogue	ピピン：
MAP34_e3_p0_12	Map034.json	1	dialogue	フン…！
MAP34_e3_p0_2	Map034.json	0	dialogue	おい、こんなところに何をしに来たんだ？
MAP34_e3_p0_3	Map034.json	0	dialogue	任務はどうした？
MAP34_e3_p0_5	Map034.json	0	dialogue	ピピン：
MAP34_e3_p0_6	Map034.json	0	dialogue	どうしても行くってのなら…
MAP34_e3_p0_7	Map034.json	0	dialogue	俺はここで待っているぞ。
MAP34_e3_p0_8	Map034.json	0	dialogue	行きたければ、一人で行ってこい。
MAP34_e3_p0_9_c0	Map034.json	choice	choice	行ってくる
MAP34_e3_p0_9_c1	Map034.json	choice	choice	戻る
MAP34_e4_name	Map034.json	event name	name	旧坑道のピピン
MAP34_e4_p1_1	Map034.json	0	dialogue	ピピン：
MAP34_e4_p1_13	Map034.json	1	dialogue	…ったく、お前は世話の焼ける奴だ！
MAP34_e4_p1_14	Map034.json	1	dialogue	もう少しだけ待ってやるが…
MAP34_e4_p1_15	Map034.json	1	dialogue	あんまり遅かったら、俺一人で仕事を
MAP34_e4_p1_16	Map034.json	1	dialogue	済ませてくるからな。
MAP34_e4_p1_2	Map034.json	0	dialogue	気は済んだか？
MAP34_e4_p1_3	Map034.json	0	dialogue	さっさとここを出るぞ。
MAP34_e4_p1_4_c0	Map034.json	choice	choice	出る
MAP34_e4_p1_4_c1	Map034.json	choice	choice	もう少しだけ
MAP34_e5_name	Map034.json	event name	name	キノコ事件
MAP34_e5_p0_1	Map034.json	0	dialogue	ハリスの娘ジャクリーン：
MAP34_e5_p0_10	Map034.json	0	dialogue	あのキノコを奪い取らなければ…
MAP34_e5_p0_12	Map034.json	0	dialogue	ハリスの娘ジャクリーン：
MAP34_e5_p0_13	Map034.json	0	dialogue	うおおおおおおおおおおお！
MAP34_e5_p0_16	Map034.json	0	dialogue	ウィンはハリスの娘さんから、
MAP34_e5_p0_17	Map034.json	0	dialogue	狂戦士のキノコを奪い取った！
MAP34_e5_p0_19	Map034.json	0	dialogue	ハリスの娘ジャクリーン：
MAP34_e5_p0_2	Map034.json	0	dialogue	うおおおおおおおおおおお！
MAP34_e5_p0_20	Map034.json	0	dialogue	きゃあっっっ　わたしったら、いったい……？
MAP34_e5_p0_21_c0	Map034.json	choice	choice	もう大丈夫ですよ
MAP34_e5_p0_21_c1	Map034.json	choice	choice	キノコの食べ過ぎ注意です
MAP34_e5_p0_24	Map034.json	1	dialogue	ハリスの娘ジャクリーン：
MAP34_e5_p0_25	Map034.json	1	dialogue	よくわからないけれど、騎士様が助けて
MAP34_e5_p0_26	Map034.json	1	dialogue	くれたんですね…
MAP34_e5_p0_27	Map034.json	1	dialogue	ありがとうございます！
MAP34_e5_p0_4	Map034.json	0	dialogue	ハリスの娘さんは、血走った目でこちらを睨むと
MAP34_e5_p0_49	Map034.json	1	dialogue	ハリスの娘ジャクリーン：
MAP34_e5_p0_5	Map034.json	0	dialogue	雄たけびを上げた。
MAP34_e5_p0_50	Map034.json	1	dialogue	え？キノコなんて食べてません！
MAP34_e5_p0_51	Map034.json	1	dialogue	私はキノコを食べに来たのではなく、採りに
MAP34_e5_p0_52	Map034.json	1	dialogue	来たのです！私は食べてませ―――――――ん
MAP34_e5_p0_6	Map034.json	0	dialogue	…その手には何やら真っ赤なキノコが握られている…
MAP34_e5_p0_8	Map034.json	0	dialogue	あのキノコはフレイムでのみ採れる狂戦士のキノコに
MAP34_e5_p0_9	Map034.json	0	dialogue	そっくりだ…　
MAP34_e5_p1_1	Map034.json	0	dialogue	ハリスの娘ジャクリーン：
MAP34_e5_p1_10	Map034.json	0	dialogue	あのキノコを奪い取らなければ…
MAP34_e5_p1_12	Map034.json	0	dialogue	ハリスの娘ジャクリーン：
MAP34_e5_p1_13	Map034.json	0	dialogue	うおおおおおおおおおおお！
MAP34_e5_p1_16	Map034.json	0	dialogue	ウィンはハリスの娘さんから、
MAP34_e5_p1_17	Map034.json	0	dialogue	狂戦士のキノコを奪い取った！
MAP34_e5_p1_19	Map034.json	0	dialogue	ハリスの娘ジャクリーン：
MAP34_e5_p1_2	Map034.json	0	dialogue	うおおおおおおおおおおお！
MAP34_e5_p1_20	Map034.json	0	dialogue	きゃあっっっ　わたしったら、いったい……？
MAP34_e5_p1_21_c0	Map034.json	choice	choice	もう大丈夫ですよ
MAP34_e5_p1_21_c1	Map034.json	choice	choice	キノコの食べ過ぎ注意です
MAP34_e5_p1_24	Map034.json	1	dialogue	ハリスの娘ジャクリーン：
MAP34_e5_p1_25	Map034.json	1	dialogue	よくわからないけれど、騎士様が助けて
MAP34_e5_p1_26	Map034.json	1	dialogue	くれたんですね…
MAP34_e5_p1_27	Map034.json	1	dialogue	ありがとうございます！
MAP34_e5_p1_4	Map034.json	0	dialogue	ハリスの娘さんは、血走った目でこちらを睨むと
MAP34_e5_p1_45	Map034.json	1	dialogue	ハリスの娘ジャクリーン：
MAP34_e5_p1_46	Map034.json	1	dialogue	え？キノコなんて食べてません！
MAP34_e5_p1_47	Map034.json	1	dialogue	私はキノコを食べに来たのではなく、採りに
MAP34_e5_p1_48	Map034.json	1	dialogue	来たのです！私は食べてませ―――――――ん
MAP34_e5_p1_5	Map034.json	0	dialogue	雄たけびを上げた。
MAP34_e5_p1_6	Map034.json	0	dialogue	…その手には何やら真っ赤なキノコが握られている…
MAP34_e5_p1_8	Map034.json	0	dialogue	あのキノコはフレイムでのみ採れる狂戦士のキノコに
MAP34_e5_p1_9	Map034.json	0	dialogue	そっくりだ…　
MAP35_e6_name	Map035.json	event name	name	オープニング１
MAP35_e6_p0_11	Map035.json	0	dialogue	けい…しょ…　けいしょうしゃ！
MAP35_e6_p0_13	Map035.json	0	dialogue	うーん　ほかは　むずかしい文字ばっかりで
MAP35_e6_p0_14	Map035.json	0	dialogue	ぜんぜんわからないや…
MAP35_e6_p0_16	Map035.json	0	dialogue	だけどここに書いてあるのが、
MAP35_e6_p0_17	Map035.json	0	dialogue	ぼくのおとうさんのことだってことはわかる！
MAP35_e6_p0_19	Map035.json	0	dialogue	だってぼくのおとうさんは
MAP35_e6_p0_20	Map035.json	0	dialogue	ウィンダム王国の騎士団長で、
MAP35_e6_p0_21	Map035.json	0	dialogue	もんしょうのけいしょうしゃだから！
MAP35_e6_p0_26	Map035.json	0	dialogue	あっ！
MAP35_e6_p0_27	Map035.json	0	dialogue	おとうさんがかえってきた！
MAP35_e6_p0_3	Map035.json	scrolling text	dialogue	　　　　　　　　闇のエレメントが復活するとき
MAP35_e6_p0_38	Map035.json	0	dialogue	おとうさん…そのケガどうしたの…？　
MAP35_e6_p0_39	Map035.json	0	dialogue	…お父さーーーーーん！！
MAP35_e6_p0_4	Map035.json	scrolling text	dialogue	　　　　　　　世界は闇に覆われ、魔物が跋扈する
MAP35_e6_p0_41	Map035.json	scrolling text	dialogue	　　　　　　　　　しかし、何百年もの間
MAP35_e6_p0_42	Map035.json	scrolling text	dialogue	　　　　　　闇のエレメントは復活しなかった
MAP35_e6_p0_44	Map035.json	scrolling text	dialogue	　　　　　その間に言い伝えは忘れられていった
MAP35_e6_p0_46	Map035.json	scrolling text	dialogue	　　　　　　　　紋章の継承者も実質的には　
MAP35_e6_p0_47	Map035.json	scrolling text	dialogue	　　　　　　それぞれの国の権力者に継承され
MAP35_e6_p0_48	Map035.json	scrolling text	dialogue	　　　　　　単なる権威の象徴でしかなかった
MAP35_e6_p0_6	Map035.json	scrolling text	dialogue	　　　　　　　それを防ぐことのできる唯一の力が
MAP35_e6_p0_7	Map035.json	scrolling text	dialogue	　　　　　　　　　　　エレメントの紋章を
MAP35_e6_p0_8	Map035.json	scrolling text	dialogue	　　　　　　　　受け継いだ　継承者たちであると…　　
MAP35_e8_name	Map035.json	event name	name	泥棒はずれ
MAP35_e8_p0_1	Map035.json	0	dialogue	持ち出して役に立つようなものは何も見つけられなかった…
MAP36_e1_name	Map036.json	event name	name	オープニング
MAP36_e1_p0_10	Map036.json	scrolling text	dialogue	　　　　　　　　　　作られたと伝わる
MAP36_e1_p0_12	Map036.json	scrolling text	dialogue	　　　　　　それぞれのエレメントの加護の証である
MAP36_e1_p0_13	Map036.json	scrolling text	dialogue	　　紋章の力を受け継いだ三つの国が栄えるこの大陸には
MAP36_e1_p0_15	Map036.json	scrolling text	dialogue	　　　　　　　　恐ろしい言い伝えがあった…
MAP36_e1_p0_7	Map036.json	scrolling text	dialogue	　　　　　　　　　　　エレメント大陸
MAP36_e1_p0_9	Map036.json	scrolling text	dialogue	　　　この大陸は火、水、風のエレメントの加護によって
MAP37_e10_p0_1	Map037.json	0	dialogue	騎士団長代行サクソン：
MAP37_e10_p0_10	Map037.json	0	dialogue	ピピン：
MAP37_e10_p0_11	Map037.json	0	dialogue	随分と焦ってるようだが、それも当然だな。
MAP37_e10_p0_12	Map037.json	0	dialogue	西の監視塔なら、毎月サクソン団長代行が
MAP37_e10_p0_13	Map037.json	0	dialogue	見回りを命じられているはずだからな。
MAP37_e10_p0_15	Map037.json	0	dialogue	騎士団長代行サクソン：
MAP37_e10_p0_16	Map037.json	0	dialogue	ええい、ピピンめ、無礼なあああああ！！
MAP37_e10_p0_18	Map037.json	0	dialogue	騎士団長代行サクソン：
MAP37_e10_p0_19	Map037.json	0	dialogue	確かに前回の見回りでは異常なかったのだ！
MAP37_e10_p0_2	Map037.json	0	dialogue	わしは忙しいのだウィン！邪魔を…
MAP37_e10_p0_20	Map037.json	0	dialogue	魔物どころか、ねずみ一匹さえ、クモ一匹さえ
MAP37_e10_p0_21	Map037.json	0	dialogue	いなかったのだ！！
MAP37_e10_p0_23	Map037.json	0	dialogue	ピピン：
MAP37_e10_p0_24	Map037.json	0	dialogue	どうだかね…。
MAP37_e10_p0_26	Map037.json	0	dialogue	騎士団長代行サクソン：
MAP37_e10_p0_27	Map037.json	0	dialogue	しつこいぞ、ピピン！し、しかし…
MAP37_e10_p0_28	Map037.json	0	dialogue	もしかすれば、闇のエレメントの復活が
MAP37_e10_p0_29	Map037.json	0	dialogue	近いのかも知れぬ…
MAP37_e10_p0_3	Map037.json	0	dialogue	ん？西の監視塔に人食いの魔物が出たから
MAP37_e10_p0_31	Map037.json	0	dialogue	騎士団長代行サクソン：
MAP37_e10_p0_32	Map037.json	0	dialogue	ふたりとも、気を引き締めていくのだ！！
MAP37_e10_p0_4	Map037.json	0	dialogue	調査に行く、だと…？
MAP37_e10_p0_6	Map037.json	0	dialogue	騎士団長代行サクソン：
MAP37_e10_p0_7	Map037.json	0	dialogue	そ、それは大変だのう！
MAP37_e10_p0_8	Map037.json	0	dialogue	気を付けて行ってまいれよ！
MAP37_e10_p1_1	Map037.json	0	dialogue	騎士団長代行サクソン：
MAP37_e10_p1_2	Map037.json	0	dialogue	ふたりとも、気を引き締めていくのだ！！
MAP37_e11_name	Map037.json	event name	name	サクソンの部屋出る
MAP37_e11_p0_1	Map037.json	0	dialogue	ピピン：
MAP37_e11_p0_2	Map037.json	0	dialogue	…サクソンめ、なにが闇のエレメントだ。
MAP37_e11_p0_3	Map037.json	0	dialogue	自分の能無しを、おとぎ話で誤魔化すなんて、
MAP37_e11_p0_4	Map037.json	0	dialogue	恥知らずにもほどがある。
MAP37_e12_name	Map037.json	event name	name	泥棒はずれ
MAP37_e12_p0_1	Map037.json	0	dialogue	持ち出して役に立つようなものは何も見つけられなかった…
MAP37_e13_name	Map037.json	event name	name	泥棒はずれ
MAP37_e13_p0_1	Map037.json	0	dialogue	持ち出して役に立つようなものは何も見つけられなかった…
MAP37_e14_name	Map037.json	event name	name	泥棒はずれ
MAP37_e14_p0_1	Map037.json	0	dialogue	持ち出して役に立つようなものは何も見つけられなかった…
MAP37_e15_name	Map037.json	event name	name	泥棒はずれ
MAP37_e15_p0_1	Map037.json	0	dialogue	持ち出して役に立つようなものは何も見つけられなかった…
MAP37_e16_name	Map037.json	event name	name	泥棒はずれ
MAP37_e16_p0_1	Map037.json	0	dialogue	持ち出して役に立つようなものは何も見つけられなかった…
MAP37_e17_name	Map037.json	event name	name	泥棒はずれ
MAP37_e17_p0_1	Map037.json	0	dialogue	持ち出して役に立つようなものは何も見つけられなかった…
MAP37_e18_p0_1	Map037.json	0	dialogue	『ウィンダム王国の歴史』
MAP37_e18_p0_11	Map037.json	1	dialogue	南の国のフレイムや、西の山奥のセイリューでは、
MAP37_e18_p0_12	Map037.json	1	dialogue	辺境の田舎に、いつのまにか大きな城が建っていて
MAP37_e18_p0_13	Map037.json	1	dialogue	王国が出来ていたので驚いたと伝わっている。
MAP37_e18_p0_15	Map037.json	1	dialogue	なので、風のエレメントの加護で出来たお城と国である、
MAP37_e18_p0_16	Map037.json	1	dialogue	そういう噂が、ウィンダム王国以外でもそれなりに
MAP37_e18_p0_17	Map037.json	1	dialogue	信じられている。
MAP37_e18_p0_18	Map037.json	1	dialogue	とにかくこの国では何でも風のエレメントのおかげである。
MAP37_e18_p0_2	Map037.json	0	dialogue	…と表紙に書かれた本がある。読んでみようか…・
MAP37_e18_p0_3_c0	Map037.json	choice	choice	読んでみる
MAP37_e18_p0_3_c1	Map037.json	choice	choice	読まない
MAP37_e18_p0_6	Map037.json	1	dialogue	大昔からある国だと伝わるが、実際にどのくらい大昔から
MAP37_e18_p0_7	Map037.json	1	dialogue	あるのかは、あまりよく分からない。
MAP37_e18_p0_8	Map037.json	1	dialogue	色々な本や言い伝えから、500年くらい前には、
MAP37_e18_p0_9	Map037.json	1	dialogue	国王がいて、兵士がいて、街があったらしい。
MAP37_e19_p0_1	Map037.json	0	dialogue	『サクソンの日記』
MAP37_e19_p0_11	Map037.json	1	dialogue	ちょっと古いページ：
MAP37_e19_p0_12	Map037.json	1	dialogue	領内を荒らし回っていた野盗の集団を、遂に追い詰めた。
MAP37_e19_p0_13	Map037.json	1	dialogue	この戦いで大手柄を挙げることで、あのロイを差し置いて
MAP37_e19_p0_14	Map037.json	1	dialogue	わしが騎士団長になれないものか…。ううむ。
MAP37_e19_p0_16	Map037.json	1	dialogue	そんなに古くないページ：
MAP37_e19_p0_17	Map037.json	1	dialogue	もうずっとわしが騎士団長代行のままだ。
MAP37_e19_p0_18	Map037.json	1	dialogue	実質的にはわしが騎士団を率いているとはいえ…
MAP37_e19_p0_19	Map037.json	1	dialogue	紋章のないわしにいざとなった時に国を守れるだろうか…
MAP37_e19_p0_2	Map037.json	0	dialogue	…と、表紙に書かれた本がある。読んでみようか…
MAP37_e19_p0_3_c0	Map037.json	choice	choice	読んでみよう
MAP37_e19_p0_3_c1	Map037.json	choice	choice	読まない
MAP37_e19_p0_6	Map037.json	1	dialogue	とても古いページ：
MAP37_e19_p0_7	Map037.json	1	dialogue	代々何度も騎士団長、そして風の紋章を受け継いできた
MAP37_e19_p0_8	Map037.json	1	dialogue	我が一族…。わしもその栄誉が欲しかったのに、あのロイ
MAP37_e19_p0_9	Map037.json	1	dialogue	とかいう男がいるせいで…。悔しい。
MAP37_e1_name	Map037.json	event name	name	ウィンダム城下町
MAP37_e1_note	Map037.json	event note	note	入り口
MAP37_e20_name	Map037.json	event name	name	玉座の護衛左
MAP37_e20_p0_1	Map037.json	0	dialogue	近衛兵ブロウニング：
MAP37_e20_p0_11	Map037.json	1	dialogue	ピピン：
MAP37_e20_p0_12	Map037.json	1	dialogue	どこの自称天才さんの話だ？おい？
MAP37_e20_p0_14	Map037.json	1	dialogue	近衛兵ブロウニング：
MAP37_e20_p0_15	Map037.json	1	dialogue	げっ！いたのかピピン！！
MAP37_e20_p0_16	Map037.json	1	dialogue	ま、とりあえず、ウィン！がんばれよ！
MAP37_e20_p0_17	Map037.json	1	dialogue	…ピピンもな。
MAP37_e20_p0_2	Map037.json	0	dialogue	よう、ウィン。最近どうだ？
MAP37_e20_p0_21	Map037.json	1	dialogue	近衛兵ブロウニング：
MAP37_e20_p0_22	Map037.json	1	dialogue	なんだなんだ、騎士学校トップで卒業した
MAP37_e20_p0_23	Map037.json	1	dialogue	お前が、そんなパッとしない顔して。
MAP37_e20_p0_24	Map037.json	1	dialogue	最近実家のパン食べてないのか？
MAP37_e20_p0_3_c0	Map037.json	choice	choice	いい感じ
MAP37_e20_p0_3_c1	Map037.json	choice	choice	ぼちぼち
MAP37_e20_p0_6	Map037.json	1	dialogue	近衛兵ブロウニング：
MAP37_e20_p0_7	Map037.json	1	dialogue	そりゃあよかった！俺はお前ならきっと
MAP37_e20_p0_8	Map037.json	1	dialogue	騎士団長になると思ってるんだ。
MAP37_e20_p0_9	Map037.json	1	dialogue	あんな性格の悪い自称天才でなく…
MAP37_e21_name	Map037.json	event name	name	玉座の護衛右
MAP37_e21_p0_1	Map037.json	0	dialogue	近衛兵ライトニング：
MAP37_e21_p0_11	Map037.json	1	dialogue	ピピン：
MAP37_e21_p0_12	Map037.json	1	dialogue	ああ。
MAP37_e21_p0_14	Map037.json	1	dialogue	近衛兵ライトニング：
MAP37_e21_p0_15	Map037.json	1	dialogue	…それなら安心だ。
MAP37_e21_p0_16	Map037.json	1	dialogue	ピピンと一緒なら、ウィンも色々勉強に
MAP37_e21_p0_17	Map037.json	1	dialogue	なるだろう。ピピン、ウィンをよろしくな。
MAP37_e21_p0_2	Map037.json	0	dialogue	…仕事か？
MAP37_e21_p0_21	Map037.json	1	dialogue	ピピン：
MAP37_e21_p0_22	Map037.json	1	dialogue	なんでだ！仕事だろう！？
MAP37_e21_p0_23	Map037.json	1	dialogue	まさかウイン、
MAP37_e21_p0_24	Map037.json	1	dialogue	お前、陛下の話を聞いてなかったのか！？
MAP37_e21_p0_26	Map037.json	1	dialogue	近衛兵ライトニング：
MAP37_e21_p0_27	Map037.json	1	dialogue	俺も聞いていた、仕事だよな？ウィン。
MAP37_e21_p0_28	Map037.json	1	dialogue	知っていて聞いた俺が悪かったよ。
MAP37_e21_p0_29	Map037.json	1	dialogue	…しかしピピンは怒り過ぎだ。うるさい。
MAP37_e21_p0_31	Map037.json	1	dialogue	ピピン：
MAP37_e21_p0_32	Map037.json	1	dialogue	…クッ
MAP37_e21_p0_33	Map037.json	1	dialogue	どうして俺が怒られたんだ…
MAP37_e21_p0_3_c0	Map037.json	choice	choice	そうだよ
MAP37_e21_p0_3_c1	Map037.json	choice	choice	ちがうよ
MAP37_e21_p0_6	Map037.json	1	dialogue	近衛兵ライトニング：
MAP37_e21_p0_7	Map037.json	1	dialogue	人食いの獣が住み着いたっていう、
MAP37_e21_p0_8	Map037.json	1	dialogue	西の監視塔か。
MAP37_e21_p0_9	Map037.json	1	dialogue	ピピンも一緒なんだな？
MAP37_e22_name	Map037.json	event name	name	玉座の護衛右
MAP37_e22_p0_1	Map037.json	0	dialogue	近衛兵ライトニング：
MAP37_e22_p0_11	Map037.json	1	dialogue	ピピン：
MAP37_e22_p0_12	Map037.json	1	dialogue	ああ。
MAP37_e22_p0_14	Map037.json	1	dialogue	近衛兵ライトニング：
MAP37_e22_p0_15	Map037.json	1	dialogue	…それなら安心だ。
MAP37_e22_p0_16	Map037.json	1	dialogue	ピピンと一緒なら、ウィンも色々勉強に
MAP37_e22_p0_17	Map037.json	1	dialogue	なるだろう。ピピン、ウィンをよろしくな。
MAP37_e22_p0_2	Map037.json	0	dialogue	…仕事か？
MAP37_e22_p0_21	Map037.json	1	dialogue	ピピン：
MAP37_e22_p0_22	Map037.json	1	dialogue	なんでだ！仕事だろう！？
MAP37_e22_p0_23	Map037.json	1	dialogue	まさかウイン、
MAP37_e22_p0_24	Map037.json	1	dialogue	お前、陛下の話を聞いてなかったのか！？
MAP37_e22_p0_26	Map037.json	1	dialogue	近衛兵ライトニング：
MAP37_e22_p0_27	Map037.json	1	dialogue	俺も聞いていた、仕事だよな？ウィン。
MAP37_e22_p0_28	Map037.json	1	dialogue	知っていて聞いた俺が悪かったよ。
MAP37_e22_p0_29	Map037.json	1	dialogue	…しかしピピンは怒り過ぎだ。うるさい。
MAP37_e22_p0_31	Map037.json	1	dialogue	ピピン：
MAP37_e22_p0_32	Map037.json	1	dialogue	…クッ
MAP37_e22_p0_33	Map037.json	1	dialogue	どうして俺が怒られたんだ…
MAP37_e22_p0_3_c0	Map037.json	choice	choice	そうだよ
MAP37_e22_p0_3_c1	Map037.json	choice	choice	ちがうよ
MAP37_e22_p0_6	Map037.json	1	dialogue	近衛兵ライトニング：
MAP37_e22_p0_7	Map037.json	1	dialogue	人食いの獣が住み着いたっていう、
MAP37_e22_p0_8	Map037.json	1	dialogue	西の監視塔か。
MAP37_e22_p0_9	Map037.json	1	dialogue	ピピンも一緒なんだな？
MAP37_e23_name	Map037.json	event name	name	玉座の護衛左
MAP37_e23_p0_1	Map037.json	0	dialogue	近衛兵ブロウニング：
MAP37_e23_p0_11	Map037.json	1	dialogue	ピピン：
MAP37_e23_p0_12	Map037.json	1	dialogue	どこの自称天才さんの話だ？おい？
MAP37_e23_p0_14	Map037.json	1	dialogue	近衛兵ブロウニング：
MAP37_e23_p0_15	Map037.json	1	dialogue	げっ！いたのかピピン！！
MAP37_e23_p0_16	Map037.json	1	dialogue	ま、とりあえず、ウィン！がんばれよ！
MAP37_e23_p0_17	Map037.json	1	dialogue	…ピピンもな。
MAP37_e23_p0_2	Map037.json	0	dialogue	よう、ウィン。最近どうだ？
MAP37_e23_p0_21	Map037.json	1	dialogue	近衛兵ブロウニング：
MAP37_e23_p0_22	Map037.json	1	dialogue	なんだなんだ、騎士学校トップで卒業した
MAP37_e23_p0_23	Map037.json	1	dialogue	お前が、そんなパッとしない顔して。
MAP37_e23_p0_24	Map037.json	1	dialogue	最近実家のパン食べてないのか？
MAP37_e23_p0_3_c0	Map037.json	choice	choice	いい感じ
MAP37_e23_p0_3_c1	Map037.json	choice	choice	ぼちぼち
MAP37_e23_p0_6	Map037.json	1	dialogue	近衛兵ブロウニング：
MAP37_e23_p0_7	Map037.json	1	dialogue	そりゃあよかった！俺はお前ならきっと
MAP37_e23_p0_8	Map037.json	1	dialogue	騎士団長になると思ってるんだ。
MAP37_e23_p0_9	Map037.json	1	dialogue	あんな性格の悪い自称天才でなく…
MAP37_e24_p0_12	Map037.json	0	dialogue	ヒソヒソ…
MAP37_e24_p0_13	Map037.json	0	dialogue	何が天才だ…　ガキの頃に親父からもらった
MAP37_e24_p0_14	Map037.json	0	dialogue	紋章のおかげだろうに…
MAP37_e24_p0_19	Map037.json	0	dialogue	ヒソヒソ…
MAP37_e24_p0_20	Map037.json	0	dialogue	紋章は代々騎士団長が継承するはずなのに…
MAP37_e24_p0_21	Map037.json	0	dialogue	こいつはガキの頃に継承しちまったから…
MAP37_e24_p0_22	Map037.json	0	dialogue	最初から俺たちに出世の道はなかったんだよな
MAP37_e24_p0_27	Map037.json	0	dialogue	ヒソヒソ…
MAP37_e24_p0_29	Map037.json	0	dialogue	紋章のおかげでこんな若造が騎士団長ね…
MAP37_e24_p0_30	Map037.json	0	dialogue	こいつのせいで騎士団の格も地に堕ちたぜ…
MAP37_e24_p0_35	Map037.json	0	dialogue	ヒソヒソ…
MAP37_e24_p0_36	Map037.json	0	dialogue	せいぜいがんばれよ、天才騎士団長さん…
MAP37_e24_p0_37	Map037.json	0	dialogue	俺らはアンタに忠誠なんて誓わないぜ…
MAP37_e24_p0_4	Map037.json	0	dialogue	風の紋章の継承者ロイよ。
MAP37_e24_p0_43	Map037.json	scrolling text	dialogue	　　　　　　　闇のエレメントの復活に備え
MAP37_e24_p0_44	Map037.json	scrolling text	dialogue	　　　　　　それぞれの紋章の継承者のもとに
MAP37_e24_p0_46	Map037.json	scrolling text	dialogue	　　　　　　　　　　人々は助け合い
MAP37_e24_p0_47	Map037.json	scrolling text	dialogue	　　　　　　　いつ、そのときが来ても万全に
MAP37_e24_p0_48	Map037.json	scrolling text	dialogue	　　　　　　　　　　　戦えるよう
MAP37_e24_p0_5	Map037.json	0	dialogue	いまこれより、そなたをウィンダム騎士団の
MAP37_e24_p0_50	Map037.json	scrolling text	dialogue	　　　　　古い言い伝えを語り継がねばならない
MAP37_e24_p0_52	Map037.json	scrolling text	dialogue	　　　　　しかしいまやそんな大昔の言い伝えは
MAP37_e24_p0_53	Map037.json	scrolling text	dialogue	　　　　　　　　　　　単なる物語…
MAP37_e24_p0_55	Map037.json	scrolling text	dialogue	　　　　　　　　　　　　　そう…　　　　
MAP37_e24_p0_6	Map037.json	0	dialogue	騎士団長に命ずる。
MAP37_e24_p0_8	Map037.json	0	dialogue	…は、謹んで承ります
MAP37_e2_name	Map037.json	event name	name	ウィンダム城下町
MAP37_e2_note	Map037.json	event note	note	入り口
MAP37_e3_name	Map037.json	event name	name	ウィンダム城下町
MAP37_e3_note	Map037.json	event note	note	入り口
MAP37_e4_name	Map037.json	event name	name	ウィンダム王
MAP37_e4_p0_1	Map037.json	0	dialogue	ウィンダム王：
MAP37_e4_p0_2	Map037.json	0	dialogue	騎士ウィン、お前にはまだ実戦経験が少ない。
MAP37_e4_p0_3	Map037.json	0	dialogue	この任務を良い機会とし、ピピンから多くを
MAP37_e4_p0_4	Map037.json	0	dialogue	学ぶのだ。よいな…　下がれ。
MAP37_e4_p1_10	Map037.json	2	dialogue	ウィンダム王：
MAP37_e4_p1_11	Map037.json	2	dialogue	お前の働きに期待しているぞ。
MAP37_e4_p1_12	Map037.json	2	dialogue	下がれ。
MAP37_e4_p1_16	Map037.json	2	dialogue	ウィンダム王：
MAP37_e4_p1_17	Map037.json	2	dialogue	…すまぬが少し考え事をしているのだ。
MAP37_e4_p1_18	Map037.json	2	dialogue	ひとりになりたい。
MAP37_e4_p1_19	Map037.json	2	dialogue	またの機会にしてくれ。
MAP37_e4_p1_26	Map037.json	1	dialogue	ウィンダム王：
MAP37_e4_p1_27	Map037.json	1	dialogue	以前サクソンに西の塔の見回りを命じたが、
MAP37_e4_p1_28	Map037.json	1	dialogue	あれからまだ、ひとつきも経っていない。
MAP37_e4_p1_29	Map037.json	1	dialogue	こんな短期間に多くの魔物が巣くうものか…
MAP37_e4_p1_3	Map037.json	1	dialogue	ウィンダム王：
MAP37_e4_p1_31	Map037.json	1	dialogue	ピピン：
MAP37_e4_p1_32	Map037.json	1	dialogue	恐れながら、陛下。
MAP37_e4_p1_33	Map037.json	1	dialogue	サクソン騎士団長代行のこと、きっと報告だけ
MAP37_e4_p1_34	Map037.json	1	dialogue	して、見回りはしていません。
MAP37_e4_p1_36	Map037.json	1	dialogue	ウィンダム王：
MAP37_e4_p1_37	Map037.json	1	dialogue	ありそうなことだ…。
MAP37_e4_p1_38	Map037.json	1	dialogue	いつもあの者の尻拭いをさせてすまないが、
MAP37_e4_p1_39	Map037.json	1	dialogue	ピピン、任せたぞ。
MAP37_e4_p1_4	Map037.json	1	dialogue	…なぜまだここにいる？
MAP37_e4_p1_41	Map037.json	1	dialogue	ピピン：
MAP37_e4_p1_42	Map037.json	1	dialogue	…は
MAP37_e4_p1_47	Map037.json	1	dialogue	ウィンダム王：
MAP37_e4_p1_48	Map037.json	1	dialogue	ピピン、お前の今回の仕事は、ウィンの
MAP37_e4_p1_49	Map037.json	1	dialogue	サポートだ。色々と教えてやるように。
MAP37_e4_p1_5	Map037.json	1	dialogue	お前には西の塔の調査に向かうよう命じた。
MAP37_e4_p1_50	Map037.json	1	dialogue	少しは仲良くするのだぞ。
MAP37_e4_p1_52	Map037.json	1	dialogue	ピピン：
MAP37_e4_p1_53	Map037.json	1	dialogue	…は
MAP37_e4_p1_55	Map037.json	1	dialogue	ウィンダム王：
MAP37_e4_p1_56	Map037.json	1	dialogue	王に向かってそうあからさまに嫌な顔をするな。
MAP37_e4_p1_57	Map037.json	1	dialogue	お前なりのやり方でいいが、努力はしろ。
MAP37_e4_p1_58	Map037.json	1	dialogue	隊長たるもの、部下の教育も仕事の内だ。
MAP37_e4_p1_6	Map037.json	1	dialogue	私にはお前と雑談するような暇はないぞ。
MAP37_e4_p1_60	Map037.json	1	dialogue	ピピン：
MAP37_e4_p1_61	Map037.json	1	dialogue	…努力します。
MAP37_e4_p1_7_c0	Map037.json	choice	choice	申し訳ございません
MAP37_e4_p1_7_c1	Map037.json	choice	choice	陛下とお話させて下さい
MAP37_e4_p2_1	Map037.json	0	dialogue	ウィンダム王：
MAP37_e4_p2_10	Map037.json	0	dialogue	しかし…
MAP37_e4_p2_101	Map037.json	0	dialogue	長話は終わりにしよう。
MAP37_e4_p2_102	Map037.json	0	dialogue	ウィンよ、ピピンをよろしく頼む。
MAP37_e4_p2_103	Map037.json	0	dialogue	急ぎ、西の森に住むロイを訪ね、事の次第を
MAP37_e4_p2_104	Map037.json	0	dialogue	伝え、城に出てくるよう説得するのだ。
MAP37_e4_p2_106	Map037.json	0	dialogue	ピピン：
MAP37_e4_p2_107	Map037.json	0	dialogue	陛下、それは逆ですよ。
MAP37_e4_p2_108	Map037.json	0	dialogue	なんで俺がこいつに面倒を見られにゃならんの
MAP37_e4_p2_109	Map037.json	0	dialogue	です！
MAP37_e4_p2_111	Map037.json	0	dialogue	ウィンダム王：
MAP37_e4_p2_112	Map037.json	0	dialogue	この意味、
MAP37_e4_p2_113	Map037.json	0	dialogue	分からないお前ではあるまい、ピピン！
MAP37_e4_p2_115	Map037.json	0	dialogue	ピピン：
MAP37_e4_p2_116	Map037.json	0	dialogue	は…？
MAP37_e4_p2_117	Map037.json	0	dialogue	いや、分かりませんが…
MAP37_e4_p2_119	Map037.json	0	dialogue	ウィンダム王：
MAP37_e4_p2_12	Map037.json	0	dialogue	ウィンダム王：
MAP37_e4_p2_120	Map037.json	0	dialogue	ロイは気難しい男だ…。
MAP37_e4_p2_121	Map037.json	0	dialogue	説得は難しいかも知れないが、頼むぞ。
MAP37_e4_p2_13	Map037.json	0	dialogue	どうした？
MAP37_e4_p2_15	Map037.json	0	dialogue	ピピン：
MAP37_e4_p2_16	Map037.json	0	dialogue	最上階に怪しいガイコツの男がいました。
MAP37_e4_p2_17	Map037.json	0	dialogue	奴は自分を闇のエレメントの担い手…
MAP37_e4_p2_18	Map037.json	0	dialogue	大魔道士ピ…ピ何とかと名乗りました…。
MAP37_e4_p2_2	Map037.json	0	dialogue	よくぞ戻った、騎士ピピン、騎士ウィンよ。
MAP37_e4_p2_20	Map037.json	0	dialogue	ウィンダム王：
MAP37_e4_p2_21	Map037.json	0	dialogue	大魔道士ピ…なんとかだと……！？
MAP37_e4_p2_23	Map037.json	0	dialogue	ピピン：
MAP37_e4_p2_24	Map037.json	0	dialogue	ご存知なのですか？
MAP37_e4_p2_26	Map037.json	0	dialogue	ウィンダム王：
MAP37_e4_p2_27	Map037.json	0	dialogue	いや、わからん。そもそもピ何とかでは、
MAP37_e4_p2_28	Map037.json	0	dialogue	もし知っていたとしても、わからなそうだ…。
MAP37_e4_p2_30	Map037.json	0	dialogue	ピピン：
MAP37_e4_p2_31	Map037.json	0	dialogue	きっと、ちょっと変なやつというだけだとは
MAP37_e4_p2_32	Map037.json	0	dialogue	思いますが、一応報告しました。
MAP37_e4_p2_34	Map037.json	0	dialogue	ウィンダム王：
MAP37_e4_p2_35	Map037.json	0	dialogue	ふむ…。
MAP37_e4_p2_36	Map037.json	0	dialogue	しかし、闇のエレメントの復活の予兆
MAP37_e4_p2_37	Map037.json	0	dialogue	なのかも知れないな。
MAP37_e4_p2_39	Map037.json	0	dialogue	ピピン：
MAP37_e4_p2_4	Map037.json	0	dialogue	ウィンダム王：
MAP37_e4_p2_40	Map037.json	0	dialogue	ああ、やつはそんなことも言っていました。
MAP37_e4_p2_41	Map037.json	0	dialogue	闇のエレメントの復活が近いとか何とか…
MAP37_e4_p2_42	Map037.json	0	dialogue	闇の結晶を集めるとか何とか…
MAP37_e4_p2_44	Map037.json	0	dialogue	ウィンダム王：
MAP37_e4_p2_45	Map037.json	0	dialogue	闇の結晶を集めるだと！！！！！？
MAP37_e4_p2_47	Map037.json	0	dialogue	ピピン：
MAP37_e4_p2_48	Map037.json	0	dialogue	ご存知なのですか？
MAP37_e4_p2_5	Map037.json	0	dialogue	早速だが、調査結果を教えてくれ。
MAP37_e4_p2_50	Map037.json	0	dialogue	ウィンダム王：
MAP37_e4_p2_51	Map037.json	0	dialogue	以前ロイから聞いたことがある…。
MAP37_e4_p2_52	Map037.json	0	dialogue	この大陸には、闇の力が集まりやすい場所が
MAP37_e4_p2_53	Map037.json	0	dialogue	あって…
MAP37_e4_p2_55	Map037.json	0	dialogue	闇のエレメント復活の際には、その場所に
MAP37_e4_p2_56	Map037.json	0	dialogue	闇の結晶が現れるらしいと…
MAP37_e4_p2_58	Map037.json	0	dialogue	ピピン、そしてウィンよ。
MAP37_e4_p2_59	Map037.json	0	dialogue	本当に闇のエレメントの復活が近いとするなら、
MAP37_e4_p2_60	Map037.json	0	dialogue	風の紋章の継承者であるロイの力が必要だ。
MAP37_e4_p2_62	Map037.json	0	dialogue	ピピン：
MAP37_e4_p2_63	Map037.json	0	dialogue	…森の奥に引きこもっている、かつて天才と
MAP37_e4_p2_64	Map037.json	0	dialogue	呼ばれた、伝説の騎士、ロイ…
MAP37_e4_p2_66	Map037.json	0	dialogue	ウィンダム王：
MAP37_e4_p2_67	Map037.json	0	dialogue	…そうだ、ピピン。
MAP37_e4_p2_69	Map037.json	0	dialogue	闇のエレメントに対抗できるのは、
MAP37_e4_p2_7	Map037.json	0	dialogue	ピピン：
MAP37_e4_p2_70	Map037.json	0	dialogue	火、水、風の紋章の継承者だけだ。
MAP37_e4_p2_71	Map037.json	0	dialogue	そして、ロイはここ何十年も、山奥で古文書を
MAP37_e4_p2_72	Map037.json	0	dialogue	読み、研究を続けている。
MAP37_e4_p2_74	Map037.json	0	dialogue	彼の力が、いまこそ必要なのだ。
MAP37_e4_p2_76	Map037.json	0	dialogue	二人は急いでロイの元に向かい、
MAP37_e4_p2_77	Map037.json	0	dialogue	ここへ出てくるよう説得して参るのだ。
MAP37_e4_p2_79	Map037.json	0	dialogue	ピピン：
MAP37_e4_p2_8	Map037.json	0	dialogue	塔の内部は人食いの魔物だらけでした。
MAP37_e4_p2_80	Map037.json	0	dialogue	俺は…
MAP37_e4_p2_82	Map037.json	0	dialogue	ピピン：
MAP37_e4_p2_83	Map037.json	0	dialogue	俺は残ります。
MAP37_e4_p2_84	Map037.json	0	dialogue	ウィンにだけ、行かせて下さい。
MAP37_e4_p2_86	Map037.json	0	dialogue	ウィンダム王：
MAP37_e4_p2_87	Map037.json	0	dialogue	………。
MAP37_e4_p2_89	Map037.json	0	dialogue	実はな、ピピン…
MAP37_e4_p2_9	Map037.json	0	dialogue	いちばんの大物、人食いイヌは倒しました。
MAP37_e4_p2_90	Map037.json	0	dialogue	このような事態になったときには、
MAP37_e4_p2_91	Map037.json	0	dialogue	ピピンを寄こすよう、以前ロイから
MAP37_e4_p2_92	Map037.json	0	dialogue	頼まれているのだよ。
MAP37_e4_p2_94	Map037.json	0	dialogue	ピピン：
MAP37_e4_p2_95	Map037.json	0	dialogue	…な、んだと………？
MAP37_e4_p2_97	Map037.json	0	dialogue	ウィンダム王：
MAP37_e4_p2_98	Map037.json	0	dialogue	この意味…
MAP37_e4_p2_99	Map037.json	0	dialogue	分からないお前ではあるまい、ピピン。
MAP37_e4_p3_1	Map037.json	0	dialogue	ウィンダム王：
MAP37_e4_p3_2	Map037.json	0	dialogue	ウィンよ、ピピンをよろしく頼む。
MAP37_e4_p3_3	Map037.json	0	dialogue	急ぎ、西の森に住むロイを訪ね、事の次第を
MAP37_e4_p3_4	Map037.json	0	dialogue	伝え、城に出てくるよう説得するのだ。
MAP37_e5_name	Map037.json	event name	name	玉座の護衛左
MAP37_e5_p0_1	Map037.json	0	dialogue	近衛兵ブロウニング：
MAP37_e5_p0_11	Map037.json	1	dialogue	ピピン：
MAP37_e5_p0_12	Map037.json	1	dialogue	どこの自称天才さんの話だ？おい？
MAP37_e5_p0_14	Map037.json	1	dialogue	近衛兵ブロウニング：
MAP37_e5_p0_15	Map037.json	1	dialogue	げっ！いたのかピピン！！
MAP37_e5_p0_16	Map037.json	1	dialogue	ま、とりあえず、ウィン！がんばれよ！
MAP37_e5_p0_17	Map037.json	1	dialogue	…ピピンもな。
MAP37_e5_p0_2	Map037.json	0	dialogue	よう、ウィン。最近どうだ？
MAP37_e5_p0_21	Map037.json	1	dialogue	近衛兵ブロウニング：
MAP37_e5_p0_22	Map037.json	1	dialogue	なんだなんだ、騎士学校トップで卒業した
MAP37_e5_p0_23	Map037.json	1	dialogue	お前が、そんなパッとしない顔して。
MAP37_e5_p0_24	Map037.json	1	dialogue	最近実家のパン食べてないのか？
MAP37_e5_p0_3_c0	Map037.json	choice	choice	いい感じ
MAP37_e5_p0_3_c1	Map037.json	choice	choice	ぼちぼち
MAP37_e5_p0_6	Map037.json	1	dialogue	近衛兵ブロウニング：
MAP37_e5_p0_7	Map037.json	1	dialogue	そりゃあよかった！俺はお前ならきっと
MAP37_e5_p0_8	Map037.json	1	dialogue	騎士団長になると思ってるんだ。
MAP37_e5_p0_9	Map037.json	1	dialogue	あんな性格の悪い自称天才でなく…
MAP37_e6_name	Map037.json	event name	name	玉座の護衛右
MAP37_e6_p0_1	Map037.json	0	dialogue	近衛兵ライトニング：
MAP37_e6_p0_11	Map037.json	1	dialogue	ピピン：
MAP37_e6_p0_12	Map037.json	1	dialogue	ああ。
MAP37_e6_p0_14	Map037.json	1	dialogue	近衛兵ライトニング：
MAP37_e6_p0_15	Map037.json	1	dialogue	…それなら安心だ。
MAP37_e6_p0_16	Map037.json	1	dialogue	ピピンと一緒なら、ウィンも色々勉強に
MAP37_e6_p0_17	Map037.json	1	dialogue	なるだろう。ピピン、ウィンをよろしくな。
MAP37_e6_p0_2	Map037.json	0	dialogue	…仕事か？
MAP37_e6_p0_21	Map037.json	1	dialogue	ピピン：
MAP37_e6_p0_22	Map037.json	1	dialogue	なんでだ！仕事だろう！？
MAP37_e6_p0_23	Map037.json	1	dialogue	まさかウイン、
MAP37_e6_p0_24	Map037.json	1	dialogue	お前、陛下の話を聞いてなかったのか！？
MAP37_e6_p0_26	Map037.json	1	dialogue	近衛兵ライトニング：
MAP37_e6_p0_27	Map037.json	1	dialogue	俺も聞いていた、仕事だよな？ウィン。
MAP37_e6_p0_28	Map037.json	1	dialogue	知っていて聞いた俺が悪かったよ。
MAP37_e6_p0_29	Map037.json	1	dialogue	…しかしピピンは怒り過ぎだ。うるさい。
MAP37_e6_p0_31	Map037.json	1	dialogue	ピピン：
MAP37_e6_p0_32	Map037.json	1	dialogue	…クッ
MAP37_e6_p0_33	Map037.json	1	dialogue	どうして俺が怒られたんだ…
MAP37_e6_p0_3_c0	Map037.json	choice	choice	そうだよ
MAP37_e6_p0_3_c1	Map037.json	choice	choice	ちがうよ
MAP37_e6_p0_6	Map037.json	1	dialogue	近衛兵ライトニング：
MAP37_e6_p0_7	Map037.json	1	dialogue	人食いの獣が住み着いたっていう、
MAP37_e6_p0_8	Map037.json	1	dialogue	西の監視塔か。
MAP37_e6_p0_9	Map037.json	1	dialogue	ピピンも一緒なんだな？
MAP37_e8_name	Map037.json	event name	name	王の寝室の護衛本体
MAP37_e8_p0_1	Map037.json	0	dialogue	近衛兵クリス：
MAP37_e8_p0_2	Map037.json	0	dialogue	ここから先は、ウィンダム王とお妃さまの
MAP37_e8_p0_3	Map037.json	0	dialogue	寝室だぜ　…って、
MAP37_e8_p0_4	Map037.json	0	dialogue	お前そんなこと知ってるだろ。あっち行った。
MAP37_e9_name	Map037.json	event name	name	王の寝室の護衛ゆか
MAP37_e9_p0_2	Map037.json	0	dialogue	近衛兵クリス：
MAP37_e9_p0_3	Map037.json	0	dialogue	ここから先は、ウィンダム王とお妃さまの
MAP37_e9_p0_4	Map037.json	0	dialogue	寝室だぜ　…って、
MAP37_e9_p0_5	Map037.json	0	dialogue	お前そんなこと知ってるだろ。あっち行った。
MAP38_e1_name	Map038.json	event name	name	ウィンダム城下町
MAP38_e1_note	Map038.json	event note	note	入り口
MAP38_e2_name	Map038.json	event name	name	ウィンダム城下町
MAP38_e2_note	Map038.json	event note	note	入り口
MAP38_e3_name	Map038.json	event name	name	ウィンダム城下町
MAP38_e3_note	Map038.json	event note	note	入り口
MAP38_e4_p0_10	Map038.json	scrolling text	dialogue	　　　　　　　　　　　　エレサガ
MAP38_e4_p0_6	Map038.json	0	dialogue	そんなものは、おとぎ話に過ぎなかったんだ…
MAP39_e5_name	Map039.json	event name	name	子供ロイ
MAP39_e6_name	Map039.json	event name	name	ロイの父
MAP39_e6_p1_10	Map039.json	0	dialogue	おとうさん…！！
MAP39_e6_p1_12	Map039.json	0	dialogue	ロイの父：
MAP39_e6_p1_13	Map039.json	0	dialogue	ロ…ロイ…　すまん…
MAP39_e6_p1_15	Map039.json	0	dialogue	ロイ：
MAP39_e6_p1_16	Map039.json	0	dialogue	なにが…？
MAP39_e6_p1_17	Map039.json	0	dialogue	おとうさん…おいしゃ…　おいしゃに…
MAP39_e6_p1_19	Map039.json	0	dialogue	ロイの父：
MAP39_e6_p1_20	Map039.json	0	dialogue	もう…手遅れだ…
MAP39_e6_p1_21	Map039.json	0	dialogue	俺は…死ぬ…
MAP39_e6_p1_23	Map039.json	0	dialogue	ロイ：
MAP39_e6_p1_24	Map039.json	0	dialogue	なにいってるの…
MAP39_e6_p1_25	Map039.json	0	dialogue	おとうさんは、けいしょうしゃなんだ…
MAP39_e6_p1_27	Map039.json	0	dialogue	おとうさんは…
MAP39_e6_p1_28	Map039.json	0	dialogue	もんしょうの…ゆうしゃさまなんだから…
MAP39_e6_p1_29	Map039.json	0	dialogue	しぬわけないでしょ…！！
MAP39_e6_p1_31	Map039.json	0	dialogue	ロイの父：
MAP39_e6_p1_32	Map039.json	0	dialogue	ロイ…　左手を…　出しなさい…　早く…
MAP39_e6_p1_34	Map039.json	0	dialogue	ロイ：
MAP39_e6_p1_35	Map039.json	0	dialogue	え…　なに…？
MAP39_e6_p1_45	Map039.json	0	dialogue	ロイの父：
MAP39_e6_p1_46	Map039.json	0	dialogue	ロイ…　強く…　なれ…　俺よりも…強く
MAP39_e6_p1_48	Map039.json	0	dialogue	ロイ：
MAP39_e6_p1_49	Map039.json	0	dialogue	えっ？
MAP39_e6_p1_50	Map039.json	0	dialogue	おとうさん…　ぼくの手…
MAP39_e6_p1_52	Map039.json	0	dialogue	ぼくの手に…もんしょうがあるよ！
MAP39_e6_p1_53	Map039.json	0	dialogue	ぼくはけいしょうしゃになったんだ！
MAP39_e6_p1_55	Map039.json	0	dialogue	すごい！すごい！
MAP39_e6_p1_56	Map039.json	0	dialogue	おとうさん！
MAP39_e6_p1_57	Map039.json	0	dialogue	ぼくの手にもんしょうが………
MAP39_e6_p1_59	Map039.json	0	dialogue	おとう…さん………？
MAP39_e6_p1_8	Map039.json	0	dialogue	ロイ：
MAP39_e6_p1_9	Map039.json	0	dialogue	おとうさん…どうしたの、そのケガ…
MAP39_e8_name	Map039.json	event name	name	泥棒はずれ
MAP39_e8_p0_1	Map039.json	0	dialogue	持ち出して役に立つようなものは何も見つけられなかった…
MAP40_e42_name	Map040.json	event name	name	サクソン回想
MAP40_e43_name	Map040.json	event name	name	ロイ西の監視塔
MAP40_e43_p0_10	Map040.json	0	dialogue	サクソンが全軍を指揮していたんだ。
MAP40_e43_p0_13	Map040.json	0	dialogue	若かりし頃のロイ：
MAP40_e43_p0_14	Map040.json	0	dialogue	サクソン殿！
MAP40_e43_p0_15	Map040.json	0	dialogue	なぜ私の許可なしに、全軍を動かしたのです！
MAP40_e43_p0_22	Map040.json	0	dialogue	サクソン：
MAP40_e43_p0_23	Map040.json	0	dialogue	これはこれはロイ騎士団長…
MAP40_e43_p0_24	Map040.json	0	dialogue	あなたの手をわずらわせるのも悪いと思ってな
MAP40_e43_p0_26	Map040.json	0	dialogue	なあに、この程度の敵、私にお任せ下され。
MAP40_e43_p0_27	Map040.json	0	dialogue	団長は安心して家に帰り、市民とのお祝いを
MAP40_e43_p0_28	Map040.json	0	dialogue	お続け下され…
MAP40_e43_p0_33	Map040.json	0	dialogue	サクソン：
MAP40_e43_p0_34	Map040.json	0	dialogue	気合い負けするなーっ！
MAP40_e43_p0_35	Map040.json	0	dialogue	一気にかかれーーーーーいっ！！
MAP40_e43_p0_37	Map040.json	0	dialogue	若かりし頃のロイ：
MAP40_e43_p0_38	Map040.json	0	dialogue	…くっ
MAP40_e43_p0_40	Map040.json	0	dialogue	伝令！でんれーーーーーーーーーい！！
MAP40_e43_p0_5	Map040.json	0	dialogue	ロイ：
MAP40_e43_p0_6	Map040.json	0	dialogue	俺が現場に着いたとき…
MAP40_e43_p0_7	Map040.json	0	dialogue	既に戦闘が始まっていた。
MAP40_e43_p0_9	Map040.json	0	dialogue	代々何度も騎士団長を輩出している名門の男…
MAP40_e44_name	Map040.json	event name	name	伝令
MAP40_e44_p1_10	Map040.json	0	dialogue	火の手があがっています…！
MAP40_e44_p1_12	Map040.json	0	dialogue	サクソン：
MAP40_e44_p1_13	Map040.json	0	dialogue	えーい、それがどうした！
MAP40_e44_p1_15	Map040.json	0	dialogue	伝令兵：
MAP40_e44_p1_16	Map040.json	0	dialogue	塔の外にいた野党が…森の中の家を
MAP40_e44_p1_17	Map040.json	0	dialogue	襲っているようです…　　その…
MAP40_e44_p1_19	Map040.json	0	dialogue	ロイ騎士団長の家を…
MAP40_e44_p1_21	Map040.json	0	dialogue	若かりし頃のロイ：
MAP40_e44_p1_22	Map040.json	0	dialogue	…なんだと
MAP40_e44_p1_24	Map040.json	0	dialogue	サクソン：
MAP40_e44_p1_25	Map040.json	0	dialogue	………。
MAP40_e44_p1_29	Map040.json	0	dialogue	若かりし頃のロイ：
MAP40_e44_p1_30	Map040.json	0	dialogue	サクソン殿！
MAP40_e44_p1_31	Map040.json	0	dialogue	兵の何人かを救出に向かわせるぞ！いいな！？
MAP40_e44_p1_33	Map040.json	0	dialogue	サクソン：
MAP40_e44_p1_34	Map040.json	0	dialogue	………。
MAP40_e44_p1_36	Map040.json	0	dialogue	若かりし頃のロイ：
MAP40_e44_p1_37	Map040.json	0	dialogue	サクソン殿！
MAP40_e44_p1_38	Map040.json	0	dialogue	騎士団長は私だ！命令には従ってもらう！
MAP40_e44_p1_40	Map040.json	0	dialogue	サクソン：
MAP40_e44_p1_41	Map040.json	0	dialogue	………。
MAP40_e44_p1_47	Map040.json	0	dialogue	若かりし頃のロイ：
MAP40_e44_p1_48	Map040.json	0	dialogue	サクソン殿…！
MAP40_e44_p1_5	Map040.json	0	dialogue	サクソン：
MAP40_e44_p1_50	Map040.json	0	dialogue	サクソン：
MAP40_e44_p1_51	Map040.json	0	dialogue	…兵は割けませんな。
MAP40_e44_p1_53	Map040.json	0	dialogue	若かりし頃のロイ：
MAP40_e44_p1_54	Map040.json	0	dialogue	なんだと…！？
MAP40_e44_p1_56	Map040.json	0	dialogue	サクソン：
MAP40_e44_p1_57	Map040.json	0	dialogue	野盗の数が多いのです。
MAP40_e44_p1_58	Map040.json	0	dialogue	いま兵を減らすと、こちらが押されます…。
MAP40_e44_p1_6	Map040.json	0	dialogue	ええい！なんだ、この忙しいときに！！
MAP40_e44_p1_60	Map040.json	0	dialogue	若かりし頃のロイ：
MAP40_e44_p1_61	Map040.json	0	dialogue	あなたは…見殺しにするというのか…
MAP40_e44_p1_62	Map040.json	0	dialogue	それも私のことが憎いからか!？
MAP40_e44_p1_64	Map040.json	0	dialogue	サクソン：
MAP40_e44_p1_65	Map040.json	0	dialogue	なにを…　この場を乗り切ってからであれば…
MAP40_e44_p1_67	Map040.json	0	dialogue	若かりし頃のロイ：
MAP40_e44_p1_68	Map040.json	0	dialogue	あのひとたちだって、我々が守るべき市民！
MAP40_e44_p1_69	Map040.json	0	dialogue	それなのに、見殺しにするというのだな…
MAP40_e44_p1_70	Map040.json	0	dialogue	あなたは…　私憎さに…！！
MAP40_e44_p1_74	Map040.json	0	dialogue	サクソン：
MAP40_e44_p1_75	Map040.json	0	dialogue	そんなに心配ならば、お前が行けばよかろう！
MAP40_e44_p1_77	Map040.json	0	dialogue	その風の紋章の力で、疾風となり、
MAP40_e44_p1_78	Map040.json	0	dialogue	ひとりで助けに行かれればよい！！
MAP40_e44_p1_8	Map040.json	0	dialogue	伝令兵：
MAP40_e44_p1_80	Map040.json	0	dialogue	若かりし頃のロイ：
MAP40_e44_p1_81	Map040.json	0	dialogue	何を…バカな…
MAP40_e44_p1_85	Map040.json	0	dialogue	サクソン：
MAP40_e44_p1_86	Map040.json	0	dialogue	兵は割けん…
MAP40_e44_p1_87	Map040.json	0	dialogue	割けんのだ………
MAP40_e44_p1_89	Map040.json	0	dialogue	若かりし頃のロイ：
MAP40_e44_p1_9	Map040.json	0	dialogue	東の森に煙が…
MAP40_e44_p1_90	Map040.json	0	dialogue	…くっ
MAP40_e4_name	Map040.json	event name	name	ウィンダム城下町
MAP40_e4_note	Map040.json	event note	note	入り口
MAP40_e5_name	Map040.json	event name	name	泥棒はずれ
MAP40_e5_p0_1	Map040.json	0	dialogue	持ち出して役に立つようなものは何も見つけられなかった…
MAP41_e22_p0_10	Map041.json	0	dialogue	ことはよく覚えている…
MAP41_e22_p0_12	Map041.json	0	dialogue	紋章よ、輝いてくれ、
MAP41_e22_p0_13	Map041.json	0	dialogue	風のエレメントの力で、俺を疾風にしてくれ
MAP41_e22_p0_14	Map041.json	0	dialogue	…ってな
MAP41_e22_p0_17	Map041.json	0	dialogue	勿論、紋章は少しも輝かなかった。
MAP41_e22_p0_2	Map041.json	0	dialogue	ロイ：
MAP41_e22_p0_29	Map041.json	0	dialogue	ロイ：
MAP41_e22_p0_3	Map041.json	0	dialogue	………。
MAP41_e22_p0_30	Map041.json	0	dialogue	これが、俺の、おとぎ話に翻弄された一生さ。
MAP41_e22_p0_38	Map041.json	0	dialogue	若かりし頃のロイ：
MAP41_e22_p0_39	Map041.json	0	dialogue	何が紋章だ…　継承者だ………
MAP41_e22_p0_41	Map041.json	0	dialogue	俺には何も守れない…
MAP41_e22_p0_42	Map041.json	0	dialogue	俺には何もない……
MAP41_e22_p0_44	Map041.json	0	dialogue	こんな…こんなもの………！！
MAP41_e22_p0_5	Map041.json	0	dialogue	そこからどうやって家までたどり着いたのか…
MAP41_e22_p0_51	Map041.json	0	dialogue	ロイ：
MAP41_e22_p0_52	Map041.json	0	dialogue	そのとき、ヤケになった俺は、自らの左手を
MAP41_e22_p0_53	Map041.json	0	dialogue	斬り落とそうと、剣を振り下ろした。
MAP41_e22_p0_55	Map041.json	0	dialogue	だが、俺の左手は何度斬りつけても、
MAP41_e22_p0_56	Map041.json	0	dialogue	切り落とされてはくれなかったんだ。
MAP41_e22_p0_58	Map041.json	0	dialogue	血は流れる、痛みもある…
MAP41_e22_p0_59	Map041.json	0	dialogue	それなのに、左手はつながったままだった。
MAP41_e22_p0_6	Map041.json	0	dialogue	それはいまだに、よく覚えていないんだが…
MAP41_e22_p0_8	Map041.json	0	dialogue	走りながら、野盗を何人か斬って…
MAP41_e22_p0_9	Map041.json	0	dialogue	その間ずっと、左手の紋章に祈り続けていた
MAP41_e8_name	Map041.json	event name	name	泥棒はずれ
MAP41_e8_p0_1	Map041.json	0	dialogue	持ち出して役に立つようなものは何も見つけられなかった…
MAP42_displayName	Map042.json	display name	mapname	フレイムのレストラン
MAP42_e10_p0_1	Map042.json	0	dialogue	見慣れぬ風貌の旅人：
MAP42_e10_p0_10	Map042.json	0	dialogue	どうもいきなり失礼しました…。
MAP42_e10_p0_11	Map042.json	0	dialogue	もし見つけられましたら、教えてください。
MAP42_e10_p0_12	Map042.json	0	dialogue	相応のお礼は必ずさせていただきます。
MAP42_e10_p0_2	Map042.json	0	dialogue	ぶしつけに失礼ですが…
MAP42_e10_p0_3	Map042.json	0	dialogue	あなたは耳の長い男を見たことが
MAP42_e10_p0_4	Map042.json	0	dialogue	ありませんか？
MAP42_e10_p0_6	Map042.json	0	dialogue	ウィン：
MAP42_e10_p0_7	Map042.json	0	dialogue	………。
MAP42_e10_p0_9	Map042.json	0	dialogue	見慣れぬ風貌の旅人：
MAP42_e2_name	Map042.json	event name	name	ウィンダム城下町
MAP42_e2_note	Map042.json	event note	note	入り口
MAP42_e3_name	Map042.json	event name	name	レストラン主人
MAP42_e3_p0_1	Map042.json	0	dialogue	レストラン主人シータ：
MAP42_e3_p0_10	Map042.json	2	dialogue	あいよー　少しだけ待ってってねー！
MAP42_e3_p0_14	Map042.json	2	dialogue	お腹いっぱい食べて、みんなのＨＰが回復した！
MAP42_e3_p0_17	Map042.json	2	dialogue	レストラン主人シータ：
MAP42_e3_p0_18	Map042.json	2	dialogue	もうお腹いっぱいなのー？
MAP42_e3_p0_19	Map042.json	2	dialogue	まだまだだなー　また来てね！
MAP42_e3_p0_2	Map042.json	0	dialogue	いろんなカレーや串焼きがあるよー
MAP42_e3_p0_23	Map042.json	2	dialogue	レストラン主人シータ：
MAP42_e3_p0_24	Map042.json	2	dialogue	お金が足りないじゃないの！
MAP42_e3_p0_25	Map042.json	2	dialogue	ちゃんとお金持ってきてから話かけて！
MAP42_e3_p0_3	Map042.json	0	dialogue	お腹いっぱい食べてってねー
MAP42_e3_p0_31	Map042.json	1	dialogue	レストラン主人シータ：
MAP42_e3_p0_32	Map042.json	1	dialogue	じゃあ何しに来たの！
MAP42_e3_p0_33	Map042.json	1	dialogue	邪魔だから出てってー！
MAP42_e3_p0_4	Map042.json	0	dialogue	全員分で50Gでいいよー！
MAP42_e3_p0_5_c0	Map042.json	choice	choice	食べます
MAP42_e3_p0_5_c1	Map042.json	choice	choice	また今度来ます
MAP42_e3_p0_9	Map042.json	2	dialogue	レストラン主人シータ：
MAP42_e4_name	Map042.json	event name	name	泥棒はずれ
MAP42_e4_p0_1	Map042.json	0	dialogue	持ち出して役に立つようなものは何も見つけられなかった…
MAP42_e5_name	Map042.json	event name	name	泥棒はずれ
MAP42_e5_p0_1	Map042.json	0	dialogue	持ち出して役に立つようなものは何も見つけられなかった…
MAP42_e6_p0_1	Map042.json	0	dialogue	フレイム兵トクラ：
MAP42_e6_p0_2	Map042.json	0	dialogue	ちーっす！　メシ中っすわ。
MAP42_e6_p0_3	Map042.json	0	dialogue	いやー兵隊になってからは毎日ここのメシ
MAP42_e6_p0_4	Map042.json	0	dialogue	食えるんでサイコーっすわ！
MAP42_e7_p0_1	Map042.json	0	dialogue	フレイム兵キマリ：
MAP42_e7_p0_2	Map042.json	0	dialogue	カレーばっかり食ってて飽きないかって？
MAP42_e7_p0_3	Map042.json	0	dialogue	いや、あんたカレーが何種類あると思ってる？
MAP42_e7_p0_4	Map042.json	0	dialogue	ほぼ無限だから、飽きるとかじゃないんだよ
MAP42_e8_p0_1	Map042.json	0	dialogue	遊びに来ているフリックス：
MAP42_e8_p0_2	Map042.json	0	dialogue	いやー　フレイムは食事もうまいが、
MAP42_e8_p0_3	Map042.json	0	dialogue	酒もうまいですなー！この世の天国ですよ！
MAP42_e8_p0_4	Map042.json	0	dialogue	ある程度お金のある人間にとってはね！
MAP42_e9_p0_1	Map042.json	0	dialogue	スパイスの商人ルーミ：
MAP42_e9_p0_2	Map042.json	0	dialogue	最近スパイスの買い付けに来る商人が増えて、
MAP42_e9_p0_3	Map042.json	0	dialogue	実入りがいいんだ。　こうしてたまには
MAP42_e9_p0_4	Map042.json	0	dialogue	いいモノ食えるようになったんだよねー
MAP43_displayName	Map043.json	display name	mapname	錬金術師の店
MAP43_e2_name	Map043.json	event name	name	ウィンダム城下町
MAP43_e2_note	Map043.json	event note	note	入り口
MAP43_e3_name	Map043.json	event name	name	ウィンダムの錬金術師
MAP43_e3_p0_1	Map043.json	0	dialogue	錬金術師バーバラ：
MAP43_e3_p0_12	Map043.json	0	dialogue	もういいのか…？
MAP43_e3_p0_13	Map043.json	0	dialogue	ふーん、価値の分かる人間かどうか…
MAP43_e3_p0_14	Map043.json	0	dialogue	次の機会にまた判断させてもらうよ。
MAP43_e3_p0_2	Map043.json	0	dialogue	ほう…この店に客が来るとは珍しい。
MAP43_e3_p0_3	Map043.json	0	dialogue	みな貧乏人ばかりで、うちの価値のわかる
MAP43_e3_p0_4	Map043.json	0	dialogue	人間が少ないからな…。さあ、見てって…。
MAP43_e4_p0_1	Map043.json	0	dialogue	フレイムの民ラハール：
MAP43_e4_p0_2	Map043.json	0	dialogue	ほわわえ…
MAP43_e4_p0_3	Map043.json	0	dialogue	どれも飲んだら若返りそうな薬じゃあ…
MAP44_displayName	Map044.json	display name	mapname	フレイムの道具屋
MAP44_e2_name	Map044.json	event name	name	ウィンダム城下町
MAP44_e2_note	Map044.json	event note	note	入り口
MAP44_e3_name	Map044.json	event name	name	ウィンダム道具屋
MAP44_e3_p0_1	Map044.json	0	dialogue	道具屋ソナリ：
MAP44_e3_p0_10	Map044.json	0	dialogue	はい、ありがとさん。
MAP44_e3_p0_11	Map044.json	0	dialogue	またおいでー
MAP44_e3_p0_2	Map044.json	0	dialogue	え、客？
MAP44_e3_p0_3	Map044.json	0	dialogue	びっくりしたー　え？
MAP44_e3_p0_4	Map044.json	0	dialogue	大丈夫、ここ道具屋。
MAP44_e3_p0_9	Map044.json	0	dialogue	道具屋ソナリ：
MAP44_e3_p1_1	Map044.json	0	dialogue	道具屋ソナリ：
MAP44_e3_p1_11	Map044.json	0	dialogue	道具屋ソナリ：
MAP44_e3_p1_12	Map044.json	0	dialogue	はい、ありがとさん。
MAP44_e3_p1_13	Map044.json	0	dialogue	またおいでー
MAP44_e3_p1_2	Map044.json	0	dialogue	え、客？
MAP44_e3_p1_3	Map044.json	0	dialogue	びっくりしたー　え？
MAP44_e3_p1_4	Map044.json	0	dialogue	大丈夫、ここ道具屋。
MAP44_e4_p0_1	Map044.json	0	dialogue	フレイムの民アザエ：
MAP44_e4_p0_2	Map044.json	0	dialogue	うむう　ゴミしか売ってないなあ…
MAP44_e5_name	Map044.json	event name	name	泥棒はずれ
MAP44_e5_p0_1	Map044.json	0	dialogue	持ち出して役に立つようなものは何も見つけられなかった…
MAP44_e6_name	Map044.json	event name	name	泥棒はずれ
MAP44_e6_p0_1	Map044.json	0	dialogue	持ち出して役に立つようなものは何も見つけられなかった…
MAP44_e7_name	Map044.json	event name	name	泥棒はずれ
MAP44_e7_p0_1	Map044.json	0	dialogue	持ち出して役に立つようなものは何も見つけられなかった…
MAP45_displayName	Map045.json	display name	mapname	フレイムの宿屋
MAP45_e10_name	Map045.json	event name	name	泥棒はずれ
MAP45_e10_p0_1	Map045.json	0	dialogue	持ち出して役に立つようなものは何も見つけられなかった…
MAP45_e11_name	Map045.json	event name	name	泥棒はずれ
MAP45_e11_p0_1	Map045.json	0	dialogue	持ち出して役に立つようなものは何も見つけられなかった…
MAP45_e12_name	Map045.json	event name	name	泥棒はずれ
MAP45_e12_p0_1	Map045.json	0	dialogue	持ち出して役に立つようなものは何も見つけられなかった…
MAP45_e13_name	Map045.json	event name	name	泥棒はずれ
MAP45_e13_p0_1	Map045.json	0	dialogue	持ち出して役に立つようなものは何も見つけられなかった…
MAP45_e5_name	Map045.json	event name	name	ウィンダム城下町
MAP45_e5_note	Map045.json	event note	note	入り口
MAP45_e6_p0_1	Map045.json	0	dialogue	宿屋の主人バスデバ：
MAP45_e6_p0_10_c0	Map045.json	choice	choice	泊まらせてもらいます
MAP45_e6_p0_10_c1	Map045.json	choice	choice	やっぱりやめます
MAP45_e6_p0_14	Map045.json	3	dialogue	さすがはお金持ちの異国の方！
MAP45_e6_p0_15	Map045.json	3	dialogue	至福のひとときをお過ごしくださいー！
MAP45_e6_p0_2	Map045.json	0	dialogue	ハーイ　異国の方たちー！
MAP45_e6_p0_23	Map045.json	3	dialogue	お目覚めですかー？
MAP45_e6_p0_24	Map045.json	3	dialogue	ぜひぜひまたご宿泊くださいませー！
MAP45_e6_p0_28	Map045.json	3	dialogue	おまえら金持ってないじゃん
MAP45_e6_p0_3	Map045.json	0	dialogue	あなた方の為の高級ホテルへようこそ！
MAP45_e6_p0_34	Map045.json	2	dialogue	なんだ　金持ちじゃないのか
MAP45_e6_p0_40	Map045.json	1	dialogue	そうですね、まだ日も高いですしねー！
MAP45_e6_p0_41	Map045.json	1	dialogue	またのお越しをお待ちしておりますよ！
MAP45_e6_p0_4_c0	Map045.json	choice	choice	泊まりたい
MAP45_e6_p0_4_c1	Map045.json	choice	choice	ちょっと寄ってみただけ
MAP45_e6_p0_7	Map045.json	1	dialogue	宿屋の主人バスデバ：
MAP45_e6_p0_8	Map045.json	1	dialogue	こんなに素敵なホテルが一泊200Ｇです！
MAP45_e6_p0_9	Map045.json	1	dialogue	勿論ご宿泊ですよね？
MAP45_e7_p0_1	Map045.json	0	dialogue	セイリューの民モラタ：
MAP45_e7_p0_2	Map045.json	0	dialogue	………なんだよこれ、うますぎだろ
MAP45_e7_p0_3	Map045.json	0	dialogue	ここの飯うますぎだよ！！
MAP45_e7_p0_4	Map045.json	0	dialogue	来年またお金貯めて来る！！
MAP45_e8_p0_1	Map045.json	0	dialogue	ウィンダムの市民ギリアム：
MAP45_e8_p0_2	Map045.json	0	dialogue	仕事で来たのだけれど…
MAP45_e8_p0_3	Map045.json	0	dialogue	外は暑過ぎて、ちょっとここを出る気に
MAP45_e8_p0_4	Map045.json	0	dialogue	なれないんだよね…
MAP45_e9_name	Map045.json	event name	name	レイモンド
MAP45_e9_p1_1	Map045.json	0	dialogue	伝令兵レイモンド：
MAP45_e9_p1_2	Map045.json	0	dialogue	俺は任務中で忙しいんだ！
MAP45_e9_p1_3	Map045.json	0	dialogue	これも偵察！　カレーうめええええ！！！！
MAP45_e9_p1_4	Map045.json	0	dialogue	もっと情報を集めないと！！！！！
MAP46_displayName	Map046.json	display name	mapname	フレイムの武器屋
MAP46_e2_name	Map046.json	event name	name	ウィンダム城下町
MAP46_e2_note	Map046.json	event note	note	入り口
MAP46_e3_name	Map046.json	event name	name	ウィンダム武器屋
MAP46_e3_p0_1	Map046.json	0	dialogue	武器屋クマル：
MAP46_e3_p0_13	Map046.json	0	dialogue	武器屋クマル：
MAP46_e3_p0_14	Map046.json	0	dialogue	ちゃんと手入れをしろよ…。
MAP46_e3_p0_15	Map046.json	0	dialogue	いい武器は一生物だ…。
MAP46_e3_p0_2	Map046.json	0	dialogue	…客か。
MAP46_e3_p1_1	Map046.json	0	dialogue	武器屋クマル：
MAP46_e3_p1_13	Map046.json	0	dialogue	武器屋クマル：
MAP46_e3_p1_14	Map046.json	0	dialogue	ちゃんと手入れをしろよ…。
MAP46_e3_p1_15	Map046.json	0	dialogue	いい武器は一生物だ…。
MAP46_e3_p1_2	Map046.json	0	dialogue	…客か。
MAP47_displayName	Map047.json	display name	mapname	フレイムの民家
MAP47_e3_name	Map047.json	event name	name	ウィンダム城下町
MAP47_e3_note	Map047.json	event note	note	入り口
MAP47_e4_name	Map047.json	event name	name	泥棒はずれ
MAP47_e4_p0_1	Map047.json	0	dialogue	持ち出して役に立つようなものは何も見つけられなかった…
MAP47_e5_name	Map047.json	event name	name	泥棒はずれ
MAP47_e5_p0_1	Map047.json	0	dialogue	持ち出して役に立つようなものは何も見つけられなかった…
MAP47_e6_name	Map047.json	event name	name	泥棒はずれ
MAP47_e6_p0_1	Map047.json	0	dialogue	持ち出して役に立つようなものは何も見つけられなかった…
MAP47_e7_name	Map047.json	event name	name	泥棒はずれ
MAP47_e7_p0_1	Map047.json	0	dialogue	持ち出して役に立つようなものは何も見つけられなかった…
MAP47_e8_p0_1	Map047.json	0	dialogue	『龍の涙』
MAP47_e8_p0_10	Map047.json	1	dialogue	その美しさは妖しいほどで、見る者を必ず魅了するという。
MAP47_e8_p0_11	Map047.json	1	dialogue	しかし、話に聞くばかりで、現存するものは存在しない。
MAP47_e8_p0_12	Map047.json	1	dialogue	もしかするとそれには、その宝石にまつわる一種の伝説が
MAP47_e8_p0_13	Map047.json	1	dialogue	関係しているのかも知れない。
MAP47_e8_p0_15	Map047.json	1	dialogue	龍の涙には、握りしめて三日三晩祈ると愛する死者を
MAP47_e8_p0_16	Map047.json	1	dialogue	蘇らせた後砕けるという言い伝えがあるのだ。これだけ有名
MAP47_e8_p0_17	Map047.json	1	dialogue	なのに現存しないのは、発見されるたびに誰かが愛する者を
MAP47_e8_p0_18	Map047.json	1	dialogue	実際に生き返らせているからかも知れない。
MAP47_e8_p0_2	Map047.json	0	dialogue	…と、表紙に書かれた本がある。読んでみようか…。
MAP47_e8_p0_3_c0	Map047.json	choice	choice	読んでみる
MAP47_e8_p0_3_c1	Map047.json	choice	choice	読まない
MAP47_e8_p0_6	Map047.json	1	dialogue	ここ数十年は発見されたことがないと思われるが、
MAP47_e8_p0_7	Map047.json	1	dialogue	昔のセイリューで稀に発掘されることがあったと伝わる、
MAP47_e8_p0_8	Map047.json	1	dialogue	透き通った青い宝石、龍の涙。
MAP47_e9_name	Map047.json	event name	name	ガダ
MAP47_e9_p0_1	Map047.json	0	dialogue	古書収集家ガダ：
MAP47_e9_p0_2	Map047.json	0	dialogue	お前さん…　龍の涙を持っていたりしないか？
MAP47_e9_p0_4	Map047.json	0	dialogue	古書収集家ガダ：
MAP47_e9_p0_5	Map047.json	0	dialogue	ほとんど伝説上の宝石じゃ…
MAP47_e9_p0_6	Map047.json	0	dialogue	もし本物を持ってきてくれたら…
MAP47_e9_p0_7	Map047.json	0	dialogue	わしの秘蔵する、ある奇書と交換してもよい…
MAP47_e9_p1_1	Map047.json	0	dialogue	古書収集家ガダ：
MAP47_e9_p1_11	Map047.json	1	dialogue	古書収集家ガダ：
MAP47_e9_p1_12	Map047.json	1	dialogue	おお…なんと美しい…！
MAP47_e9_p1_13	Map047.json	1	dialogue	これぞ本物の龍の涙に違いない…！！
MAP47_e9_p1_15	Map047.json	1	dialogue	古書収集家ガダ：
MAP47_e9_p1_16	Map047.json	1	dialogue	お前さん、どうかその宝石を譲ってくれまいか
MAP47_e9_p1_17	Map047.json	1	dialogue	わしの秘蔵する最も貴重な本…
MAP47_e9_p1_18	Map047.json	1	dialogue	内容の危険さゆえ誰にも見せたことのないものだ
MAP47_e9_p1_19_c0	Map047.json	choice	choice	いいですよ
MAP47_e9_p1_19_c1	Map047.json	choice	choice	お断りします
MAP47_e9_p1_2	Map047.json	0	dialogue	お前さん…　龍の涙を持っていたりしないか？
MAP47_e9_p1_22	Map047.json	2	dialogue	古書収集家ガダ：
MAP47_e9_p1_23	Map047.json	2	dialogue	ありがたい！では、これが例の奇書だ…
MAP47_e9_p1_26	Map047.json	2	dialogue	　　　　　　　　ウィンは奇書を手に入れた
MAP47_e9_p1_28	Map047.json	2	dialogue	古書収集家ガダ：
MAP47_e9_p1_29	Map047.json	2	dialogue	だが、信用できる者にしか、その本を
MAP47_e9_p1_30	Map047.json	2	dialogue	渡さない方がよいぞ…
MAP47_e9_p1_37	Map047.json	2	dialogue	古書収集家ガダ：
MAP47_e9_p1_38	Map047.json	2	dialogue	そ、そうか…
MAP47_e9_p1_39	Map047.json	2	dialogue	しかし、お前さんが必要なくとも、本の好きな
MAP47_e9_p1_4	Map047.json	0	dialogue	古書収集家ガダ：
MAP47_e9_p1_40	Map047.json	2	dialogue	人間であれば絶対に欲しがるものだからな…
MAP47_e9_p1_5	Map047.json	0	dialogue	ほとんど伝説上の宝石じゃ…
MAP47_e9_p1_6	Map047.json	0	dialogue	もし本物を持ってきてくれたら…
MAP47_e9_p1_7	Map047.json	0	dialogue	わしの秘蔵する、ある奇書と交換してもよい…
MAP47_e9_p1_8_c0	Map047.json	choice	choice	持ってます
MAP47_e9_p1_8_c1	Map047.json	choice	choice	持ってません
MAP47_e9_p2_1	Map047.json	0	dialogue	古書収集家ガダ：
MAP47_e9_p2_2	Map047.json	0	dialogue	だが、信用できる者にしか、その本を
MAP47_e9_p2_3	Map047.json	0	dialogue	渡さない方がよいぞ…
MAP49_displayName	Map049.json	display name	mapname	南の遺跡
MAP49_e10_p0_11	Map049.json	0	dialogue	　　　　　　　　　1000\\G 手に入れた！
MAP49_e11_p0_11	Map049.json	0	dialogue	　　　　　シャムシール（良質）を手に入れた！
MAP49_e1_name	Map049.json	event name	name	ナウ―
MAP49_e2_p0_10	Map049.json	0	dialogue	ホノオ：
MAP49_e2_p0_11	Map049.json	0	dialogue	あー、多分、お前の力はそんなものかとか、
MAP49_e2_p0_110	Map049.json	1	dialogue	　　ウィンはハヤテとカマイタチの魔法をおぼえた！
MAP49_e2_p0_113	Map049.json	1	dialogue	　　ホノオはバクハツとキョウセンシの魔法をおぼえた！
MAP49_e2_p0_115	Map049.json	1	dialogue	ホノオ：
MAP49_e2_p0_116	Map049.json	1	dialogue	な、なんだ！？
MAP49_e2_p0_117	Map049.json	1	dialogue	紋章が光り出して…何か魔法をおぼえた！！
MAP49_e2_p0_119	Map049.json	1	dialogue	勝てるんじゃないか…コレなら…
MAP49_e2_p0_12	Map049.json	0	dialogue	なんかそういうことを言っている顔だな…
MAP49_e2_p0_120	Map049.json	1	dialogue	何だかさっきまでのオレとは違う感じだぜ！
MAP49_e2_p0_122	Map049.json	1	dialogue	？：
MAP49_e2_p0_123	Map049.json	1	dialogue	…我は闇の四天王のナウ―…
MAP49_e2_p0_124	Map049.json	1	dialogue	紋章の勇者たちよ…　その力見せてみよ…
MAP49_e2_p0_127	Map049.json	1	dialogue	ホノオ：
MAP49_e2_p0_128	Map049.json	1	dialogue	しゃ…しゃべったーーーーーーーーーーー！！
MAP49_e2_p0_14	Map049.json	0	dialogue	？：
MAP49_e2_p0_142	Map049.json	1	dialogue	ホノオ：
MAP49_e2_p0_143	Map049.json	1	dialogue	勝ったぜー！！
MAP49_e2_p0_145	Map049.json	1	dialogue	ナウ―：
MAP49_e2_p0_146	Map049.json	1	dialogue	…………。
MAP49_e2_p0_148	Map049.json	1	dialogue	ホノオ：
MAP49_e2_p0_149	Map049.json	1	dialogue	…ピンピンしてない？
MAP49_e2_p0_15	Map049.json	0	dialogue	……………………？
MAP49_e2_p0_151	Map049.json	1	dialogue	ナウ―：
MAP49_e2_p0_152	Map049.json	1	dialogue	…………。
MAP49_e2_p0_154	Map049.json	1	dialogue	ホノオ：
MAP49_e2_p0_155	Map049.json	1	dialogue	…で、どうなんだろ、試練の方は…
MAP49_e2_p0_156	Map049.json	1	dialogue	やっぱり不合格か？
MAP49_e2_p0_158	Map049.json	1	dialogue	ナウ―：
MAP49_e2_p0_159	Map049.json	1	dialogue	…………試練は
MAP49_e2_p0_161	Map049.json	1	dialogue	ホノオ：
MAP49_e2_p0_162	Map049.json	1	dialogue	（また喋った…）
MAP49_e2_p0_164	Map049.json	1	dialogue	ナウ―：
MAP49_e2_p0_165	Map049.json	1	dialogue	…………我は試練、関係ない
MAP49_e2_p0_167	Map049.json	1	dialogue	ホノオ：
MAP49_e2_p0_168	Map049.json	1	dialogue	………えっ？
MAP49_e2_p0_17	Map049.json	0	dialogue	ホノオ：
MAP49_e2_p0_170	Map049.json	1	dialogue	ナウ―：
MAP49_e2_p0_171	Map049.json	1	dialogue	…………試練は、我の後ろに
MAP49_e2_p0_18	Map049.json	0	dialogue	わかってるって…　オレは絶対にこの試練を
MAP49_e2_p0_19	Map049.json	0	dialogue	乗り越えないといけないんだ…
MAP49_e2_p0_20	Map049.json	0	dialogue	まだまだ諦めねえぜ…！！
MAP49_e2_p0_22	Map049.json	0	dialogue	？：
MAP49_e2_p0_23	Map049.json	0	dialogue	……………………（汗
MAP49_e2_p0_32	Map049.json	1	dialogue	ホノオ：
MAP49_e2_p0_33	Map049.json	1	dialogue	……と、言う夢を見た。
MAP49_e2_p0_4	Map049.json	0	dialogue	ホノオ：
MAP49_e2_p0_42	Map049.json	1	dialogue	ホノオ：
MAP49_e2_p0_43	Map049.json	1	dialogue	ぜえ…ぜえ…
MAP49_e2_p0_44	Map049.json	1	dialogue	コレ絶対に無理だ…　オレは勝てない…
MAP49_e2_p0_46	Map049.json	1	dialogue	？：
MAP49_e2_p0_47	Map049.json	1	dialogue	………（ホノオの背後を指差す
MAP49_e2_p0_49	Map049.json	1	dialogue	ホノオ：
MAP49_e2_p0_5	Map049.json	0	dialogue	くそーーー　つえーーー！！
MAP49_e2_p0_50	Map049.json	1	dialogue	え？
MAP49_e2_p0_51	Map049.json	1	dialogue	うしろ…？
MAP49_e2_p0_65	Map049.json	1	dialogue	ホノオ：
MAP49_e2_p0_66	Map049.json	1	dialogue	ん？　お前誰だ？
MAP49_e2_p0_67	Map049.json	1	dialogue	城の奴らが連れ戻しに来させたのか？
MAP49_e2_p0_7	Map049.json	0	dialogue	？：
MAP49_e2_p0_70	Map049.json	1	dialogue	　　　　　　　　　　ウィンは頷いた
MAP49_e2_p0_72	Map049.json	1	dialogue	ホノオ：
MAP49_e2_p0_73	Map049.json	1	dialogue	ったく…　まあ、でも…
MAP49_e2_p0_74	Map049.json	1	dialogue	オレぜんぜん試練越えられなかったからなあ。
MAP49_e2_p0_76	Map049.json	1	dialogue	このまま帰るのなんて、ダセえけど…
MAP49_e2_p0_77	Map049.json	1	dialogue	仕方ないか。
MAP49_e2_p0_78	Map049.json	1	dialogue	よし、じゃあかえ…
MAP49_e2_p0_8	Map049.json	0	dialogue	……………………。
MAP49_e2_p0_89	Map049.json	1	dialogue	ホノオ：
MAP49_e2_p0_90	Map049.json	1	dialogue	うわあ！なんだ、おい！？
MAP49_e2_p0_91	Map049.json	1	dialogue	まだやるのかよ！？
MAP49_e2_p0_92	Map049.json	1	dialogue	オレは試練あきらめて…
MAP49_e2_p1_10	Map049.json	0	dialogue	ホノオ：
MAP49_e2_p1_11	Map049.json	0	dialogue	あー、多分、お前の力はそんなものかとか、
MAP49_e2_p1_112	Map049.json	1	dialogue	　　ウィンはハヤテとカマイタチの魔法をおぼえた！
MAP49_e2_p1_115	Map049.json	1	dialogue	　　ホノオはバクハツとキョウセンシの魔法をおぼえた！
MAP49_e2_p1_117	Map049.json	1	dialogue	ホノオ：
MAP49_e2_p1_118	Map049.json	1	dialogue	な、なんだ！？
MAP49_e2_p1_119	Map049.json	1	dialogue	紋章が光り出して…何か魔法をおぼえた！！
MAP49_e2_p1_12	Map049.json	0	dialogue	なんかそういうことを言っている顔だな…
MAP49_e2_p1_121	Map049.json	1	dialogue	勝てるんじゃないか…コレなら…
MAP49_e2_p1_122	Map049.json	1	dialogue	何だかさっきまでのオレとは違う感じだぜ！
MAP49_e2_p1_124	Map049.json	1	dialogue	？：
MAP49_e2_p1_125	Map049.json	1	dialogue	…我は闇の四天王のナウ―…
MAP49_e2_p1_126	Map049.json	1	dialogue	紋章の勇者たちよ…　その力見せてみよ…
MAP49_e2_p1_129	Map049.json	1	dialogue	ホノオ：
MAP49_e2_p1_130	Map049.json	1	dialogue	しゃ…しゃべったーーーーーーーーーーー！！
MAP49_e2_p1_14	Map049.json	0	dialogue	？：
MAP49_e2_p1_144	Map049.json	1	dialogue	ホノオ：
MAP49_e2_p1_145	Map049.json	1	dialogue	勝ったぜー！！
MAP49_e2_p1_147	Map049.json	1	dialogue	ナウ―：
MAP49_e2_p1_148	Map049.json	1	dialogue	…………。
MAP49_e2_p1_15	Map049.json	0	dialogue	……………………？
MAP49_e2_p1_150	Map049.json	1	dialogue	ホノオ：
MAP49_e2_p1_151	Map049.json	1	dialogue	…ピンピンしてない？
MAP49_e2_p1_153	Map049.json	1	dialogue	ナウ―：
MAP49_e2_p1_154	Map049.json	1	dialogue	…………。
MAP49_e2_p1_156	Map049.json	1	dialogue	ホノオ：
MAP49_e2_p1_157	Map049.json	1	dialogue	…で、どうなんだろ、試練の方は…
MAP49_e2_p1_158	Map049.json	1	dialogue	やっぱり不合格か？
MAP49_e2_p1_160	Map049.json	1	dialogue	ナウ―：
MAP49_e2_p1_161	Map049.json	1	dialogue	…………試練は
MAP49_e2_p1_163	Map049.json	1	dialogue	ホノオ：
MAP49_e2_p1_164	Map049.json	1	dialogue	（また喋った…）
MAP49_e2_p1_166	Map049.json	1	dialogue	ナウ―：
MAP49_e2_p1_167	Map049.json	1	dialogue	…………我は試練、関係ない
MAP49_e2_p1_169	Map049.json	1	dialogue	ホノオ：
MAP49_e2_p1_17	Map049.json	0	dialogue	ホノオ：
MAP49_e2_p1_170	Map049.json	1	dialogue	………えっ？
MAP49_e2_p1_172	Map049.json	1	dialogue	ナウ―：
MAP49_e2_p1_173	Map049.json	1	dialogue	…………試練は、我の後ろに
MAP49_e2_p1_18	Map049.json	0	dialogue	わかってるって…　オレは絶対にこの試練を
MAP49_e2_p1_19	Map049.json	0	dialogue	乗り越えないといけないんだ…
MAP49_e2_p1_20	Map049.json	0	dialogue	まだまだ諦めねえぜ…！！
MAP49_e2_p1_22	Map049.json	0	dialogue	？：
MAP49_e2_p1_23	Map049.json	0	dialogue	……………………（汗
MAP49_e2_p1_34	Map049.json	1	dialogue	ホノオ：
MAP49_e2_p1_35	Map049.json	1	dialogue	……と、言う夢を見た。
MAP49_e2_p1_4	Map049.json	0	dialogue	ホノオ：
MAP49_e2_p1_44	Map049.json	1	dialogue	ホノオ：
MAP49_e2_p1_45	Map049.json	1	dialogue	ぜえ…ぜえ…
MAP49_e2_p1_46	Map049.json	1	dialogue	コレ絶対に無理だ…　オレは勝てない…
MAP49_e2_p1_48	Map049.json	1	dialogue	？：
MAP49_e2_p1_49	Map049.json	1	dialogue	………（ホノオの背後を指差す
MAP49_e2_p1_5	Map049.json	0	dialogue	くそーーー　つえーーー！！
MAP49_e2_p1_51	Map049.json	1	dialogue	ホノオ：
MAP49_e2_p1_52	Map049.json	1	dialogue	え？
MAP49_e2_p1_53	Map049.json	1	dialogue	うしろ…？
MAP49_e2_p1_67	Map049.json	1	dialogue	ホノオ：
MAP49_e2_p1_68	Map049.json	1	dialogue	ん？　お前誰だ？
MAP49_e2_p1_69	Map049.json	1	dialogue	城の奴らが連れ戻しに来させたのか？
MAP49_e2_p1_7	Map049.json	0	dialogue	？：
MAP49_e2_p1_72	Map049.json	1	dialogue	　　　　　　　　　　ウィンは頷いた
MAP49_e2_p1_74	Map049.json	1	dialogue	ホノオ：
MAP49_e2_p1_75	Map049.json	1	dialogue	ったく…　まあ、でも…
MAP49_e2_p1_76	Map049.json	1	dialogue	オレぜんぜん試練越えられなかったからなあ。
MAP49_e2_p1_78	Map049.json	1	dialogue	このまま帰るのなんて、ダセえけど…
MAP49_e2_p1_79	Map049.json	1	dialogue	仕方ないか。
MAP49_e2_p1_8	Map049.json	0	dialogue	……………………。
MAP49_e2_p1_80	Map049.json	1	dialogue	よし、じゃあかえ…
MAP49_e2_p1_91	Map049.json	1	dialogue	ホノオ：
MAP49_e2_p1_92	Map049.json	1	dialogue	うわあ！なんだ、おい！？
MAP49_e2_p1_93	Map049.json	1	dialogue	まだやるのかよ！？
MAP49_e2_p1_94	Map049.json	1	dialogue	オレは試練あきらめて…
MAP49_e2_p2_11	Map049.json	0	dialogue	あいつの後ろとか言ってたな…
MAP49_e2_p2_12	Map049.json	0	dialogue	椅子がある…　あれに座るのかな。
MAP49_e2_p2_18	Map049.json	0	dialogue	ホノオ：
MAP49_e2_p2_19	Map049.json	0	dialogue	ウィン、って言ったよな。
MAP49_e2_p2_2	Map049.json	0	dialogue	ホノオ：
MAP49_e2_p2_20	Map049.json	0	dialogue	こんなことしている場合じゃないってことは、
MAP49_e2_p2_21	Map049.json	0	dialogue	分かってる。
MAP49_e2_p2_23	Map049.json	0	dialogue	だけどオレ、この試練をちゃんと…
MAP49_e2_p2_24	Map049.json	0	dialogue	乗り越えたいんだ。
MAP49_e2_p2_25	Map049.json	0	dialogue	もう少し付き合ってくれよ、頼む。
MAP49_e2_p2_26_c0	Map049.json	choice	choice	もちろん
MAP49_e2_p2_26_c1	Map049.json	choice	choice	ダメだよ
MAP49_e2_p2_29	Map049.json	1	dialogue	ホノオ：
MAP49_e2_p2_3	Map049.json	0	dialogue	ちょっとおい！　待て！！
MAP49_e2_p2_30	Map049.json	1	dialogue	恩に着るぜ！！
MAP49_e2_p2_31	Map049.json	1	dialogue	とりあえず、あそこの椅子に座ってみるか…
MAP49_e2_p2_37	Map049.json	1	dialogue	そうか。
MAP49_e2_p2_38	Map049.json	1	dialogue	でも俺は試練を済ますまでは、ここを
MAP49_e2_p2_39	Map049.json	1	dialogue	出る気はないぜ。
MAP49_e2_p2_6	Map049.json	0	dialogue	ホノオ：
MAP49_e2_p2_7	Map049.json	0	dialogue	消えちゃったよ…
MAP49_e3_name	Map049.json	event name	name	ウィンダム城下町
MAP49_e3_note	Map049.json	event note	note	入り口
MAP49_e4_name	Map049.json	event name	name	ウィンダム城下町
MAP49_e4_note	Map049.json	event note	note	入り口
MAP49_e5_name	Map049.json	event name	name	ウィンダム城下町
MAP49_e5_note	Map049.json	event note	note	入り口
MAP49_e6_p1_1	Map049.json	0	dialogue	？：
MAP49_e6_p1_11	Map049.json	0	dialogue	ホノオ：
MAP49_e6_p1_12	Map049.json	0	dialogue	…じゃあなに？
MAP49_e6_p1_13	Map049.json	0	dialogue	試練の…声みたいなこと…？
MAP49_e6_p1_2	Map049.json	0	dialogue	試練を受けよ　火の勇者よ…
MAP49_e6_p1_4	Map049.json	0	dialogue	ホノオ：
MAP49_e6_p1_5	Map049.json	0	dialogue	うわ！えっ？
MAP49_e6_p1_6	Map049.json	0	dialogue	いまの、ウィン、お前の声か？
MAP49_e6_p1_9	Map049.json	0	dialogue	　　　　　　　　　ウィンは首を横に振った
MAP49_e7_name	Map049.json	event name	name	試練
MAP49_e7_p0_3	Map049.json	0	dialogue	ホノオ：
MAP49_e7_p0_4	Map049.json	0	dialogue	この椅子に座ると試練が始まるのかな…？
MAP49_e7_p0_5	Map049.json	0	dialogue	さっきの鎧がすごく試練ぽかったけど…
MAP49_e7_p0_6	Map049.json	0	dialogue	こっちが本物らしい…
MAP49_e7_p0_8	Map049.json	0	dialogue	何が起こるかわからないから、
MAP49_e7_p0_9	Map049.json	0	dialogue	ウィンはちょっと離れていてくれ。
MAP49_e8_name	Map049.json	event name	name	試練ホノオ
MAP49_e8_p1_13	Map049.json	0	dialogue	？：
MAP49_e8_p1_14	Map049.json	0	dialogue	…ホノオ。
MAP49_e8_p1_17	Map049.json	0	dialogue	ホノオ：
MAP49_e8_p1_18	Map049.json	0	dialogue	え…　そんな…　まさか…
MAP49_e8_p1_23	Map049.json	0	dialogue	？：
MAP49_e8_p1_24	Map049.json	0	dialogue	振りむいてはいけない、ホノオ！
MAP49_e8_p1_25	Map049.json	0	dialogue	振り向いたら、僕は消えてしまう…
MAP49_e8_p1_27	Map049.json	0	dialogue	ホノオ：
MAP49_e8_p1_28	Map049.json	0	dialogue	マジかよ…　その声…　その声はよ…
MAP49_e8_p1_33	Map049.json	0	dialogue	ホノオ：
MAP49_e8_p1_34	Map049.json	0	dialogue	アニキの…　ホムラ兄貴の声じゃねえか…
MAP49_e9_p1_11	Map049.json	0	dialogue	　　　　　なぜかウィンはまったく動けない！
MAP49_e9_p1_15	Map049.json	0	dialogue	？：
MAP49_e9_p1_16	Map049.json	0	dialogue	ホノオ、お前に会いたかった。
MAP49_e9_p1_17	Map049.json	0	dialogue	お前と話したいことが、たくさん残っていた…。
MAP49_e9_p1_19	Map049.json	0	dialogue	ホノオ：
MAP49_e9_p1_20	Map049.json	0	dialogue	オレだってそうだよ…
MAP49_e9_p1_21	Map049.json	0	dialogue	だけどアニキ…アンタは死んだ。
MAP49_e9_p1_22	Map049.json	0	dialogue	試練てのは、死んだ人間と会うことなのか！？
MAP49_e9_p1_24	Map049.json	0	dialogue	？：
MAP49_e9_p1_25	Map049.json	0	dialogue	そうみたいだ…。
MAP49_e9_p1_26	Map049.json	0	dialogue	継承の試練で何が起こるのか、それは秘密。
MAP49_e9_p1_27	Map049.json	0	dialogue	だから真実を知るのは常に王のみ…。
MAP49_e9_p1_29	Map049.json	0	dialogue	ホノオ：
MAP49_e9_p1_30	Map049.json	0	dialogue	そうだな。
MAP49_e9_p1_31	Map049.json	0	dialogue	…しかしアニキと話すことになるなんて、
MAP49_e9_p1_32	Map049.json	0	dialogue	さすがのオレでも全く想像してなかったぜ…
MAP49_e9_p1_34	Map049.json	0	dialogue	？：
MAP49_e9_p1_35	Map049.json	0	dialogue	そうさ、ホノオにもわからないことは、
MAP49_e9_p1_36	Map049.json	0	dialogue	僕にも、誰にだってきっとわからないのさ。
MAP49_e9_p1_38	Map049.json	0	dialogue	ホノオ：
MAP49_e9_p1_39	Map049.json	0	dialogue	…マジでアニキなのか？
MAP49_e9_p1_40	Map049.json	0	dialogue	そうやって、わけのわからねえ褒め方すんの、
MAP49_e9_p1_41	Map049.json	0	dialogue	マジでホムラ兄貴っぽいんだ…
MAP49_e9_p1_43	Map049.json	0	dialogue	？：
MAP49_e9_p1_44	Map049.json	0	dialogue	マジでマジでってたくさん言うのも、ホノオらしいよ。
MAP49_e9_p1_46	Map049.json	0	dialogue	ホノオ：
MAP49_e9_p1_47	Map049.json	0	dialogue	アニキ…
MAP49_e9_p1_48	Map049.json	0	dialogue	オレはずっとアニキみてえになりたいと
MAP49_e9_p1_49	Map049.json	0	dialogue	思ってた。
MAP49_e9_p1_51	Map049.json	0	dialogue	誰にでも優しくて…
MAP49_e9_p1_52	Map049.json	0	dialogue	難しい本をたくさん読んでいて…
MAP49_e9_p1_53	Map049.json	0	dialogue	誰もが立派だと褒めるアニキみてえに…
MAP49_e9_p1_55	Map049.json	0	dialogue	？：
MAP49_e9_p1_56	Map049.json	0	dialogue	…そうか。
MAP49_e9_p1_58	Map049.json	0	dialogue	ホノオ：
MAP49_e9_p1_59	Map049.json	0	dialogue	だからアニキが死んでから大変だったんだ。
MAP49_e9_p1_60	Map049.json	0	dialogue	オレはたくさん本を読んでみた。
MAP49_e9_p1_61	Map049.json	0	dialogue	みんなに敬語使って話してみたりもした。
MAP49_e9_p1_63	Map049.json	0	dialogue	オレは…
MAP49_e9_p1_64	Map049.json	0	dialogue	誰よりも優しくて頭のいいアニキが…
MAP49_e9_p1_65	Map049.json	0	dialogue	この国の王になるのが、オレはマジで
MAP49_e9_p1_66	Map049.json	0	dialogue	楽しみだったんだよ…
MAP49_e9_p1_68	Map049.json	0	dialogue	？：
MAP49_e9_p1_69	Map049.json	0	dialogue	…ホノオ。
MAP49_e9_p1_7	Map049.json	0	dialogue	ホノオ：
MAP49_e9_p1_71	Map049.json	0	dialogue	ホノオ：
MAP49_e9_p1_72	Map049.json	0	dialogue	アニキの真似をし始めたオレを見て…
MAP49_e9_p1_73	Map049.json	0	dialogue	みんなは余計にがっかりした…。
MAP49_e9_p1_75	Map049.json	0	dialogue	ホノオ：
MAP49_e9_p1_76	Map049.json	0	dialogue	いくら本を読んでも何も頭に入らねえし…
MAP49_e9_p1_77	Map049.json	0	dialogue	敬語だって全然使えなくて…
MAP49_e9_p1_78	Map049.json	0	dialogue	結局、みじめになっただけだったぜ。
MAP49_e9_p1_8	Map049.json	0	dialogue	ウィン！いるのか、オレのアニキがそこに…！
MAP49_e9_p1_80	Map049.json	0	dialogue	？：
MAP49_e9_p1_81	Map049.json	0	dialogue	つらい思いをしたんだな、ホノオ。
MAP49_e9_p1_83	Map049.json	0	dialogue	ホノオ：
MAP49_e9_p1_84	Map049.json	0	dialogue	ああ…　オレはアニキになれねんだよ…
MAP49_e9_p2_14	Map049.json	0	dialogue	？：
MAP49_e9_p2_15	Map049.json	0	dialogue	僕が生き返って、ちゃんと王になるよ。
MAP49_e9_p2_19	Map049.json	0	dialogue	ホノオ：
MAP49_e9_p2_20	Map049.json	0	dialogue	生き返るって…
MAP49_e9_p2_21	Map049.json	0	dialogue	一体どうやって？
MAP49_e9_p2_23	Map049.json	0	dialogue	？：
MAP49_e9_p2_24	Map049.json	0	dialogue	ホノオ、おまえのその火の紋章だ。
MAP49_e9_p2_29	Map049.json	0	dialogue	？：
MAP49_e9_p2_30	Map049.json	0	dialogue	おまえのその紋章をぼくに継承すれば、
MAP49_e9_p2_31	Map049.json	0	dialogue	ぼくは生き返る…。
MAP49_e9_p2_33	Map049.json	0	dialogue	？：
MAP49_e9_p2_34	Map049.json	0	dialogue	おまえがずっと望んでいた世界になる…
MAP49_e9_p2_35	Map049.json	0	dialogue	ぼくが王になって、この国をよくできる…
MAP49_e9_p2_37	Map049.json	0	dialogue	ホノオ：
MAP49_e9_p2_38	Map049.json	0	dialogue	…これが、試練てことか？
MAP49_e9_p2_40	Map049.json	0	dialogue	？：
MAP49_e9_p2_41	Map049.json	0	dialogue	そうだよ、ホノオ。
MAP49_e9_p2_42	Map049.json	0	dialogue	ここは死人の魂の通り道…
MAP49_e9_p2_43	Map049.json	0	dialogue	ここでなら、死者に継承して復活させることができる
MAP49_e9_p2_45	Map049.json	0	dialogue	？：
MAP49_e9_p2_46	Map049.json	0	dialogue	さあ、考えてくれ、ホノオ…
MAP49_e9_p2_5	Map049.json	0	dialogue	？：
MAP49_e9_p2_6	Map049.json	0	dialogue	なあ、ホノオ。
MAP49_e9_p2_8	Map049.json	0	dialogue	？：
MAP49_e9_p2_9	Map049.json	0	dialogue	僕が生き返ったらどうする？
MAP49_e9_p3_11	Map049.json	0	dialogue	そんでオレは、剣を振り回して
MAP49_e9_p3_12	Map049.json	0	dialogue	走り回っていればいい…。
MAP49_e9_p3_13	Map049.json	0	dialogue	そう、それこそオレの望んだ未来だった…。
MAP49_e9_p3_15	Map049.json	0	dialogue	？：
MAP49_e9_p3_16	Map049.json	0	dialogue	その未来が手に入るんだよ、ホノオ。
MAP49_e9_p3_21	Map049.json	0	dialogue	？：
MAP49_e9_p3_22	Map049.json	0	dialogue	さあ、ぼくに紋章を継承しよう。
MAP49_e9_p3_23	Map049.json	0	dialogue	そして二人の夢を叶えよう。
MAP49_e9_p3_25	Map049.json	0	dialogue	ウィン：
MAP49_e9_p3_26	Map049.json	0	dialogue	…！
MAP49_e9_p3_29	Map049.json	0	dialogue	　　　　　　ウィンは叫ぼうとしたが声が出ない
MAP49_e9_p3_32	Map049.json	0	dialogue	ホノオ：
MAP49_e9_p3_33	Map049.json	0	dialogue	うっ…　　ううっ…
MAP49_e9_p3_35	Map049.json	0	dialogue	？：
MAP49_e9_p3_36	Map049.json	0	dialogue	ホノオ、どうして泣くんだ？
MAP49_e9_p3_38	Map049.json	0	dialogue	ホノオ：
MAP49_e9_p3_39	Map049.json	0	dialogue	うっ…　それはよう…
MAP49_e9_p3_48	Map049.json	0	dialogue	ホノオ：
MAP49_e9_p3_49	Map049.json	0	dialogue	オマエがアニキの偽物だとわかって
MAP49_e9_p3_50	Map049.json	0	dialogue	心から悲しんでるからだよーーー！！
MAP49_e9_p3_52	Map049.json	0	dialogue	？：
MAP49_e9_p3_53	Map049.json	0	dialogue	なんだって！？
MAP49_e9_p3_55	Map049.json	0	dialogue	ホノオ：
MAP49_e9_p3_56	Map049.json	0	dialogue	くそー！！！
MAP49_e9_p3_57	Map049.json	0	dialogue	ホントにアニキかもって思ったのによー！！
MAP49_e9_p3_59	Map049.json	0	dialogue	？：
MAP49_e9_p3_60	Map049.json	0	dialogue	いやいや、ホノオ！
MAP49_e9_p3_61	Map049.json	0	dialogue	ぼくホムラだから！！
MAP49_e9_p3_63	Map049.json	0	dialogue	ホノオ：
MAP49_e9_p3_64	Map049.json	0	dialogue	あのなー試練さんよーーー
MAP49_e9_p3_66	Map049.json	0	dialogue	アニキはオレのことをバカにしたことは
MAP49_e9_p3_67	Map049.json	0	dialogue	一度もねえんだよ…
MAP49_e9_p3_69	Map049.json	0	dialogue	オレがマジで気にしているマジでマジでの
MAP49_e9_p3_7	Map049.json	0	dialogue	ホノオ：
MAP49_e9_p3_70	Map049.json	0	dialogue	口癖のことを…
MAP49_e9_p3_71	Map049.json	0	dialogue	俺らしいとか絶対に言わねえんだよ、
MAP49_e9_p3_72	Map049.json	0	dialogue	本物ならよーーーーーーー！！
MAP49_e9_p3_74	Map049.json	0	dialogue	ホムラの偽物：
MAP49_e9_p3_75	Map049.json	0	dialogue	ぐっ！
MAP49_e9_p3_77	Map049.json	0	dialogue	ホノオ：
MAP49_e9_p3_78	Map049.json	0	dialogue	あとなー試練さんよーーー
MAP49_e9_p3_8	Map049.json	0	dialogue	…ホムラ兄貴が王になって、この国を
MAP49_e9_p3_80	Map049.json	0	dialogue	ホノオ：
MAP49_e9_p3_81	Map049.json	0	dialogue	アニキはよー…
MAP49_e9_p3_82	Map049.json	0	dialogue	王になりたくなかったんだよ…
MAP49_e9_p3_84	Map049.json	0	dialogue	アニキは王になりたくなかった…
MAP49_e9_p3_85	Map049.json	0	dialogue	アニキはいつも…
MAP49_e9_p3_86	Map049.json	0	dialogue	オレに王になれと言っていたんだ…
MAP49_e9_p3_87	Map049.json	0	dialogue	…オレにだけよーーーー！！！
MAP49_e9_p3_89	Map049.json	0	dialogue	だから、アニキなら、本物のアニキなら…
MAP49_e9_p3_9	Map049.json	0	dialogue	どんどん良くする。
MAP49_e9_p3_91	Map049.json	0	dialogue	王になりたいなんて言わねえんだよ！！
MAP49_e9_p3_92	Map049.json	0	dialogue	マジでよーーーーーーーー！！！！
MAP49_e9_p3_94	Map049.json	0	dialogue	ホムラの偽物：
MAP49_e9_p3_95	Map049.json	0	dialogue	ぐわーーーーーーーーーーー
MAP49_e9_p4_12	Map049.json	0	dialogue	ホノオ：
MAP49_e9_p4_13	Map049.json	0	dialogue	…もう振り向いても大丈夫そう？
MAP49_e9_p4_16	Map049.json	0	dialogue	　　　　　　　　　　ウィンは頷いた
MAP49_e9_p4_22	Map049.json	0	dialogue	ホノオ：
MAP49_e9_p4_23	Map049.json	0	dialogue	…。
MAP49_e9_p4_3	Map049.json	0	dialogue	試練：
MAP49_e9_p4_33	Map049.json	0	dialogue	ホノオ：
MAP49_e9_p4_34	Map049.json	0	dialogue	なあ、ウィン。
MAP49_e9_p4_35	Map049.json	0	dialogue	オレの試練ぶり、どうだった？
MAP49_e9_p4_38	Map049.json	0	dialogue	　　　　　　　　　　ウィンは頷いた
MAP49_e9_p4_4	Map049.json	0	dialogue	合格！！！！！！！！！
MAP49_e9_p4_40	Map049.json	0	dialogue	ホノオ：
MAP49_e9_p4_41	Map049.json	0	dialogue	こんなのに付き合わせて悪かったな…
MAP49_e9_p4_42	Map049.json	0	dialogue	さあ、親父にどやされに行くか！
MAP49_e9_p4_7	Map049.json	0	dialogue	ホノオ：
MAP49_e9_p4_8	Map049.json	0	dialogue	へ…？
MAP50_displayName	Map050.json	display name	mapname	セイリュー領主の村　
MAP50_e35_name	Map050.json	event name	name	流れ
MAP50_e35_p0_15	Map050.json	0	dialogue	？：
MAP50_e35_p0_16	Map050.json	0	dialogue	ん？　おい、ナガレ。
MAP50_e35_p0_17	Map050.json	0	dialogue	誰か来たぞ。
MAP50_e35_p0_19	Map050.json	0	dialogue	？：
MAP50_e35_p0_20	Map050.json	0	dialogue	うん…　なんかすごく強そうなひとたちだ…
MAP50_e35_p0_21	Map050.json	0	dialogue	手伝ってもら…
MAP50_e35_p0_25	Map050.json	0	dialogue	ナガレ：
MAP50_e35_p0_26	Map050.json	0	dialogue	うるせえ！！　よそもんなんぞ邪魔だ！
MAP50_e35_p0_27	Map050.json	0	dialogue	あたしらだけで十分だろうが…
MAP50_e35_p0_28	Map050.json	0	dialogue	行くぞ、トリカゼ！マハリ！
MAP50_e35_p0_36	Map050.json	0	dialogue	トリカゼ：
MAP50_e35_p0_37	Map050.json	0	dialogue	そりゃそうだ。
MAP50_e35_p0_38	Map050.json	0	dialogue	ちょっとまっとけよー　よそもんさんがたー
MAP50_e35_p0_40	Map050.json	0	dialogue	マハリ：
MAP50_e35_p0_41	Map050.json	0	dialogue	えー！？
MAP50_e35_p0_42	Map050.json	0	dialogue	大丈夫かなあ…　ぼくの剣術で…
MAP50_e35_p0_7	Map050.json	0	dialogue	ホノオ：
MAP50_e35_p0_8	Map050.json	0	dialogue	うおおお！？
MAP50_e35_p0_9	Map050.json	0	dialogue	なんだあのデッカイ魔物はー！！
MAP50_e35_p1_10	Map050.json	0	dialogue	ホノオ：
MAP50_e35_p1_100	Map050.json	0	dialogue	俺らは火と風の紋章の継承者の、ホノオと
MAP50_e35_p1_101	Map050.json	0	dialogue	ウィンだ。
MAP50_e35_p1_105	Map050.json	0	dialogue	ナガレ：
MAP50_e35_p1_106	Map050.json	0	dialogue	なんだって？
MAP50_e35_p1_108	Map050.json	0	dialogue	ホノオ：
MAP50_e35_p1_109	Map050.json	0	dialogue	闇のエレメントが復活しようとしてる。
MAP50_e35_p1_11	Map050.json	0	dialogue	つ、つええ…
MAP50_e35_p1_110	Map050.json	0	dialogue	それで、水の継承者と合流する為に、
MAP50_e35_p1_111	Map050.json	0	dialogue	オレたちはここに来たのさ！
MAP50_e35_p1_114	Map050.json	0	dialogue	　　ウィンとホノオは左手の紋章をナガレに見せた
MAP50_e35_p1_117	Map050.json	0	dialogue	ナガレ：
MAP50_e35_p1_118	Map050.json	0	dialogue	本当みたいだな…。
MAP50_e35_p1_119	Map050.json	0	dialogue	じゃああたしも…
MAP50_e35_p1_122	Map050.json	0	dialogue	　　　　ナガレはウィンとホノオに紋章を見せた
MAP50_e35_p1_124	Map050.json	0	dialogue	ナガレ：
MAP50_e35_p1_125	Map050.json	0	dialogue	あたしがセイリュー当主であり、
MAP50_e35_p1_126	Map050.json	0	dialogue	水の紋章の継承者さ！
MAP50_e35_p1_128	Map050.json	0	dialogue	ホノオ：
MAP50_e35_p1_129	Map050.json	0	dialogue	あんたが継承者か！
MAP50_e35_p1_13	Map050.json	0	dialogue	ウィン：
MAP50_e35_p1_130	Map050.json	0	dialogue	これは頼りに………　　っておい
MAP50_e35_p1_132	Map050.json	0	dialogue	あんたの紋章…　なんか違うくねえか？
MAP50_e35_p1_134	Map050.json	0	dialogue	ナガレ：
MAP50_e35_p1_135	Map050.json	0	dialogue	は…？
MAP50_e35_p1_136	Map050.json	0	dialogue	なんだよ、違うって…
MAP50_e35_p1_137	Map050.json	0	dialogue	いやいや、本当にあたしが継承者だし…
MAP50_e35_p1_139	Map050.json	0	dialogue	トリカゼ：
MAP50_e35_p1_14	Map050.json	0	dialogue	…。
MAP50_e35_p1_140	Map050.json	0	dialogue	おいおい、変なケチ入れんじゃねえぞ。
MAP50_e35_p1_141	Map050.json	0	dialogue	ナガレはれっきとした継承者さ。
MAP50_e35_p1_143	Map050.json	0	dialogue	マハリ：
MAP50_e35_p1_144	Map050.json	0	dialogue	本当です。
MAP50_e35_p1_145	Map050.json	0	dialogue	ナガレは先日、前当主のシズク様から、
MAP50_e35_p1_146	Map050.json	0	dialogue	正式な紋章継承の儀式を行いました。
MAP50_e35_p1_148	Map050.json	0	dialogue	ナガレ：
MAP50_e35_p1_149	Map050.json	0	dialogue	その通り！！
MAP50_e35_p1_150	Map050.json	0	dialogue	これ以上あたしと紋章を侮辱するなら、
MAP50_e35_p1_151	Map050.json	0	dialogue	おまえたち、ただじゃおかねえぞ…
MAP50_e35_p1_153	Map050.json	0	dialogue	ホノオ：
MAP50_e35_p1_154	Map050.json	0	dialogue	いやでもよ…
MAP50_e35_p1_155	Map050.json	0	dialogue	なあ、もしかして、それ墨か…？
MAP50_e35_p1_156	Map050.json	0	dialogue	墨か何かで書いてあるのか…？
MAP50_e35_p1_158	Map050.json	0	dialogue	ナガレ：
MAP50_e35_p1_159	Map050.json	0	dialogue	は？
MAP50_e35_p1_16	Map050.json	0	dialogue	ナガレ：
MAP50_e35_p1_160	Map050.json	0	dialogue	そうだよ。毎朝墨入れするのが、継承者の
MAP50_e35_p1_161	Map050.json	0	dialogue	役目だからな。
MAP50_e35_p1_165	Map050.json	0	dialogue	ホノオ：
MAP50_e35_p1_166	Map050.json	0	dialogue	………えっ？
MAP50_e35_p1_168	Map050.json	0	dialogue	ナガレ：
MAP50_e35_p1_169	Map050.json	0	dialogue	……え？
MAP50_e35_p1_17	Map050.json	0	dialogue	ふーっ…
MAP50_e35_p1_172	Map050.json	0	dialogue	ホノオ：
MAP50_e35_p1_173	Map050.json	0	dialogue	いやいやいやいやいやいやいやいや…
MAP50_e35_p1_175	Map050.json	0	dialogue	ナガレ：
MAP50_e35_p1_176	Map050.json	0	dialogue	いやいやいやいやいやいや…　は？？
MAP50_e35_p1_178	Map050.json	0	dialogue	ホノオ：
MAP50_e35_p1_179	Map050.json	0	dialogue	紋章は書いたり消えたりとかじゃないから！
MAP50_e35_p1_18	Map050.json	0	dialogue	こいつで終りみたいだな。
MAP50_e35_p1_180	Map050.json	0	dialogue	勝手に刻まれて、消えないから！！
MAP50_e35_p1_181	Map050.json	0	dialogue	何かもう、バシッてなるから！！
MAP50_e35_p1_183	Map050.json	0	dialogue	ナガレ：
MAP50_e35_p1_184	Map050.json	0	dialogue	え…　なに？　何を言っているんだあんた…
MAP50_e35_p1_185	Map050.json	0	dialogue	だってあたしが継承者で…紋章が…
MAP50_e35_p1_187	Map050.json	0	dialogue	ホノオ：
MAP50_e35_p1_188	Map050.json	0	dialogue	わかったわかった！
MAP50_e35_p1_189	Map050.json	0	dialogue	じゃあオレとウィンの紋章こすってみろ！
MAP50_e35_p1_191	Map050.json	0	dialogue	ナガレ：
MAP50_e35_p1_192	Map050.json	0	dialogue	そんな馬鹿な…
MAP50_e35_p1_199	Map050.json	0	dialogue	　　　ナガレはウィンとホノオの紋章をこすった！
MAP50_e35_p1_201	Map050.json	0	dialogue	ナガレ：
MAP50_e35_p1_202	Map050.json	0	dialogue	そんな馬鹿な………
MAP50_e35_p1_204	Map050.json	0	dialogue	ホノオ：
MAP50_e35_p1_205	Map050.json	0	dialogue	いたいいたい…　もうわかったろ…
MAP50_e35_p1_207	Map050.json	0	dialogue	ナガレ：
MAP50_e35_p1_208	Map050.json	0	dialogue	消えない…　消えないぞ…
MAP50_e35_p1_210	Map050.json	0	dialogue	ウィン：
MAP50_e35_p1_211	Map050.json	0	dialogue	………！
MAP50_e35_p1_213	Map050.json	0	dialogue	ナガレ：
MAP50_e35_p1_214	Map050.json	0	dialogue	消えない…！消えない！！そんな……！！
MAP50_e35_p1_216	Map050.json	0	dialogue	ホノオ：
MAP50_e35_p1_217	Map050.json	0	dialogue	いたいいたい！！！いたいってのーーー！！！
MAP50_e35_p1_22	Map050.json	0	dialogue	トリカゼ：
MAP50_e35_p1_223	Map050.json	0	dialogue	ナガレ：
MAP50_e35_p1_224	Map050.json	0	dialogue	消えない！！真っ赤になっても消えない…！
MAP50_e35_p1_226	Map050.json	0	dialogue	ホノオ：
MAP50_e35_p1_227	Map050.json	0	dialogue	まっかっかになるまでこするんじゃねえ！！
MAP50_e35_p1_229	Map050.json	0	dialogue	ナガレ：
MAP50_e35_p1_23	Map050.json	0	dialogue	いやー、久々に見たナガレちゃんの刀さばき、
MAP50_e35_p1_230	Map050.json	0	dialogue	………どういうことだ？
MAP50_e35_p1_231	Map050.json	0	dialogue	あたしの紋章はこいつらのと違う…？
MAP50_e35_p1_233	Map050.json	0	dialogue	ホノオ：
MAP50_e35_p1_234	Map050.json	0	dialogue	じゃあおまえ、その紋章、ちゃんと光るか？
MAP50_e35_p1_235	Map050.json	0	dialogue	魔法は使えるのか？
MAP50_e35_p1_237	Map050.json	0	dialogue	ナガレ：
MAP50_e35_p1_238	Map050.json	0	dialogue	光る…って？
MAP50_e35_p1_239	Map050.json	0	dialogue	ていうか、ま、まほう……？
MAP50_e35_p1_24	Map050.json	0	dialogue	惚れ惚れするねえ。
MAP50_e35_p1_256	Map050.json	0	dialogue	ホノオ：
MAP50_e35_p1_257	Map050.json	0	dialogue	…な？
MAP50_e35_p1_259	Map050.json	0	dialogue	ナガレ：
MAP50_e35_p1_26	Map050.json	0	dialogue	マハリ：
MAP50_e35_p1_260	Map050.json	0	dialogue	光った…　めちゃくちゃ光った……
MAP50_e35_p1_262	Map050.json	0	dialogue	ホノオ：
MAP50_e35_p1_263	Map050.json	0	dialogue	そう、光るし…
MAP50_e35_p1_264	Map050.json	0	dialogue	オレは魔法で爆発起こせるし、ウィンは何か
MAP50_e35_p1_265	Map050.json	0	dialogue	体中風をまとって超速くなったりできるぞ。
MAP50_e35_p1_27	Map050.json	0	dialogue	ぼくの剣も敵にちゃんと効いてよかった…
MAP50_e35_p1_31	Map050.json	0	dialogue	トリカゼ：
MAP50_e35_p1_32	Map050.json	0	dialogue	お前の剣だって相当のもんだぞ。
MAP50_e35_p1_33	Map050.json	0	dialogue	ナガレとばかり比べているから、
MAP50_e35_p1_34	Map050.json	0	dialogue	自分じゃ分からないんだろうけどさ。
MAP50_e35_p1_38	Map050.json	0	dialogue	マハリ：
MAP50_e35_p1_39	Map050.json	0	dialogue	ああっ！そういえば……
MAP50_e35_p1_45	Map050.json	0	dialogue	トリカゼ：
MAP50_e35_p1_46	Map050.json	0	dialogue	ああ、よそもんさん、待たせたね。
MAP50_e35_p1_47	Map050.json	0	dialogue	もう片付いたよ。
MAP50_e35_p1_49	Map050.json	0	dialogue	ホノオ：
MAP50_e35_p1_50	Map050.json	0	dialogue	おう、あんたらの剣術すげえな！
MAP50_e35_p1_51	Map050.json	0	dialogue	見惚れちまったぜ…
MAP50_e35_p1_55	Map050.json	0	dialogue	ナガレ：
MAP50_e35_p1_56	Map050.json	0	dialogue	セイリューの剣を見たのは初めてかい？
MAP50_e35_p1_58	Map050.json	0	dialogue	ホノオ：
MAP50_e35_p1_59	Map050.json	0	dialogue	ああ。
MAP50_e35_p1_60	Map050.json	0	dialogue	あんたらの太刀筋が全然見えなかったぜ…。
MAP50_e35_p1_62	Map050.json	0	dialogue	ウィン：
MAP50_e35_p1_63	Map050.json	0	dialogue	…。
MAP50_e35_p1_65	Map050.json	0	dialogue	ナガレ：
MAP50_e35_p1_66	Map050.json	0	dialogue	…そっちの金髪の方は、そうでもなかった
MAP50_e35_p1_67	Map050.json	0	dialogue	みたいだけど…　
MAP50_e35_p1_69	Map050.json	0	dialogue	ホノオ：
MAP50_e35_p1_70	Map050.json	0	dialogue	へ？
MAP50_e35_p1_71	Map050.json	0	dialogue	マジか、ウィン…？
MAP50_e35_p1_73	Map050.json	0	dialogue	ナガレ：
MAP50_e35_p1_74	Map050.json	0	dialogue	自己紹介が遅れたな。
MAP50_e35_p1_75	Map050.json	0	dialogue	あたしはセイリュー当主のナガレだ。
MAP50_e35_p1_77	Map050.json	0	dialogue	ホノオ：
MAP50_e35_p1_78	Map050.json	0	dialogue	なっ、あんたが！？
MAP50_e35_p1_80	Map050.json	0	dialogue	ナガレ：
MAP50_e35_p1_81	Map050.json	0	dialogue	なんだよ？
MAP50_e35_p1_82	Map050.json	0	dialogue	見えないってかい？
MAP50_e35_p1_84	Map050.json	0	dialogue	トリカゼ：
MAP50_e35_p1_85	Map050.json	0	dialogue	ハハハ！
MAP50_e35_p1_87	Map050.json	0	dialogue	マハリ：
MAP50_e35_p1_88	Map050.json	0	dialogue	ナガレのお行儀が悪いからだねえ。
MAP50_e35_p1_95	Map050.json	0	dialogue	ナガレ：
MAP50_e35_p1_96	Map050.json	0	dialogue	うるせえぞ、おまえら！
MAP50_e35_p1_98	Map050.json	0	dialogue	ホノオ：
MAP50_e35_p1_99	Map050.json	0	dialogue	いや、あんたが当主なら話が早い！
MAP50_e35_p2_12	Map050.json	0	dialogue	マハリ：
MAP50_e35_p2_13	Map050.json	0	dialogue	ナガレ大丈夫！？
MAP50_e35_p2_15	Map050.json	0	dialogue	ナガレ：
MAP50_e35_p2_16	Map050.json	0	dialogue	あああああああーーーーーーーーーーー！！！
MAP50_e35_p2_18	Map050.json	0	dialogue	ホノオ：
MAP50_e35_p2_19	Map050.json	0	dialogue	お、おい…　大丈夫かそれ…？
MAP50_e35_p2_2	Map050.json	0	dialogue	ナガレ：
MAP50_e35_p2_24	Map050.json	0	dialogue	トリカゼ：
MAP50_e35_p2_25	Map050.json	0	dialogue	おまえ！ナガレをそれとか言うな！！
MAP50_e35_p2_27	Map050.json	0	dialogue	ホノオ：
MAP50_e35_p2_28	Map050.json	0	dialogue	いや、でも…
MAP50_e35_p2_29	Map050.json	0	dialogue	水の紋章がないと闇のエレメントの復活阻止
MAP50_e35_p2_3	Map050.json	0	dialogue	あーーーーーーーーーーーーーっ！！
MAP50_e35_p2_30	Map050.json	0	dialogue	できないから、ヤバいんじゃねえか…？
MAP50_e35_p2_32	Map050.json	0	dialogue	ウィン：
MAP50_e35_p2_33	Map050.json	0	dialogue	…。
MAP50_e35_p2_35	Map050.json	0	dialogue	マハリ：
MAP50_e35_p2_36	Map050.json	0	dialogue	でも…　もしかしたらシズク様やオタキ様が
MAP50_e35_p2_37	Map050.json	0	dialogue	何か知っているんじゃないかな…
MAP50_e35_p2_41	Map050.json	0	dialogue	トリカゼ：
MAP50_e35_p2_42	Map050.json	0	dialogue	あ、そうかも…
MAP50_e35_p2_44	Map050.json	0	dialogue	ホノオ：
MAP50_e35_p2_45	Map050.json	0	dialogue	そのしずく…？様と、お…たき？様ってのは？
MAP50_e35_p2_49	Map050.json	0	dialogue	マハリ：
MAP50_e35_p2_50	Map050.json	0	dialogue	オタキ様は先々代当主、シズク様は先代当主で、
MAP50_e35_p2_51	Map050.json	0	dialogue	ナガレのお姉さまになります。
MAP50_e35_p2_53	Map050.json	0	dialogue	オタキ様がご高齢の為、長女のシズク様に
MAP50_e35_p2_54	Map050.json	0	dialogue	継承したのですが、そのシズク様もご病気で…
MAP50_e35_p2_55	Map050.json	0	dialogue	それでナガレが、この若さで継承することに
MAP50_e35_p2_56	Map050.json	0	dialogue	なったんです。
MAP50_e35_p2_58	Map050.json	0	dialogue	トリカゼ：
MAP50_e35_p2_59	Map050.json	0	dialogue	もともと身体の弱かったシズク様をナガレは
MAP50_e35_p2_60	Map050.json	0	dialogue	すごく心配していたから、
MAP50_e35_p2_61	Map050.json	0	dialogue	自分が継承者になって喜んでいたのに…
MAP50_e35_p2_63	Map050.json	0	dialogue	かわいそうなナガレ…
MAP50_e35_p2_65	Map050.json	0	dialogue	ホノオ：
MAP50_e35_p2_66	Map050.json	0	dialogue	ふーん…　
MAP50_e35_p2_67	Map050.json	0	dialogue	じゃあ、もしかしたら本当の継承者は、
MAP50_e35_p2_68	Map050.json	0	dialogue	そっちの二人のどっちかなのかもな…
MAP50_e35_p2_7	Map050.json	0	dialogue	トリカゼ：
MAP50_e35_p2_70	Map050.json	0	dialogue	ナガレ：
MAP50_e35_p2_71	Map050.json	0	dialogue	ちがーーーーーーーーーう！！！！！！
MAP50_e35_p2_72	Map050.json	0	dialogue	継承者はあたしだ！！！！
MAP50_e35_p2_73	Map050.json	0	dialogue	あああああーーーーーーーーー！！！
MAP50_e35_p2_77	Map050.json	0	dialogue	マハリ：
MAP50_e35_p2_78	Map050.json	0	dialogue	ナガレ、大丈夫だよ。
MAP50_e35_p2_79	Map050.json	0	dialogue	まだ君が偽物だと決まったわけじゃない。
MAP50_e35_p2_8	Map050.json	0	dialogue	ナガレ！？
MAP50_e35_p2_81	Map050.json	0	dialogue	トリカゼ：
MAP50_e35_p2_82	Map050.json	0	dialogue	とりあえず家に帰ろう、ナガレ。
MAP50_e35_p2_83	Map050.json	0	dialogue	シズク様たちに聞いてみれば何かわかるさ！
MAP50_e35_p2_87	Map050.json	0	dialogue	マハリ：
MAP50_e35_p2_88	Map050.json	0	dialogue	と、いうわけで…
MAP50_e35_p2_89	Map050.json	0	dialogue	ぼくらはナガレを彼女の家に運びます。
MAP50_e35_p2_90	Map050.json	0	dialogue	あなたたちも後で来てください。
MAP50_e35_p2_92	Map050.json	0	dialogue	彼女たちセイリュー当主の家は、
MAP50_e35_p2_93	Map050.json	0	dialogue	この先すぐの橋を右に渡ったところです。
MAP50_e35_p2_94	Map050.json	0	dialogue	目立つ家なので、すぐわかると思います。
MAP50_e35_p2_96	Map050.json	0	dialogue	ホノオ：
MAP50_e35_p2_97	Map050.json	0	dialogue	おう、わかった！
MAP50_e35_p2_98	Map050.json	0	dialogue	なんか色々と、すまなかった…
MAP50_e36_name	Map050.json	event name	name	トリカゼ
MAP50_e37_name	Map050.json	event name	name	マハリ
MAP50_e39_p0_1	Map050.json	0	dialogue	北の村のオルジ：
MAP50_e39_p0_2	Map050.json	0	dialogue	狩場に魔物が出まくってて、しばらく
MAP50_e39_p0_3	Map050.json	0	dialogue	ここは通行止めにさせてもらってる。
MAP50_e39_p1_1	Map050.json	0	dialogue	北の村のオルジ：
MAP50_e39_p1_10	Map050.json	0	dialogue	任せておいてくれると助かるよ。
MAP50_e39_p1_12	Map050.json	0	dialogue	ナガレ：
MAP50_e39_p1_13	Map050.json	0	dialogue	分かった。でも、狩り以外でも何か助けが
MAP50_e39_p1_14	Map050.json	0	dialogue	いるなら、気兼ねしないで話してくれよ？
MAP50_e39_p1_2	Map050.json	0	dialogue	狩場に魔物が出まくってて、しばらく
MAP50_e39_p1_3	Map050.json	0	dialogue	ここは通行止めにさせてもらってる。
MAP50_e39_p1_5	Map050.json	0	dialogue	ナガレ：
MAP50_e39_p1_6	Map050.json	0	dialogue	北の村でもか…。助けはいらないのか？
MAP50_e39_p1_8	Map050.json	0	dialogue	北の村のオルジ：
MAP50_e39_p1_9	Map050.json	0	dialogue	ああ、むしろ狩人たちの邪魔になるから、
MAP50_e40_p0_2	Map050.json	0	dialogue	　　　　　　上流土砂崩れのため通行禁止中
MAP50_e43_name	Map050.json	event name	name	泥棒はずれ
MAP50_e43_p0_1	Map050.json	0	dialogue	持ち出して役に立つようなものは何も見つけられなかった…
MAP50_e44_name	Map050.json	event name	name	泥棒はずれ
MAP50_e44_p0_1	Map050.json	0	dialogue	持ち出して役に立つようなものは何も見つけられなかった…
MAP50_e45_name	Map050.json	event name	name	泥棒はずれ
MAP50_e45_p0_1	Map050.json	0	dialogue	持ち出して役に立つようなものは何も見つけられなかった…
MAP50_e46_name	Map050.json	event name	name	泥棒はずれ
MAP50_e46_p0_1	Map050.json	0	dialogue	持ち出して役に立つようなものは何も見つけられなかった…
MAP50_e47_name	Map050.json	event name	name	泥棒はずれ
MAP50_e47_p0_1	Map050.json	0	dialogue	持ち出して役に立つようなものは何も見つけられなかった…
MAP50_e48_name	Map050.json	event name	name	泥棒はずれ
MAP50_e48_p0_1	Map050.json	0	dialogue	持ち出して役に立つようなものは何も見つけられなかった…
MAP50_e49_name	Map050.json	event name	name	泥棒はずれ
MAP50_e49_p0_1	Map050.json	0	dialogue	持ち出して役に立つようなものは何も見つけられなかった…
MAP50_e50_name	Map050.json	event name	name	泥棒はずれ
MAP50_e50_p0_1	Map050.json	0	dialogue	持ち出して役に立つようなものは何も見つけられなかった…
MAP50_e51_name	Map050.json	event name	name	泥棒はずれ
MAP50_e51_p0_1	Map050.json	0	dialogue	持ち出して役に立つようなものは何も見つけられなかった…
MAP50_e52_name	Map050.json	event name	name	泥棒はずれ
MAP50_e52_p0_1	Map050.json	0	dialogue	持ち出して役に立つようなものは何も見つけられなかった…
MAP50_e53_name	Map050.json	event name	name	泥棒はずれ
MAP50_e53_p0_1	Map050.json	0	dialogue	持ち出して役に立つようなものは何も見つけられなかった…
MAP50_e54_name	Map050.json	event name	name	泥棒はずれ
MAP50_e54_p0_1	Map050.json	0	dialogue	持ち出して役に立つようなものは何も見つけられなかった…
MAP51_displayName	Map051.json	display name	mapname	セイリューの宿屋
MAP51_e10_name	Map051.json	event name	name	泥棒はずれ
MAP51_e10_p0_1	Map051.json	0	dialogue	持ち出して役に立つようなものは何も見つけられなかった…
MAP51_e3_p0_1	Map051.json	0	dialogue	宿屋の女将オジリ：
MAP51_e3_p0_10_c0	Map051.json	choice	choice	泊まらせてもらいます
MAP51_e3_p0_10_c1	Map051.json	choice	choice	やっぱりやめます
MAP51_e3_p0_14	Map051.json	3	dialogue	宿屋の女将オジリ：
MAP51_e3_p0_15	Map051.json	3	dialogue	はい、確かに50Gいただきました。
MAP51_e3_p0_16	Map051.json	3	dialogue	では、どうぞごゆるりと…
MAP51_e3_p0_2	Map051.json	0	dialogue	長旅だったでしょう。
MAP51_e3_p0_24	Map051.json	3	dialogue	またのご利用をお待ちしております。
MAP51_e3_p0_25	Map051.json	3	dialogue	道中どうぞお気をつけて…
MAP51_e3_p0_29	Map051.json	3	dialogue	宿屋の女将オジリ：
MAP51_e3_p0_3	Map051.json	0	dialogue	お疲れでしたら、どうぞ私どもの宿を
MAP51_e3_p0_30	Map051.json	3	dialogue	お手持ちのお金がたりませんね…
MAP51_e3_p0_4	Map051.json	0	dialogue	ご利用ください。
MAP51_e3_p0_5_c0	Map051.json	choice	choice	泊まりたい
MAP51_e3_p0_5_c1	Map051.json	choice	choice	ちょっと寄ってみただけ
MAP51_e3_p0_8	Map051.json	1	dialogue	宿屋の女将オジリ：
MAP51_e3_p0_9	Map051.json	1	dialogue	一泊料金、皆さま合計で５０Ｇになります。
MAP51_e3_p1_1	Map051.json	0	dialogue	宿屋の女将オジリ：
MAP51_e3_p1_11	Map051.json	1	dialogue	ナガレ：
MAP51_e3_p1_12	Map051.json	1	dialogue	悪い、ありがとう、オジリ。
MAP51_e3_p1_13_c0	Map051.json	choice	choice	泊まらせてもらいます
MAP51_e3_p1_13_c1	Map051.json	choice	choice	やっぱりやめます
MAP51_e3_p1_17	Map051.json	3	dialogue	宿屋の女将オジリ：
MAP51_e3_p1_18	Map051.json	3	dialogue	いいのいいの、あなたたちが頑張らなきゃ
MAP51_e3_p1_19	Map051.json	3	dialogue	世界は終わりなんだろう？
MAP51_e3_p1_2	Map051.json	0	dialogue	あら、ナガレ！久し振り！
MAP51_e3_p1_20	Map051.json	3	dialogue	お金なんかいらないよ！
MAP51_e3_p1_28	Map051.json	3	dialogue	またのご利用をお待ちしております。
MAP51_e3_p1_29	Map051.json	3	dialogue	道中どうぞお気をつけて…
MAP51_e3_p1_3	Map051.json	0	dialogue	皆さん、お疲れでしょう。
MAP51_e3_p1_33	Map051.json	3	dialogue	宿屋の女将オジリ：
MAP51_e3_p1_34	Map051.json	3	dialogue	お手持ちのお金がたりませんね…
MAP51_e3_p1_4	Map051.json	0	dialogue	どうぞ休んでかれてくださいな。
MAP51_e3_p1_5_c0	Map051.json	choice	choice	泊まりたい
MAP51_e3_p1_5_c1	Map051.json	choice	choice	ちょっと寄ってみただけ
MAP51_e3_p1_8	Map051.json	1	dialogue	宿屋の女将オジリ：
MAP51_e3_p1_9	Map051.json	1	dialogue	もちろん、お代はいりませんよ！
MAP51_e4_p0_1	Map051.json	0	dialogue	板前キエヤマ：
MAP51_e4_p0_2	Map051.json	0	dialogue	あ！ダメだよこんなところまで入ったら！
MAP51_e4_p0_3	Map051.json	0	dialogue	でも、一応、お客さんいらっしゃい！
MAP51_e4_p1_1	Map051.json	0	dialogue	板前キエヤマ：
MAP51_e4_p1_10	Map051.json	0	dialogue	すまないな、苦労をかけてる…
MAP51_e4_p1_12	Map051.json	0	dialogue	板前キエヤマ：
MAP51_e4_p1_13	Map051.json	0	dialogue	ナガレが謝る事じゃないだろー？
MAP51_e4_p1_14	Map051.json	0	dialogue	大丈夫、草とかいっぱい生えてるだろう？
MAP51_e4_p1_15	Map051.json	0	dialogue	レパートリー自体はたくさんあるんだ！
MAP51_e4_p1_17	Map051.json	0	dialogue	ナガレ：
MAP51_e4_p1_18	Map051.json	0	dialogue	さすがキエヤマだな！
MAP51_e4_p1_19	Map051.json	0	dialogue	もう少しの辛抱だから、しっかり頼んだ！
MAP51_e4_p1_2	Map051.json	0	dialogue	うーん…　コメがたりないなあ…
MAP51_e4_p1_3	Map051.json	0	dialogue	どうやってやり繰りしよう…
MAP51_e4_p1_5	Map051.json	0	dialogue	板前キエヤマ：
MAP51_e4_p1_6	Map051.json	0	dialogue	…って、ナガレ！？
MAP51_e4_p1_7	Map051.json	0	dialogue	あんた、なにしてんの、こんなところで！？
MAP51_e4_p1_9	Map051.json	0	dialogue	ナガレ：
MAP51_e5_name	Map051.json	event name	name	泥棒はずれ
MAP51_e5_p0_1	Map051.json	0	dialogue	持ち出して役に立つようなものは何も見つけられなかった…
MAP51_e6_name	Map051.json	event name	name	泥棒はずれ
MAP51_e6_p0_1	Map051.json	0	dialogue	持ち出して役に立つようなものは何も見つけられなかった…
MAP51_e7_name	Map051.json	event name	name	泥棒はずれ
MAP51_e7_p0_1	Map051.json	0	dialogue	持ち出して役に立つようなものは何も見つけられなかった…
MAP51_e8_name	Map051.json	event name	name	泥棒はずれ
MAP51_e8_p0_1	Map051.json	0	dialogue	持ち出して役に立つようなものは何も見つけられなかった…
MAP51_e9_name	Map051.json	event name	name	泥棒はずれ
MAP51_e9_p0_1	Map051.json	0	dialogue	持ち出して役に立つようなものは何も見つけられなかった…
MAP52_displayName	Map052.json	display name	mapname	南の採石場
MAP52_e20_name	Map052.json	event name	name	泥棒はずれ
MAP52_e20_p0_1	Map052.json	0	dialogue	持ち出して役に立つようなものは何も見つけられなかった…
MAP52_e21_name	Map052.json	event name	name	泥棒はずれ
MAP52_e21_p0_1	Map052.json	0	dialogue	持ち出して役に立つようなものは何も見つけられなかった…
MAP52_e22_name	Map052.json	event name	name	泥棒はずれ
MAP52_e22_p0_1	Map052.json	0	dialogue	持ち出して役に立つようなものは何も見つけられなかった…
MAP52_e8_p0_1	Map052.json	0	dialogue	採石場のヤルモリ：
MAP52_e8_p0_2	Map052.json	0	dialogue	セイリューに行きたい？
MAP52_e8_p0_3	Map052.json	0	dialogue	ここも一応セイリューだけど。
MAP52_e8_p0_4	Map052.json	0	dialogue	わかってるよ、領主の村に行きたいんだろ。
MAP52_e8_p0_6	Map052.json	0	dialogue	ここからどんどん北に行けば着くよ。
MAP52_e8_p0_7	Map052.json	0	dialogue	大きな村が見えてくるからすぐ分かる。
MAP52_e8_p1_1	Map052.json	0	dialogue	採石場のヤルモリ：
MAP52_e8_p1_10	Map052.json	0	dialogue	あんた、もしかしてそうやって毎回
MAP52_e8_p1_11	Map052.json	0	dialogue	旅人に教えてあげてんのか…？
MAP52_e8_p1_13	Map052.json	0	dialogue	採石場のヤルモリ：
MAP52_e8_p1_14	Map052.json	0	dialogue	そうだよ。嫌になるときもあるけど、
MAP52_e8_p1_15	Map052.json	0	dialogue	まあ、最近はそんなに忙しくないし…
MAP52_e8_p1_17	Map052.json	0	dialogue	ナガレ：
MAP52_e8_p1_18	Map052.json	0	dialogue	みんなあたしの知らないところで色々
MAP52_e8_p1_19	Map052.json	0	dialogue	働いてくれてるんだねえ。
MAP52_e8_p1_2	Map052.json	0	dialogue	セイリューに行きたい？
MAP52_e8_p1_3	Map052.json	0	dialogue	ここも一応セイリューだけど。
MAP52_e8_p1_4	Map052.json	0	dialogue	わかってるよ、領主の村に行きたいんだろ。
MAP52_e8_p1_6	Map052.json	0	dialogue	ここからどんどん北に行けば着くよ。
MAP52_e8_p1_7	Map052.json	0	dialogue	大きな村が見えてくるからすぐ分かる。
MAP52_e8_p1_9	Map052.json	0	dialogue	ナガレ：
MAP53_displayName	Map053.json	display name	mapname	採石場の家
MAP53_e10_name	Map053.json	event name	name	泥棒はずれ
MAP53_e10_p0_1	Map053.json	0	dialogue	持ち出して役に立つようなものは何も見つけられなかった…
MAP53_e11_name	Map053.json	event name	name	泥棒はずれ
MAP53_e11_p0_1	Map053.json	0	dialogue	持ち出して役に立つようなものは何も見つけられなかった…
MAP53_e12_name	Map053.json	event name	name	泥棒はずれ
MAP53_e12_p0_1	Map053.json	0	dialogue	持ち出して役に立つようなものは何も見つけられなかった…
MAP53_e13_name	Map053.json	event name	name	泥棒はずれ
MAP53_e13_p0_1	Map053.json	0	dialogue	持ち出して役に立つようなものは何も見つけられなかった…
MAP53_e14_name	Map053.json	event name	name	泥棒はずれ
MAP53_e14_p0_2	Map053.json	0	dialogue	　　　　　　見たことのない薬類が入っている
MAP53_e4_p0_1	Map053.json	0	dialogue	採石場の主人バモヤシ：
MAP53_e4_p0_2	Map053.json	0	dialogue	ああ、迷い込んだみたいだね。
MAP53_e4_p0_3	Map053.json	0	dialogue	ここはただの採石場だ。何もないよ。
MAP53_e4_p1_1	Map053.json	0	dialogue	採石場の主人バモヤシ：
MAP53_e4_p1_10	Map053.json	0	dialogue	お前こんなところに何しに…？
MAP53_e4_p1_12	Map053.json	0	dialogue	ナガレ：
MAP53_e4_p1_13	Map053.json	0	dialogue	ちょっと寄り道しただけさ。
MAP53_e4_p1_14	Map053.json	0	dialogue	それよりなんだよ、その驚きようは？
MAP53_e4_p1_16	Map053.json	0	dialogue	採石場の主人バモヤシ：
MAP53_e4_p1_17	Map053.json	0	dialogue	いや…　あの悪ガキが突然きれいになって
MAP53_e4_p1_18	Map053.json	0	dialogue	やって来るもんだからこころの準備が…
MAP53_e4_p1_19	Map053.json	0	dialogue	え、本当にナガレなんだよな？
MAP53_e4_p1_2	Map053.json	0	dialogue	ああ、迷い込んだみたいだね。
MAP53_e4_p1_21	Map053.json	0	dialogue	ナガレ：
MAP53_e4_p1_22	Map053.json	0	dialogue	褒められてんだか貶されてんだかわからん！
MAP53_e4_p1_3	Map053.json	0	dialogue	ここはただの採石場だ。何もないよ。
MAP53_e4_p1_5	Map053.json	0	dialogue	ナガレ：
MAP53_e4_p1_6	Map053.json	0	dialogue	よう、バモヤシ。おひさ！
MAP53_e4_p1_8	Map053.json	0	dialogue	採石場の主人バモヤシ：
MAP53_e4_p1_9	Map053.json	0	dialogue	うお！？ナガレ！？
MAP53_e5_p0_1	Map053.json	0	dialogue	採石場のマリメイ：
MAP53_e5_p0_10	Map053.json	1	dialogue	　　　　　お茶を飲んで、みんなのＨＰが回復した！
MAP53_e5_p0_13	Map053.json	1	dialogue	採石場のマリメイ：
MAP53_e5_p0_14	Map053.json	1	dialogue	まだ村まで結構遠いし、魔物も出るから
MAP53_e5_p0_15	Map053.json	1	dialogue	気を付けてねー
MAP53_e5_p0_19	Map053.json	1	dialogue	採石場のマリメイ：
MAP53_e5_p0_2	Map053.json	0	dialogue	旅人かい？
MAP53_e5_p0_20	Map053.json	1	dialogue	まだ村まで結構遠いし、魔物も出るから
MAP53_e5_p0_21	Map053.json	1	dialogue	気を付けてねー
MAP53_e5_p0_3	Map053.json	0	dialogue	なにもなくってガッカリしただろ。
MAP53_e5_p0_4	Map053.json	0	dialogue	まあ、よかったらお茶でも飲んでいけば？
MAP53_e5_p0_5_c0	Map053.json	choice	choice	いただきます
MAP53_e5_p0_5_c1	Map053.json	choice	choice	遠慮しておきます
MAP53_e5_p1_1	Map053.json	0	dialogue	採石場のマリメイ：
MAP53_e5_p1_10	Map053.json	1	dialogue	　　　　　お茶を飲んで、みんなのＨＰが回復した！
MAP53_e5_p1_13	Map053.json	1	dialogue	採石場のマリメイ：
MAP53_e5_p1_14	Map053.json	1	dialogue	こうやってまた、たまには顔見せに来てよね、
MAP53_e5_p1_15	Map053.json	1	dialogue	ナガレ。
MAP53_e5_p1_17	Map053.json	1	dialogue	ナガレ：
MAP53_e5_p1_18	Map053.json	1	dialogue	うん、ありがとう！
MAP53_e5_p1_2	Map053.json	0	dialogue	あ、ナガレじゃん。
MAP53_e5_p1_22	Map053.json	1	dialogue	採石場のマリメイ：
MAP53_e5_p1_23	Map053.json	1	dialogue	こうやってまた、たまには顔見せに来てよね、
MAP53_e5_p1_24	Map053.json	1	dialogue	ナガレ。
MAP53_e5_p1_26	Map053.json	1	dialogue	ナガレ：
MAP53_e5_p1_27	Map053.json	1	dialogue	うん、ありがとう！
MAP53_e5_p1_3	Map053.json	0	dialogue	せっかく来たんだし、よかったら
MAP53_e5_p1_4	Map053.json	0	dialogue	お茶でも飲んでいけば？
MAP53_e5_p1_5_c0	Map053.json	choice	choice	いただきます
MAP53_e5_p1_5_c1	Map053.json	choice	choice	遠慮しておきます
MAP53_e6_name	Map053.json	event name	name	泥棒はずれ
MAP53_e6_p0_1	Map053.json	0	dialogue	持ち出して役に立つようなものは何も見つけられなかった…
MAP53_e7_name	Map053.json	event name	name	泥棒はずれ
MAP53_e7_p0_2	Map053.json	0	dialogue	　　　　セイリューとの連絡に用いられている手紙類だ
MAP53_e8_name	Map053.json	event name	name	泥棒はずれ
MAP53_e8_p0_2	Map053.json	0	dialogue	　　　　　　見たことのない薬類が入っている
MAP53_e9_name	Map053.json	event name	name	泥棒はずれ
MAP53_e9_p0_1	Map053.json	0	dialogue	持ち出して役に立つようなものは何も見つけられなかった…
MAP54_displayName	Map054.json	display name	mapname	農家の家
MAP54_e3_p0_1	Map054.json	0	dialogue	コメ農家の主人ギヨヌマ：
MAP54_e3_p0_2	Map054.json	0	dialogue	あらいらっしゃい。
MAP54_e3_p0_3	Map054.json	0	dialogue	コメならここでは買えないよ。
MAP54_e3_p0_4	Map054.json	0	dialogue	領民で分けあっているものだから。
MAP54_e3_p0_6	Map054.json	0	dialogue	だけど宿の食事とか、あと行商人から
MAP54_e3_p0_7	Map054.json	0	dialogue	携帯食のライスボールが買えたりするから、
MAP54_e3_p0_8	Map054.json	0	dialogue	食べることはできるんだよ。
MAP54_e4_name	Map054.json	event name	name	泥棒はずれ
MAP54_e4_p0_1	Map054.json	0	dialogue	持ち出して役に立つようなものは何も見つけられなかった…
MAP54_e5_name	Map054.json	event name	name	泥棒はずれ
MAP54_e5_p0_1	Map054.json	0	dialogue	持ち出して役に立つようなものは何も見つけられなかった…
MAP54_e6_name	Map054.json	event name	name	泥棒はずれ
MAP54_e6_p0_1	Map054.json	0	dialogue	持ち出して役に立つようなものは何も見つけられなかった…
MAP54_e7_name	Map054.json	event name	name	泥棒はずれ
MAP54_e7_p0_1	Map054.json	0	dialogue	持ち出して役に立つようなものは何も見つけられなかった…
MAP55_displayName	Map055.json	display name	mapname	セイリュー当主の家
MAP55_e10_name	Map055.json	event name	name	トリカゼ
MAP55_e10_p0_1	Map055.json	0	dialogue	トリカゼ：
MAP55_e10_p0_2	Map055.json	0	dialogue	おう、来たか。オタキ様もシズク様も、
MAP55_e10_p0_3	Map055.json	0	dialogue	アンタらが来てからじゃないと話さない
MAP55_e10_p0_4	Map055.json	0	dialogue	らしくて、ナガレが死にかけてる…。
MAP55_e10_p1_1	Map055.json	0	dialogue	トリカゼ：
MAP55_e10_p1_11	Map055.json	0	dialogue	　　　　　　　お金　1500G　を手渡された！
MAP55_e10_p1_13	Map055.json	0	dialogue	トリカゼ：
MAP55_e10_p1_14	Map055.json	0	dialogue	現金の方が便利だと思ってさ。
MAP55_e10_p1_15	Map055.json	0	dialogue	うちの店…　ああ、村の北の方に
MAP55_e10_p1_16	Map055.json	0	dialogue	うちの一族の店があるから、
MAP55_e10_p1_18	Map055.json	0	dialogue	トリカゼ：
MAP55_e10_p1_19	Map055.json	0	dialogue	そこで必要なものをそろえてから行きなよ。
MAP55_e10_p1_2	Map055.json	0	dialogue	話は聞いてたよ、あんたたち。
MAP55_e10_p1_21	Map055.json	0	dialogue	ナガレ：
MAP55_e10_p1_22	Map055.json	0	dialogue	トリカゼ、ありがとう、恩に着る！
MAP55_e10_p1_24	Map055.json	0	dialogue	トリカゼ：
MAP55_e10_p1_25	Map055.json	0	dialogue	何言ってんだ、助け合うのがセイリューだろ？
MAP55_e10_p1_26	Map055.json	0	dialogue	それにあんたはセイリューの頭領だ！
MAP55_e10_p1_27	Map055.json	0	dialogue	堂々とあたしらを使ってくんな！
MAP55_e10_p1_29	Map055.json	0	dialogue	ホノオ：
MAP55_e10_p1_3	Map055.json	0	dialogue	旅立ちだろ？
MAP55_e10_p1_30	Map055.json	0	dialogue	頭領って、野盗みたいな呼び方だな！
MAP55_e10_p1_5	Map055.json	0	dialogue	これはあたし…というかあたしら鍛冶屋の
MAP55_e10_p1_6	Map055.json	0	dialogue	一族からの餞別だ。
MAP55_e10_p1_7	Map055.json	0	dialogue	少しでも役立ててくれ。
MAP55_e10_p2_1	Map055.json	0	dialogue	トリカゼ：
MAP55_e10_p2_10	Map055.json	0	dialogue	ホノオ：
MAP55_e10_p2_11	Map055.json	0	dialogue	心配すんな！オレとウィンもいる。
MAP55_e10_p2_12	Map055.json	0	dialogue	絶対に大丈夫だ！
MAP55_e10_p2_14	Map055.json	0	dialogue	トリカゼ：
MAP55_e10_p2_15	Map055.json	0	dialogue	ああ、信じてるぜ！
MAP55_e10_p2_2	Map055.json	0	dialogue	ナガレちゃん、必ず生きて帰ってこいよ
MAP55_e10_p2_4	Map055.json	0	dialogue	ナガレ：
MAP55_e10_p2_5	Map055.json	0	dialogue	当たり前だろ。トリカゼらしくない弱気だな。
MAP55_e10_p2_7	Map055.json	0	dialogue	トリカゼ：
MAP55_e10_p2_8	Map055.json	0	dialogue	ハハ…　だな？
MAP55_e11_name	Map055.json	event name	name	マハリ
MAP55_e11_p0_1	Map055.json	0	dialogue	マハリ：
MAP55_e11_p0_2	Map055.json	0	dialogue	皆さんお待ちかねですよ。
MAP55_e11_p0_3	Map055.json	0	dialogue	特に…何も教えてもらえないまま放置されてる
MAP55_e11_p0_4	Map055.json	0	dialogue	ナガレがね…
MAP55_e12_p0_10	Map055.json	0	dialogue	遅いぞあんたら…
MAP55_e12_p0_100	Map055.json	0	dialogue	ナガレ：
MAP55_e12_p0_101	Map055.json	0	dialogue	話してくれ、オタキ様。
MAP55_e12_p0_103	Map055.json	0	dialogue	オタキ様：
MAP55_e12_p0_104	Map055.json	0	dialogue	うむ…
MAP55_e12_p0_107	Map055.json	0	dialogue	ホノオどのとウィンどのも、
MAP55_e12_p0_108	Map055.json	0	dialogue	どうぞお聞き下され…。
MAP55_e12_p0_109	Map055.json	0	dialogue	これは本来セイリュー当主のみに伝えられる
MAP55_e12_p0_110	Map055.json	0	dialogue	秘密じゃが…　
MAP55_e12_p0_112	Map055.json	0	dialogue	闇のエレメントの復活がはじまったいま…
MAP55_e12_p0_113	Map055.json	0	dialogue	もう隠す必要はないとわしは判断しますじゃ
MAP55_e12_p0_115	Map055.json	0	dialogue	ホノオ：
MAP55_e12_p0_116	Map055.json	0	dialogue	お、おう…
MAP55_e12_p0_118	Map055.json	0	dialogue	ナガレ：
MAP55_e12_p0_119	Map055.json	0	dialogue	秘密って…いったい…
MAP55_e12_p0_121	Map055.json	0	dialogue	ウィン：
MAP55_e12_p0_122	Map055.json	0	dialogue	…。
MAP55_e12_p0_127	Map055.json	scrolling text	dialogue	　　　　代々セイリュー当主に口伝でのみ伝わる、
MAP55_e12_p0_129	Map055.json	scrolling text	dialogue	　　　　　　この地セイリューの伝説じゃ
MAP55_e12_p0_132	Map055.json	scrolling text	dialogue	　　　その昔、この地にひとびとが集い集落を作る前
MAP55_e12_p0_135	Map055.json	scrolling text	dialogue	　　　　この地は日夜大雨が降り続き、川は溢れ
MAP55_e12_p0_138	Map055.json	scrolling text	dialogue	　　　木は腐り、とてもひとが住める地ではなかった
MAP55_e12_p0_142	Map055.json	scrolling text	dialogue	　　　　　その地にはじまりの水の者が現れた
MAP55_e12_p0_146	Map055.json	0	dialogue	ナガレ：
MAP55_e12_p0_147	Map055.json	0	dialogue	はじまりの、水の者？
MAP55_e12_p0_148	Map055.json	0	dialogue	なんだそれ？？聞いたことないぞ。
MAP55_e12_p0_150	Map055.json	0	dialogue	ホノオ：
MAP55_e12_p0_151	Map055.json	0	dialogue	そんな伝説、フレイムでも聞いたことがねえ。
MAP55_e12_p0_152	Map055.json	0	dialogue	なんだなんだ、どうなるんだ！？
MAP55_e12_p0_154	Map055.json	0	dialogue	オタキ様：
MAP55_e12_p0_155	Map055.json	0	dialogue	うるさい！
MAP55_e12_p0_156	Map055.json	0	dialogue	あんたら話の腰を折るんじゃない！
MAP55_e12_p0_157	Map055.json	0	dialogue	ただでさえ長くなるんじゃ！！
MAP55_e12_p0_159	Map055.json	0	dialogue	ナガレ：
MAP55_e12_p0_16	Map055.json	0	dialogue	オタキ様：
MAP55_e12_p0_160	Map055.json	0	dialogue	はい…
MAP55_e12_p0_162	Map055.json	0	dialogue	ホノオ：
MAP55_e12_p0_163	Map055.json	0	dialogue	すんません…
MAP55_e12_p0_167	Map055.json	scrolling text	dialogue	　　　　　はじまりの水の者はとても疲れていた
MAP55_e12_p0_17	Map055.json	0	dialogue	よういらっしゃった、火と風の紋章の継承者
MAP55_e12_p0_170	Map055.json	scrolling text	dialogue	　　　　　　長い旅の末にこの地に迷い込み
MAP55_e12_p0_171	Map055.json	scrolling text	dialogue	　　遂には動けなくなって、洞窟の中で身をよこたえた
MAP55_e12_p0_174	Map055.json	scrolling text	dialogue	　　　　　　何度も眠り、何度も目を覚ましたが
MAP55_e12_p0_176	Map055.json	scrolling text	dialogue	　　　　　すさまじい雨は全くやむ気配がなかった
MAP55_e12_p0_179	Map055.json	scrolling text	dialogue	　　　　死ぬこともできず、かといって身体も動かず
MAP55_e12_p0_18	Map055.json	0	dialogue	のかたがた…
MAP55_e12_p0_182	Map055.json	scrolling text	dialogue	　　　　　　　やがてはじまりの水の者は
MAP55_e12_p0_184	Map055.json	scrolling text	dialogue	　　　　　　　　何か食べ物でもないかと
MAP55_e12_p0_186	Map055.json	scrolling text	dialogue	　　　　　　　　真っ暗闇の洞窟の奥へと
MAP55_e12_p0_188	Map055.json	scrolling text	dialogue	　　　　　　　　　歩き出したのじゃ
MAP55_e12_p0_19	Map055.json	0	dialogue	わしが先々代当主、オタキですじゃ
MAP55_e12_p0_191	Map055.json	0	dialogue	ナガレ：
MAP55_e12_p0_192	Map055.json	0	dialogue	ちょっと待ってこの話、
MAP55_e12_p0_193	Map055.json	0	dialogue	龍の話か？龍出てくる話っぽいな！
MAP55_e12_p0_195	Map055.json	0	dialogue	ホノオ：
MAP55_e12_p0_196	Map055.json	0	dialogue	そうなのか？りゅう？
MAP55_e12_p0_197	Map055.json	0	dialogue	なんだなんだどうなるんだ？？
MAP55_e12_p0_199	Map055.json	0	dialogue	オタキ様：
MAP55_e12_p0_200	Map055.json	0	dialogue	だまらっしゃい！！
MAP55_e12_p0_201	Map055.json	0	dialogue	ナガレも黙って聞きなさい！！
MAP55_e12_p0_202	Map055.json	0	dialogue	長くなると言っておるじゃろ！！
MAP55_e12_p0_204	Map055.json	0	dialogue	ナガレ：
MAP55_e12_p0_205	Map055.json	0	dialogue	はい…
MAP55_e12_p0_208	Map055.json	scrolling text	dialogue	　　　　　　　　真っ暗闇の中をふらふらと
MAP55_e12_p0_21	Map055.json	0	dialogue	シズク様：
MAP55_e12_p0_210	Map055.json	scrolling text	dialogue	　　　　　　　　　　歩いていると…
MAP55_e12_p0_212	Map055.json	scrolling text	dialogue	　　　　　　突然足元の感覚が、地面がなくなった
MAP55_e12_p0_216	Map055.json	scrolling text	dialogue	　　　　　　　　　はじまりの水の者は
MAP55_e12_p0_218	Map055.json	scrolling text	dialogue	　　　　　　　洞窟の奥で穴に落ちたのじゃな
MAP55_e12_p0_22	Map055.json	0	dialogue	私が先代当主のシズクです。
MAP55_e12_p0_221	Map055.json	scrolling text	dialogue	　　　　　　　　　　深い穴じゃった
MAP55_e12_p0_223	Map055.json	scrolling text	dialogue	　　　　　　　はじまりの水の者は落ちながら
MAP55_e12_p0_225	Map055.json	scrolling text	dialogue	　　　　　さすがに死んでしまうだろうと思った
MAP55_e12_p0_228	Map055.json	scrolling text	dialogue	　　　　　　　しかし気付くと生きていた
MAP55_e12_p0_23	Map055.json	0	dialogue	そちらの現当主、ナガレの姉でございます。
MAP55_e12_p0_230	Map055.json	scrolling text	dialogue	　　　　　濡れた岩肌の上で目を覚ましたのじゃ
MAP55_e12_p0_233	Map055.json	scrolling text	dialogue	　　　　　　　　そして目を見開いた
MAP55_e12_p0_236	Map055.json	scrolling text	dialogue	　　　　　　目の前に大きな龍がいたのじゃ
MAP55_e12_p0_239	Map055.json	scrolling text	dialogue	　　　　　　　　　それだけではない
MAP55_e12_p0_242	Map055.json	scrolling text	dialogue	　　　　　　龍の左目に　はじまりの水の者が
MAP55_e12_p0_244	Map055.json	scrolling text	dialogue	　　　　　　　腰に履いていた刀が深々と
MAP55_e12_p0_246	Map055.json	scrolling text	dialogue	　　　　　　　　突き刺さっていたのじゃ
MAP55_e12_p0_249	Map055.json	scrolling text	dialogue	　　　　　　はじまりの水の者が助かったのは
MAP55_e12_p0_25	Map055.json	0	dialogue	ホノオ：
MAP55_e12_p0_251	Map055.json	scrolling text	dialogue	　　　　龍の目に刀が突き刺さったからだったのじゃ
MAP55_e12_p0_256	Map055.json	0	dialogue	ホノオ：
MAP55_e12_p0_257	Map055.json	0	dialogue	うおおおおおおおおおおお！！
MAP55_e12_p0_259	Map055.json	0	dialogue	ナガレ：
MAP55_e12_p0_26	Map055.json	0	dialogue	どうも…オレはホノオ。
MAP55_e12_p0_260	Map055.json	0	dialogue	やっぱり龍が出てくる話だったな！
MAP55_e12_p0_262	Map055.json	0	dialogue	オタキ様：
MAP55_e12_p0_263	Map055.json	0	dialogue	あんたらもう少し静かに聞けないのかい…
MAP55_e12_p0_264	Map055.json	0	dialogue	これはあてっこクイズとかじゃないんじゃぞ…
MAP55_e12_p0_268	Map055.json	scrolling text	dialogue	　　　　　　　　　　龍は泣いた　啼いた
MAP55_e12_p0_27	Map055.json	0	dialogue	で、こっちがウィンです。
MAP55_e12_p0_271	Map055.json	scrolling text	dialogue	　　　　　　　　　　何千年と生きてきて　
MAP55_e12_p0_273	Map055.json	scrolling text	dialogue	　　　　　　　エレメントを守り続けてきて
MAP55_e12_p0_275	Map055.json	scrolling text	dialogue	　　　　　　　　　　その結果がこれか
MAP55_e12_p0_278	Map055.json	scrolling text	dialogue	　　　　　　　　　　龍は弱っていた
MAP55_e12_p0_280	Map055.json	scrolling text	dialogue	　　　　　　　　はじまりの水の者の刀が
MAP55_e12_p0_282	Map055.json	scrolling text	dialogue	　　　　　とどめになってしまったようじゃった
MAP55_e12_p0_285	Map055.json	scrolling text	dialogue	　　　　　　　　　憐れに思った水の者は
MAP55_e12_p0_287	Map055.json	scrolling text	dialogue	　　　　　　　　　　　自分の紋章を
MAP55_e12_p0_289	Map055.json	scrolling text	dialogue	　　　　　　　　　　龍に継承したのじゃ
MAP55_e12_p0_29	Map055.json	0	dialogue	ウィン：
MAP55_e12_p0_292	Map055.json	scrolling text	dialogue	　　　　　　自分の犯した罪のせめてもの償いにとな…
MAP55_e12_p0_295	Map055.json	0	dialogue	ホノオ：
MAP55_e12_p0_296	Map055.json	0	dialogue	うおおおおおおおおおおお！？
MAP55_e12_p0_298	Map055.json	0	dialogue	ナガレ：
MAP55_e12_p0_299	Map055.json	0	dialogue	てことは…てことはだ…
MAP55_e12_p0_3	Map055.json	0	dialogue	？：
MAP55_e12_p0_30	Map055.json	0	dialogue	…。
MAP55_e12_p0_300	Map055.json	0	dialogue	紋章は龍が持っているってことか！？
MAP55_e12_p0_301	Map055.json	0	dialogue	そうなのかオタキ様！！
MAP55_e12_p0_303	Map055.json	0	dialogue	オタキ様：
MAP55_e12_p0_304	Map055.json	0	dialogue	そうじゃな…そうじゃが…
MAP55_e12_p0_305	Map055.json	0	dialogue	もう少しで終わるんじゃ…黙ってなさい！！
MAP55_e12_p0_307	Map055.json	0	dialogue	ホノオ：
MAP55_e12_p0_308	Map055.json	0	dialogue	おう！
MAP55_e12_p0_310	Map055.json	0	dialogue	ナガレ：
MAP55_e12_p0_311	Map055.json	0	dialogue	あーーーー！龍に会いたいーーーーー！！
MAP55_e12_p0_315	Map055.json	scrolling text	dialogue	　　　　　　　水の者から紋章を継承した龍は
MAP55_e12_p0_317	Map055.json	scrolling text	dialogue	　　　　　　　　　元気になったのじゃ
MAP55_e12_p0_319	Map055.json	scrolling text	dialogue	　　　　　　しかし潰れた目は元に戻らなかった
MAP55_e12_p0_322	Map055.json	scrolling text	dialogue	　　　　　　　　　　　龍は云った
MAP55_e12_p0_325	Map055.json	scrolling text	dialogue	　　　　　　　お前の過ちを赦すことはできない
MAP55_e12_p0_327	Map055.json	scrolling text	dialogue	　　　　　　　しかしお前のその慈悲のこころに
MAP55_e12_p0_329	Map055.json	scrolling text	dialogue	　　　　　　　　　少しだけ応えてやる
MAP55_e12_p0_33	Map055.json	0	dialogue	　　　　　　　　　ウィンはおじぎをした
MAP55_e12_p0_332	Map055.json	scrolling text	dialogue	　　　　　　　　　　これからお前を地上に
MAP55_e12_p0_334	Map055.json	scrolling text	dialogue	　　　　　　　　　　　帰してやるが
MAP55_e12_p0_336	Map055.json	scrolling text	dialogue	　　　　　　　　帰ったら必ず地上の洞窟を塞ぎ
MAP55_e12_p0_338	Map055.json	scrolling text	dialogue	　　　　　　　　　二度と人間が迷い込まぬよう
MAP55_e12_p0_340	Map055.json	scrolling text	dialogue	　　　　　　　　穴から落ちてこぬようにしろと
MAP55_e12_p0_343	Map055.json	scrolling text	dialogue	　　　　　　　地上に帰った水の者は約束を守り
MAP55_e12_p0_345	Map055.json	scrolling text	dialogue	　　　　　　　　　　　洞窟をふさぎ
MAP55_e12_p0_347	Map055.json	scrolling text	dialogue	　　　　　　　　そこにお社を建てたのじゃ
MAP55_e12_p0_35	Map055.json	0	dialogue	ナガレ：
MAP55_e12_p0_350	Map055.json	scrolling text	dialogue	　　　　　二度と龍の上からひとが落ちぬようにとな…
MAP55_e12_p0_353	Map055.json	scrolling text	dialogue	　　　　　　　　　　そうするとやがて
MAP55_e12_p0_355	Map055.json	scrolling text	dialogue	　　　　　　　雨はやみ、川は穏やかになり
MAP55_e12_p0_357	Map055.json	scrolling text	dialogue	　　　　　　　　　　木々は青々と育ち
MAP55_e12_p0_359	Map055.json	scrolling text	dialogue	　　　　　　　この地は豊かになったのじゃ
MAP55_e12_p0_36	Map055.json	0	dialogue	自己紹介が済んだんだから、もういいだろ？
MAP55_e12_p0_365	Map055.json	0	dialogue	オタキ様：
MAP55_e12_p0_366	Map055.json	0	dialogue	おわりじゃ！
MAP55_e12_p0_369	Map055.json	0	dialogue	ホノオ：
MAP55_e12_p0_37	Map055.json	0	dialogue	本題だ！
MAP55_e12_p0_370	Map055.json	0	dialogue	うおおおおおおおおおおお……お？
MAP55_e12_p0_372	Map055.json	0	dialogue	ナガレ：
MAP55_e12_p0_373	Map055.json	0	dialogue	よしわかった、早く龍をぶちのめしに行くぞ！
MAP55_e12_p0_375	Map055.json	0	dialogue	ホノオ：
MAP55_e12_p0_376	Map055.json	0	dialogue	うおおお…　あ、そういう話か、これ？
MAP55_e12_p0_378	Map055.json	0	dialogue	オタキ様：
MAP55_e12_p0_379	Map055.json	0	dialogue	ナガレ！そうやってすぐ村の守り神である
MAP55_e12_p0_380	Map055.json	0	dialogue	龍を、ぶちのめすとか、食べるとか
MAP55_e12_p0_381	Map055.json	0	dialogue	言っておるから、この話をしなかったんじゃ！
MAP55_e12_p0_383	Map055.json	0	dialogue	ナガレ：
MAP55_e12_p0_384	Map055.json	0	dialogue	…え？
MAP55_e12_p0_388	Map055.json	0	dialogue	シズク様：
MAP55_e12_p0_389	Map055.json	0	dialogue	クスクス…
MAP55_e12_p0_393	Map055.json	0	dialogue	ナガレ：
MAP55_e12_p0_394	Map055.json	0	dialogue	…え？なに笑ってんの姉さま？
MAP55_e12_p0_396	Map055.json	0	dialogue	オタキ様：
MAP55_e12_p0_397	Map055.json	0	dialogue	しかし…
MAP55_e12_p0_398	Map055.json	0	dialogue	そんなナガレが当主になった途端に、
MAP55_e12_p0_399	Map055.json	0	dialogue	この度の事態…闇の復活が起こるとはのう…
MAP55_e12_p0_4	Map055.json	0	dialogue	いらっしゃいましたね。
MAP55_e12_p0_401	Map055.json	0	dialogue	ナガレ…
MAP55_e12_p0_402	Map055.json	0	dialogue	これも龍の思し召しかも知れぬの。
MAP55_e12_p0_403	Map055.json	0	dialogue	わしやシズクでは、とてもじゃないが、
MAP55_e12_p0_404	Map055.json	0	dialogue	龍に会いになど行けぬからの。
MAP55_e12_p0_406	Map055.json	0	dialogue	ナガレ：
MAP55_e12_p0_407	Map055.json	0	dialogue	…そうか。セイリュー当主はいざとなったら、
MAP55_e12_p0_408	Map055.json	0	dialogue	龍から本物の紋章を奪い返しに行かないと
MAP55_e12_p0_409	Map055.json	0	dialogue	だったんだな…。
MAP55_e12_p0_411	Map055.json	0	dialogue	オタキ様：
MAP55_e12_p0_412	Map055.json	0	dialogue	そういうことじゃ…。
MAP55_e12_p0_413	Map055.json	0	dialogue	ナガレよ。セイリュー当主が代々伝えてきた
MAP55_e12_p0_414	Map055.json	0	dialogue	のは、このときの為だったのじゃ。
MAP55_e12_p0_416	Map055.json	0	dialogue	洞窟の奥にいるという龍と会うなど…
MAP55_e12_p0_417	Map055.json	0	dialogue	初代の水の者以来、誰もしたことのないこと。
MAP55_e12_p0_419	Map055.json	0	dialogue	何が起こるかも分からん…
MAP55_e12_p0_420	Map055.json	0	dialogue	そもそも龍から紋章を奪い返すなどという
MAP55_e12_p0_421	Map055.json	0	dialogue	ことが、本当に出来ることかも分からんのじゃ。
MAP55_e12_p0_423	Map055.json	0	dialogue	ホノオ：
MAP55_e12_p0_424	Map055.json	0	dialogue	そうだよ！紋章は、本当にこころから
MAP55_e12_p0_425	Map055.json	0	dialogue	信頼した相手にしか継承できないはずだ！
MAP55_e12_p0_427	Map055.json	0	dialogue	龍から奪い返すなんて…
MAP55_e12_p0_428	Map055.json	0	dialogue	それこそ龍をぶちのめすなんて…
MAP55_e12_p0_429	Map055.json	0	dialogue	そんなことして、紋章を継承できるとは
MAP55_e12_p0_430	Map055.json	0	dialogue	とても思えないぞ…？
MAP55_e12_p0_432	Map055.json	0	dialogue	ナガレ：
MAP55_e12_p0_433	Map055.json	0	dialogue	え…？そうなの…か？
MAP55_e12_p0_435	Map055.json	0	dialogue	ホノオ：
MAP55_e12_p0_436	Map055.json	0	dialogue	ああ。だからこそ、紋章の奪い合いみたいな
MAP55_e12_p0_437	Map055.json	0	dialogue	争いごとも、いままでに起こったことが
MAP55_e12_p0_438	Map055.json	0	dialogue	ないって、オレのアニキや親父も言ってた。
MAP55_e12_p0_440	Map055.json	0	dialogue	シズク様：
MAP55_e12_p0_441	Map055.json	0	dialogue	そうなのだとすると…
MAP55_e12_p0_442	Map055.json	0	dialogue	龍に会えたとしても、一体どのように
MAP55_e12_p0_443	Map055.json	0	dialogue	紋章を継承するのでしょうか…？
MAP55_e12_p0_445	Map055.json	0	dialogue	ナガレ：
MAP55_e12_p0_446	Map055.json	0	dialogue	なんだよ…　せっかく龍をぶちのめせると
MAP55_e12_p0_447	Map055.json	0	dialogue	思ったのに…
MAP55_e12_p0_449	Map055.json	0	dialogue	ホノオ：
MAP55_e12_p0_45	Map055.json	0	dialogue	ナガレ：
MAP55_e12_p0_450	Map055.json	0	dialogue	なあナガレよー…
MAP55_e12_p0_451	Map055.json	0	dialogue	おまえ、なんでそんなに龍をぶちのめす
MAP55_e12_p0_452	Map055.json	0	dialogue	ばかり言ってるんだ？
MAP55_e12_p0_454	Map055.json	0	dialogue	ナガレ：
MAP55_e12_p0_455	Map055.json	0	dialogue	…あ？
MAP55_e12_p0_457	Map055.json	0	dialogue	ホノオ：
MAP55_e12_p0_458	Map055.json	0	dialogue	だってよー…
MAP55_e12_p0_459	Map055.json	0	dialogue	大事なのは水の紋章を継承することだぞ？
MAP55_e12_p0_46	Map055.json	0	dialogue	あたしの紋章、やっぱり偽物なのか！？
MAP55_e12_p0_461	Map055.json	0	dialogue	水の紋章がねえと、
MAP55_e12_p0_462	Map055.json	0	dialogue	闇のエレメントに対抗できねえんだからよー。
MAP55_e12_p0_463	Map055.json	0	dialogue	その為なら、龍と話し合うとか、お願いして
MAP55_e12_p0_464	Map055.json	0	dialogue	返してもらうとか先に考えるもんじゃねのか？
MAP55_e12_p0_466	Map055.json	0	dialogue	ナガレ：
MAP55_e12_p0_467	Map055.json	0	dialogue	………っ。
MAP55_e12_p0_469	Map055.json	0	dialogue	シズク様：
MAP55_e12_p0_47	Map055.json	0	dialogue	こいつらのはあたしのと違う！
MAP55_e12_p0_470	Map055.json	0	dialogue	ホノオどの…その件については、
MAP55_e12_p0_471	Map055.json	0	dialogue	ナガレをあまり責めないでやってください…。
MAP55_e12_p0_473	Map055.json	0	dialogue	詳しくはいま話せませんが…
MAP55_e12_p0_474	Map055.json	0	dialogue	いつか、ご理解いただける日が来ると
MAP55_e12_p0_475	Map055.json	0	dialogue	思いますので…　なにとぞ…
MAP55_e12_p0_477	Map055.json	0	dialogue	ホノオ：
MAP55_e12_p0_478	Map055.json	0	dialogue	え…　ああ、はい…。
MAP55_e12_p0_48	Map055.json	0	dialogue	光るし、魔法使えるし…消えないんだぞ！？
MAP55_e12_p0_480	Map055.json	0	dialogue	ナガレ：
MAP55_e12_p0_481	Map055.json	0	dialogue	………。
MAP55_e12_p0_483	Map055.json	0	dialogue	オタキ様：
MAP55_e12_p0_484	Map055.json	0	dialogue	そろそろ…この話もしまいにしよう。
MAP55_e12_p0_490	Map055.json	0	dialogue	オタキ様：
MAP55_e12_p0_491	Map055.json	0	dialogue	ナガレ。おまえはこれから龍のお社に向かい、
MAP55_e12_p0_492	Map055.json	0	dialogue	その奥の洞窟から、龍の元を目指すのじゃ。
MAP55_e12_p0_494	Map055.json	0	dialogue	ホノオどの、ウィンどの、
MAP55_e12_p0_495	Map055.json	0	dialogue	あなたがたもご協力願えますな？
MAP55_e12_p0_496	Map055.json	0	dialogue	水の紋章の継承は、あなたがたにとっても
MAP55_e12_p0_497	Map055.json	0	dialogue	いま最も大事なことがらのはず。
MAP55_e12_p0_499	Map055.json	0	dialogue	ホノオ：
MAP55_e12_p0_5	Map055.json	0	dialogue	どうぞお二方、こちらへ。
MAP55_e12_p0_50	Map055.json	0	dialogue	二人とも、知っていたのか！？
MAP55_e12_p0_500	Map055.json	0	dialogue	ああ！その点はもちろんだぜ！
MAP55_e12_p0_502	Map055.json	0	dialogue	ウィン：
MAP55_e12_p0_503	Map055.json	0	dialogue	…。
MAP55_e12_p0_506	Map055.json	0	dialogue	　　　　　　　　　　　ウィンは頷いた
MAP55_e12_p0_508	Map055.json	0	dialogue	オタキ様：
MAP55_e12_p0_509	Map055.json	0	dialogue	ありがとうございますじゃ。
MAP55_e12_p0_51	Map055.json	0	dialogue	それとも、二人とも知らないのか！？
MAP55_e12_p0_510	Map055.json	0	dialogue	ナガレよ、決して無茶をするでないぞ。
MAP55_e12_p0_512	Map055.json	0	dialogue	おまえの使命は、龍を倒すことではない…。
MAP55_e12_p0_513	Map055.json	0	dialogue	水の紋章を継承し、真の継承者となり…
MAP55_e12_p0_514	Map055.json	0	dialogue	闇のエレメントの復活を止めることなの
MAP55_e12_p0_515	Map055.json	0	dialogue	じゃからな。
MAP55_e12_p0_517	Map055.json	0	dialogue	ナガレ：
MAP55_e12_p0_518	Map055.json	0	dialogue	…はい。
MAP55_e12_p0_52	Map055.json	0	dialogue	知らないのだったら、闇のエレメントとの
MAP55_e12_p0_520	Map055.json	0	dialogue	オタキ様：
MAP55_e12_p0_521	Map055.json	0	dialogue	では、ホノオどの、ウィンどの。
MAP55_e12_p0_522	Map055.json	0	dialogue	ナガレをよろしく頼みましたぞ。
MAP55_e12_p0_526	Map055.json	0	dialogue	シズク様：
MAP55_e12_p0_527	Map055.json	0	dialogue	龍のお社は村を出て東へ向かえば見えてきます。
MAP55_e12_p0_528	Map055.json	0	dialogue	それと…
MAP55_e12_p0_53	Map055.json	0	dialogue	戦い、どうなるんだ！？
MAP55_e12_p0_530	Map055.json	0	dialogue	旅立ちの前に、部屋の外にいる、
MAP55_e12_p0_531	Map055.json	0	dialogue	トリカゼとマハリに話し掛けてみて下さい。
MAP55_e12_p0_532	Map055.json	0	dialogue	何やら用意してくれているものがあるようです。
MAP55_e12_p0_536	Map055.json	0	dialogue	ナガレ：
MAP55_e12_p0_537	Map055.json	0	dialogue	お社の場所なら当然あたしが知っているから、
MAP55_e12_p0_538	Map055.json	0	dialogue	あんたらはついてくるだけで大丈夫さ。
MAP55_e12_p0_540	Map055.json	0	dialogue	本物の紋章の力があるんだろ？
MAP55_e12_p0_541	Map055.json	0	dialogue	なあに、龍だってきっと大したことないさ。
MAP55_e12_p0_542	Map055.json	0	dialogue	ビビらないでくれよな。
MAP55_e12_p0_544	Map055.json	0	dialogue	ホノオ：
MAP55_e12_p0_545	Map055.json	0	dialogue	…おう。
MAP55_e12_p0_55	Map055.json	0	dialogue	シズク様：
MAP55_e12_p0_56	Map055.json	0	dialogue	こら、ナガレ！
MAP55_e12_p0_57	Map055.json	0	dialogue	客人の前で怒鳴るのはおよしなさい！
MAP55_e12_p0_61	Map055.json	0	dialogue	ナガレ：
MAP55_e12_p0_62	Map055.json	0	dialogue	あたしの紋章が偽物なら、
MAP55_e12_p0_63	Map055.json	0	dialogue	あたしは継承者としても当主としても偽物だ！
MAP55_e12_p0_64	Map055.json	0	dialogue	姉さまは知っていたのか！？
MAP55_e12_p0_66	Map055.json	0	dialogue	シズク様：
MAP55_e12_p0_67	Map055.json	0	dialogue	ナガレ、あなたは本物の当主であり、
MAP55_e12_p0_68	Map055.json	0	dialogue	継承者です。ただ、これにはわけが
MAP55_e12_p0_69	Map055.json	0	dialogue	あるのです…
MAP55_e12_p0_71	Map055.json	0	dialogue	ナガレ：
MAP55_e12_p0_72	Map055.json	0	dialogue	だからそのワケを早く教えろってあたしは…
MAP55_e12_p0_73	Map055.json	0	dialogue	　　姉さま！！
MAP55_e12_p0_78	Map055.json	0	dialogue	シズク様：
MAP55_e12_p0_79	Map055.json	0	dialogue	ゴホンゴホン…ゴホッゴホッ…
MAP55_e12_p0_81	Map055.json	0	dialogue	ナガレ：
MAP55_e12_p0_82	Map055.json	0	dialogue	姉さま、大丈夫か！？
MAP55_e12_p0_83	Map055.json	0	dialogue	さあ、もっと楽な格好をしてくれ…
MAP55_e12_p0_85	Map055.json	0	dialogue	シズク様：
MAP55_e12_p0_86	Map055.json	0	dialogue	ごめんなさい…　大丈夫よ…　
MAP55_e12_p0_88	Map055.json	0	dialogue	オタキ様：
MAP55_e12_p0_89	Map055.json	0	dialogue	シズク、やっぱりわしから話すよ。
MAP55_e12_p0_9	Map055.json	0	dialogue	ナガレ：
MAP55_e12_p0_90	Map055.json	0	dialogue	おまえさんはそこで楽にしていなさい。
MAP55_e12_p0_91	Map055.json	0	dialogue	つらかったら席を外してよいからの。
MAP55_e12_p0_95	Map055.json	0	dialogue	シズク様：
MAP55_e12_p0_96	Map055.json	0	dialogue	ありがとうございます、オタキ様。
MAP55_e13_name	Map055.json	event name	name	マハリ
MAP55_e13_p1_1	Map055.json	0	dialogue	マハリ：
MAP55_e13_p1_10	Map055.json	0	dialogue	　　　　　　　　万金丹を　5個
MAP55_e13_p1_11	Map055.json	0	dialogue	　　　　　ライスボールを　3個
MAP55_e13_p1_12	Map055.json	0	dialogue	　　　　　　　　　手渡された！
MAP55_e13_p1_14	Map055.json	0	dialogue	マハリ：
MAP55_e13_p1_15	Map055.json	0	dialogue	いくつか余っていた薬と…
MAP55_e13_p1_16	Map055.json	0	dialogue	うちで採れたコメで作ったごはんです。
MAP55_e13_p1_17	Map055.json	0	dialogue	旅先で食べてくださいね。
MAP55_e13_p1_19	Map055.json	0	dialogue	ナガレ：
MAP55_e13_p1_2	Map055.json	0	dialogue	なんとか間に合いました…。
MAP55_e13_p1_20	Map055.json	0	dialogue	いつもマハリの家からは色々もらってるのに…
MAP55_e13_p1_21	Map055.json	0	dialogue	ありがとうな。助かるよ！
MAP55_e13_p1_23	Map055.json	0	dialogue	マハリ：
MAP55_e13_p1_24	Map055.json	0	dialogue	うちの一族は、ナガレたちはもちろん、
MAP55_e13_p1_25	Map055.json	0	dialogue	村のみんなを食べさせるためにある家だからね。
MAP55_e13_p1_27	Map055.json	0	dialogue	当然のおしごとをしているだけだよ。
MAP55_e13_p1_28	Map055.json	0	dialogue	ちょっと今年は不作で、あまりたくさん
MAP55_e13_p1_29	Map055.json	0	dialogue	あげられないのが申し訳ないけれど…
MAP55_e13_p1_3	Map055.json	0	dialogue	こんなものしかありませんが、
MAP55_e13_p1_31	Map055.json	0	dialogue	ナガレ：
MAP55_e13_p1_32	Map055.json	0	dialogue	最近魔物や害虫が多いのも、きっと
MAP55_e13_p1_33	Map055.json	0	dialogue	闇のエレメントの影響なんだろうな。
MAP55_e13_p1_35	Map055.json	0	dialogue	大丈夫。
MAP55_e13_p1_36	Map055.json	0	dialogue	あたしが紋章を継承して闇のエレメントとかを
MAP55_e13_p1_37	Map055.json	0	dialogue	ぶちのめせば、またみんな腹いっぱいコメを
MAP55_e13_p1_38	Map055.json	0	dialogue	食えるようになるさ！
MAP55_e13_p1_4	Map055.json	0	dialogue	持って行って下さい。
MAP55_e13_p1_40	Map055.json	0	dialogue	マハリ：
MAP55_e13_p1_41	Map055.json	0	dialogue	そうだね！ナガレ、気を付けてね！
MAP55_e13_p1_42	Map055.json	0	dialogue	ホノオさんとウィンさんも、お気をつけて！
MAP55_e13_p1_44	Map055.json	0	dialogue	ホノオ：
MAP55_e13_p1_45	Map055.json	0	dialogue	おう！まかせとけって！
MAP55_e13_p1_9	Map055.json	0	dialogue	　　　　　　　　　傷薬を　5個
MAP55_e13_p2_1	Map055.json	0	dialogue	マハリ：
MAP55_e13_p2_2	Map055.json	0	dialogue	最近お社の周りは、強い魔物が出る。
MAP55_e13_p2_3	Map055.json	0	dialogue	お二方もいらっしゃるから大丈夫かも知れない
MAP55_e13_p2_4	Map055.json	0	dialogue	けれど…　気を付けて。
MAP55_e14_name	Map055.json	event name	name	泥棒はずれ
MAP55_e14_p0_1	Map055.json	0	dialogue	持ち出して役に立つようなものは何も見つけられなかった…
MAP55_e15_name	Map055.json	event name	name	泥棒はずれ
MAP55_e15_p0_1	Map055.json	0	dialogue	持ち出して役に立つようなものは何も見つけられなかった…
MAP55_e16_name	Map055.json	event name	name	泥棒はずれ
MAP55_e16_p0_1	Map055.json	0	dialogue	持ち出して役に立つようなものは何も見つけられなかった…
MAP55_e22_name	Map055.json	event name	name	よろずや
MAP55_e22_p1_1	Map055.json	0	dialogue	よろず屋の主人ナギヤシ：
MAP55_e22_p1_10	Map055.json	0	dialogue	よろず屋の主人ナギヤシ：
MAP55_e22_p1_11	Map055.json	0	dialogue	きっともう少しの辛抱さ！
MAP55_e22_p1_12	Map055.json	0	dialogue	ちゃんとごはん食べて元気出そう！
MAP55_e22_p1_2	Map055.json	0	dialogue	えらいことになったね…
MAP55_e22_p1_3	Map055.json	0	dialogue	でも、こういうときの為にも薬類は
MAP55_e22_p1_4	Map055.json	0	dialogue	たくさん揃えてあるよ！
MAP55_e22_p2_1	Map055.json	0	dialogue	よろず屋の主人ナギヤシ：
MAP55_e22_p2_11	Map055.json	0	dialogue	よろず屋の主人ナギヤシ：
MAP55_e22_p2_12	Map055.json	0	dialogue	きっともう少しの辛抱さ！
MAP55_e22_p2_13	Map055.json	0	dialogue	ちゃんとごはん食べて元気出そう！
MAP55_e22_p2_2	Map055.json	0	dialogue	えらいことになったね…
MAP55_e22_p2_3	Map055.json	0	dialogue	でも、こういうときの為にも薬類は
MAP55_e22_p2_4	Map055.json	0	dialogue	たくさん揃えてあるよ！
MAP55_e23_name	Map055.json	event name	name	ぶきや
MAP55_e23_p1_1	Map055.json	0	dialogue	鍛冶屋主人トリミズ：
MAP55_e23_p1_16	Map055.json	0	dialogue	鍛冶屋主人トリミズ：
MAP55_e23_p1_17	Map055.json	0	dialogue	まだ新作の刀は出来ていない…。
MAP55_e23_p1_18	Map055.json	0	dialogue	洪水のせいで鍛冶場に行けなくなっちまった
MAP55_e23_p1_19	Map055.json	0	dialogue	からな…
MAP55_e23_p1_2	Map055.json	0	dialogue	ちょうど洪水の前に、
MAP55_e23_p1_3	Map055.json	0	dialogue	行商人が置いて行った他国の武具もあるぞ。
MAP55_e23_p1_4	Map055.json	0	dialogue	必要なものがあったら買って行け。
MAP55_e23_p2_1	Map055.json	0	dialogue	鍛冶屋主人トリミズ：
MAP55_e23_p2_16	Map055.json	0	dialogue	鍛冶屋主人トリミズ：
MAP55_e23_p2_17	Map055.json	0	dialogue	まだ新作の刀は出来ていない…。
MAP55_e23_p2_18	Map055.json	0	dialogue	洪水のせいで鍛冶場に行けなくなっちまった
MAP55_e23_p2_19	Map055.json	0	dialogue	からな…
MAP55_e23_p2_2	Map055.json	0	dialogue	ちょうど洪水の前に、
MAP55_e23_p2_3	Map055.json	0	dialogue	行商人が置いて行った他国の武具もあるぞ。
MAP55_e23_p2_4	Map055.json	0	dialogue	必要なものがあったら買って行け。
MAP55_e23_p3_1	Map055.json	0	dialogue	鍛冶屋主人トリミズ：
MAP55_e23_p3_11	Map055.json	0	dialogue	ホノオ：
MAP55_e23_p3_12	Map055.json	0	dialogue	な、なんだーーー！？
MAP55_e23_p3_13	Map055.json	0	dialogue	この洗濯物を干す棒みてーな刀はよ！？
MAP55_e23_p3_15	Map055.json	0	dialogue	鍛冶屋主人トリミズ：
MAP55_e23_p3_16	Map055.json	0	dialogue	俺たちセイリューの民が使う、つばめ返し…
MAP55_e23_p3_17	Map055.json	0	dialogue	その秘剣を極限まで高められる刀を設計したら
MAP55_e23_p3_18	Map055.json	0	dialogue	こうなった…。
MAP55_e23_p3_2	Map055.json	0	dialogue	ナガレ、遂に新作が完成したぞ。
MAP55_e23_p3_20	Map055.json	0	dialogue	ホノオ：
MAP55_e23_p3_21	Map055.json	0	dialogue	そ、そうなんだ…？
MAP55_e23_p3_23	Map055.json	0	dialogue	鍛冶屋主人トリミズ：
MAP55_e23_p3_24	Map055.json	0	dialogue	つばめ返しの威力は確かに上がったが…
MAP55_e23_p3_25	Map055.json	0	dialogue	普通に使う刀としての性能には自信がない…
MAP55_e23_p3_27	Map055.json	0	dialogue	鍛冶屋主人トリミズ：
MAP55_e23_p3_28	Map055.json	0	dialogue	だから、ナガレ、お前が実戦で使ってみて、
MAP55_e23_p3_29	Map055.json	0	dialogue	その使い勝手をあとで俺に教えて欲しい。
MAP55_e23_p3_3	Map055.json	0	dialogue	ひと振り目は当主であり、継承者であるお前に
MAP55_e23_p3_31	Map055.json	0	dialogue	ナガレ：
MAP55_e23_p3_32	Map055.json	0	dialogue	その手間賃代わりの、タダってわけだな？
MAP55_e23_p3_34	Map055.json	0	dialogue	鍛冶屋主人トリミズ：
MAP55_e23_p3_35	Map055.json	0	dialogue	そういうわけでもない。
MAP55_e23_p3_36	Map055.json	0	dialogue	鍛冶屋として継承者のお前にしてやれることが
MAP55_e23_p3_37	Map055.json	0	dialogue	これくらいしかないんだ。
MAP55_e23_p3_39	Map055.json	0	dialogue	ナガレ：
MAP55_e23_p3_4	Map055.json	0	dialogue	託そう。
MAP55_e23_p3_40	Map055.json	0	dialogue	そうか、邪推して悪かったよ！
MAP55_e23_p3_41	Map055.json	0	dialogue	あんたの気持ちと一緒に、有難くいただくよ！
MAP55_e23_p3_9	Map055.json	0	dialogue	　　　　　　ナガレは物干し竿を受け取った！
MAP55_e23_p4_1	Map055.json	0	dialogue	鍛冶屋主人トリミズ：
MAP55_e23_p4_11	Map055.json	0	dialogue	ホノオ：
MAP55_e23_p4_12	Map055.json	0	dialogue	な、なんだーーー！？
MAP55_e23_p4_13	Map055.json	0	dialogue	この洗濯物を干す棒みてーな刀はよ！？
MAP55_e23_p4_15	Map055.json	0	dialogue	鍛冶屋主人トリミズ：
MAP55_e23_p4_16	Map055.json	0	dialogue	秘剣つばめ返しを極限まで高められる刀を設計
MAP55_e23_p4_17	Map055.json	0	dialogue	したらこうなった…。
MAP55_e23_p4_18	Map055.json	0	dialogue	この形の刀を、大太刀と名付けた。
MAP55_e23_p4_2	Map055.json	0	dialogue	ナガレ、遂に新作が完成したぞ。
MAP55_e23_p4_20	Map055.json	0	dialogue	ホノオ：
MAP55_e23_p4_21	Map055.json	0	dialogue	そ、そうなんだ…？
MAP55_e23_p4_23	Map055.json	0	dialogue	鍛冶屋主人トリミズ：
MAP55_e23_p4_24	Map055.json	0	dialogue	つばめ返しの威力は確かに上がったが…
MAP55_e23_p4_25	Map055.json	0	dialogue	普通に使う刀としての性能には自信がない…
MAP55_e23_p4_27	Map055.json	0	dialogue	鍛冶屋主人トリミズ：
MAP55_e23_p4_28	Map055.json	0	dialogue	だから、ナガレ、お前が実戦で使ってみて、
MAP55_e23_p4_29	Map055.json	0	dialogue	その使い勝手をあとで俺に教えて欲しい。
MAP55_e23_p4_3	Map055.json	0	dialogue	ひと振り目は当主であり、継承者であるお前に
MAP55_e23_p4_31	Map055.json	0	dialogue	ナガレ：
MAP55_e23_p4_32	Map055.json	0	dialogue	その手間賃代わりの、タダってわけだな？
MAP55_e23_p4_34	Map055.json	0	dialogue	鍛冶屋主人トリミズ：
MAP55_e23_p4_35	Map055.json	0	dialogue	そういうわけでもない。
MAP55_e23_p4_36	Map055.json	0	dialogue	鍛冶屋として継承者のお前にしてやれることが
MAP55_e23_p4_37	Map055.json	0	dialogue	これくらいしかないんだ。
MAP55_e23_p4_39	Map055.json	0	dialogue	ナガレ：
MAP55_e23_p4_4	Map055.json	0	dialogue	託そう。
MAP55_e23_p4_40	Map055.json	0	dialogue	そうか、邪推して悪かったよ！
MAP55_e23_p4_41	Map055.json	0	dialogue	あんたの気持ちと一緒に、有難くいただくよ！
MAP55_e23_p4_9	Map055.json	0	dialogue	　　　　　　ナガレは青江の大太刀を受け取った！
MAP55_e23_p5_1	Map055.json	0	dialogue	鍛冶屋主人トリミズ：
MAP55_e23_p5_15	Map055.json	0	dialogue	鍛冶屋主人トリミズ：
MAP55_e23_p5_16	Map055.json	0	dialogue	今回大太刀を作ってみて気付いたんだが、
MAP55_e23_p5_17	Map055.json	0	dialogue	刀にももっと色々なバリエーションを
MAP55_e23_p5_18	Map055.json	0	dialogue	増やせそうだ…。
MAP55_e23_p5_2	Map055.json	0	dialogue	物干し竿みたいなの以外に、ちゃんと普通の刀も
MAP55_e23_p5_3	Map055.json	0	dialogue	置いている…。
MAP55_e23_p5_4	Map055.json	0	dialogue	必要なものがあったら買って行け。
MAP55_e23_p6_1	Map055.json	0	dialogue	鍛冶屋主人トリミズ：
MAP55_e23_p6_13	Map055.json	0	dialogue	鍛冶屋主人トリミズ：
MAP55_e23_p6_14	Map055.json	0	dialogue	今回大太刀を作ってみて気付いたんだが、
MAP55_e23_p6_15	Map055.json	0	dialogue	刀にももっと色々なバリエーションを
MAP55_e23_p6_16	Map055.json	0	dialogue	増やせそうだ…。
MAP55_e23_p6_2	Map055.json	0	dialogue	物干し竿みたいなの以外に、ちゃんと普通の刀も
MAP55_e23_p6_3	Map055.json	0	dialogue	置いている…。
MAP55_e23_p6_4	Map055.json	0	dialogue	必要なものがあったら買って行け。
MAP55_e24_p0_1	Map055.json	0	dialogue	コメ農家の主人ギヨヌマ：
MAP55_e24_p0_2	Map055.json	0	dialogue	あらいらっしゃい。
MAP55_e24_p0_3	Map055.json	0	dialogue	コメならここでは買えないよ。
MAP55_e24_p0_4	Map055.json	0	dialogue	領民で分けあっているものだから。
MAP55_e24_p0_6	Map055.json	0	dialogue	だけど宿の食事とか、あと行商人から
MAP55_e24_p0_7	Map055.json	0	dialogue	携帯食のライスボールが買えたりするから、
MAP55_e24_p0_8	Map055.json	0	dialogue	食べることはできるんだよ。
MAP55_e24_p1_1	Map055.json	0	dialogue	コメ農家の主人ギヨヌマ：
MAP55_e24_p1_2	Map055.json	0	dialogue	コメの蓄えはなんとか全部持ち出せたけど…
MAP55_e24_p1_3	Map055.json	0	dialogue	田んぼに植えていた分は全滅だねえ…。
MAP55_e24_p1_5	Map055.json	0	dialogue	だけどいまあるコメはちゃんとみんなと
MAP55_e24_p1_6	Map055.json	0	dialogue	分け合うから安心しな！
MAP55_e24_p1_7	Map055.json	0	dialogue	ただ、問題は来年からの収穫だね…
MAP55_e25_p0_1	Map055.json	0	dialogue	セイリューの民ハンジ：
MAP55_e25_p0_2	Map055.json	0	dialogue	………どの薬も高過ぎる。
MAP55_e25_p0_3	Map055.json	0	dialogue	でもキラキラしていて綺麗だ…。
MAP55_e25_p1_1	Map055.json	0	dialogue	セイリューの民ハンジ：
MAP55_e25_p1_2	Map055.json	0	dialogue	…ちょっと休ませてくれ。
MAP55_e25_p1_3	Map055.json	0	dialogue	朝からずっと外の瓦礫を片付けていて
MAP55_e25_p1_4	Map055.json	0	dialogue	くたくたなんだ。
MAP55_e26_p0_1	Map055.json	0	dialogue	錬金術師イマル：
MAP55_e26_p0_11	Map055.json	0	dialogue	錬金術師イマル：
MAP55_e26_p0_12	Map055.json	0	dialogue	万金丹を超える、便利でしかも安い薬を
MAP55_e26_p0_13	Map055.json	0	dialogue	開発するため、日夜研究の毎日！
MAP55_e26_p0_14	Map055.json	0	dialogue	そのためにも買い物して協力してください！
MAP55_e26_p0_2	Map055.json	0	dialogue	いらっしゃい！セイリューにも
MAP55_e26_p0_3	Map055.json	0	dialogue	錬金術師のお店開くの夢だったんだ！
MAP55_e26_p1_1	Map055.json	0	dialogue	錬金術師イマル：
MAP55_e26_p1_12	Map055.json	0	dialogue	錬金術師イマル：
MAP55_e26_p1_13	Map055.json	0	dialogue	万金丹を超える、便利でしかも安い薬を
MAP55_e26_p1_14	Map055.json	0	dialogue	開発するため、日夜研究の毎日！
MAP55_e26_p1_15	Map055.json	0	dialogue	そのためにも早く世界を救ってください！
MAP55_e26_p1_2	Map055.json	0	dialogue	命あってのものだねっていうからねー！
MAP55_e26_p1_3	Map055.json	0	dialogue	助けてもらったお礼に、薬の在庫は
MAP55_e26_p1_4	Map055.json	0	dialogue	格安でお分けさせてもらいますよ！
MAP55_e27_p1_1	Map055.json	0	dialogue	北の村のオルジ：
MAP55_e27_p1_10	Map055.json	0	dialogue	慣れているからな。その点では安心ていうか…
MAP55_e27_p1_11	Map055.json	0	dialogue	それでダメならどっちにしたってダメさ…。
MAP55_e27_p1_13	Map055.json	0	dialogue	ナガレ：
MAP55_e27_p1_14	Map055.json	0	dialogue	きっと大丈夫さ…
MAP55_e27_p1_15	Map055.json	0	dialogue	この洪水もいつまでも続かない。
MAP55_e27_p1_16	Map055.json	0	dialogue	続けさせない…　あたしたちが！
MAP55_e27_p1_2	Map055.json	0	dialogue	みんなに洪水のこと知らせに来てから、
MAP55_e27_p1_3	Map055.json	0	dialogue	北に帰れなくなってしまった。
MAP55_e27_p1_5	Map055.json	0	dialogue	ナガレ：
MAP55_e27_p1_6	Map055.json	0	dialogue	北の村のみんなは…　大丈夫そうなのか？
MAP55_e27_p1_8	Map055.json	0	dialogue	北の村のオルジ：
MAP55_e27_p1_9	Map055.json	0	dialogue	この辺りの連中よりはずっと天災や魔物にも
MAP55_e7_name	Map055.json	event name	name	オタキ様
MAP55_e7_p1_1	Map055.json	0	dialogue	オタキ様：
MAP55_e7_p1_10	Map055.json	0	dialogue	…うん。オタキ様、姉さまをお願いします。
MAP55_e7_p1_2	Map055.json	0	dialogue	ナガレよ…
MAP55_e7_p1_3	Map055.json	0	dialogue	つらい役目を任せることになってすまぬの…。
MAP55_e7_p1_5	Map055.json	0	dialogue	しかしじゃ、おまえなら必ずや、
MAP55_e7_p1_6	Map055.json	0	dialogue	龍から紋章を継承し、使命を果たせると
MAP55_e7_p1_7	Map055.json	0	dialogue	信じておる…。
MAP55_e7_p1_9	Map055.json	0	dialogue	ナガレ：
MAP55_e7_p2_1	Map055.json	0	dialogue	オタキ様：
MAP55_e7_p2_10	Map055.json	0	dialogue	オタキ様：
MAP55_e7_p2_100	Map055.json	0	dialogue	…わしが幼子のころには、
MAP55_e7_p2_101	Map055.json	0	dialogue	当主が毎日お社に供え物を持って拝みに行く…
MAP55_e7_p2_102	Map055.json	0	dialogue	そういう習慣は、まだなかったのじゃよ。
MAP55_e7_p2_104	Map055.json	0	dialogue	そもそも、お社には誰も近づいちゃならん…
MAP55_e7_p2_105	Map055.json	0	dialogue	そういうしきたりだったのじゃ。
MAP55_e7_p2_106	Map055.json	0	dialogue	龍の元に再びひとが落ちぬようにとお社を
MAP55_e7_p2_107	Map055.json	0	dialogue	建てたのじゃから、それは当然じゃった。
MAP55_e7_p2_109	Map055.json	0	dialogue	じゃがある日…
MAP55_e7_p2_11	Map055.json	0	dialogue	ああ、無事じゃ、安心せい。
MAP55_e7_p2_110	Map055.json	0	dialogue	わしの父さまが…
MAP55_e7_p2_111	Map055.json	0	dialogue	毎日こそこそと、お社に行き始めたのじゃ…。
MAP55_e7_p2_113	Map055.json	0	dialogue	誰もが不審に思ったものじゃ…。
MAP55_e7_p2_114	Map055.json	0	dialogue	お社に近付いちゃならんと、普段から村の皆に
MAP55_e7_p2_115	Map055.json	0	dialogue	言って聞かせている、その当主自身が、
MAP55_e7_p2_116	Map055.json	0	dialogue	毎日お社に足を運んでいるのじゃからな…。
MAP55_e7_p2_118	Map055.json	0	dialogue	わしは一度、父さまに聞いてみた。
MAP55_e7_p2_119	Map055.json	0	dialogue	なぜお社に行くのか…
MAP55_e7_p2_12	Map055.json	0	dialogue	上流のものが、すぐに知らせてくれたお陰じゃ
MAP55_e7_p2_120	Map055.json	0	dialogue	村の皆に気味悪がられていても行くのか、とな
MAP55_e7_p2_122	Map055.json	0	dialogue	父さまは…しばらくわしの目をみつめて
MAP55_e7_p2_123	Map055.json	0	dialogue	黙っていたが…ふと逸らして、ポツリと言った
MAP55_e7_p2_125	Map055.json	0	dialogue	お社に不憫な子がおって
MAP55_e7_p2_126	Map055.json	0	dialogue	それがかわいそうなんじゃと…
MAP55_e7_p2_128	Map055.json	0	dialogue	ホノオ：
MAP55_e7_p2_129	Map055.json	0	dialogue	それって…
MAP55_e7_p2_131	Map055.json	0	dialogue	オタキ様：
MAP55_e7_p2_132	Map055.json	0	dialogue	そのときのわしは、信じんかったよ。
MAP55_e7_p2_133	Map055.json	0	dialogue	不憫な子がおるなら、村に連れてくればよいと、
MAP55_e7_p2_134	Map055.json	0	dialogue	子ども心にも思ったのじゃでな。
MAP55_e7_p2_136	Map055.json	0	dialogue	その明くる日じゃった…
MAP55_e7_p2_137	Map055.json	0	dialogue	父さまは倒れた。
MAP55_e7_p2_138	Map055.json	0	dialogue	布団の中で毎日みるみるうちに細うなった…。
MAP55_e7_p2_14	Map055.json	0	dialogue	オタキ様：
MAP55_e7_p2_140	Map055.json	0	dialogue	しばらくして…
MAP55_e7_p2_141	Map055.json	0	dialogue	わしの兄さまが当主になった。
MAP55_e7_p2_142	Map055.json	0	dialogue	そして、やはり兄さまも…
MAP55_e7_p2_143	Map055.json	0	dialogue	毎日お社に通うたんじゃ。
MAP55_e7_p2_145	Map055.json	0	dialogue	それからは、ずーっとじゃ。
MAP55_e7_p2_146	Map055.json	0	dialogue	次の兄さまも、わしの夫も、わしの息子も…
MAP55_e7_p2_147	Map055.json	0	dialogue	みーんな、お社に通うようになったんじゃ。
MAP55_e7_p2_149	Map055.json	0	dialogue	それが正式に当主のお役目になったのは…
MAP55_e7_p2_15	Map055.json	0	dialogue	して、ナガレ…
MAP55_e7_p2_150	Map055.json	0	dialogue	わしの夫の代じゃったのう。
MAP55_e7_p2_152	Map055.json	0	dialogue	それまでは立場が弱くて、文句を言えんでおった
MAP55_e7_p2_153	Map055.json	0	dialogue	わしも…　夫にはさすがに言うたのじゃ。
MAP55_e7_p2_154	Map055.json	0	dialogue	あんたらは、お社の、龍の瘴気に当てられとる
MAP55_e7_p2_155	Map055.json	0	dialogue	んじゃ。だから皆早死にするんじゃとな。
MAP55_e7_p2_157	Map055.json	0	dialogue	ナガレ：
MAP55_e7_p2_158	Map055.json	0	dialogue	えっ、オタキ様が！？
MAP55_e7_p2_16	Map055.json	0	dialogue	無事に水の紋章を継承できたようじゃの。
MAP55_e7_p2_160	Map055.json	0	dialogue	オタキ様：
MAP55_e7_p2_161	Map055.json	0	dialogue	そうじゃ！わしは言うたぞ、ナガレ。
MAP55_e7_p2_162	Map055.json	0	dialogue	それでもじゃ…　夫はよわよわしく…
MAP55_e7_p2_163	Map055.json	0	dialogue	じゃが、優しい顔でこう言うた…
MAP55_e7_p2_165	Map055.json	0	dialogue	そうだとしても、タキ…
MAP55_e7_p2_166	Map055.json	0	dialogue	あの子には俺しかともだちがおらんのだ
MAP55_e7_p2_167	Map055.json	0	dialogue	とな…
MAP55_e7_p2_169	Map055.json	0	dialogue	ナガレ：
MAP55_e7_p2_170	Map055.json	0	dialogue	…そんな…！
MAP55_e7_p2_172	Map055.json	0	dialogue	ホノオ：
MAP55_e7_p2_173	Map055.json	0	dialogue	えっと…　でもよ…でも、オタキ様…
MAP55_e7_p2_174	Map055.json	0	dialogue	当主がバタバタと早死にする原因が、本当に
MAP55_e7_p2_175	Map055.json	0	dialogue	龍のしょ…しょうき？とかなのか…？
MAP55_e7_p2_177	Map055.json	0	dialogue	オタキ様：
MAP55_e7_p2_178	Map055.json	0	dialogue	無論、証拠はない…。
MAP55_e7_p2_179	Map055.json	0	dialogue	最初に、わしにもわからんと言うたじゃろ！
MAP55_e7_p2_18	Map055.json	0	dialogue	ナガレ：
MAP55_e7_p2_181	Map055.json	0	dialogue	ホノオ：
MAP55_e7_p2_182	Map055.json	0	dialogue	え、いや、そうだけどさー
MAP55_e7_p2_183	Map055.json	0	dialogue	でも龍はすげーいいヤツだったぜ！？
MAP55_e7_p2_185	Map055.json	0	dialogue	ナガレ：
MAP55_e7_p2_186	Map055.json	0	dialogue	…龍は、闇の結晶だと、四天王のミケーネが
MAP55_e7_p2_187	Map055.json	0	dialogue	言っていた。
MAP55_e7_p2_189	Map055.json	0	dialogue	ナガレ：
MAP55_e7_p2_19	Map055.json	0	dialogue	うん。だけど…龍は死んでしまった。
MAP55_e7_p2_190	Map055.json	0	dialogue	だから、龍にそんなつもりがなくても…
MAP55_e7_p2_191	Map055.json	0	dialogue	近くにいる人間に何らかの悪影響を与えていた
MAP55_e7_p2_192	Map055.json	0	dialogue	っていう可能性はある…。
MAP55_e7_p2_194	Map055.json	0	dialogue	ホノオ：
MAP55_e7_p2_195	Map055.json	0	dialogue	そ、そうなのか…？
MAP55_e7_p2_197	Map055.json	0	dialogue	オタキ様：
MAP55_e7_p2_198	Map055.json	0	dialogue	うむ…　
MAP55_e7_p2_199	Map055.json	0	dialogue	わしも、ナガレと同じように考えたのじゃ。
MAP55_e7_p2_2	Map055.json	0	dialogue	ようお帰りになられましたな、継承者の皆様。
MAP55_e7_p2_20	Map055.json	0	dialogue	殺したんじゃない…　殺したんじゃないけど…
MAP55_e7_p2_201	Map055.json	0	dialogue	じゃから、わしの代からは、
MAP55_e7_p2_202	Map055.json	0	dialogue	その習慣をやめたのじゃよ。
MAP55_e7_p2_203	Map055.json	0	dialogue	あのままお社への参拝を続けておったら、
MAP55_e7_p2_204	Map055.json	0	dialogue	この家はなくなると思うたからの。
MAP55_e7_p2_206	Map055.json	0	dialogue	ナガレ：
MAP55_e7_p2_207	Map055.json	0	dialogue	そうだったのか…。
MAP55_e7_p2_208	Map055.json	0	dialogue	オタキ様…　あたし、オタキ様の考え、
MAP55_e7_p2_209	Map055.json	0	dialogue	合っていたと思います。
MAP55_e7_p2_21	Map055.json	0	dialogue	殺したのと、同じだったかも知れない…。
MAP55_e7_p2_211	Map055.json	0	dialogue	オタキ様：
MAP55_e7_p2_212	Map055.json	0	dialogue	そうか…。
MAP55_e7_p2_213	Map055.json	0	dialogue	ナガレにそう言ってもらえたなら、わしも
MAP55_e7_p2_214	Map055.json	0	dialogue	長生きした甲斐があったわい…。
MAP55_e7_p2_216	Map055.json	0	dialogue	ナガレ：
MAP55_e7_p2_217	Map055.json	0	dialogue	そして…それをあたしに内緒にしていたのも、
MAP55_e7_p2_218	Map055.json	0	dialogue	あたしが父さまたちが早死にしたことの恨みを、
MAP55_e7_p2_219	Map055.json	0	dialogue	わけも考えずただ龍の存在にぶつけていたから…
MAP55_e7_p2_221	Map055.json	0	dialogue	ナガレ：
MAP55_e7_p2_222	Map055.json	0	dialogue	そんな私に教えたら、何をするか分からない。
MAP55_e7_p2_223	Map055.json	0	dialogue	だから、話せなかった…。
MAP55_e7_p2_224	Map055.json	0	dialogue	…そういうことなのですね？
MAP55_e7_p2_226	Map055.json	0	dialogue	オタキ様：
MAP55_e7_p2_227	Map055.json	0	dialogue	…そうじゃ。
MAP55_e7_p2_23	Map055.json	0	dialogue	オタキ様：
MAP55_e7_p2_233	Map055.json	0	dialogue	ナガレ：
MAP55_e7_p2_234	Map055.json	0	dialogue	あーーーーーーーーーーーーーーー！！！！！
MAP55_e7_p2_236	Map055.json	0	dialogue	ホノオ：
MAP55_e7_p2_237	Map055.json	0	dialogue	うお！？　まただ！
MAP55_e7_p2_239	Map055.json	0	dialogue	ナガレ：
MAP55_e7_p2_24	Map055.json	0	dialogue	………。
MAP55_e7_p2_240	Map055.json	0	dialogue	ああああああああああああ！！！！！
MAP55_e7_p2_242	Map055.json	0	dialogue	ナガレ：
MAP55_e7_p2_243	Map055.json	0	dialogue	あたしはなんてバカだったんだーーーーー！！
MAP55_e7_p2_245	Map055.json	0	dialogue	ホノオ：
MAP55_e7_p2_246	Map055.json	0	dialogue	お、おい…おまえそんな大声…
MAP55_e7_p2_247	Map055.json	0	dialogue	少しはみんなの迷惑をかんがえ…
MAP55_e7_p2_249	Map055.json	0	dialogue	ナガレ：
MAP55_e7_p2_25	Map055.json	0	dialogue	まるで、友をなくしたような顔をしておるな…
MAP55_e7_p2_250	Map055.json	0	dialogue	いまなら分かるーーーーーーーー！！！！
MAP55_e7_p2_251	Map055.json	0	dialogue	あたしは何も考えてなかったーーーーーー！！
MAP55_e7_p2_253	Map055.json	0	dialogue	ナガレ：
MAP55_e7_p2_254	Map055.json	0	dialogue	当主としてどころか！！！！！！！
MAP55_e7_p2_255	Map055.json	0	dialogue	人間として浅はかだったーーーーーー！！！
MAP55_e7_p2_257	Map055.json	0	dialogue	ナガレ：
MAP55_e7_p2_258	Map055.json	0	dialogue	オタキ様の気持ちも…代々当主の気持ちも…
MAP55_e7_p2_259	Map055.json	0	dialogue	龍の気持ちも…　何も考えたことがなかった。
MAP55_e7_p2_261	Map055.json	0	dialogue	ナガレ：
MAP55_e7_p2_262	Map055.json	0	dialogue	みんなそれぞれが、自分の大事なもの…
MAP55_e7_p2_263	Map055.json	0	dialogue	すべきことを、真剣に考えていたのに…
MAP55_e7_p2_265	Map055.json	0	dialogue	ナガレ：
MAP55_e7_p2_266	Map055.json	0	dialogue	龍をぶちのめすとか、食べるとか言っていた
MAP55_e7_p2_267	Map055.json	0	dialogue	あたしを思い出すと…
MAP55_e7_p2_268	Map055.json	0	dialogue	死にたくなるほど恥ずかしい。
MAP55_e7_p2_27	Map055.json	0	dialogue	ナガレ：
MAP55_e7_p2_270	Map055.json	0	dialogue	ホノオ：
MAP55_e7_p2_271	Map055.json	0	dialogue	いや…それが、
MAP55_e7_p2_272	Map055.json	0	dialogue	はたから見てると結構おもしろいぞ…？
MAP55_e7_p2_274	Map055.json	0	dialogue	ナガレ：
MAP55_e7_p2_275	Map055.json	0	dialogue	オタキ様、あたしは、父さまや、オタキ様…
MAP55_e7_p2_276	Map055.json	0	dialogue	代々の当主と、龍から受け継いだこの紋章で、
MAP55_e7_p2_277	Map055.json	0	dialogue	必ずや使命を果たします！
MAP55_e7_p2_279	Map055.json	0	dialogue	オタキ様：
MAP55_e7_p2_28	Map055.json	0	dialogue	……わかるのか？　オタキ様には…？
MAP55_e7_p2_280	Map055.json	0	dialogue	よく言った！よく言ってくれたぞ、ナガレ！
MAP55_e7_p2_282	Map055.json	0	dialogue	オタキ様：
MAP55_e7_p2_283	Map055.json	0	dialogue	そうとなれば、すぐ行動じゃ。
MAP55_e7_p2_284	Map055.json	0	dialogue	村はわしらに任せい！
MAP55_e7_p2_285	Map055.json	0	dialogue	おまえさん方はどうするんじゃ？
MAP55_e7_p2_287	Map055.json	0	dialogue	ホノオ：
MAP55_e7_p2_288	Map055.json	0	dialogue	セイリューがこの有り様だと、
MAP55_e7_p2_289	Map055.json	0	dialogue	正直オレも自分の国が心配です…。
MAP55_e7_p2_290	Map055.json	0	dialogue	ウィンの国だって…　なあ？
MAP55_e7_p2_292	Map055.json	0	dialogue	ウィン：
MAP55_e7_p2_293	Map055.json	0	dialogue	…。
MAP55_e7_p2_296	Map055.json	0	dialogue	　　　　　　　　　　ウィンは頷いた
MAP55_e7_p2_298	Map055.json	0	dialogue	シズク様：
MAP55_e7_p2_299	Map055.json	0	dialogue	そうでしょうね…。
MAP55_e7_p2_30	Map055.json	0	dialogue	オタキ様：
MAP55_e7_p2_300	Map055.json	0	dialogue	では、お二人は一度、それぞれのお国を
MAP55_e7_p2_301	Map055.json	0	dialogue	見に行かれてはどうですか？
MAP55_e7_p2_303	Map055.json	0	dialogue	ホノオ：
MAP55_e7_p2_304	Map055.json	0	dialogue	そうさせてもらえるとありがてえ…。
MAP55_e7_p2_306	Map055.json	0	dialogue	シズク様：
MAP55_e7_p2_307	Map055.json	0	dialogue	ナガレはどうするの？
MAP55_e7_p2_309	Map055.json	0	dialogue	ナガレ：
MAP55_e7_p2_31	Map055.json	0	dialogue	わからんよ。
MAP55_e7_p2_310	Map055.json	0	dialogue	あたしは…正直ここにいたいよ…
MAP55_e7_p2_311	Map055.json	0	dialogue	だけど…
MAP55_e7_p2_313	Map055.json	0	dialogue	ナガレ：
MAP55_e7_p2_314	Map055.json	0	dialogue	ここの敵は当面片付けたようだし、
MAP55_e7_p2_315	Map055.json	0	dialogue	村のみんなも無事だと分かった。
MAP55_e7_p2_316	Map055.json	0	dialogue	二人のどちらかに付いて行こうと思う。
MAP55_e7_p2_318	Map055.json	0	dialogue	ホノオ：
MAP55_e7_p2_319	Map055.json	0	dialogue	それなら…オレに付いてきてほしい。
MAP55_e7_p2_32	Map055.json	0	dialogue	なんとなく思ったことを言ったまでじゃ。
MAP55_e7_p2_320	Map055.json	0	dialogue	ウィン、悪いけど、いいか？
MAP55_e7_p2_322	Map055.json	0	dialogue	ナガレ：
MAP55_e7_p2_323	Map055.json	0	dialogue	ウィンがいいなら、あたしもいいよ。
MAP55_e7_p2_324	Map055.json	0	dialogue	ホノオの国は火の国だろ。
MAP55_e7_p2_325	Map055.json	0	dialogue	あたしの水の力が役に立ちそうだ。
MAP55_e7_p2_327	Map055.json	0	dialogue	ウィン：
MAP55_e7_p2_328	Map055.json	0	dialogue	…。
MAP55_e7_p2_331	Map055.json	0	dialogue	　　　　　　　　　　ウィンは頷いた
MAP55_e7_p2_333	Map055.json	0	dialogue	ホノオ：
MAP55_e7_p2_334	Map055.json	0	dialogue	助かる…　恩に着るぜ！ウィン！ナガレ！
MAP55_e7_p2_336	Map055.json	0	dialogue	ナガレ：
MAP55_e7_p2_337	Map055.json	0	dialogue	ウィンならハヤテの魔法であたしたちよりも
MAP55_e7_p2_338	Map055.json	0	dialogue	速くウィンダムまで辿り着けるだろうし、
MAP55_e7_p2_339	Map055.json	0	dialogue	万が一のときには撤退もできるだろ？
MAP55_e7_p2_34	Map055.json	0	dialogue	しかしの…
MAP55_e7_p2_341	Map055.json	0	dialogue	ナガレ：
MAP55_e7_p2_342	Map055.json	0	dialogue	とりあえず、この計画で行こう。
MAP55_e7_p2_344	Map055.json	0	dialogue	オタキ様：
MAP55_e7_p2_345	Map055.json	0	dialogue	そうと決まったなら、早速出発をし！
MAP55_e7_p2_347	Map055.json	0	dialogue	シズク様：
MAP55_e7_p2_348	Map055.json	0	dialogue	このお屋敷の中に、村のお店のひとたちも
MAP55_e7_p2_349	Map055.json	0	dialogue	集まっています。
MAP55_e7_p2_35	Map055.json	0	dialogue	季節外れの突然の大雨…　そして洪水…
MAP55_e7_p2_350	Map055.json	0	dialogue	買い物を済ませてから行くとよいでしょう。
MAP55_e7_p2_353	Map055.json	0	dialogue	ナガレ：
MAP55_e7_p2_354	Map055.json	0	dialogue	では、行って参ります！
MAP55_e7_p2_355	Map055.json	0	dialogue	村のことはお願いします！
MAP55_e7_p2_36	Map055.json	0	dialogue	お社の奥で、なにか大きなことが起こった結果
MAP55_e7_p2_37	Map055.json	0	dialogue	じゃろうとは思ったが…
MAP55_e7_p2_39	Map055.json	0	dialogue	ナガレ：
MAP55_e7_p2_4	Map055.json	0	dialogue	オタキ様：
MAP55_e7_p2_40	Map055.json	0	dialogue	龍は…、はじまりの水の者のことを、
MAP55_e7_p2_41	Map055.json	0	dialogue	友だちだと言っていた…
MAP55_e7_p2_43	Map055.json	0	dialogue	そのこどもであるあたしに、いつか紋章を
MAP55_e7_p2_44	Map055.json	0	dialogue	返す約束もしていたって…
MAP55_e7_p2_45	Map055.json	0	dialogue	オタキ様…　
MAP55_e7_p2_46	Map055.json	0	dialogue	ぜんぜん言い伝えと違うじゃないか！！
MAP55_e7_p2_48	Map055.json	0	dialogue	オタキ様：
MAP55_e7_p2_49	Map055.json	0	dialogue	そうじゃったのか…　なるほどの…
MAP55_e7_p2_5	Map055.json	0	dialogue	そして、ナガレよ。よう、無事で…
MAP55_e7_p2_51	Map055.json	0	dialogue	ナガレ：
MAP55_e7_p2_52	Map055.json	0	dialogue	龍があたしたちのともだちなら…
MAP55_e7_p2_53	Map055.json	0	dialogue	どうして父さまたちはあんなに早死にを
MAP55_e7_p2_54	Map055.json	0	dialogue	したんだよ！！
MAP55_e7_p2_56	Map055.json	0	dialogue	オタキ様：
MAP55_e7_p2_57	Map055.json	0	dialogue	ナガレ…　
MAP55_e7_p2_58	Map055.json	0	dialogue	わしは、じかに龍にあっとらんし、
MAP55_e7_p2_59	Map055.json	0	dialogue	おまえみたいに、話もきいとらん。
MAP55_e7_p2_61	Map055.json	0	dialogue	だから、ナガレ…
MAP55_e7_p2_62	Map055.json	0	dialogue	おまえのその問いに、正しく答えてやることが
MAP55_e7_p2_63	Map055.json	0	dialogue	わしには出来んのじゃよ。
MAP55_e7_p2_65	Map055.json	0	dialogue	ナガレ：
MAP55_e7_p2_66	Map055.json	0	dialogue	でも…　オタキ様は…
MAP55_e7_p2_67	Map055.json	0	dialogue	龍の祟りだと言っていたじゃないか…
MAP55_e7_p2_69	Map055.json	0	dialogue	…父さまが逝くまでの間は、当主は毎日、
MAP55_e7_p2_7	Map055.json	0	dialogue	ナガレ：
MAP55_e7_p2_70	Map055.json	0	dialogue	お社にお供え物を運んで、拝んでいた…
MAP55_e7_p2_72	Map055.json	0	dialogue	それがよくないことだと、オタキ様が言って…
MAP55_e7_p2_73	Map055.json	0	dialogue	それからは、やらないことにしたんだろ？
MAP55_e7_p2_75	Map055.json	0	dialogue	ホノオ：
MAP55_e7_p2_76	Map055.json	0	dialogue	…そんなことがあったのか…
MAP55_e7_p2_79	Map055.json	0	dialogue	ウィン：
MAP55_e7_p2_8	Map055.json	0	dialogue	オタキ様、みんなは無事なんだな…？
MAP55_e7_p2_80	Map055.json	0	dialogue	…。
MAP55_e7_p2_83	Map055.json	0	dialogue	オタキ様：
MAP55_e7_p2_84	Map055.json	0	dialogue	わかった…
MAP55_e7_p2_85	Map055.json	0	dialogue	わしの知っていることを、全て話そう、ナガレ。
MAP55_e7_p2_88	Map055.json	0	dialogue	オタキ様：
MAP55_e7_p2_89	Map055.json	0	dialogue	じゃが、ナガレや…。
MAP55_e7_p2_90	Map055.json	0	dialogue	これはわしの考えじゃ、思いつきじゃ。
MAP55_e7_p2_91	Map055.json	0	dialogue	本当のことは、わしにもわからん。
MAP55_e7_p2_93	Map055.json	0	dialogue	オタキ様：
MAP55_e7_p2_94	Map055.json	0	dialogue	そのつもりで、聞くのじゃ。
MAP55_e7_p2_96	Map055.json	0	dialogue	ナガレ：
MAP55_e7_p2_97	Map055.json	0	dialogue	うん…　
MAP55_e7_p2_99	Map055.json	0	dialogue	オタキ様：
MAP55_e7_p3_1	Map055.json	0	dialogue	オタキ様：
MAP55_e7_p3_2	Map055.json	0	dialogue	村のことは任せなさい！
MAP55_e8_name	Map055.json	event name	name	シズク様
MAP55_e8_p1_1	Map055.json	0	dialogue	シズク様：
MAP55_e8_p1_2	Map055.json	0	dialogue	龍のお社は村を出て東へ向かえば見えてきます。
MAP55_e8_p1_3	Map055.json	0	dialogue	それと…
MAP55_e8_p1_5	Map055.json	0	dialogue	旅立ちの前に、部屋の外にいる、
MAP55_e8_p1_6	Map055.json	0	dialogue	トリカゼとマハリに話し掛けてみて下さい。
MAP55_e8_p1_7	Map055.json	0	dialogue	何やら用意してくれているものがあるようです。
MAP55_e8_p2_1	Map055.json	0	dialogue	シズク様：
MAP55_e8_p2_10	Map055.json	0	dialogue	くれたの。
MAP55_e8_p2_12	Map055.json	0	dialogue	ナガレ：
MAP55_e8_p2_13	Map055.json	0	dialogue	そうか…　よかった…！
MAP55_e8_p2_15	Map055.json	0	dialogue	シズク様：
MAP55_e8_p2_16	Map055.json	0	dialogue	とりあえず、いまはまず、オタキ様と話を…
MAP55_e8_p2_2	Map055.json	0	dialogue	お帰りなさい、みなさん…　ナガレ。
MAP55_e8_p2_4	Map055.json	0	dialogue	ナガレ：
MAP55_e8_p2_5	Map055.json	0	dialogue	姉さま！村のみんなは！？
MAP55_e8_p2_7	Map055.json	0	dialogue	シズク様：
MAP55_e8_p2_8	Map055.json	0	dialogue	皆、無事です…
MAP55_e8_p2_9	Map055.json	0	dialogue	上流の村の方々が、すぐに洪水を知らせて
MAP55_e8_p3_1	Map055.json	0	dialogue	シズク様：
MAP55_e8_p3_2	Map055.json	0	dialogue	村のみんなはこの屋敷に集まっています。
MAP55_e8_p3_3	Map055.json	0	dialogue	買い物する必要があれば、
MAP55_e8_p3_4	Map055.json	0	dialogue	ここで済ませるとよいでしょう
MAP55_e9_name	Map055.json	event name	name	ナガレ
MAP56_displayName	Map056.json	display name	mapname	セイリューよろず屋
MAP56_e2_p0_1	Map056.json	0	dialogue	鍛冶屋主人トリミズ：
MAP56_e2_p0_11	Map056.json	0	dialogue	鍛冶屋主人トリミズ：
MAP56_e2_p0_12	Map056.json	0	dialogue	近々あたらしい刀も完成するから、
MAP56_e2_p0_13	Map056.json	0	dialogue	またしばらくしたら覗きに来てみな。
MAP56_e2_p0_2	Map056.json	0	dialogue	刀を新調するのかい？少しは防具も
MAP56_e2_p0_3	Map056.json	0	dialogue	扱っているよ。まあ見ていきな。
MAP56_e2_p1_1	Map056.json	0	dialogue	鍛冶屋主人トリミズ：
MAP56_e2_p1_12	Map056.json	0	dialogue	鍛冶屋主人トリミズ：
MAP56_e2_p1_13	Map056.json	0	dialogue	近々あたらしい刀も完成するから、
MAP56_e2_p1_14	Map056.json	0	dialogue	またしばらくしたら覗きに来てみな。
MAP56_e2_p1_2	Map056.json	0	dialogue	刀を新調するのかい？少しは防具も
MAP56_e2_p1_3	Map056.json	0	dialogue	扱っているよ。まあ見ていきな。
MAP56_e3_p0_1	Map056.json	0	dialogue	よろず屋の主人ナギヤシ：
MAP56_e3_p0_10	Map056.json	0	dialogue	よろず屋の主人ナギヤシ：
MAP56_e3_p0_11	Map056.json	0	dialogue	毎度あり！
MAP56_e3_p0_2	Map056.json	0	dialogue	ここはよろず屋っていうか、薬屋だよ。
MAP56_e3_p0_3	Map056.json	0	dialogue	万金丹が他の国で買うより安いから、
MAP56_e3_p0_4	Map056.json	0	dialogue	まとめ買いしていったらどうだい？
MAP56_e3_p1_1	Map056.json	0	dialogue	よろず屋の主人ナギヤシ：
MAP56_e3_p1_12	Map056.json	0	dialogue	よろず屋の主人ナギヤシ：
MAP56_e3_p1_13	Map056.json	0	dialogue	毎度あり！
MAP56_e3_p1_2	Map056.json	0	dialogue	ここはよろず屋っていうか、薬屋だよ。
MAP56_e3_p1_3	Map056.json	0	dialogue	万金丹が他の国で買うより安いから、
MAP56_e3_p1_4	Map056.json	0	dialogue	まとめ買いしていったらどうだい？
MAP57_displayName	Map057.json	display name	mapname	セイリューの錬金術師の店
MAP57_e2_p0_1	Map057.json	0	dialogue	錬金術師イマル：
MAP57_e2_p0_11	Map057.json	0	dialogue	錬金術師イマル：
MAP57_e2_p0_12	Map057.json	0	dialogue	万金丹を超える、便利でしかも安い薬を
MAP57_e2_p0_13	Map057.json	0	dialogue	開発するため、日夜研究の毎日！
MAP57_e2_p0_14	Map057.json	0	dialogue	そのためにも買い物して協力してください！
MAP57_e2_p0_2	Map057.json	0	dialogue	いらっしゃい！セイリューにも
MAP57_e2_p0_3	Map057.json	0	dialogue	錬金術師のお店開くの夢だったんだ！
MAP57_e3_p0_1	Map057.json	0	dialogue	セイリューの民ハンジ：
MAP57_e3_p0_2	Map057.json	0	dialogue	………どの薬も高過ぎる。
MAP57_e3_p0_3	Map057.json	0	dialogue	でもキラキラしていて綺麗だ…。
MAP58_displayName	Map058.json	display name	mapname	龍のお社
MAP58_e10_name	Map058.json	event name	name	ヒノタマ
MAP58_e10_p0_1	Map058.json	0	dialogue	ホノオ；
MAP58_e10_p0_11	Map058.json	0	dialogue	ホノオ；
MAP58_e10_p0_12	Map058.json	0	dialogue	お化け…！？
MAP58_e10_p0_13	Map058.json	0	dialogue	えっ、これお化けだったのか！こええ！！
MAP58_e10_p0_15	Map058.json	0	dialogue	ナガレ：
MAP58_e10_p0_16	Map058.json	0	dialogue	むしろ、空中に浮いてる火がお化け以外の
MAP58_e10_p0_17	Map058.json	0	dialogue	なんなんだよ？
MAP58_e10_p0_19	Map058.json	0	dialogue	来るぞ…　　あんたら、構えろ！
MAP58_e10_p0_2	Map058.json	0	dialogue	なんだこれ…？火が浮いているぜ…
MAP58_e10_p0_4	Map058.json	0	dialogue	ナガレ：
MAP58_e10_p0_5	Map058.json	0	dialogue	嫌な予感がする…
MAP58_e10_p0_6	Map058.json	0	dialogue	お社の近くにヒノタマっていうお化けが
MAP58_e10_p0_7	Map058.json	0	dialogue	出るって、ガキの頃によく言われたけど…
MAP58_e10_p0_9	Map058.json	0	dialogue	本当だったとはな。
MAP58_e10_p1_1	Map058.json	0	dialogue	ホノオ；
MAP58_e10_p1_11	Map058.json	0	dialogue	ホノオ；
MAP58_e10_p1_12	Map058.json	0	dialogue	お化け…！？
MAP58_e10_p1_13	Map058.json	0	dialogue	えっ、これお化けだったのか！こええ！！
MAP58_e10_p1_15	Map058.json	0	dialogue	ナガレ：
MAP58_e10_p1_16	Map058.json	0	dialogue	むしろ、空中に浮いてる火がお化け以外の
MAP58_e10_p1_17	Map058.json	0	dialogue	なんなんだよ？
MAP58_e10_p1_19	Map058.json	0	dialogue	来るぞ…　　あんたら、構えろ！
MAP58_e10_p1_2	Map058.json	0	dialogue	なんだこれ…？火が浮いているぜ…
MAP58_e10_p1_4	Map058.json	0	dialogue	ナガレ：
MAP58_e10_p1_5	Map058.json	0	dialogue	嫌な予感がする…
MAP58_e10_p1_6	Map058.json	0	dialogue	お社の近くにヒノタマっていうお化けが
MAP58_e10_p1_7	Map058.json	0	dialogue	出るって、ガキの頃によく言われたけど…
MAP58_e10_p1_9	Map058.json	0	dialogue	本当だったとはな。
MAP58_e10_p2_10	Map058.json	0	dialogue	それより…
MAP58_e10_p2_100	Map058.json	0	dialogue	自分を強いと感じられたのさ。
MAP58_e10_p2_102	Map058.json	0	dialogue	ホノオ：
MAP58_e10_p2_103	Map058.json	0	dialogue	そうか…　いや、でもおまえのいまの動き、
MAP58_e10_p2_104	Map058.json	0	dialogue	多分オレらみたいに動き回るより、きっと
MAP58_e10_p2_105	Map058.json	0	dialogue	ぜんぜん強いぞ…？
MAP58_e10_p2_107	Map058.json	0	dialogue	ナガレ：
MAP58_e10_p2_108	Map058.json	0	dialogue	ああ、そんなことは分かってるさ。
MAP58_e10_p2_109	Map058.json	0	dialogue	結局自分が身に着けたモンに感謝はしてるし、
MAP58_e10_p2_11	Map058.json	0	dialogue	さっきのバトルで気付いたことがある。
MAP58_e10_p2_110	Map058.json	0	dialogue	後悔もない。
MAP58_e10_p2_112	Map058.json	0	dialogue	ナガレ：
MAP58_e10_p2_113	Map058.json	0	dialogue	ただ、これから先、あんたらの戦い方に文句
MAP58_e10_p2_114	Map058.json	0	dialogue	つけるときもあるだろうけれど…でも本当は、
MAP58_e10_p2_115	Map058.json	0	dialogue	あんたらの戦い方を好きだからな、ってことだ。
MAP58_e10_p2_117	Map058.json	0	dialogue	ホノオ：
MAP58_e10_p2_118	Map058.json	0	dialogue	え…？
MAP58_e10_p2_119	Map058.json	0	dialogue	あ…　はい…。　　　　？
MAP58_e10_p2_12	Map058.json	0	dialogue	結構すごいことだぞこれは…
MAP58_e10_p2_14	Map058.json	0	dialogue	ホノオ：
MAP58_e10_p2_15	Map058.json	0	dialogue	へえ…なんだよ？
MAP58_e10_p2_17	Map058.json	0	dialogue	ナガレ：
MAP58_e10_p2_18	Map058.json	0	dialogue	あんたらの紋章は、
MAP58_e10_p2_19	Map058.json	0	dialogue	同じタイプというか…同じ属性の攻撃から、
MAP58_e10_p2_2	Map058.json	0	dialogue	ホノオ：
MAP58_e10_p2_20	Map058.json	0	dialogue	あんたらを守っているみたいだな。
MAP58_e10_p2_22	Map058.json	0	dialogue	ホノオ：
MAP58_e10_p2_23	Map058.json	0	dialogue	…は？
MAP58_e10_p2_25	Map058.json	0	dialogue	ナガレ：
MAP58_e10_p2_26	Map058.json	0	dialogue	火をまとった攻撃はホノオにはあまり効かない
MAP58_e10_p2_27	Map058.json	0	dialogue	そして、風というか雷をまとった攻撃も、
MAP58_e10_p2_28	Map058.json	0	dialogue	ウィンにはあまり効いていなかった。
MAP58_e10_p2_3	Map058.json	0	dialogue	たいしたことなかった…
MAP58_e10_p2_30	Map058.json	0	dialogue	ホノオ：
MAP58_e10_p2_31	Map058.json	0	dialogue	…えっ！　マジで！？
MAP58_e10_p2_33	Map058.json	0	dialogue	ナガレ：
MAP58_e10_p2_34	Map058.json	0	dialogue	気付いてなかったとはな…。
MAP58_e10_p2_35	Map058.json	0	dialogue	あんたどんだけ必死で暴れてるんだよ。
MAP58_e10_p2_37	Map058.json	0	dialogue	ホノオ：
MAP58_e10_p2_38	Map058.json	0	dialogue	マジか…いや、紋章の力ならありえそうだし…
MAP58_e10_p2_39	Map058.json	0	dialogue	実際オレも火の攻撃は、あまり痛くなかった…
MAP58_e10_p2_4	Map058.json	0	dialogue	よかった…　こ、こわかったぜ…！
MAP58_e10_p2_40	Map058.json	0	dialogue	マジか！
MAP58_e10_p2_42	Map058.json	0	dialogue	すげえじゃねえか！
MAP58_e10_p2_43	Map058.json	0	dialogue	いや、それより、バトル中にそんなところまで
MAP58_e10_p2_44	Map058.json	0	dialogue	見ているナガレ！　おまえすごいな…
MAP58_e10_p2_46	Map058.json	0	dialogue	ナガレ：
MAP58_e10_p2_47	Map058.json	0	dialogue	戦いの最中は決して興奮せず、自然体でいろ。
MAP58_e10_p2_48	Map058.json	0	dialogue	理想は無の心で、戦場を正確に観察しろ…
MAP58_e10_p2_50	Map058.json	0	dialogue	剣を教わる一番最初から、
MAP58_e10_p2_51	Map058.json	0	dialogue	あたしらはそう教わるんだよ。
MAP58_e10_p2_52	Map058.json	0	dialogue	あんたらみたいに、血走った目で走り回ったり
MAP58_e10_p2_53	Map058.json	0	dialogue	しない。
MAP58_e10_p2_55	Map058.json	0	dialogue	ホノオ：
MAP58_e10_p2_56	Map058.json	0	dialogue	…。
MAP58_e10_p2_58	Map058.json	0	dialogue	ウィン：
MAP58_e10_p2_59	Map058.json	0	dialogue	…。
MAP58_e10_p2_6	Map058.json	0	dialogue	ナガレ：
MAP58_e10_p2_61	Map058.json	0	dialogue	ナガレ：
MAP58_e10_p2_62	Map058.json	0	dialogue	なんだよ、二人して？
MAP58_e10_p2_64	Map058.json	0	dialogue	ホノオ：
MAP58_e10_p2_65	Map058.json	0	dialogue	いや…　なんかズシッときた…
MAP58_e10_p2_67	Map058.json	0	dialogue	ナガレ：
MAP58_e10_p2_68	Map058.json	0	dialogue	あんたもかい？
MAP58_e10_p2_7	Map058.json	0	dialogue	あれだけ大暴れしといて、怖かったってかい…
MAP58_e10_p2_70	Map058.json	0	dialogue	ウィン：
MAP58_e10_p2_71	Map058.json	0	dialogue	…。
MAP58_e10_p2_74	Map058.json	0	dialogue	　　　　　　　　　　　ウィンは頷いた
MAP58_e10_p2_76	Map058.json	0	dialogue	ナガレ：
MAP58_e10_p2_77	Map058.json	0	dialogue	ふうん…。
MAP58_e10_p2_78	Map058.json	0	dialogue	でもね、あんたらの戦い方を変えろとは、
MAP58_e10_p2_79	Map058.json	0	dialogue	あたしは言わないからな。
MAP58_e10_p2_8	Map058.json	0	dialogue	むしろさっきのお化けの方に同情したくなるね
MAP58_e10_p2_81	Map058.json	0	dialogue	ホノオ：
MAP58_e10_p2_82	Map058.json	0	dialogue	え…？　そう…なの？
MAP58_e10_p2_84	Map058.json	0	dialogue	ナガレ：
MAP58_e10_p2_85	Map058.json	0	dialogue	うん。
MAP58_e10_p2_86	Map058.json	0	dialogue	あたしはあんたらみたいな戦い方の方が好きだし、
MAP58_e10_p2_87	Map058.json	0	dialogue	落ち着くんだよ。
MAP58_e10_p2_89	Map058.json	0	dialogue	小さい頃…
MAP58_e10_p2_90	Map058.json	0	dialogue	村のみんなから剣を教えられるときにさ…
MAP58_e10_p2_91	Map058.json	0	dialogue	こころを静かに、行儀よく、無駄な動きをせず、
MAP58_e10_p2_92	Map058.json	0	dialogue	ひとにやさしく、平和を祈り…　みたいな、
MAP58_e10_p2_94	Map058.json	0	dialogue	何を教えてもらってるんだか分からない、
MAP58_e10_p2_95	Map058.json	0	dialogue	セイリューの剣術が嫌で嫌で仕方なかったんだ。
MAP58_e10_p2_97	Map058.json	0	dialogue	あたしはむしろ、夢中になって叫んで、走って、
MAP58_e10_p2_98	Map058.json	0	dialogue	剣を振り回しているときの方が…
MAP58_e10_p2_99	Map058.json	0	dialogue	上手に動けていると感じられた。
MAP58_e11_p1_10	Map058.json	0	dialogue	ウィンのハヤテでスピードを上げ、
MAP58_e11_p1_11	Map058.json	0	dialogue	オレのキョウセンシで腕力を上げ…
MAP58_e11_p1_13	Map058.json	0	dialogue	そしてナガレのテッペキで落ちたときも安心…
MAP58_e11_p1_14	Map058.json	0	dialogue	という作戦で、縄を見事登り切ったぜーーー！
MAP58_e11_p1_16	Map058.json	0	dialogue	ナガレ：
MAP58_e11_p1_17	Map058.json	0	dialogue	しかし本当に便利だな、紋章の力って…。
MAP58_e11_p1_18	Map058.json	0	dialogue	戦い以外にも、色々役に立ちそうだ。
MAP58_e11_p1_20	Map058.json	0	dialogue	ホノオ：
MAP58_e11_p1_21	Map058.json	0	dialogue	…だけど、これからどうすんだ？
MAP58_e11_p1_23	Map058.json	0	dialogue	ナガレ：
MAP58_e11_p1_24	Map058.json	0	dialogue	ミケーネを…四天王を追う。そして倒す。
MAP58_e11_p1_26	Map058.json	0	dialogue	ホノオ：
MAP58_e11_p1_27	Map058.json	0	dialogue	どこにいるのかも分からんぞ？
MAP58_e11_p1_29	Map058.json	0	dialogue	ナガレ：
MAP58_e11_p1_30	Map058.json	0	dialogue	…とりあえず、村に帰ろう。
MAP58_e11_p1_31	Map058.json	0	dialogue	姉さまたちに継承が済んだことを伝えたい。
MAP58_e11_p1_33	Map058.json	0	dialogue	ホノオ：
MAP58_e11_p1_34	Map058.json	0	dialogue	ああ、そうだな！
MAP58_e11_p1_6	Map058.json	0	dialogue	ホノオ：
MAP58_e11_p1_7	Map058.json	0	dialogue	…と、いうことでだ。
MAP58_e11_p1_9	Map058.json	0	dialogue	ナガレのアイデアで、
MAP58_e5_p0_1	Map058.json	0	dialogue	ナガレ：
MAP58_e5_p0_10	Map058.json	0	dialogue	なんだ？
MAP58_e5_p0_12	Map058.json	0	dialogue	ホノオ：
MAP58_e5_p0_13	Map058.json	0	dialogue	こっから龍のいるっていう洞窟に入れるのか？
MAP58_e5_p0_15	Map058.json	0	dialogue	ナガレ：
MAP58_e5_p0_16	Map058.json	0	dialogue	そういう話だったろう。
MAP58_e5_p0_18	Map058.json	0	dialogue	ホノオ：
MAP58_e5_p0_19	Map058.json	0	dialogue	で…　だからどうやって入るんだ？？
MAP58_e5_p0_2	Map058.json	0	dialogue	着いたよ。
MAP58_e5_p0_21	Map058.json	0	dialogue	ナガレ：
MAP58_e5_p0_22	Map058.json	0	dialogue	お社をぶっ壊すしかないだろう？
MAP58_e5_p0_24	Map058.json	0	dialogue	ホノオ：
MAP58_e5_p0_25	Map058.json	0	dialogue	えっ！？
MAP58_e5_p0_26	Map058.json	0	dialogue	そんなことしていいのかよ！？
MAP58_e5_p0_28	Map058.json	0	dialogue	ナガレ：
MAP58_e5_p0_29	Map058.json	0	dialogue	いいも何も、それしかないだろう。
MAP58_e5_p0_3	Map058.json	0	dialogue	ここが龍のお社だ。
MAP58_e5_p0_30	Map058.json	0	dialogue	洞窟ふさぐために作られているんだから、
MAP58_e5_p0_31	Map058.json	0	dialogue	これがある限り、洞窟に入れない。
MAP58_e5_p0_33	Map058.json	0	dialogue	ホノオ：
MAP58_e5_p0_34	Map058.json	0	dialogue	そうだけど…
MAP58_e5_p0_35	Map058.json	0	dialogue	もったいないな、こんな立派な建物壊すのは…
MAP58_e5_p0_37	Map058.json	0	dialogue	ナガレ：
MAP58_e5_p0_38	Map058.json	0	dialogue	いらねえよ、もう…　こんなもん。
MAP58_e5_p0_40	Map058.json	0	dialogue	ホノオ：
MAP58_e5_p0_41	Map058.json	0	dialogue	………そうか？
MAP58_e5_p0_43	Map058.json	0	dialogue	ナガレ：
MAP58_e5_p0_44	Map058.json	0	dialogue	さあ、ホノオ、とっととやれ。
MAP58_e5_p0_45	Map058.json	0	dialogue	あんたの魔法で爆発させればすぐだろう？
MAP58_e5_p0_47	Map058.json	0	dialogue	ホノオ：
MAP58_e5_p0_48	Map058.json	0	dialogue	…ああ、ちょっと待ってろ。
MAP58_e5_p0_5	Map058.json	0	dialogue	ホノオ：
MAP58_e5_p0_6	Map058.json	0	dialogue	おう！
MAP58_e5_p0_7	Map058.json	0	dialogue	…で？
MAP58_e5_p0_9	Map058.json	0	dialogue	ナガレ：
MAP58_e5_p1_1	Map058.json	0	dialogue	ナガレ：
MAP58_e5_p1_10	Map058.json	0	dialogue	なんだ？
MAP58_e5_p1_12	Map058.json	0	dialogue	ホノオ：
MAP58_e5_p1_13	Map058.json	0	dialogue	こっから龍のいるっていう洞窟に入れるのか？
MAP58_e5_p1_15	Map058.json	0	dialogue	ナガレ：
MAP58_e5_p1_16	Map058.json	0	dialogue	そういう話だったろう。
MAP58_e5_p1_18	Map058.json	0	dialogue	ホノオ：
MAP58_e5_p1_19	Map058.json	0	dialogue	で…　だからどうやって入るんだ？？
MAP58_e5_p1_2	Map058.json	0	dialogue	着いたよ。
MAP58_e5_p1_21	Map058.json	0	dialogue	ナガレ：
MAP58_e5_p1_22	Map058.json	0	dialogue	お社をぶっ壊すしかないだろう？
MAP58_e5_p1_24	Map058.json	0	dialogue	ホノオ：
MAP58_e5_p1_25	Map058.json	0	dialogue	えっ！？
MAP58_e5_p1_26	Map058.json	0	dialogue	そんなことしていいのかよ！？
MAP58_e5_p1_28	Map058.json	0	dialogue	ナガレ：
MAP58_e5_p1_29	Map058.json	0	dialogue	いいも何も、それしかないだろう。
MAP58_e5_p1_3	Map058.json	0	dialogue	ここが龍のお社だ。
MAP58_e5_p1_30	Map058.json	0	dialogue	洞窟ふさぐために作られているんだから、
MAP58_e5_p1_31	Map058.json	0	dialogue	これがある限り、洞窟に入れない。
MAP58_e5_p1_33	Map058.json	0	dialogue	ホノオ：
MAP58_e5_p1_34	Map058.json	0	dialogue	そうだけど…
MAP58_e5_p1_35	Map058.json	0	dialogue	もったいないな、こんな立派な建物壊すのは…
MAP58_e5_p1_37	Map058.json	0	dialogue	ナガレ：
MAP58_e5_p1_38	Map058.json	0	dialogue	いらねえよ、もう…　こんなもん。
MAP58_e5_p1_40	Map058.json	0	dialogue	ホノオ：
MAP58_e5_p1_41	Map058.json	0	dialogue	………そうか？
MAP58_e5_p1_43	Map058.json	0	dialogue	ナガレ：
MAP58_e5_p1_44	Map058.json	0	dialogue	さあ、ホノオ、とっととやれ。
MAP58_e5_p1_45	Map058.json	0	dialogue	あんたの魔法で爆発させればすぐだろう？
MAP58_e5_p1_47	Map058.json	0	dialogue	ホノオ：
MAP58_e5_p1_48	Map058.json	0	dialogue	…ああ、ちょっと待ってろ。
MAP58_e5_p1_5	Map058.json	0	dialogue	ホノオ：
MAP58_e5_p1_6	Map058.json	0	dialogue	おう！
MAP58_e5_p1_7	Map058.json	0	dialogue	…で？
MAP58_e5_p1_9	Map058.json	0	dialogue	ナガレ：
MAP59_displayName	Map059.json	display name	mapname	お社の洞窟
MAP59_e6_p0_12	Map059.json	0	dialogue	ナガレ：
MAP59_e6_p0_13	Map059.json	0	dialogue	おい、なんでこんなに明るいんだ。
MAP59_e6_p0_14	Map059.json	0	dialogue	真っ暗闇って話だったはずだが…。
MAP59_e6_p0_16	Map059.json	0	dialogue	ホノオ：
MAP59_e6_p0_17	Map059.json	0	dialogue	ああ、それならオレとウィンの紋章を
MAP59_e6_p0_18	Map059.json	0	dialogue	光らせてるからだ。
MAP59_e6_p0_20	Map059.json	0	dialogue	ナガレ：
MAP59_e6_p0_21	Map059.json	0	dialogue	え…？
MAP59_e6_p0_23	Map059.json	0	dialogue	…そうなのか？
MAP59_e6_p0_25	Map059.json	0	dialogue	ウィン：
MAP59_e6_p0_26	Map059.json	0	dialogue	…。
MAP59_e6_p0_29	Map059.json	0	dialogue	　　　　　　　　　　　ウィンは頷いた
MAP59_e6_p0_31	Map059.json	0	dialogue	ナガレ：
MAP59_e6_p0_32	Map059.json	0	dialogue	あ、そう…　べ、便利だな…
MAP59_e6_p1_12	Map059.json	0	dialogue	ナガレ：
MAP59_e6_p1_13	Map059.json	0	dialogue	おい、なんでこんなに明るいんだ。
MAP59_e6_p1_14	Map059.json	0	dialogue	真っ暗闇って話だったはずだが…。
MAP59_e6_p1_16	Map059.json	0	dialogue	ホノオ：
MAP59_e6_p1_17	Map059.json	0	dialogue	ああ、それならオレとウィンの紋章を
MAP59_e6_p1_18	Map059.json	0	dialogue	光らせてるからだ。
MAP59_e6_p1_20	Map059.json	0	dialogue	ナガレ：
MAP59_e6_p1_21	Map059.json	0	dialogue	え…？
MAP59_e6_p1_23	Map059.json	0	dialogue	…そうなのか？
MAP59_e6_p1_25	Map059.json	0	dialogue	ウィン：
MAP59_e6_p1_26	Map059.json	0	dialogue	…。
MAP59_e6_p1_29	Map059.json	0	dialogue	　　　　　　　　　　　ウィンは頷いた
MAP59_e6_p1_31	Map059.json	0	dialogue	ナガレ：
MAP59_e6_p1_32	Map059.json	0	dialogue	あ、そう…　べ、便利だな…
MAP59_e6_p1_34	Map059.json	0	dialogue	ホノオ：
MAP59_e6_p1_35	Map059.json	0	dialogue	しっかし…　かなり魔物の気配がするぜ…
MAP59_e6_p1_36	Map059.json	0	dialogue	明るいからって油断すんなよー…
MAP59_e7_p0_1	Map059.json	0	dialogue	ホノオ：
MAP59_e7_p0_10	Map059.json	0	dialogue	ホノオ：
MAP59_e7_p0_11	Map059.json	0	dialogue	で…　どうすんだこれ…。
MAP59_e7_p0_12	Map059.json	0	dialogue	落っこちるのかよ…？
MAP59_e7_p0_14	Map059.json	0	dialogue	ナガレ：
MAP59_e7_p0_15	Map059.json	0	dialogue	当たり前だろう？
MAP59_e7_p0_16	Map059.json	0	dialogue	落っこちながら龍の頭に、
MAP59_e7_p0_17	Map059.json	0	dialogue	みんなで剣をぶっ刺すのさ！
MAP59_e7_p0_19	Map059.json	0	dialogue	ホノオ：
MAP59_e7_p0_2	Map059.json	0	dialogue	例の落っこちると龍がいるって穴…
MAP59_e7_p0_20	Map059.json	0	dialogue	いやいやいやいや…
MAP59_e7_p0_21	Map059.json	0	dialogue	本気で言ってるのか冗談なのか分からんから…
MAP59_e7_p0_23	Map059.json	0	dialogue	ナガレ：
MAP59_e7_p0_24	Map059.json	0	dialogue	…もちろん冗談だよ。
MAP59_e7_p0_25	Map059.json	0	dialogue	屋敷から長い縄を持ってきてる。
MAP59_e7_p0_26	Map059.json	0	dialogue	これを伝って降りるぞ。
MAP59_e7_p0_28	Map059.json	0	dialogue	ホノオ：
MAP59_e7_p0_29	Map059.json	0	dialogue	あ、そうですか…。
MAP59_e7_p0_3	Map059.json	0	dialogue	これだろうな…。
MAP59_e7_p0_30	Map059.json	0	dialogue	しかしそれだって、十分におっかねえなー…。
MAP59_e7_p0_36	Map059.json	0	dialogue	ホノオ：
MAP59_e7_p0_37	Map059.json	0	dialogue	…結構降りたが…まだ全然下が見えねえぞ。
MAP59_e7_p0_39	Map059.json	0	dialogue	ナガレ：
MAP59_e7_p0_40	Map059.json	0	dialogue	…水の者だかなんだかも、
MAP59_e7_p0_41	Map059.json	0	dialogue	落っこちながら考え事をしていたらしいから、
MAP59_e7_p0_42	Map059.json	0	dialogue	相当に深い穴なんだろうな。
MAP59_e7_p0_46	Map059.json	0	dialogue	ナガレ：
MAP59_e7_p0_47	Map059.json	0	dialogue	少しひかりが見えてきた…！
MAP59_e7_p0_48	Map059.json	0	dialogue	そろそろ着くみたいだぞ！
MAP59_e7_p0_5	Map059.json	0	dialogue	ナガレ：
MAP59_e7_p0_50	Map059.json	0	dialogue	ホノオ：
MAP59_e7_p0_51	Map059.json	0	dialogue	…やっとかー
MAP59_e7_p0_52	Map059.json	0	dialogue	ちょっと待て…　
MAP59_e7_p0_53	Map059.json	0	dialogue	…なんか下から話し声がしねえか…？
MAP59_e7_p0_55	Map059.json	0	dialogue	ナガレ：
MAP59_e7_p0_56	Map059.json	0	dialogue	………本当だ。
MAP59_e7_p0_57	Map059.json	0	dialogue	…龍じゃなくてひとがいる？
MAP59_e7_p0_58	Map059.json	0	dialogue	龍が話す？そうだとしても、誰と…？
MAP59_e7_p0_6	Map059.json	0	dialogue	そうだろうな。
MAP59_e7_p0_60	Map059.json	0	dialogue	ナガレ：
MAP59_e7_p0_61	Map059.json	0	dialogue	あっ！！
MAP59_e7_p0_63	Map059.json	0	dialogue	ホノオ：
MAP59_e7_p0_64	Map059.json	0	dialogue	おわーーーっ！？
MAP59_e7_p0_65	Map059.json	0	dialogue	お、おちるーーーー！！！！
MAP59_e7_p0_7	Map059.json	0	dialogue	他にそれらしい穴はなかった…
MAP59_e7_p0_8	Map059.json	0	dialogue	間違いないだろう。
MAP59_e8_p0_1	Map059.json	0	dialogue	ナガレ：
MAP59_e8_p0_2	Map059.json	0	dialogue	穴が見えてきた…
MAP59_e8_p0_3	Map059.json	0	dialogue	きっとあれに落ちたら龍がいる…。
MAP59_e8_p0_4	Map059.json	0	dialogue	みんな、気を引き締めた方がいい。
MAP60_e10_name	Map060.json	event name	name	ナガレ
MAP60_e10_p1_10	Map060.json	0	dialogue	ナガレ：
MAP60_e10_p1_100	Map060.json	0	dialogue	あたしたちにはそう伝わってるんだよ。
MAP60_e10_p1_102	Map060.json	0	dialogue	ホノオ：
MAP60_e10_p1_103	Map060.json	0	dialogue	そうだったな…。
MAP60_e10_p1_105	Map060.json	0	dialogue	青龍：
MAP60_e10_p1_106	Map060.json	0	dialogue	あれ、おかしいな…
MAP60_e10_p1_107	Map060.json	0	dialogue	ぼくは怒ってなんかないよ
MAP60_e10_p1_108	Map060.json	0	dialogue	だって…
MAP60_e10_p1_11	Map060.json	0	dialogue	そうだ！
MAP60_e10_p1_110	Map060.json	0	dialogue	青龍：
MAP60_e10_p1_111	Map060.json	0	dialogue	友だちなんだから…！だから…
MAP60_e10_p1_112	Map060.json	0	dialogue	友だちのこどもたちの　きみたちもぼくの友だちだよね？
MAP60_e10_p1_114	Map060.json	0	dialogue	ナガレ：
MAP60_e10_p1_115	Map060.json	0	dialogue	………。
MAP60_e10_p1_117	Map060.json	0	dialogue	ホノオ：
MAP60_e10_p1_118	Map060.json	0	dialogue	ああ…　友達だぜ！
MAP60_e10_p1_119	Map060.json	0	dialogue	龍！
MAP60_e10_p1_12	Map060.json	0	dialogue	おい、龍、大丈夫か…？
MAP60_e10_p1_121	Map060.json	0	dialogue	青龍：
MAP60_e10_p1_122	Map060.json	0	dialogue	よかった…
MAP60_e10_p1_123	Map060.json	0	dialogue	最後に　友だちとの約束を守れて…
MAP60_e10_p1_124	Map060.json	0	dialogue	そして新しい友だちにも会えたんだ…
MAP60_e10_p1_127	Map060.json	0	dialogue	青龍：
MAP60_e10_p1_128	Map060.json	0	dialogue	よかった…　
MAP60_e10_p1_129	Map060.json	0	dialogue	………。
MAP60_e10_p1_132	Map060.json	0	dialogue	ナガレ：
MAP60_e10_p1_133	Map060.json	0	dialogue	…龍？　おい…　死んだのか…
MAP60_e10_p1_135	Map060.json	0	dialogue	ナガレ：
MAP60_e10_p1_136	Map060.json	0	dialogue	待ってくれ…　
MAP60_e10_p1_137	Map060.json	0	dialogue	あんたにはまだまだ聞きたいことがある…
MAP60_e10_p1_138	Map060.json	0	dialogue	龍！！
MAP60_e10_p1_140	Map060.json	0	dialogue	ホノオ：
MAP60_e10_p1_141	Map060.json	0	dialogue	ナガレ…　やめろ。
MAP60_e10_p1_142	Map060.json	0	dialogue	静かに眠らせてやろうぜ。
MAP60_e10_p1_144	Map060.json	0	dialogue	ナガレ：
MAP60_e10_p1_145	Map060.json	0	dialogue	だって…　こいつに聞かないと分からない…
MAP60_e10_p1_147	Map060.json	0	dialogue	ナガレ：
MAP60_e10_p1_148	Map060.json	0	dialogue	分からないことだらけで、死んじまうなんて…
MAP60_e10_p1_150	Map060.json	0	dialogue	ホノオ：
MAP60_e10_p1_151	Map060.json	0	dialogue	………。
MAP60_e10_p1_153	Map060.json	0	dialogue	ウィン：
MAP60_e10_p1_154	Map060.json	0	dialogue	…。
MAP60_e10_p1_159	Map060.json	0	dialogue	　　　　　　　　　龍の涙　を手に入れた
MAP60_e10_p1_165	Map060.json	0	dialogue	ホノオ：
MAP60_e10_p1_166	Map060.json	0	dialogue	…で、どうやってここから出るんだ？
MAP60_e10_p1_2	Map060.json	0	dialogue	ナガレ：
MAP60_e10_p1_20	Map060.json	0	dialogue	青龍：
MAP60_e10_p1_21	Map060.json	0	dialogue	ぼくは　もうそろそろ　死んでしまう…
MAP60_e10_p1_23	Map060.json	0	dialogue	青龍：
MAP60_e10_p1_24	Map060.json	0	dialogue	もともと、死にかけていたのを…
MAP60_e10_p1_25	Map060.json	0	dialogue	友達が紋章で助けてくれていたから…
MAP60_e10_p1_26	Map060.json	0	dialogue	それがなくなったら、もう　死んでしまうんだ
MAP60_e10_p1_28	Map060.json	0	dialogue	ナガレ：
MAP60_e10_p1_29	Map060.json	0	dialogue	あんたがあたしに…
MAP60_e10_p1_3	Map060.json	0	dialogue	本当に消えちまいやがった…！
MAP60_e10_p1_30	Map060.json	0	dialogue	紋章を継承してくれたからなのか…？
MAP60_e10_p1_32	Map060.json	0	dialogue	青龍：
MAP60_e10_p1_33	Map060.json	0	dialogue	でも　それは　約束だから…
MAP60_e10_p1_35	Map060.json	0	dialogue	ホノオ：
MAP60_e10_p1_36	Map060.json	0	dialogue	約束…？
MAP60_e10_p1_38	Map060.json	0	dialogue	青龍：
MAP60_e10_p1_39	Map060.json	0	dialogue	そう　ぼくの　初めての友達との　約束…
MAP60_e10_p1_41	Map060.json	0	dialogue	青龍：
MAP60_e10_p1_42	Map060.json	0	dialogue	ぼくは　ずっと　ひとりでここにいた…
MAP60_e10_p1_43	Map060.json	0	dialogue	ずっと昔に　目が覚めてから　ずっとここで…
MAP60_e10_p1_45	Map060.json	0	dialogue	青龍：
MAP60_e10_p1_46	Map060.json	0	dialogue	ある日　大昔だけどね…　ミケーネがやってきて…
MAP60_e10_p1_47	Map060.json	0	dialogue	ぼくから　力を奪っていった…
MAP60_e10_p1_48	Map060.json	0	dialogue	そしてぼくは　だんだんと死んでいったんだ…
MAP60_e10_p1_5	Map060.json	0	dialogue	ホノオ：
MAP60_e10_p1_50	Map060.json	0	dialogue	青龍：
MAP60_e10_p1_51	Map060.json	0	dialogue	苦しかった…　怖かった…
MAP60_e10_p1_52	Map060.json	0	dialogue	そして　さみしかった…
MAP60_e10_p1_54	Map060.json	0	dialogue	青龍：
MAP60_e10_p1_55	Map060.json	0	dialogue	ぼくは　いったい　なんで　生きていたんだろうって…
MAP60_e10_p1_56	Map060.json	0	dialogue	ここで目覚めて…　そして　とつぜん　力を奪われて…
MAP60_e10_p1_57	Map060.json	0	dialogue	そして　死んでいくなんて…
MAP60_e10_p1_59	Map060.json	0	dialogue	ホノオ：
MAP60_e10_p1_6	Map060.json	0	dialogue	おい、それより…　龍はどうなったんだ…？
MAP60_e10_p1_60	Map060.json	0	dialogue	それが…　闇の結晶ってことなのか…？
MAP60_e10_p1_62	Map060.json	0	dialogue	青龍：
MAP60_e10_p1_63	Map060.json	0	dialogue	わかんない　わかんないよ
MAP60_e10_p1_64	Map060.json	0	dialogue	ミケーネがそう呼ぶけど　ぼくは…　ぼくだ
MAP60_e10_p1_66	Map060.json	0	dialogue	青龍：
MAP60_e10_p1_67	Map060.json	0	dialogue	だんだん　くるしくなくなって　眠たくなって…
MAP60_e10_p1_68	Map060.json	0	dialogue	このままぼくは　しんでしまうんだなと思った…
MAP60_e10_p1_69	Map060.json	0	dialogue	そうしたら…
MAP60_e10_p1_71	Map060.json	0	dialogue	青龍：
MAP60_e10_p1_72	Map060.json	0	dialogue	そうしたら…　あの友達が降って来たんだ！
MAP60_e10_p1_74	Map060.json	0	dialogue	ナガレ：
MAP60_e10_p1_75	Map060.json	0	dialogue	…はじまりの水の者だな。
MAP60_e10_p1_77	Map060.json	0	dialogue	青龍：
MAP60_e10_p1_78	Map060.json	0	dialogue	そう…　ぼくの友だち…
MAP60_e10_p1_80	Map060.json	0	dialogue	青龍：
MAP60_e10_p1_81	Map060.json	0	dialogue	友だちは　ぼくの目を覚ましてくれた
MAP60_e10_p1_82	Map060.json	0	dialogue	すごく　痛くて　目が覚めたんだ
MAP60_e10_p1_84	Map060.json	0	dialogue	ホノオ：
MAP60_e10_p1_85	Map060.json	0	dialogue	…急にひとが落ちてきて、
MAP60_e10_p1_86	Map060.json	0	dialogue	アンタの目に、刀が刺さったからか？
MAP60_e10_p1_88	Map060.json	0	dialogue	青龍：
MAP60_e10_p1_89	Map060.json	0	dialogue	そう！　すごい！
MAP60_e10_p1_90	Map060.json	0	dialogue	ちゃんと伝わっているんだね！
MAP60_e10_p1_91	Map060.json	0	dialogue	友だちが　伝えてくれていたんだね！
MAP60_e10_p1_93	Map060.json	0	dialogue	ナガレ：
MAP60_e10_p1_94	Map060.json	0	dialogue	でも待ってくれ、龍…
MAP60_e10_p1_95	Map060.json	0	dialogue	ちょっと聞いていた話と違うんだ。
MAP60_e10_p1_97	Map060.json	0	dialogue	ナガレ：
MAP60_e10_p1_98	Map060.json	0	dialogue	龍は怒って、それを許す代わりに、
MAP60_e10_p1_99	Map060.json	0	dialogue	水の者から紋章を奪ったって…
MAP60_e5_name	Map060.json	event name	name	青龍
MAP60_e6_name	Map060.json	event name	name	ミケーネ
MAP60_e6_p0_100	Map060.json	0	dialogue	だけど、おかしいわね。
MAP60_e6_p0_101	Map060.json	0	dialogue	水のエレメントパワーを感じないわ。
MAP60_e6_p0_102	Map060.json	0	dialogue	人数は足りているのに、どういうことかしら？
MAP60_e6_p0_104	Map060.json	0	dialogue	ナガレ：
MAP60_e6_p0_105	Map060.json	0	dialogue	…っ！！
MAP60_e6_p0_107	Map060.json	0	dialogue	ホノオ：
MAP60_e6_p0_108	Map060.json	0	dialogue	そんなの関係ねー！！
MAP60_e6_p0_109	Map060.json	0	dialogue	オマエなんぞ、二つで足りるってんだよー！！
MAP60_e6_p0_111	Map060.json	0	dialogue	ミケーネ：
MAP60_e6_p0_112	Map060.json	0	dialogue	さあて、それはどうかしら？
MAP60_e6_p0_113	Map060.json	0	dialogue	私の最も得意とする魔法も、氷…水の力。
MAP60_e6_p0_115	Map060.json	0	dialogue	ミケーネ：
MAP60_e6_p0_116	Map060.json	0	dialogue	継承者のお二人さんはともかく…
MAP60_e6_p0_117	Map060.json	0	dialogue	とてもじゃないけれど、そこのお嬢さんには
MAP60_e6_p0_118	Map060.json	0	dialogue	耐えられないと思うわ。死ぬわよ。
MAP60_e6_p0_120	Map060.json	0	dialogue	ナガレ：
MAP60_e6_p0_121	Map060.json	0	dialogue	………あたしのことは気にしないでくれ！
MAP60_e6_p0_122	Map060.json	0	dialogue	龍と話すには、ミケーネを倒すしかない！！
MAP60_e6_p0_124	Map060.json	0	dialogue	ホノオ：
MAP60_e6_p0_125	Map060.json	0	dialogue	くそーーーー！！
MAP60_e6_p0_126	Map060.json	0	dialogue	ナガレ、ぜってーに無理すんなよ！！
MAP60_e6_p0_128	Map060.json	0	dialogue	ミケーネ：
MAP60_e6_p0_129	Map060.json	0	dialogue	そう、やるって言うのね。
MAP60_e6_p0_130	Map060.json	0	dialogue	でも絶対に無理だと思うわ…だって…
MAP60_e6_p0_132	Map060.json	0	dialogue	ミケーネ：
MAP60_e6_p0_133	Map060.json	0	dialogue	こっちは更に…
MAP60_e6_p0_134	Map060.json	0	dialogue	この青龍さんも味方なのだから！
MAP60_e6_p0_136	Map060.json	0	dialogue	ナガレ：
MAP60_e6_p0_137	Map060.json	0	dialogue	………なん、だと…！？
MAP60_e6_p0_139	Map060.json	0	dialogue	ミケーネ：
MAP60_e6_p0_140	Map060.json	0	dialogue	言ったでしょう…青龍さんは闇の結晶なの。
MAP60_e6_p0_141	Map060.json	0	dialogue	当然、私の味方だわ。
MAP60_e6_p0_142	Map060.json	0	dialogue	じゃあ、遊んであげる…
MAP60_e6_p0_144	Map060.json	0	dialogue	ミケーネ：
MAP60_e6_p0_145	Map060.json	0	dialogue	逃げられるなんて思わないでね。
MAP60_e6_p0_146	Map060.json	0	dialogue	ケンカを先に吹っ掛けてきたのは…
MAP60_e6_p0_147	Map060.json	0	dialogue	そっちなんだから…！
MAP60_e6_p0_15	Map060.json	0	dialogue	？：
MAP60_e6_p0_153	Map060.json	0	dialogue	ミケーネ：
MAP60_e6_p0_154	Map060.json	0	dialogue	ちょっと、青龍さん！
MAP60_e6_p0_155	Map060.json	0	dialogue	どういうことなの！？
MAP60_e6_p0_156	Map060.json	0	dialogue	めちゃくちゃ痛かったんだけど！？
MAP60_e6_p0_158	Map060.json	0	dialogue	あなた、戦う気はあるの！？
MAP60_e6_p0_159	Map060.json	0	dialogue	四天王のミケーネが命令しているのよ！
MAP60_e6_p0_16	Map060.json	0	dialogue	さあ、青龍さん。
MAP60_e6_p0_161	Map060.json	0	dialogue	青龍：
MAP60_e6_p0_162	Map060.json	0	dialogue	お、お前の味方になって…た、戦う気なんてない！
MAP60_e6_p0_164	Map060.json	0	dialogue	ミケーネ：
MAP60_e6_p0_165	Map060.json	0	dialogue	…え？
MAP60_e6_p0_167	Map060.json	0	dialogue	ホノオ：
MAP60_e6_p0_168	Map060.json	0	dialogue	…え？
MAP60_e6_p0_17	Map060.json	0	dialogue	最強の闇の結晶よ…。
MAP60_e6_p0_170	Map060.json	0	dialogue	ナガレ：
MAP60_e6_p0_171	Map060.json	0	dialogue	………な、に？
MAP60_e6_p0_173	Map060.json	0	dialogue	青龍：
MAP60_e6_p0_174	Map060.json	0	dialogue	ミケーネの味方をして…
MAP60_e6_p0_175	Map060.json	0	dialogue	あの子たちと戦うつもりなんて…ないんだよ！
MAP60_e6_p0_177	Map060.json	0	dialogue	ミケーネ：
MAP60_e6_p0_178	Map060.json	0	dialogue	…どういうこと？
MAP60_e6_p0_179	Map060.json	0	dialogue	あっ！！
MAP60_e6_p0_18	Map060.json	0	dialogue	いまこそ私の力となり、闇の復活を…
MAP60_e6_p0_188	Map060.json	0	dialogue	ミケーネ：
MAP60_e6_p0_189	Map060.json	0	dialogue	青龍…　それは…　水の紋章…！？
MAP60_e6_p0_191	Map060.json	0	dialogue	ミケーネ：
MAP60_e6_p0_192	Map060.json	0	dialogue	どうりで、何かおまえから不思議な力を
MAP60_e6_p0_193	Map060.json	0	dialogue	感じたのだ…　闇の力ではないものを…
MAP60_e6_p0_195	Map060.json	0	dialogue	ナガレ：
MAP60_e6_p0_196	Map060.json	0	dialogue	…龍よ！その紋章をあたしに継承してくれ！！
MAP60_e6_p0_198	Map060.json	0	dialogue	青龍：
MAP60_e6_p0_199	Map060.json	0	dialogue	きみは…？
MAP60_e6_p0_201	Map060.json	0	dialogue	ナガレ：
MAP60_e6_p0_202	Map060.json	0	dialogue	あたしはセイリューの当主だ！
MAP60_e6_p0_203	Map060.json	0	dialogue	その紋章の本来の持ち主…
MAP60_e6_p0_204	Map060.json	0	dialogue	はじまりの水の者の末裔だ！！
MAP60_e6_p0_206	Map060.json	0	dialogue	青龍：
MAP60_e6_p0_207	Map060.json	0	dialogue	きみが…！？
MAP60_e6_p0_208	Map060.json	0	dialogue	すごい…　本当に来てくれたんだね！
MAP60_e6_p0_209	Map060.json	0	dialogue	ぼくの友達の…そのこどもたちが！！
MAP60_e6_p0_211	Map060.json	0	dialogue	ミケーネ：
MAP60_e6_p0_212	Map060.json	0	dialogue	は…じ…ま…り…の…
MAP60_e6_p0_213	Map060.json	0	dialogue	み…ず…の…も…の…　だと…？
MAP60_e6_p0_221	Map060.json	0	dialogue	おい、コラ…
MAP60_e6_p0_222	Map060.json	0	dialogue	てめえ…　本当にあれの子孫なのか…？
MAP60_e6_p0_224	Map060.json	0	dialogue	ナガレ：
MAP60_e6_p0_225	Map060.json	0	dialogue	…そうだ！セイリュー当主ナガレ…
MAP60_e6_p0_226	Map060.json	0	dialogue	正真正銘、はじまりの水の者のまつ…
MAP60_e6_p0_235	Map060.json	0	dialogue	ホノオ：
MAP60_e6_p0_236	Map060.json	0	dialogue	…な、なにした…？
MAP60_e6_p0_238	Map060.json	0	dialogue	ミケーネ：
MAP60_e6_p0_239	Map060.json	0	dialogue	あたいの最強魔法、ミケーネブリザードの
MAP60_e6_p0_24	Map060.json	0	dialogue	？：
MAP60_e6_p0_240	Map060.json	0	dialogue	一点集中凝縮版…　ミケーネビームさ。
MAP60_e6_p0_242	Map060.json	0	dialogue	ミケーネ：
MAP60_e6_p0_243	Map060.json	0	dialogue	水の紋章継承者ならまだしも、
MAP60_e6_p0_244	Map060.json	0	dialogue	ふつうの人間なら、即死だ。
MAP60_e6_p0_248	Map060.json	0	dialogue	ホノオ：
MAP60_e6_p0_249	Map060.json	0	dialogue	…て、てめえ………！！！！
MAP60_e6_p0_25	Map060.json	0	dialogue	…って、何これ？
MAP60_e6_p0_251	Map060.json	0	dialogue	ミケーネ：
MAP60_e6_p0_252	Map060.json	0	dialogue	アレをあたいに思い出させたのが悪いんだよ。
MAP60_e6_p0_253	Map060.json	0	dialogue	しかもその子孫ってんだからな…
MAP60_e6_p0_254	Map060.json	0	dialogue	殺しちまうよ、そりゃあ。
MAP60_e6_p0_256	Map060.json	0	dialogue	ホノオ：
MAP60_e6_p0_257	Map060.json	0	dialogue	…おい、ナガレ…マジでか…
MAP60_e6_p0_258	Map060.json	0	dialogue	おまえ、マジで死んでんのかよ…おい！！
MAP60_e6_p0_260	Map060.json	0	dialogue	ナガレ：
MAP60_e6_p0_261	Map060.json	0	dialogue	………
MAP60_e6_p0_263	Map060.json	0	dialogue	ミケーネ：
MAP60_e6_p0_264	Map060.json	0	dialogue	もういいよ、青龍も、てめえらも…
MAP60_e6_p0_265	Map060.json	0	dialogue	まとめて殺してやる。終わりにしてやるよ。
MAP60_e6_p0_267	Map060.json	0	dialogue	ミケーネ：
MAP60_e6_p0_268	Map060.json	0	dialogue	ただし、本気になったあたいに…
MAP60_e6_p0_269	Map060.json	0	dialogue	勝てると思うなあ…
MAP60_e6_p0_271	Map060.json	0	dialogue	ミケーネ：
MAP60_e6_p0_272	Map060.json	0	dialogue	5ターンだ。
MAP60_e6_p0_273	Map060.json	0	dialogue	5ターン以内に皆殺しにしてやる…。
MAP60_e6_p0_275	Map060.json	0	dialogue	ホノオ：
MAP60_e6_p0_276	Map060.json	0	dialogue	…っく、くっそーーーーーー！！！
MAP60_e6_p0_278	Map060.json	0	dialogue	青龍：
MAP60_e6_p0_279	Map060.json	0	dialogue	水の紋章よ！
MAP60_e6_p0_28	Map060.json	0	dialogue	ホノオ：
MAP60_e6_p0_280	Map060.json	0	dialogue	ぼくの最後のエレメンタルパワーで、
MAP60_e6_p0_281	Map060.json	0	dialogue	この魔法を発動してくれ…
MAP60_e6_p0_283	Map060.json	0	dialogue	青龍：
MAP60_e6_p0_284	Map060.json	0	dialogue	イノチ！！！！！！！！！！！！！
MAP60_e6_p0_29	Map060.json	0	dialogue	うおおおおおおおおおおおおおお！！
MAP60_e6_p0_293	Map060.json	0	dialogue	ナガレ：
MAP60_e6_p0_294	Map060.json	0	dialogue	…う、うーん　
MAP60_e6_p0_296	Map060.json	0	dialogue	ホノオ：
MAP60_e6_p0_297	Map060.json	0	dialogue	な…ナガレ…！！
MAP60_e6_p0_299	Map060.json	0	dialogue	ミケーネ：
MAP60_e6_p0_300	Map060.json	0	dialogue	生き返りやがった…
MAP60_e6_p0_306	Map060.json	0	dialogue	ミケーネ：
MAP60_e6_p0_307	Map060.json	0	dialogue	青龍…　
MAP60_e6_p0_308	Map060.json	0	dialogue	てめえ………！！
MAP60_e6_p0_31	Map060.json	0	dialogue	ナガレ：
MAP60_e6_p0_310	Map060.json	0	dialogue	ナガレ：
MAP60_e6_p0_311	Map060.json	0	dialogue	ホノオ！ウィン！
MAP60_e6_p0_312	Map060.json	0	dialogue	ミケーネを抑えるんだ！！
MAP60_e6_p0_313	Map060.json	0	dialogue	その間に、あたしは青龍から紋章を継承する！
MAP60_e6_p0_315	Map060.json	0	dialogue	ホノオ：
MAP60_e6_p0_316	Map060.json	0	dialogue	お！？
MAP60_e6_p0_317	Map060.json	0	dialogue	お、おう…　わかったぜ！！
MAP60_e6_p0_319	Map060.json	0	dialogue	ミケーネ：
MAP60_e6_p0_32	Map060.json	0	dialogue	うわあああああああああああ！！
MAP60_e6_p0_320	Map060.json	0	dialogue	ちい…！！
MAP60_e6_p0_34	Map060.json	0	dialogue	ホノオ：
MAP60_e6_p0_35	Map060.json	0	dialogue	龍が…！！
MAP60_e6_p0_37	Map060.json	0	dialogue	ナガレ：
MAP60_e6_p0_38	Map060.json	0	dialogue	いる…！！
MAP60_e6_p0_40	Map060.json	0	dialogue	？：
MAP60_e6_p0_41	Map060.json	0	dialogue	ええ、龍よ。
MAP60_e6_p0_42	Map060.json	0	dialogue	何千年もこの地の闇の力を司り…
MAP60_e6_p0_44	Map060.json	0	dialogue	？：
MAP60_e6_p0_45	Map060.json	0	dialogue	我々闇のエレメントの力の復活を
MAP60_e6_p0_46	Map060.json	0	dialogue	待ち続けていた…　最強の闇の結晶…
MAP60_e6_p0_47	Map060.json	0	dialogue	それが…
MAP60_e6_p0_49	Map060.json	0	dialogue	ナガレ：
MAP60_e6_p0_50	Map060.json	0	dialogue	龍！！！
MAP60_e6_p0_52	Map060.json	0	dialogue	？：
MAP60_e6_p0_53	Map060.json	0	dialogue	ええ、だからそう言っているんだけれど…
MAP60_e6_p0_55	Map060.json	0	dialogue	？：
MAP60_e6_p0_56	Map060.json	0	dialogue	誰なのあなたたちは？
MAP60_e6_p0_57	Map060.json	0	dialogue	私、いまからこの青龍さんと大事な用が
MAP60_e6_p0_58	Map060.json	0	dialogue	あるんだけれど…
MAP60_e6_p0_60	Map060.json	0	dialogue	ホノオ：
MAP60_e6_p0_61	Map060.json	0	dialogue	…え？　誰こいつ…？
MAP60_e6_p0_63	Map060.json	0	dialogue	ナガレ：
MAP60_e6_p0_64	Map060.json	0	dialogue	あ、誰かいる…。
MAP60_e6_p0_66	Map060.json	0	dialogue	？：
MAP60_e6_p0_67	Map060.json	0	dialogue	ちょっと、まさかいま気付いたの…？
MAP60_e6_p0_68	Map060.json	0	dialogue	私も龍ほどとは言えなくとも、結構派手な方の
MAP60_e6_p0_69	Map060.json	0	dialogue	つもりでいたんだけれど…
MAP60_e6_p0_71	Map060.json	0	dialogue	ホノオ：
MAP60_e6_p0_72	Map060.json	0	dialogue	…いや、だからオマエ誰だ？
MAP60_e6_p0_74	Map060.json	0	dialogue	？：
MAP60_e6_p0_75	Map060.json	0	dialogue	突然うえから落っこちといてきて…
MAP60_e6_p0_76	Map060.json	0	dialogue	こういう扱いされるのちょっと納得いかない…
MAP60_e6_p0_77	Map060.json	0	dialogue	…そこは分かっておいてね？
MAP60_e6_p0_79	Map060.json	0	dialogue	ミケーネ：
MAP60_e6_p0_80	Map060.json	0	dialogue	私は闇の四天王、ミケーネ！
MAP60_e6_p0_81	Map060.json	0	dialogue	いまからこの青龍さんの力を吸収して、
MAP60_e6_p0_82	Map060.json	0	dialogue	さっさと闇の力を開放しようというところよ！
MAP60_e6_p0_84	Map060.json	0	dialogue	ホノオ：
MAP60_e6_p0_85	Map060.json	0	dialogue	四天王だーーーーーーーーーーー！？
MAP60_e6_p0_87	Map060.json	0	dialogue	ナガレ：
MAP60_e6_p0_88	Map060.json	0	dialogue	そんなことはさせないぞ、ミケーネ！
MAP60_e6_p0_89	Map060.json	0	dialogue	こっちにもその龍に大事な用があるんでな！
MAP60_e6_p0_91	Map060.json	0	dialogue	ミケーネ：
MAP60_e6_p0_92	Map060.json	0	dialogue	そういうあなたたちは…
MAP60_e6_p0_93	Map060.json	0	dialogue	ふうん…　なるほどね。
MAP60_e6_p0_95	Map060.json	0	dialogue	ミケーネ：
MAP60_e6_p0_96	Map060.json	0	dialogue	紋章の継承者のようね。
MAP60_e6_p0_97	Map060.json	0	dialogue	あなたたちから、火と風のエレメントパワーを
MAP60_e6_p0_98	Map060.json	0	dialogue	感じるわ。
MAP60_e6_p1_10	Map060.json	0	dialogue	ミケーネ：
MAP60_e6_p1_105	Map060.json	0	dialogue	ナガレ：
MAP60_e6_p1_106	Map060.json	0	dialogue	ここまでだ！ミケーネ！！
MAP60_e6_p1_109	Map060.json	0	dialogue	ミケーネ：
MAP60_e6_p1_11	Map060.json	0	dialogue	させるかーー！！
MAP60_e6_p1_110	Map060.json	0	dialogue	………負けたわ。
MAP60_e6_p1_112	Map060.json	0	dialogue	ホノオ：
MAP60_e6_p1_113	Map060.json	0	dialogue	やったぜ！！
MAP60_e6_p1_115	Map060.json	0	dialogue	ナガレ：
MAP60_e6_p1_116	Map060.json	0	dialogue	闇のエレメントの復活…
MAP60_e6_p1_117	Map060.json	0	dialogue	これで弱まったんだな？
MAP60_e6_p1_121	Map060.json	0	dialogue	ミケーネ：
MAP60_e6_p1_122	Map060.json	0	dialogue	そうね…。
MAP60_e6_p1_123	Map060.json	0	dialogue	最強の闇の結晶である青龍が手に入らなかった
MAP60_e6_p1_124	Map060.json	0	dialogue	のは、大きいわ。
MAP60_e6_p1_126	Map060.json	0	dialogue	ホノオ：
MAP60_e6_p1_127	Map060.json	0	dialogue	じゃあこれで、復活を阻止できたのか…？
MAP60_e6_p1_129	Map060.json	0	dialogue	ミケーネ：
MAP60_e6_p1_130	Map060.json	0	dialogue	…あなたたち、一体どこまで知っているの？
MAP60_e6_p1_132	Map060.json	0	dialogue	ナガレ：
MAP60_e6_p1_133	Map060.json	0	dialogue	………。
MAP60_e6_p1_135	Map060.json	0	dialogue	ホノオ：
MAP60_e6_p1_136	Map060.json	0	dialogue	う…。
MAP60_e6_p1_140	Map060.json	0	dialogue	ミケーネ：
MAP60_e6_p1_141	Map060.json	0	dialogue	これから何が起こるのか…
MAP60_e6_p1_142	Map060.json	0	dialogue	わかっていない感じに見えるんだけれど？
MAP60_e6_p1_144	Map060.json	0	dialogue	ナガレ：
MAP60_e6_p1_145	Map060.json	0	dialogue	何が起こる…？
MAP60_e6_p1_147	Map060.json	0	dialogue	ミケーネ：
MAP60_e6_p1_148	Map060.json	0	dialogue	あなたたちが、これだけ早く継承者を揃えた
MAP60_e6_p1_149	Map060.json	0	dialogue	ものだから…
MAP60_e6_p1_15	Map060.json	0	dialogue	ホノオ：
MAP60_e6_p1_150	Map060.json	0	dialogue	もう少し知っているのかと思ったけれど、
MAP60_e6_p1_153	Map060.json	0	dialogue	ミケーネ：
MAP60_e6_p1_154	Map060.json	0	dialogue	そう…
MAP60_e6_p1_155	Map060.json	0	dialogue	何も知らないのね。
MAP60_e6_p1_157	Map060.json	0	dialogue	ホノオ：
MAP60_e6_p1_158	Map060.json	0	dialogue	な、なんだよ…
MAP60_e6_p1_159	Map060.json	0	dialogue	何が起こるってんだよーーー！？
MAP60_e6_p1_16	Map060.json	0	dialogue	おっと！
MAP60_e6_p1_162	Map060.json	0	dialogue	ミケーネ：
MAP60_e6_p1_163	Map060.json	0	dialogue	それなら…
MAP60_e6_p1_164	Map060.json	0	dialogue	まだ全然なんとかなるわね。
MAP60_e6_p1_166	Map060.json	0	dialogue	ミケーネ：
MAP60_e6_p1_167	Map060.json	0	dialogue	はあ、おかげですっかり頭が冷えたわ。
MAP60_e6_p1_168	Map060.json	0	dialogue	そうなったら、ここで時間を潰してられない。
MAP60_e6_p1_17	Map060.json	0	dialogue	背中を見せたら、後ろから叩っきるぜ！！
MAP60_e6_p1_170	Map060.json	0	dialogue	ホノオ：
MAP60_e6_p1_171	Map060.json	0	dialogue	あっ！！　消えるぞコイツ！！
MAP60_e6_p1_173	Map060.json	0	dialogue	ナガレ：
MAP60_e6_p1_174	Map060.json	0	dialogue	消える…？
MAP60_e6_p1_176	Map060.json	0	dialogue	ホノオ：
MAP60_e6_p1_177	Map060.json	0	dialogue	コイツら、四天王は、倒しても消えて
MAP60_e6_p1_178	Map060.json	0	dialogue	どっかにいっちまうんだよ！！
MAP60_e6_p1_179	Map060.json	0	dialogue	前のときもそうだったぜ！！
MAP60_e6_p1_181	Map060.json	0	dialogue	ナガレ：
MAP60_e6_p1_182	Map060.json	0	dialogue	なんだと…　なら、早くトドメを…！！
MAP60_e6_p1_184	Map060.json	0	dialogue	ミケーネ：
MAP60_e6_p1_185	Map060.json	0	dialogue	そういうこと…
MAP60_e6_p1_186	Map060.json	0	dialogue	じゃあね、あなたたち。
MAP60_e6_p1_187	Map060.json	0	dialogue	また会えることを願ってるわ…　本当よ。
MAP60_e6_p1_19	Map060.json	0	dialogue	ミケーネ：
MAP60_e6_p1_20	Map060.json	0	dialogue	えーい！！邪魔をするなああああああああ！！
MAP60_e6_p1_22	Map060.json	0	dialogue	ナガレ：
MAP60_e6_p1_23	Map060.json	0	dialogue	さあ、青龍！
MAP60_e6_p1_24	Map060.json	0	dialogue	急いでわたしに、紋章を…！！
MAP60_e6_p1_26	Map060.json	0	dialogue	青龍：
MAP60_e6_p1_27	Map060.json	0	dialogue	わかった…！！
MAP60_e6_p1_43	Map060.json	0	dialogue	　ナガレは、イヤシとイノチとテッペキの魔法をおぼえた！
MAP60_e6_p1_45	Map060.json	0	dialogue	ナガレ：
MAP60_e6_p1_46	Map060.json	0	dialogue	この力が…　本当の紋章の力か…！！
MAP60_e6_p1_52	Map060.json	0	dialogue	青龍：
MAP60_e6_p1_53	Map060.json	0	dialogue	さあ…　みんなでミケーネを…　たおすんだ…！
MAP60_e6_p1_55	Map060.json	0	dialogue	ナガレ：
MAP60_e6_p1_56	Map060.json	0	dialogue	よくもあたしを殺してくれたなあ…
MAP60_e6_p1_57	Map060.json	0	dialogue	ミケーネ…！！
MAP60_e6_p1_61	Map060.json	0	dialogue	ミケーネ：
MAP60_e6_p1_62	Map060.json	0	dialogue	ええい…みすみす継承させてしまうとは…
MAP60_e6_p1_63	Map060.json	0	dialogue	あたいとしたことが、とんだ大失態だ…！！
MAP60_e6_p1_65	Map060.json	0	dialogue	ナガレ：
MAP60_e6_p1_66	Map060.json	0	dialogue	てめえ、もう覚悟、できてるよなあ…？
MAP60_e6_p1_67	Map060.json	0	dialogue	あたしは紋章の力をまだ使ったことがないんだ
MAP60_e6_p1_69	Map060.json	0	dialogue	だからもちろん、手加減はできないし…
MAP60_e6_p1_70	Map060.json	0	dialogue	そして当然、手加減する気もない。
MAP60_e6_p1_72	Map060.json	0	dialogue	つまり、あたしもあんたを…
MAP60_e6_p1_73	Map060.json	0	dialogue	ころしちまうかも知れねえぞ、ってことだ…
MAP60_e6_p1_74	Map060.json	0	dialogue	…わかってるよなあーーーーーー！！？
MAP60_e6_p1_76	Map060.json	0	dialogue	ミケーネ：
MAP60_e6_p1_77	Map060.json	0	dialogue	あんだあ？この小娘がああああああああ！
MAP60_e6_p1_78	Map060.json	0	dialogue	ちょっと生き返ったからって、
MAP60_e6_p1_79	Map060.json	0	dialogue	えらくちょうしくれやがってよお……！！
MAP60_e6_p1_81	Map060.json	0	dialogue	上等じゃねえかコラーーーーーー！！！！
MAP60_e6_p1_82	Map060.json	0	dialogue	しにてえやつはまとめてかかってこいや…
MAP60_e6_p1_83	Map060.json	0	dialogue	コラああああああああああ！！！！！！！！
MAP60_e6_p1_85	Map060.json	0	dialogue	ホノオ：
MAP60_e6_p1_86	Map060.json	0	dialogue	こ、こええ………！！
MAP60_e6_p1_87	Map060.json	0	dialogue	でもそんなこと言ってる場合じゃねえ…
MAP60_e6_p1_88	Map060.json	0	dialogue	ウィン、オレたちも行くぞ！！
MAP60_e6_p1_90	Map060.json	0	dialogue	ウィン：
MAP60_e6_p1_91	Map060.json	0	dialogue	…。
MAP60_e6_p1_94	Map060.json	0	dialogue	　　　　　　　　　　ウィンは頷いた！
MAP60_e6_p2_10	Map060.json	0	dialogue	ミケーネ：
MAP60_e6_p2_100	Map060.json	0	dialogue	何言ってるかわかんねえ…！！
MAP60_e6_p2_101	Map060.json	0	dialogue	う、ウィン、オレたちも行くぞ！！
MAP60_e6_p2_103	Map060.json	0	dialogue	ウィン：
MAP60_e6_p2_104	Map060.json	0	dialogue	…。
MAP60_e6_p2_107	Map060.json	0	dialogue	　　　　　　　　　　ウィンは頷いた！
MAP60_e6_p2_11	Map060.json	0	dialogue	やらせるかああああああーーッ！！！！
MAP60_e6_p2_118	Map060.json	0	dialogue	ナガレ：
MAP60_e6_p2_119	Map060.json	0	dialogue	ここまでだ！ミケーネ！！
MAP60_e6_p2_12	Map060.json	0	dialogue	くおおおおおらああああ！！！！
MAP60_e6_p2_122	Map060.json	0	dialogue	ミケーネ：
MAP60_e6_p2_123	Map060.json	0	dialogue	………信じられない…
MAP60_e6_p2_124	Map060.json	0	dialogue	この短期間でここまでの力を持っているとは…
MAP60_e6_p2_126	Map060.json	0	dialogue	ホノオ：
MAP60_e6_p2_127	Map060.json	0	dialogue	やったぜ！！
MAP60_e6_p2_129	Map060.json	0	dialogue	ナガレ：
MAP60_e6_p2_130	Map060.json	0	dialogue	闇のエレメントの復活…
MAP60_e6_p2_131	Map060.json	0	dialogue	これで弱まったんだな？
MAP60_e6_p2_135	Map060.json	0	dialogue	ミケーネ：
MAP60_e6_p2_136	Map060.json	0	dialogue	そうね…。
MAP60_e6_p2_137	Map060.json	0	dialogue	最強の闇の結晶である青龍が手に入らなかった
MAP60_e6_p2_138	Map060.json	0	dialogue	のは、大きいわ。
MAP60_e6_p2_140	Map060.json	0	dialogue	ホノオ：
MAP60_e6_p2_141	Map060.json	0	dialogue	じゃあこれで、復活を阻止できたのか…？
MAP60_e6_p2_143	Map060.json	0	dialogue	ミケーネ：
MAP60_e6_p2_144	Map060.json	0	dialogue	…あなたたち、一体どこまで知っているの？
MAP60_e6_p2_146	Map060.json	0	dialogue	ナガレ：
MAP60_e6_p2_147	Map060.json	0	dialogue	………。
MAP60_e6_p2_149	Map060.json	0	dialogue	ホノオ：
MAP60_e6_p2_150	Map060.json	0	dialogue	う…。
MAP60_e6_p2_154	Map060.json	0	dialogue	ミケーネ：
MAP60_e6_p2_155	Map060.json	0	dialogue	これから何が起こるのか…
MAP60_e6_p2_156	Map060.json	0	dialogue	わかっていない感じに見えるんだけれど？
MAP60_e6_p2_158	Map060.json	0	dialogue	ナガレ：
MAP60_e6_p2_159	Map060.json	0	dialogue	何が起こる…？
MAP60_e6_p2_16	Map060.json	0	dialogue	ホノオ：
MAP60_e6_p2_161	Map060.json	0	dialogue	ミケーネ：
MAP60_e6_p2_162	Map060.json	0	dialogue	あなたたちが、これだけ早く継承者を揃えた
MAP60_e6_p2_163	Map060.json	0	dialogue	ものだから…
MAP60_e6_p2_164	Map060.json	0	dialogue	もう少し知っているのかと思ったけれど、
MAP60_e6_p2_167	Map060.json	0	dialogue	ミケーネ：
MAP60_e6_p2_168	Map060.json	0	dialogue	そう…
MAP60_e6_p2_169	Map060.json	0	dialogue	何も知らないのね。
MAP60_e6_p2_17	Map060.json	0	dialogue	おっと！
MAP60_e6_p2_171	Map060.json	0	dialogue	ホノオ：
MAP60_e6_p2_172	Map060.json	0	dialogue	な、なんだよ…
MAP60_e6_p2_173	Map060.json	0	dialogue	何が起こるってんだよーーー！？
MAP60_e6_p2_176	Map060.json	0	dialogue	ミケーネ：
MAP60_e6_p2_177	Map060.json	0	dialogue	それなら…
MAP60_e6_p2_178	Map060.json	0	dialogue	まだ全然なんとかなるわね。
MAP60_e6_p2_18	Map060.json	0	dialogue	背中を見せたら、後ろから叩っきるぜ！！
MAP60_e6_p2_180	Map060.json	0	dialogue	ミケーネ：
MAP60_e6_p2_181	Map060.json	0	dialogue	はあ、おかげですっかり頭が冷えたわ。
MAP60_e6_p2_182	Map060.json	0	dialogue	そうなったら、ここで時間を潰してられない。
MAP60_e6_p2_184	Map060.json	0	dialogue	ホノオ：
MAP60_e6_p2_185	Map060.json	0	dialogue	あっ！！　消えるぞコイツ！！
MAP60_e6_p2_187	Map060.json	0	dialogue	ナガレ：
MAP60_e6_p2_188	Map060.json	0	dialogue	消える…？
MAP60_e6_p2_190	Map060.json	0	dialogue	ホノオ：
MAP60_e6_p2_191	Map060.json	0	dialogue	コイツら、四天王は、倒しても消えて
MAP60_e6_p2_192	Map060.json	0	dialogue	どっかにいっちまうんだよ！！
MAP60_e6_p2_193	Map060.json	0	dialogue	前のときもそうだったぜ！！
MAP60_e6_p2_195	Map060.json	0	dialogue	ナガレ：
MAP60_e6_p2_196	Map060.json	0	dialogue	なんだと…　なら、早くトドメを…！！
MAP60_e6_p2_198	Map060.json	0	dialogue	ミケーネ：
MAP60_e6_p2_199	Map060.json	0	dialogue	そういうこと…
MAP60_e6_p2_20	Map060.json	0	dialogue	ミケーネ：
MAP60_e6_p2_200	Map060.json	0	dialogue	じゃあね、あなたたち。
MAP60_e6_p2_201	Map060.json	0	dialogue	また会えることを願ってるわ…　本当よ。
MAP60_e6_p2_21	Map060.json	0	dialogue	えーい！！邪魔をするなああああああああ！！
MAP60_e6_p2_23	Map060.json	0	dialogue	ナガレ：
MAP60_e6_p2_24	Map060.json	0	dialogue	さあ、青龍！
MAP60_e6_p2_25	Map060.json	0	dialogue	急いでわたしに、紋章を…！！
MAP60_e6_p2_27	Map060.json	0	dialogue	青龍：
MAP60_e6_p2_28	Map060.json	0	dialogue	おっけーりょーーーかーーーーい
MAP60_e6_p2_44	Map060.json	0	dialogue	　ナガレは、イヤシとイノチとテッペキの魔法をおぼえた！
MAP60_e6_p2_46	Map060.json	0	dialogue	ナガレ：
MAP60_e6_p2_47	Map060.json	0	dialogue	この感覚…なんて清々しい気分なんだ…
MAP60_e6_p2_48	Map060.json	0	dialogue	内から静かにこんこんと湧き出る鋭気…
MAP60_e6_p2_49	Map060.json	0	dialogue	この力が…　本当の紋章の力か…！！
MAP60_e6_p2_55	Map060.json	0	dialogue	青龍：
MAP60_e6_p2_56	Map060.json	0	dialogue	さあ…　
MAP60_e6_p2_57	Map060.json	0	dialogue	みんなでミケーネを…　ぶっ飛ばせーーー！！
MAP60_e6_p2_59	Map060.json	0	dialogue	ナガレ：
MAP60_e6_p2_60	Map060.json	0	dialogue	よくもあたしを殺してくれたよなあ…
MAP60_e6_p2_61	Map060.json	0	dialogue	おい、ミケーネ…！！
MAP60_e6_p2_65	Map060.json	0	dialogue	ミケーネ：
MAP60_e6_p2_66	Map060.json	0	dialogue	ええい…みすみす継承させてしまうとは…
MAP60_e6_p2_67	Map060.json	0	dialogue	あたいとしたことが、とんだ大失態だ…！！
MAP60_e6_p2_69	Map060.json	0	dialogue	ナガレ：
MAP60_e6_p2_70	Map060.json	0	dialogue	てめえ…もう覚悟、できてるよなあ…？
MAP60_e6_p2_71	Map060.json	0	dialogue	あたしは紋章の力をまだ使ったことがない…
MAP60_e6_p2_73	Map060.json	0	dialogue	だからもちろん、手加減はできないし…
MAP60_e6_p2_74	Map060.json	0	dialogue	そして当然、手加減する気もない。
MAP60_e6_p2_76	Map060.json	0	dialogue	つまり、あたしもあんたを…
MAP60_e6_p2_77	Map060.json	0	dialogue	ころしちまうかも知れねえぞ、ってことだ…
MAP60_e6_p2_78	Map060.json	0	dialogue	…わかってるよなあーーーーーー！！？
MAP60_e6_p2_80	Map060.json	0	dialogue	ミケーネ：
MAP60_e6_p2_81	Map060.json	0	dialogue	あんだあ？この小娘がああああああああ！
MAP60_e6_p2_82	Map060.json	0	dialogue	ちょっと生き返ったからって、
MAP60_e6_p2_83	Map060.json	0	dialogue	えらくちょうしくれやがってよお……！！
MAP60_e6_p2_85	Map060.json	0	dialogue	上等じゃねえかコラーーーーーー！！！！
MAP60_e6_p2_86	Map060.json	0	dialogue	しにてえやつはまとめてかかってこいや…
MAP60_e6_p2_87	Map060.json	0	dialogue	コラああああああああああ！！！！！！！！
MAP60_e6_p2_89	Map060.json	0	dialogue	ナガレ：
MAP60_e6_p2_90	Map060.json	0	dialogue	うるせえんだよピーピーガーガーと…
MAP60_e6_p2_91	Map060.json	0	dialogue	耳障りなんだよ、てめえのその甲高い声が…
MAP60_e6_p2_92	Map060.json	0	dialogue	御託は良いから、さっさとかかってこい！！
MAP60_e6_p2_94	Map060.json	0	dialogue	ミケーネ：
MAP60_e6_p2_95	Map060.json	0	dialogue	ちくしょテメコラァぁあああああん！！！？？
MAP60_e6_p2_96	Map060.json	0	dialogue	上等だ秒で始末したらぞおおオアァァン！？？
MAP60_e6_p2_98	Map060.json	0	dialogue	ホノオ：
MAP60_e6_p2_99	Map060.json	0	dialogue	こ、こええ………！！
MAP60_e7_name	Map060.json	event name	name	ナガレ
MAP60_e8_p1_3	Map060.json	0	dialogue	ホノオ：
MAP60_e8_p1_4	Map060.json	0	dialogue	ほら…な？
MAP60_e8_p1_6	Map060.json	0	dialogue	ナガレ：
MAP60_e8_p1_7	Map060.json	0	dialogue	みすみす逃がしてしまうとは…
MAP60_e8_p1_8	Map060.json	0	dialogue	うかつだった…！！
MAP60_e9_name	Map060.json	event name	name	ナガレ死体
MAP61_displayName	Map061.json	display name	mapname	セイリュー領主の村　
MAP61_e10_p1_2	Map061.json	0	dialogue	　　　　ハヤテを使えば目的地にすぐに行けるな
MAP61_e10_p1_3	Map061.json	0	dialogue	　　　　　　　　…と、ウィンは思った
MAP61_e10_p1_4_c0	Map061.json	choice	choice	ハヤテを使おう
MAP61_e10_p1_4_c1	Map061.json	choice	choice	使わなくていいや
MAP61_e10_p1_6_c0	Map061.json	choice	choice	ウィンダム城
MAP61_e10_p1_6_c1	Map061.json	choice	choice	フレイム城
MAP61_e10_p1_6_c2	Map061.json	choice	choice	旅の宿屋
MAP61_e10_p1_6_c3	Map061.json	choice	choice	南の採石場
MAP61_e10_p2_2	Map061.json	0	dialogue	　　　　ハヤテを使えば目的地にすぐに行けるな
MAP61_e10_p2_3	Map061.json	0	dialogue	　　　　　　　　…と、ウィンは思った
MAP61_e10_p2_4_c0	Map061.json	choice	choice	ハヤテを使おう
MAP61_e10_p2_4_c1	Map061.json	choice	choice	使わなくていいや
MAP61_e10_p2_6_c0	Map061.json	choice	choice	ウィンダム城
MAP61_e10_p2_6_c1	Map061.json	choice	choice	フレイム城
MAP61_e10_p2_6_c2	Map061.json	choice	choice	旅の宿屋
MAP61_e10_p2_6_c3	Map061.json	choice	choice	南の採石場
MAP61_e10_p2_6_c4	Map061.json	choice	choice	暗黒大陸の廃墟
MAP61_e11_p1_2	Map061.json	0	dialogue	　　　　ハヤテを使えば目的地にすぐに行けるな
MAP61_e11_p1_3	Map061.json	0	dialogue	　　　　　　　　…と、ウィンは思った
MAP61_e11_p1_4_c0	Map061.json	choice	choice	ハヤテを使おう
MAP61_e11_p1_4_c1	Map061.json	choice	choice	使わなくていいや
MAP61_e11_p1_6_c0	Map061.json	choice	choice	ウィンダム城
MAP61_e11_p1_6_c1	Map061.json	choice	choice	フレイム城
MAP61_e11_p1_6_c2	Map061.json	choice	choice	旅の宿屋
MAP61_e11_p1_6_c3	Map061.json	choice	choice	南の採石場
MAP61_e11_p2_2	Map061.json	0	dialogue	　　　　ハヤテを使えば目的地にすぐに行けるな
MAP61_e11_p2_3	Map061.json	0	dialogue	　　　　　　　　…と、ウィンは思った
MAP61_e11_p2_4_c0	Map061.json	choice	choice	ハヤテを使おう
MAP61_e11_p2_4_c1	Map061.json	choice	choice	使わなくていいや
MAP61_e11_p2_6_c0	Map061.json	choice	choice	ウィンダム城
MAP61_e11_p2_6_c1	Map061.json	choice	choice	フレイム城
MAP61_e11_p2_6_c2	Map061.json	choice	choice	旅の宿屋
MAP61_e11_p2_6_c3	Map061.json	choice	choice	南の採石場
MAP61_e11_p2_6_c4	Map061.json	choice	choice	暗黒大陸の廃墟
MAP61_e12_p1_2	Map061.json	0	dialogue	　　　　ハヤテを使えば目的地にすぐに行けるな
MAP61_e12_p1_3	Map061.json	0	dialogue	　　　　　　　　…と、ウィンは思った
MAP61_e12_p1_4_c0	Map061.json	choice	choice	ハヤテを使おう
MAP61_e12_p1_4_c1	Map061.json	choice	choice	使わなくていいや
MAP61_e12_p1_6_c0	Map061.json	choice	choice	ウィンダム城
MAP61_e12_p1_6_c1	Map061.json	choice	choice	フレイム城
MAP61_e12_p1_6_c2	Map061.json	choice	choice	旅の宿屋
MAP61_e12_p1_6_c3	Map061.json	choice	choice	南の採石場
MAP61_e12_p2_2	Map061.json	0	dialogue	　　　　ハヤテを使えば目的地にすぐに行けるな
MAP61_e12_p2_3	Map061.json	0	dialogue	　　　　　　　　…と、ウィンは思った
MAP61_e12_p2_4_c0	Map061.json	choice	choice	ハヤテを使おう
MAP61_e12_p2_4_c1	Map061.json	choice	choice	使わなくていいや
MAP61_e12_p2_6_c0	Map061.json	choice	choice	ウィンダム城
MAP61_e12_p2_6_c1	Map061.json	choice	choice	フレイム城
MAP61_e12_p2_6_c2	Map061.json	choice	choice	旅の宿屋
MAP61_e12_p2_6_c3	Map061.json	choice	choice	南の採石場
MAP61_e12_p2_6_c4	Map061.json	choice	choice	暗黒大陸の廃墟
MAP61_e13_p1_2	Map061.json	0	dialogue	　　　　ハヤテを使えば目的地にすぐに行けるな
MAP61_e13_p1_3	Map061.json	0	dialogue	　　　　　　　　…と、ウィンは思った
MAP61_e13_p1_4_c0	Map061.json	choice	choice	ハヤテを使おう
MAP61_e13_p1_4_c1	Map061.json	choice	choice	使わなくていいや
MAP61_e13_p1_6_c0	Map061.json	choice	choice	ウィンダム城
MAP61_e13_p1_6_c1	Map061.json	choice	choice	フレイム城
MAP61_e13_p1_6_c2	Map061.json	choice	choice	旅の宿屋
MAP61_e13_p1_6_c3	Map061.json	choice	choice	南の採石場
MAP61_e13_p2_2	Map061.json	0	dialogue	　　　　ハヤテを使えば目的地にすぐに行けるな
MAP61_e13_p2_3	Map061.json	0	dialogue	　　　　　　　　…と、ウィンは思った
MAP61_e13_p2_4_c0	Map061.json	choice	choice	ハヤテを使おう
MAP61_e13_p2_4_c1	Map061.json	choice	choice	使わなくていいや
MAP61_e13_p2_6_c0	Map061.json	choice	choice	ウィンダム城
MAP61_e13_p2_6_c1	Map061.json	choice	choice	フレイム城
MAP61_e13_p2_6_c2	Map061.json	choice	choice	旅の宿屋
MAP61_e13_p2_6_c3	Map061.json	choice	choice	南の採石場
MAP61_e13_p2_6_c4	Map061.json	choice	choice	暗黒大陸の廃墟
MAP61_e14_p1_2	Map061.json	0	dialogue	　　　　ハヤテを使えば目的地にすぐに行けるな
MAP61_e14_p1_3	Map061.json	0	dialogue	　　　　　　　　…と、ウィンは思った
MAP61_e14_p1_4_c0	Map061.json	choice	choice	ハヤテを使おう
MAP61_e14_p1_4_c1	Map061.json	choice	choice	使わなくていいや
MAP61_e14_p1_6_c0	Map061.json	choice	choice	ウィンダム城
MAP61_e14_p1_6_c1	Map061.json	choice	choice	フレイム城
MAP61_e14_p1_6_c2	Map061.json	choice	choice	旅の宿屋
MAP61_e14_p1_6_c3	Map061.json	choice	choice	南の採石場
MAP61_e14_p2_2	Map061.json	0	dialogue	　　　　ハヤテを使えば目的地にすぐに行けるな
MAP61_e14_p2_3	Map061.json	0	dialogue	　　　　　　　　…と、ウィンは思った
MAP61_e14_p2_4_c0	Map061.json	choice	choice	ハヤテを使おう
MAP61_e14_p2_4_c1	Map061.json	choice	choice	使わなくていいや
MAP61_e14_p2_6_c0	Map061.json	choice	choice	ウィンダム城
MAP61_e14_p2_6_c1	Map061.json	choice	choice	フレイム城
MAP61_e14_p2_6_c2	Map061.json	choice	choice	旅の宿屋
MAP61_e14_p2_6_c3	Map061.json	choice	choice	南の採石場
MAP61_e14_p2_6_c4	Map061.json	choice	choice	暗黒大陸の廃墟
MAP61_e15_p1_2	Map061.json	0	dialogue	　　　　ハヤテを使えば目的地にすぐに行けるな
MAP61_e15_p1_3	Map061.json	0	dialogue	　　　　　　　　…と、ウィンは思った
MAP61_e15_p1_4_c0	Map061.json	choice	choice	ハヤテを使おう
MAP61_e15_p1_4_c1	Map061.json	choice	choice	使わなくていいや
MAP61_e15_p1_6_c0	Map061.json	choice	choice	ウィンダム城
MAP61_e15_p1_6_c1	Map061.json	choice	choice	フレイム城
MAP61_e15_p1_6_c2	Map061.json	choice	choice	旅の宿屋
MAP61_e15_p1_6_c3	Map061.json	choice	choice	南の採石場
MAP61_e15_p2_2	Map061.json	0	dialogue	　　　　ハヤテを使えば目的地にすぐに行けるな
MAP61_e15_p2_3	Map061.json	0	dialogue	　　　　　　　　…と、ウィンは思った
MAP61_e15_p2_4_c0	Map061.json	choice	choice	ハヤテを使おう
MAP61_e15_p2_4_c1	Map061.json	choice	choice	使わなくていいや
MAP61_e15_p2_6_c0	Map061.json	choice	choice	ウィンダム城
MAP61_e15_p2_6_c1	Map061.json	choice	choice	フレイム城
MAP61_e15_p2_6_c2	Map061.json	choice	choice	旅の宿屋
MAP61_e15_p2_6_c3	Map061.json	choice	choice	南の採石場
MAP61_e15_p2_6_c4	Map061.json	choice	choice	暗黒大陸の廃墟
MAP61_e16_p1_2	Map061.json	0	dialogue	　　　　ハヤテを使えば目的地にすぐに行けるな
MAP61_e16_p1_3	Map061.json	0	dialogue	　　　　　　　　…と、ウィンは思った
MAP61_e16_p1_4_c0	Map061.json	choice	choice	ハヤテを使おう
MAP61_e16_p1_4_c1	Map061.json	choice	choice	使わなくていいや
MAP61_e16_p1_6_c0	Map061.json	choice	choice	ウィンダム城
MAP61_e16_p1_6_c1	Map061.json	choice	choice	フレイム城
MAP61_e16_p1_6_c2	Map061.json	choice	choice	旅の宿屋
MAP61_e16_p1_6_c3	Map061.json	choice	choice	南の採石場
MAP61_e16_p2_2	Map061.json	0	dialogue	　　　　ハヤテを使えば目的地にすぐに行けるな
MAP61_e16_p2_3	Map061.json	0	dialogue	　　　　　　　　…と、ウィンは思った
MAP61_e16_p2_4_c0	Map061.json	choice	choice	ハヤテを使おう
MAP61_e16_p2_4_c1	Map061.json	choice	choice	使わなくていいや
MAP61_e16_p2_6_c0	Map061.json	choice	choice	ウィンダム城
MAP61_e16_p2_6_c1	Map061.json	choice	choice	フレイム城
MAP61_e16_p2_6_c2	Map061.json	choice	choice	旅の宿屋
MAP61_e16_p2_6_c3	Map061.json	choice	choice	南の採石場
MAP61_e16_p2_6_c4	Map061.json	choice	choice	暗黒大陸の廃墟
MAP61_e17_p1_2	Map061.json	0	dialogue	　　　　ハヤテを使えば目的地にすぐに行けるな
MAP61_e17_p1_3	Map061.json	0	dialogue	　　　　　　　　…と、ウィンは思った
MAP61_e17_p1_4_c0	Map061.json	choice	choice	ハヤテを使おう
MAP61_e17_p1_4_c1	Map061.json	choice	choice	使わなくていいや
MAP61_e17_p1_6_c0	Map061.json	choice	choice	ウィンダム城
MAP61_e17_p1_6_c1	Map061.json	choice	choice	フレイム城
MAP61_e17_p1_6_c2	Map061.json	choice	choice	旅の宿屋
MAP61_e17_p1_6_c3	Map061.json	choice	choice	南の採石場
MAP61_e17_p2_2	Map061.json	0	dialogue	　　　　ハヤテを使えば目的地にすぐに行けるな
MAP61_e17_p2_3	Map061.json	0	dialogue	　　　　　　　　…と、ウィンは思った
MAP61_e17_p2_4_c0	Map061.json	choice	choice	ハヤテを使おう
MAP61_e17_p2_4_c1	Map061.json	choice	choice	使わなくていいや
MAP61_e17_p2_6_c0	Map061.json	choice	choice	ウィンダム城
MAP61_e17_p2_6_c1	Map061.json	choice	choice	フレイム城
MAP61_e17_p2_6_c2	Map061.json	choice	choice	旅の宿屋
MAP61_e17_p2_6_c3	Map061.json	choice	choice	南の採石場
MAP61_e17_p2_6_c4	Map061.json	choice	choice	暗黒大陸の廃墟
MAP61_e18_name	Map061.json	event name	name	トリカゼ
MAP61_e18_p1_1	Map061.json	0	dialogue	トリカゼ：
MAP61_e18_p1_2	Map061.json	0	dialogue	宿はなんとか営業中だぜ。
MAP61_e18_p1_3	Map061.json	0	dialogue	営業中っていうか、避難所みたいなもんだけど
MAP61_e18_p1_5	Map061.json	0	dialogue	トリカゼ：
MAP61_e18_p1_6	Map061.json	0	dialogue	ここはあたしがちゃーんと見張ってるから、
MAP61_e18_p1_7	Map061.json	0	dialogue	あんたらは使命とか何とかを頑張んな！
MAP61_e19_name	Map061.json	event name	name	マハリ
MAP61_e19_p1_1	Map061.json	0	dialogue	マハリ：
MAP61_e19_p1_2	Map061.json	0	dialogue	雨、やみそうにないですね…
MAP61_e19_p1_4	Map061.json	0	dialogue	マハリ：
MAP61_e19_p1_5	Map061.json	0	dialogue	あ、いえ、すいません…
MAP61_e19_p1_6	Map061.json	0	dialogue	別に変な意味で言ったんじゃ…
MAP61_e19_p1_7	Map061.json	0	dialogue	…ご武運をお祈りしています！
MAP61_e20_p1_1	Map061.json	0	dialogue	ホノオ：
MAP61_e20_p1_11	Map061.json	1	dialogue	ホノオ：
MAP61_e20_p1_12	Map061.json	1	dialogue	よし…　じゃあ行くか！
MAP61_e20_p1_14	Map061.json	1	dialogue	ナガレ：
MAP61_e20_p1_15	Map061.json	1	dialogue	ウィン…　あんたには礼を言いたいが…
MAP61_e20_p1_16	Map061.json	1	dialogue	いまは言わないぞ。
MAP61_e20_p1_18	Map061.json	1	dialogue	ホノオ：
MAP61_e20_p1_19	Map061.json	1	dialogue	オレもだ、ウィン！
MAP61_e20_p1_2	Map061.json	0	dialogue	…ここからは、ウィンと、オレたちで別行動だ
MAP61_e20_p1_20	Map061.json	1	dialogue	だって、またすぐに集まって、
MAP61_e20_p1_21	Map061.json	1	dialogue	闇のエレメントを倒さないとだからな！
MAP61_e20_p1_23	Map061.json	1	dialogue	ウィン：
MAP61_e20_p1_24	Map061.json	1	dialogue	…。
MAP61_e20_p1_27	Map061.json	1	dialogue	　　　　　　　　　　ウィンは頷いた！
MAP61_e20_p1_29	Map061.json	1	dialogue	ナガレ：
MAP61_e20_p1_30	Map061.json	1	dialogue	よし、行こう！
MAP61_e20_p1_32	Map061.json	1	dialogue	ホノオ：
MAP61_e20_p1_33	Map061.json	1	dialogue	おう！！
MAP61_e20_p1_4	Map061.json	0	dialogue	ナガレ：
MAP61_e20_p1_5	Map061.json	0	dialogue	出発するなら、先にここで買い物を済ませて
MAP61_e20_p1_6	Map061.json	0	dialogue	おこう。向こうに着いたらそれどころじゃない
MAP61_e20_p1_7	Map061.json	0	dialogue	可能性もあるからな。
MAP61_e20_p1_8_c0	Map061.json	choice	choice	出発しよう
MAP61_e20_p1_8_c1	Map061.json	choice	choice	まだ準備しよう
MAP61_e39_p0_1	Map061.json	0	dialogue	北の村のオルジ：
MAP61_e39_p0_2	Map061.json	0	dialogue	狩場に魔物が出まくってて、しばらく
MAP61_e39_p0_3	Map061.json	0	dialogue	ここは通行止めにさせてもらってる。
MAP61_e39_p1_1	Map061.json	0	dialogue	北の村のオルジ：
MAP61_e39_p1_10	Map061.json	0	dialogue	任せておいてくれると助かるよ。
MAP61_e39_p1_12	Map061.json	0	dialogue	ナガレ：
MAP61_e39_p1_13	Map061.json	0	dialogue	分かった。でも、狩り以外でも何か助けが
MAP61_e39_p1_14	Map061.json	0	dialogue	いるなら、気兼ねしないで話してくれよ？
MAP61_e39_p1_2	Map061.json	0	dialogue	狩場に魔物が出まくってて、しばらく
MAP61_e39_p1_3	Map061.json	0	dialogue	ここは通行止めにさせてもらってる。
MAP61_e39_p1_5	Map061.json	0	dialogue	ナガレ：
MAP61_e39_p1_6	Map061.json	0	dialogue	北の村でもか…。助けはいらないのか？
MAP61_e39_p1_8	Map061.json	0	dialogue	北の村のオルジ：
MAP61_e39_p1_9	Map061.json	0	dialogue	ああ、むしろ狩人たちの邪魔になるから、
MAP61_e49_name	Map061.json	event name	name	泥棒はずれ
MAP61_e49_p0_1	Map061.json	0	dialogue	持ち出して役に立つようなものは何も見つけられなかった…
MAP61_e50_name	Map061.json	event name	name	泥棒はずれ
MAP61_e50_p0_1	Map061.json	0	dialogue	持ち出して役に立つようなものは何も見つけられなかった…
MAP61_e53_name	Map061.json	event name	name	泥棒はずれ
MAP61_e53_p0_1	Map061.json	0	dialogue	持ち出して役に立つようなものは何も見つけられなかった…
MAP61_e54_name	Map061.json	event name	name	泥棒はずれ
MAP61_e54_p0_1	Map061.json	0	dialogue	持ち出して役に立つようなものは何も見つけられなかった…
MAP61_e55_name	Map061.json	event name	name	トリカゼ
MAP61_e55_p1_1	Map061.json	0	dialogue	トリカゼ：
MAP61_e55_p1_11	Map061.json	0	dialogue	ナガレ：
MAP61_e55_p1_12	Map061.json	0	dialogue	そんなことより、トリカゼ！
MAP61_e55_p1_13	Map061.json	0	dialogue	傷は深いのか！？
MAP61_e55_p1_15	Map061.json	0	dialogue	トリカゼ：
MAP61_e55_p1_16	Map061.json	0	dialogue	え…？　ああ、ちょっとねんざしただけさ！
MAP61_e55_p1_17	Map061.json	0	dialogue	それより…　あんたの家の方を頼む…
MAP61_e55_p1_18	Map061.json	0	dialogue	マハリが守っているはずだが…　
MAP61_e55_p1_2	Map061.json	0	dialogue	助かったぜ…　
MAP61_e55_p1_20	Map061.json	0	dialogue	ナガレ：
MAP61_e55_p1_21	Map061.json	0	dialogue	わかった！
MAP61_e55_p1_22	Map061.json	0	dialogue	トリカゼはここで休んでいろ！いいな！
MAP61_e55_p1_4	Map061.json	0	dialogue	ナガレ：
MAP61_e55_p1_5	Map061.json	0	dialogue	トリカゼ！大丈夫か！？
MAP61_e55_p1_7	Map061.json	0	dialogue	トリカゼ：
MAP61_e55_p1_8	Map061.json	0	dialogue	ちゃんと紋章…ぶんどってきたんだな…
MAP61_e55_p1_9	Map061.json	0	dialogue	ナガレちゃん…
MAP61_e55_p2_1	Map061.json	0	dialogue	トリカゼ：
MAP61_e55_p2_2	Map061.json	0	dialogue	あんたの家の方を頼む…
MAP61_e55_p2_3	Map061.json	0	dialogue	マハリが守っているはずだ…　
MAP61_e56_name	Map061.json	event name	name	マハリ
MAP61_e56_p1_10	Map061.json	0	dialogue	大丈夫…　ちょっと突き指しただけだよ
MAP61_e56_p1_12	Map061.json	0	dialogue	マハリ：
MAP61_e56_p1_13	Map061.json	0	dialogue	それより…
MAP61_e56_p1_14	Map061.json	0	dialogue	どうやら魔物たちはこれで片付いたみたいだね
MAP61_e56_p1_16	Map061.json	0	dialogue	ホノオ：
MAP61_e56_p1_17	Map061.json	0	dialogue	しっかし…　一体何が起こったんだ…？
MAP61_e56_p1_18	Map061.json	0	dialogue	ひでえことになってるじゃねえか…
MAP61_e56_p1_20	Map061.json	0	dialogue	マハリ：
MAP61_e56_p1_21	Map061.json	0	dialogue	うん…
MAP61_e56_p1_22	Map061.json	0	dialogue	とりあえず、屋敷の中へ…
MAP61_e56_p1_23	Map061.json	0	dialogue	村のみんなが集まってるよ
MAP61_e56_p1_3	Map061.json	0	dialogue	マハリ：
MAP61_e56_p1_4	Map061.json	0	dialogue	ありがとう…　ナガレ…　みなさん…
MAP61_e56_p1_6	Map061.json	0	dialogue	ナガレ：
MAP61_e56_p1_7	Map061.json	0	dialogue	マハリ！傷は！？　大事ないか！？
MAP61_e56_p1_9	Map061.json	0	dialogue	マハリ：
MAP61_e56_p2_1	Map061.json	0	dialogue	マハリ：
MAP61_e56_p2_2	Map061.json	0	dialogue	うん…
MAP61_e56_p2_3	Map061.json	0	dialogue	とりあえず、屋敷の中へ…
MAP61_e56_p2_4	Map061.json	0	dialogue	村のみんなが集まってるよ
MAP61_e60_p0_10	Map061.json	0	dialogue	トリカゼ：
MAP61_e60_p0_11	Map061.json	0	dialogue	おーい！！
MAP61_e60_p0_14	Map061.json	0	dialogue	トリカゼ：
MAP61_e60_p0_15	Map061.json	0	dialogue	あたしだけじゃちょっとキツイんだ…
MAP61_e60_p0_16	Map061.json	0	dialogue	助太刀してくれーーー！！
MAP61_e60_p0_19	Map061.json	0	dialogue	ホノオ：
MAP61_e60_p0_20	Map061.json	0	dialogue	なんかすげえヤバイ感じだな…！
MAP61_e60_p0_22	Map061.json	0	dialogue	ナガレ：
MAP61_e60_p0_23	Map061.json	0	dialogue	とにかくトリカゼに助太刀しよう！急げ！
MAP61_e60_p0_4	Map061.json	0	dialogue	ホノオ：
MAP61_e60_p0_5	Map061.json	0	dialogue	お、おい…　なんだこりゃあ…！
MAP61_e60_p0_7	Map061.json	0	dialogue	ナガレ：
MAP61_e60_p0_8	Map061.json	0	dialogue	川が氾濫した！？　みんなは大丈夫なのか！？
MAP61_e61_p1_1	Map061.json	0	dialogue	ホノオ：
MAP61_e61_p1_2	Map061.json	0	dialogue	いまここを離れるわけにはいかねえ！！
MAP61_e65_p0_11	Map061.json	0	dialogue	ホノオ：
MAP61_e65_p0_12	Map061.json	0	dialogue	いまいくぜー！！
MAP61_e65_p0_3	Map061.json	0	dialogue	ナガレ：
MAP61_e65_p0_4	Map061.json	0	dialogue	…マハリ！！
MAP61_e65_p0_6	Map061.json	0	dialogue	マハリ：
MAP61_e65_p0_7	Map061.json	0	dialogue	ナガレ！みなさん！
MAP61_e65_p0_8	Map061.json	0	dialogue	僕だけでは勝てそうにありません！！
MAP61_e65_p0_9	Map061.json	0	dialogue	助けてください！！
MAP61_e7_p1_2	Map061.json	0	dialogue	　　　　ハヤテを使えば目的地にすぐに行けるな
MAP61_e7_p1_3	Map061.json	0	dialogue	　　　　　　　　…と、ウィンは思った
MAP61_e7_p1_4_c0	Map061.json	choice	choice	ハヤテを使おう
MAP61_e7_p1_4_c1	Map061.json	choice	choice	使わなくていいや
MAP61_e7_p1_6_c0	Map061.json	choice	choice	ウィンダム城
MAP61_e7_p1_6_c1	Map061.json	choice	choice	フレイム城
MAP61_e7_p1_6_c2	Map061.json	choice	choice	旅の宿屋
MAP61_e7_p1_6_c3	Map061.json	choice	choice	南の採石場
MAP61_e7_p2_2	Map061.json	0	dialogue	　　　　ハヤテを使えば目的地にすぐに行けるな
MAP61_e7_p2_3	Map061.json	0	dialogue	　　　　　　　　…と、ウィンは思った
MAP61_e7_p2_4_c0	Map061.json	choice	choice	ハヤテを使おう
MAP61_e7_p2_4_c1	Map061.json	choice	choice	使わなくていいや
MAP61_e7_p2_6_c0	Map061.json	choice	choice	ウィンダム城
MAP61_e7_p2_6_c1	Map061.json	choice	choice	フレイム城
MAP61_e7_p2_6_c2	Map061.json	choice	choice	旅の宿屋
MAP61_e7_p2_6_c3	Map061.json	choice	choice	南の採石場
MAP61_e7_p2_6_c4	Map061.json	choice	choice	暗黒大陸の廃墟
MAP61_e8_p1_2	Map061.json	0	dialogue	　　　　ハヤテを使えば目的地にすぐに行けるな
MAP61_e8_p1_3	Map061.json	0	dialogue	　　　　　　　　…と、ウィンは思った
MAP61_e8_p1_4_c0	Map061.json	choice	choice	ハヤテを使おう
MAP61_e8_p1_4_c1	Map061.json	choice	choice	使わなくていいや
MAP61_e8_p1_6_c0	Map061.json	choice	choice	ウィンダム城
MAP61_e8_p1_6_c1	Map061.json	choice	choice	フレイム城
MAP61_e8_p1_6_c2	Map061.json	choice	choice	旅の宿屋
MAP61_e8_p1_6_c3	Map061.json	choice	choice	南の採石場
MAP61_e8_p2_2	Map061.json	0	dialogue	　　　　ハヤテを使えば目的地にすぐに行けるな
MAP61_e8_p2_3	Map061.json	0	dialogue	　　　　　　　　…と、ウィンは思った
MAP61_e8_p2_4_c0	Map061.json	choice	choice	ハヤテを使おう
MAP61_e8_p2_4_c1	Map061.json	choice	choice	使わなくていいや
MAP61_e8_p2_6_c0	Map061.json	choice	choice	ウィンダム城
MAP61_e8_p2_6_c1	Map061.json	choice	choice	フレイム城
MAP61_e8_p2_6_c2	Map061.json	choice	choice	旅の宿屋
MAP61_e8_p2_6_c3	Map061.json	choice	choice	南の採石場
MAP61_e8_p2_6_c4	Map061.json	choice	choice	暗黒大陸の廃墟
MAP61_e9_p1_2	Map061.json	0	dialogue	　　　　ハヤテを使えば目的地にすぐに行けるな
MAP61_e9_p1_3	Map061.json	0	dialogue	　　　　　　　　…と、ウィンは思った
MAP61_e9_p1_4_c0	Map061.json	choice	choice	ハヤテを使おう
MAP61_e9_p1_4_c1	Map061.json	choice	choice	使わなくていいや
MAP61_e9_p1_6_c0	Map061.json	choice	choice	ウィンダム城
MAP61_e9_p1_6_c1	Map061.json	choice	choice	フレイム城
MAP61_e9_p1_6_c2	Map061.json	choice	choice	旅の宿屋
MAP61_e9_p1_6_c3	Map061.json	choice	choice	南の採石場
MAP61_e9_p2_2	Map061.json	0	dialogue	　　　　ハヤテを使えば目的地にすぐに行けるな
MAP61_e9_p2_3	Map061.json	0	dialogue	　　　　　　　　…と、ウィンは思った
MAP61_e9_p2_4_c0	Map061.json	choice	choice	ハヤテを使おう
MAP61_e9_p2_4_c1	Map061.json	choice	choice	使わなくていいや
MAP61_e9_p2_6_c0	Map061.json	choice	choice	ウィンダム城
MAP61_e9_p2_6_c1	Map061.json	choice	choice	フレイム城
MAP61_e9_p2_6_c2	Map061.json	choice	choice	旅の宿屋
MAP61_e9_p2_6_c3	Map061.json	choice	choice	南の採石場
MAP61_e9_p2_6_c4	Map061.json	choice	choice	暗黒大陸の廃墟
MAP62_displayName	Map062.json	display name	mapname	ウィンダム城下町
MAP62_e10_name	Map062.json	event name	name	泥棒はずれ
MAP62_e10_p0_1	Map062.json	0	dialogue	持ち出して役に立つようなものは何も見つけられなかった…
MAP62_e11_name	Map062.json	event name	name	泥棒はずれ
MAP62_e11_p0_1	Map062.json	0	dialogue	持ち出して役に立つようなものは何も見つけられなかった…
MAP62_e12_name	Map062.json	event name	name	泥棒はずれ
MAP62_e12_p0_1	Map062.json	0	dialogue	持ち出して役に立つようなものは何も見つけられなかった…
MAP62_e14_name	Map062.json	event name	name	泥棒はずれ
MAP62_e14_p0_1	Map062.json	0	dialogue	持ち出して役に立つようなものは何も見つけられなかった…
MAP62_e17_name	Map062.json	event name	name	泥棒はずれ
MAP62_e17_p0_1	Map062.json	0	dialogue	持ち出して役に立つようなものは何も見つけられなかった…
MAP62_e18_name	Map062.json	event name	name	泥棒はずれ
MAP62_e18_p0_1	Map062.json	0	dialogue	持ち出して役に立つようなものは何も見つけられなかった…
MAP62_e19_p0_2	Map062.json	0	dialogue	　　　　　扉が打ちつけられていて開けられない
MAP62_e1_name	Map062.json	event name	name	デニー
MAP62_e1_p0_1	Map062.json	0	dialogue	見回り中の兵デニー：
MAP62_e1_p0_2	Map062.json	0	dialogue	あっ！　騎士ウィンどの！
MAP62_e1_p0_3	Map062.json	0	dialogue	おつかれさまです！
MAP62_e1_p0_5	Map062.json	0	dialogue	見回り中の兵デニー：
MAP62_e1_p0_6	Map062.json	0	dialogue	いつ魔物がまた襲ってくるかビクビクです…
MAP62_e20_p0_2	Map062.json	0	dialogue	　　　　　扉が打ちつけられていて開けられない
MAP62_e21_p0_2	Map062.json	0	dialogue	　　　　　扉が打ちつけられていて開けられない
MAP62_e22_p0_2	Map062.json	0	dialogue	　　　　　扉が打ちつけられていて開けられない
MAP62_e23_p0_2	Map062.json	0	dialogue	　　　　　扉が打ちつけられていて開けられない
MAP62_e24_p0_2	Map062.json	0	dialogue	　　　　　扉が打ちつけられていて開けられない
MAP62_e25_p0_2	Map062.json	0	dialogue	　　　　　扉が打ちつけられていて開けられない
MAP62_e26_p0_1	Map062.json	0	dialogue	看板には、
MAP62_e26_p0_2	Map062.json	0	dialogue	『騎士団駐屯本部』
MAP62_e26_p0_3	Map062.json	0	dialogue	と、書いてある。
MAP62_e28_p0_2	Map062.json	0	dialogue	　　　　　扉が打ちつけられていて開けられない
MAP62_e2_p2_2	Map062.json	0	dialogue	　　　　ハヤテを使えば目的地にすぐに行けるな
MAP62_e2_p2_3	Map062.json	0	dialogue	　　　　　　　　…と、ウィンは思った
MAP62_e2_p2_4_c0	Map062.json	choice	choice	ハヤテを使おう
MAP62_e2_p2_4_c1	Map062.json	choice	choice	使わなくていいや
MAP62_e2_p2_6_c0	Map062.json	choice	choice	フレイム城
MAP62_e2_p2_6_c1	Map062.json	choice	choice	セイリュー
MAP62_e2_p2_6_c2	Map062.json	choice	choice	旅の宿屋
MAP62_e2_p2_6_c3	Map062.json	choice	choice	南の採石場
MAP62_e30_name	Map062.json	event name	name	ウィンダム入り口兵
MAP62_e30_p0_1	Map062.json	0	dialogue	城下町の巡回兵マックス：
MAP62_e30_p0_2	Map062.json	0	dialogue	ウィンダムの城下町、現在は異常なし！
MAP62_e30_p0_3	Map062.json	0	dialogue	ウィン殿、ご武運をお祈りしております！
MAP62_e34_name	Map062.json	event name	name	城下町北の巡回兵
MAP62_e34_p0_1	Map062.json	0	dialogue	城下町北の巡回兵デミトリ―：
MAP62_e34_p0_2	Map062.json	0	dialogue	いい匂いがしなくなっちまった…
MAP62_e34_p0_3	Map062.json	0	dialogue	…って、ウィン！？
MAP62_e34_p0_5	Map062.json	0	dialogue	城下町北の巡回兵デミトリ―：
MAP62_e34_p0_6	Map062.json	0	dialogue	あ、大丈夫、大丈夫！！
MAP62_e34_p0_7	Map062.json	0	dialogue	お前のご両親なら、お城に避難してるぜ！
MAP62_e34_p0_8	Map062.json	0	dialogue	無事だからな！！
MAP62_e39_p2_2	Map062.json	0	dialogue	　　　　ハヤテを使えば目的地にすぐに行けるな
MAP62_e39_p2_3	Map062.json	0	dialogue	　　　　　　　　…と、ウィンは思った
MAP62_e39_p2_4_c0	Map062.json	choice	choice	ハヤテを使おう
MAP62_e39_p2_4_c1	Map062.json	choice	choice	使わなくていいや
MAP62_e39_p2_6_c0	Map062.json	choice	choice	フレイム城
MAP62_e39_p2_6_c1	Map062.json	choice	choice	セイリュー
MAP62_e39_p2_6_c2	Map062.json	choice	choice	旅の宿屋
MAP62_e39_p2_6_c3	Map062.json	choice	choice	南の採石場
MAP62_e3_p2_2	Map062.json	0	dialogue	　　　　ハヤテを使えば目的地にすぐに行けるな
MAP62_e3_p2_3	Map062.json	0	dialogue	　　　　　　　　…と、ウィンは思った
MAP62_e3_p2_4_c0	Map062.json	choice	choice	ハヤテを使おう
MAP62_e3_p2_4_c1	Map062.json	choice	choice	使わなくていいや
MAP62_e3_p2_6_c0	Map062.json	choice	choice	フレイム城
MAP62_e3_p2_6_c1	Map062.json	choice	choice	セイリュー
MAP62_e3_p2_6_c2	Map062.json	choice	choice	旅の宿屋
MAP62_e3_p2_6_c3	Map062.json	choice	choice	南の採石場
MAP62_e41_name	Map062.json	event name	name	ピピン
MAP62_e41_p1_10	Map062.json	0	dialogue	ピピン：
MAP62_e41_p1_11	Map062.json	0	dialogue	行くぞ、ウィン！
MAP62_e41_p1_13	Map062.json	0	dialogue	ウィン：
MAP62_e41_p1_14	Map062.json	0	dialogue	………！
MAP62_e41_p1_18	Map062.json	0	dialogue	　　　　　　　　　　ウィンは頷いた！
MAP62_e41_p2_10	Map062.json	0	dialogue	ピピン：
MAP62_e41_p2_11	Map062.json	0	dialogue	行くぞ、ウィン！
MAP62_e41_p2_13	Map062.json	0	dialogue	ウィン：
MAP62_e41_p2_14	Map062.json	0	dialogue	………！
MAP62_e41_p2_20	Map062.json	0	dialogue	　　　　　　　　　　ウィンは頷いた！
MAP62_e41_p3_10	Map062.json	0	dialogue	　　　　　　　　　　ウィンは頷いた！
MAP62_e41_p3_17	Map062.json	0	dialogue	ピピン：
MAP62_e41_p3_18	Map062.json	0	dialogue	………。
MAP62_e41_p3_2	Map062.json	0	dialogue	ピピン：
MAP62_e41_p3_3	Map062.json	0	dialogue	フン、なりはデカくても…
MAP62_e41_p3_4	Map062.json	0	dialogue	俺たちの相手じゃなかったな。
MAP62_e41_p3_42	Map062.json	0	dialogue	巡回兵カイル：
MAP62_e41_p3_43	Map062.json	0	dialogue	あーっ！！　　いた！！
MAP62_e41_p3_44	Map062.json	0	dialogue	えっ！　ウィン！？　それに…ピピン！！？？
MAP62_e41_p3_55	Map062.json	0	dialogue	巡回兵カイル：
MAP62_e41_p3_56	Map062.json	0	dialogue	おい、ピピン待ってくれ！！
MAP62_e41_p3_57	Map062.json	0	dialogue	ウィンも、助けてくれ！！
MAP62_e41_p3_59	Map062.json	0	dialogue	ピピン：
MAP62_e41_p3_6	Map062.json	0	dialogue	ウィン：
MAP62_e41_p3_60	Map062.json	0	dialogue	………。
MAP62_e41_p3_62	Map062.json	0	dialogue	ウィン：
MAP62_e41_p3_63	Map062.json	0	dialogue	…？
MAP62_e41_p3_65	Map062.json	0	dialogue	巡回兵カイル：
MAP62_e41_p3_66	Map062.json	0	dialogue	ふたりとも…すぐに城へ…　王の間へ…
MAP62_e41_p3_7	Map062.json	0	dialogue	…。
MAP62_e41_p3_70	Map062.json	0	dialogue	巡回兵カイル：
MAP62_e41_p3_71	Map062.json	0	dialogue	四天王を名乗る奴が…　王の間に現れて…
MAP62_e41_p3_72	Map062.json	0	dialogue	あのままじゃ、王もみんなも殺されちまう！！
MAP62_e47_name	Map062.json	event name	name	ドミトリー
MAP62_e49_name	Map062.json	event name	name	マックス
MAP62_e4_p0_2	Map062.json	0	dialogue	　　　　　扉が打ちつけられていて開けられない
MAP62_e50_p0_30	Map062.json	0	dialogue	城下町北の巡回兵デミトリ―：
MAP62_e50_p0_31	Map062.json	0	dialogue	す、すごく大きなバケモノです……隊長…！
MAP62_e50_p0_37	Map062.json	0	dialogue	城下町の巡回兵マックス：
MAP62_e50_p0_38	Map062.json	0	dialogue	た、隊長…　か、かかか…　加勢します…！！
MAP62_e50_p0_47	Map062.json	0	dialogue	ピピン：
MAP62_e50_p0_48	Map062.json	0	dialogue	…下がれ！！
MAP62_e50_p0_49	Map062.json	0	dialogue	こいつは、お前らの手には負えん！！
MAP62_e50_p0_51	Map062.json	0	dialogue	ピピン：
MAP62_e50_p0_52	Map062.json	0	dialogue	こいつは俺に任せろ！！　
MAP62_e50_p0_54	Map062.json	0	dialogue	ウィン：
MAP62_e50_p0_55	Map062.json	0	dialogue	………！！
MAP62_e50_p0_57	Map062.json	0	dialogue	ピピン：
MAP62_e50_p0_58	Map062.json	0	dialogue	…ん？
MAP62_e50_p0_69	Map062.json	0	dialogue	ピピン：
MAP62_e50_p0_70	Map062.json	0	dialogue	…お前か。
MAP62_e50_p0_72	Map062.json	0	dialogue	ウィン：
MAP62_e50_p0_73	Map062.json	0	dialogue	…！
MAP62_e50_p0_78	Map062.json	0	dialogue	ピピン：
MAP62_e50_p0_79	Map062.json	0	dialogue	…手伝え、ウィン！
MAP62_e50_p0_8	Map062.json	0	dialogue	ウィン：
MAP62_e50_p0_82	Map062.json	0	dialogue	　　　　　　　　　　ウィンは頷いた！
MAP62_e50_p0_9	Map062.json	0	dialogue	…！
MAP62_e51_name	Map062.json	event name	name	ドミトリー
MAP62_e52_name	Map062.json	event name	name	マックス
MAP62_e53_name	Map062.json	event name	name	カイル
MAP62_e5_name	Map062.json	event name	name	泥棒はずれ
MAP62_e5_p0_1	Map062.json	0	dialogue	持ち出して役に立つようなものは何も見つけられなかった…
MAP62_e6_name	Map062.json	event name	name	泥棒はずれ
MAP62_e6_p0_1	Map062.json	0	dialogue	持ち出して役に立つようなものは何も見つけられなかった…
MAP62_e7_name	Map062.json	event name	name	泥棒はずれ
MAP62_e7_p0_1	Map062.json	0	dialogue	持ち出して役に立つようなものは何も見つけられなかった…
MAP62_e8_name	Map062.json	event name	name	泥棒はずれ
MAP62_e8_p0_1	Map062.json	0	dialogue	持ち出して役に立つようなものは何も見つけられなかった…
MAP62_e9_name	Map062.json	event name	name	泥棒はずれ
MAP62_e9_p0_1	Map062.json	0	dialogue	持ち出して役に立つようなものは何も見つけられなかった…
MAP63_displayName	Map063.json	display name	mapname	フレイム城　一階
MAP63_e17_p0_1	Map063.json	0	dialogue	ナガレ：
MAP63_e17_p0_2	Map063.json	0	dialogue	何をしてんだホノオ！？
MAP63_e17_p0_3	Map063.json	0	dialogue	今更戻ってもどうしようもない！
MAP63_e17_p0_4	Map063.json	0	dialogue	早く上の階へ行くぞ！
MAP63_e18_p0_1	Map063.json	0	dialogue	ナガレ：
MAP63_e18_p0_10	Map063.json	0	dialogue	ナガレ：
MAP63_e18_p0_11	Map063.json	0	dialogue	…ホノオ。
MAP63_e18_p0_12	Map063.json	0	dialogue	いまは何も考えず、上を目指そう…
MAP63_e18_p0_13	Map063.json	0	dialogue	お前の知ってる敵が来ているんだろ…？
MAP63_e18_p0_15	Map063.json	0	dialogue	ホノオ：
MAP63_e18_p0_16	Map063.json	0	dialogue	ああ…！
MAP63_e18_p0_2	Map063.json	0	dialogue	…城自体はかなり持ちこたえたみたいだね。
MAP63_e18_p0_3	Map063.json	0	dialogue	燃える岩がたくさん降ってきたってのに…
MAP63_e18_p0_5	Map063.json	0	dialogue	ホノオ：
MAP63_e18_p0_6	Map063.json	0	dialogue	…ああ。
MAP63_e18_p0_7	Map063.json	0	dialogue	街の方もこれぐらい頑丈に作っておけば…
MAP63_e18_p0_8	Map063.json	0	dialogue	あんなひでえことにならなかったのによー…
MAP63_e19_p0_1	Map063.json	0	dialogue	ホノオ：
MAP63_e19_p0_2	Map063.json	0	dialogue	親父…　みんな…　生きていてくれ…！
MAP63_e20_p0_1	Map063.json	0	dialogue	ホノオ：
MAP63_e20_p0_2	Map063.json	0	dialogue	親父…　みんな…　生きていてくれ…！
MAP63_e34_p0_2	Map063.json	0	dialogue	　　　　ハヤテを使えば目的地にすぐに行けるな
MAP63_e34_p0_3	Map063.json	0	dialogue	　　　　　　　　…と、ウィンは思った
MAP63_e34_p0_4_c0	Map063.json	choice	choice	ハヤテを使おう
MAP63_e34_p0_4_c1	Map063.json	choice	choice	使わなくていいや
MAP63_e34_p0_6_c0	Map063.json	choice	choice	ウィンダム城
MAP63_e34_p0_6_c1	Map063.json	choice	choice	セイリュー
MAP63_e34_p0_6_c2	Map063.json	choice	choice	旅の宿屋
MAP63_e34_p0_6_c3	Map063.json	choice	choice	南の採石場
MAP63_e34_p1_2	Map063.json	0	dialogue	　　　　ハヤテを使えば目的地にすぐに行けるな
MAP63_e34_p1_3	Map063.json	0	dialogue	　　　　　　　　…と、ウィンは思った
MAP63_e34_p1_4_c0	Map063.json	choice	choice	ハヤテを使おう
MAP63_e34_p1_4_c1	Map063.json	choice	choice	使わなくていいや
MAP63_e34_p1_6_c0	Map063.json	choice	choice	ウィンダム城
MAP63_e34_p1_6_c1	Map063.json	choice	choice	セイリュー
MAP63_e34_p1_6_c2	Map063.json	choice	choice	旅の宿屋
MAP63_e34_p1_6_c3	Map063.json	choice	choice	南の採石場
MAP63_e34_p1_6_c4	Map063.json	choice	choice	暗黒大陸の廃墟
MAP63_e35_name	Map063.json	event name	name	ウマル
MAP63_e35_p0_10	Map063.json	0	dialogue	フレイム兵ウマル：
MAP63_e35_p0_11	Map063.json	0	dialogue	…お、王子ぃぃぃ…
MAP63_e35_p0_13	Map063.json	0	dialogue	ホノオ：
MAP63_e35_p0_14	Map063.json	0	dialogue	おい！しっかりしろ！
MAP63_e35_p0_16	Map063.json	0	dialogue	フレイム兵ウマル：
MAP63_e35_p0_17	Map063.json	0	dialogue	…は、はいぃぃ……
MAP63_e35_p0_19	Map063.json	0	dialogue	ホノオ：
MAP63_e35_p0_20	Map063.json	0	dialogue	親父は無事なのか！？
MAP63_e35_p0_22	Map063.json	0	dialogue	フレイム兵ウマル：
MAP63_e35_p0_23	Map063.json	0	dialogue	…わ、わかりません
MAP63_e35_p0_24	Map063.json	0	dialogue	おそろしく強い…　全身鎧の奴が…　上へ…
MAP63_e35_p0_26	Map063.json	0	dialogue	ホノオ：
MAP63_e35_p0_27	Map063.json	0	dialogue	なんだと…　まさか…！！
MAP63_e35_p0_29	Map063.json	0	dialogue	ナガレ：
MAP63_e35_p0_30	Map063.json	0	dialogue	知っている奴なのか…　ホノオ！？
MAP63_e35_p0_32	Map063.json	0	dialogue	ホノオ：
MAP63_e35_p0_33	Map063.json	0	dialogue	もしかしたら…な…
MAP63_e35_p0_35	Map063.json	0	dialogue	ホノオ：
MAP63_e35_p0_36	Map063.json	0	dialogue	くっそー…
MAP63_e35_p0_37	Map063.json	0	dialogue	生きていてくれよ…　親父…！！
MAP63_e35_p1_1	Map063.json	0	dialogue	フレイム兵ウマル：
MAP63_e35_p1_2	Map063.json	0	dialogue	…お、王子　
MAP63_e35_p1_3	Map063.json	0	dialogue	あいつ…　めちゃくちゃ強いです…
MAP63_e35_p1_5	Map063.json	0	dialogue	ホノオ：
MAP63_e35_p1_6	Map063.json	0	dialogue	ああ…知ってるさ…
MAP63_e35_p2_1	Map063.json	0	dialogue	フレイム兵ウマル：
MAP63_e35_p2_2	Map063.json	0	dialogue	…お、王子　
MAP63_e35_p2_3	Map063.json	0	dialogue	あいつ…　めちゃくちゃ強いです…
MAP63_e35_p2_5	Map063.json	0	dialogue	ホノオ：
MAP63_e35_p2_6	Map063.json	0	dialogue	ああ…知ってるさ…
MAP63_e35_p3_1	Map063.json	0	dialogue	フレイム兵ウマル：
MAP63_e35_p3_11	Map063.json	0	dialogue	ホノオ：
MAP63_e35_p3_12	Map063.json	0	dialogue	けっこう態度違くねーか…
MAP63_e35_p3_2	Map063.json	0	dialogue	あっ！　ナガレ様じゃないっすか！
MAP63_e35_p3_3	Map063.json	0	dialogue	ちっす！　この前はあざっす！！
MAP63_e35_p3_5	Map063.json	0	dialogue	ホノオ：
MAP63_e35_p3_6	Map063.json	0	dialogue	よう！　元気になったみたいでよかったぜ！
MAP63_e35_p3_8	Map063.json	0	dialogue	フレイム兵ウマル：
MAP63_e35_p3_9	Map063.json	0	dialogue	へ？　あ、王子　どうもっす
MAP63_e36_p0_1	Map063.json	0	dialogue	ホノオ：
MAP63_e36_p0_2	Map063.json	0	dialogue	親父…　みんな…　生きていてくれ…！
MAP63_e40_name	Map063.json	event name	name	泥棒はずれ
MAP63_e40_p0_1	Map063.json	0	dialogue	持ち出して役に立つようなものは何も見つけられなかった…
MAP63_e41_p0_1	Map063.json	0	dialogue	物乞いの子ビザエ：
MAP63_e41_p0_2	Map063.json	0	dialogue	あそこの店からいい匂いがするんだー
MAP63_e41_p0_3	Map063.json	0	dialogue	くんくん　何の匂いかわからないけれど
MAP63_e41_p0_4	Map063.json	0	dialogue	うまそうな匂いだぜー！
MAP63_e41_p1_1	Map063.json	0	dialogue	物乞いの子ビザエ：
MAP63_e41_p1_2	Map063.json	0	dialogue	あそこの店からいい匂いがするんだー
MAP63_e41_p1_3	Map063.json	0	dialogue	くんくん　何の匂いかわからないけれど
MAP63_e41_p1_4	Map063.json	0	dialogue	うまそうな匂いだぜー！
MAP63_e42_p0_1	Map063.json	0	dialogue	『シャムシールの扱い』
MAP63_e42_p0_10	Map063.json	1	dialogue	少ない力と動きで深く鋭く切り込めるのが特徴である。
MAP63_e42_p0_12	Map063.json	1	dialogue	その為、腕力だけでなく、技量によっても多様な使い方、
MAP63_e42_p0_13	Map063.json	1	dialogue	戦法をとれる。
MAP63_e42_p0_14	Map063.json	1	dialogue	何より小回りが利き、素早さが上がる点が優れている。
MAP63_e42_p0_2	Map063.json	0	dialogue	…と、表紙に書かれた本がある。読んでみようか…。
MAP63_e42_p0_3_c0	Map063.json	choice	choice	読んでみる
MAP63_e42_p0_3_c1	Map063.json	choice	choice	読まない
MAP63_e42_p0_6	Map063.json	1	dialogue	シャムシールとはフレイム王国に古来より伝わる
MAP63_e42_p0_7	Map063.json	1	dialogue	最も代表的で最も愛されている刀剣である。
MAP63_e42_p0_9	Map063.json	1	dialogue	他の国の刀剣類と比べると、刀身が反り返っており、
MAP63_e43_p0_1	Map063.json	0	dialogue	『王家の方々の好きなカレー』
MAP63_e43_p0_11	Map063.json	1	dialogue	ホムラ王子は緑色、特にほうれん草ベースでたくさんの
MAP63_e43_p0_12	Map063.json	1	dialogue	野菜が溶け込んだカレーを好む。油は決して入れ過ぎない。
MAP63_e43_p0_13	Map063.json	1	dialogue	辛さにも強くはない。野菜のうま味が決め手。王家の中では
MAP63_e43_p0_14	Map063.json	1	dialogue	母親譲りの好みなのかも知れない。
MAP63_e43_p0_16	Map063.json	1	dialogue	ホノオ王子は完全に辛党であり、油も大好きである。
MAP63_e43_p0_17	Map063.json	1	dialogue	しかし味音痴というわけではないので、ちゃんと辛く、
MAP63_e43_p0_18	Map063.json	1	dialogue	濃く、うま味のあるものが望ましい。色は何でもＯＫ
MAP63_e43_p0_19	Map063.json	1	dialogue	のようである。
MAP63_e43_p0_2	Map063.json	0	dialogue	…と、表紙に書かれた本がある。読んでみようか…。
MAP63_e43_p0_3_c0	Map063.json	choice	choice	読んでみる
MAP63_e43_p0_3_c1	Map063.json	choice	choice	読まない
MAP63_e43_p0_6	Map063.json	1	dialogue	フレイム王はもっぱら赤いカレーである。常に赤だけで
MAP63_e43_p0_7	Map063.json	1	dialogue	ＯＫ。しかし唐辛子をたくさん入れればいいというわけ
MAP63_e43_p0_8	Map063.json	1	dialogue	ではない。辛党なわけではなく、唐辛子の味が好きなのだ
MAP63_e43_p0_9	Map063.json	1	dialogue	と思われる。油や他スパイスで調整せよ。
MAP63_e44_p0_1	Map063.json	0	dialogue	ナガレ：
MAP63_e44_p0_10	Map063.json	0	dialogue	ナガレ：
MAP63_e44_p0_11	Map063.json	0	dialogue	…ホノオ。
MAP63_e44_p0_12	Map063.json	0	dialogue	いまは何も考えず、上を目指そう…
MAP63_e44_p0_13	Map063.json	0	dialogue	お前の知ってる敵が来ているんだろ…？
MAP63_e44_p0_15	Map063.json	0	dialogue	ホノオ：
MAP63_e44_p0_16	Map063.json	0	dialogue	ああ…！
MAP63_e44_p0_2	Map063.json	0	dialogue	…城自体はかなり持ちこたえたみたいだね。
MAP63_e44_p0_3	Map063.json	0	dialogue	燃える岩がたくさん降ってきたってのに…
MAP63_e44_p0_5	Map063.json	0	dialogue	ホノオ：
MAP63_e44_p0_6	Map063.json	0	dialogue	…ああ。
MAP63_e44_p0_7	Map063.json	0	dialogue	街の方もこれぐらい頑丈に作っておけば…
MAP63_e44_p0_8	Map063.json	0	dialogue	あんなひでえことにならなかったのによー…
MAP63_e45_p0_1	Map063.json	0	dialogue	フレイムの民シルワル：
MAP63_e45_p0_2	Map063.json	0	dialogue	魔物が増えたってんで、最近は行商人も
MAP63_e45_p0_3	Map063.json	0	dialogue	めっきり来なくなったなあ。
MAP63_e45_p1_1	Map063.json	0	dialogue	フレイムの民シルワル：
MAP63_e45_p1_2	Map063.json	0	dialogue	魔物が増えたってんで、最近は行商人も
MAP63_e45_p1_3	Map063.json	0	dialogue	めっきり来なくなったなあ。
MAP63_e46_p0_1	Map063.json	0	dialogue	物乞いの子スニダ：
MAP63_e46_p0_13	Map063.json	1	dialogue	物乞いの子スニダ：
MAP63_e46_p0_14	Map063.json	1	dialogue	どけちー！！
MAP63_e46_p0_15	Map063.json	1	dialogue	なんで1Gも渡せないんだよドケチーーー！！！
MAP63_e46_p0_17	Map063.json	1	dialogue	物乞いの子スニダ：
MAP63_e46_p0_18	Map063.json	1	dialogue	考えてみろよ　その1Gもらったら俺がどんだけ
MAP63_e46_p0_19	Map063.json	1	dialogue	よろこぶとおもうんだ？
MAP63_e46_p0_2	Map063.json	0	dialogue	にーちゃーん
MAP63_e46_p0_20	Map063.json	1	dialogue	あんたのこと神様だと思うぞ！
MAP63_e46_p0_22	Map063.json	1	dialogue	物乞いの子スニダ：
MAP63_e46_p0_23	Map063.json	1	dialogue	お前のたったの1Gが俺にわたすだけで
MAP63_e46_p0_24	Map063.json	1	dialogue	お前を神様にするんだぞ！？
MAP63_e46_p0_25	Map063.json	1	dialogue	その価値がわからないのかお前はーーーー！！
MAP63_e46_p0_3	Map063.json	0	dialogue	少しでいいからお金めぐんでくれなーい？
MAP63_e46_p0_4_c0	Map063.json	choice	choice	どうぞ
MAP63_e46_p0_4_c1	Map063.json	choice	choice	いやだ
MAP63_e46_p0_7	Map063.json	1	dialogue	物乞いの子スニダ：
MAP63_e46_p0_8	Map063.json	1	dialogue	あっす
MAP63_e46_p1_1	Map063.json	0	dialogue	物乞いの子スニダ：
MAP63_e46_p1_13	Map063.json	1	dialogue	物乞いの子スニダ：
MAP63_e46_p1_14	Map063.json	1	dialogue	どけちー！！
MAP63_e46_p1_15	Map063.json	1	dialogue	なんで1Gも渡せないんだよドケチーーー！！！
MAP63_e46_p1_17	Map063.json	1	dialogue	物乞いの子スニダ：
MAP63_e46_p1_18	Map063.json	1	dialogue	考えてみろよ　その1Gもらったら俺がどんだけ
MAP63_e46_p1_19	Map063.json	1	dialogue	よろこぶとおもうんだ？
MAP63_e46_p1_2	Map063.json	0	dialogue	にーちゃーん
MAP63_e46_p1_20	Map063.json	1	dialogue	あんたのこと神様だと思うぞ！
MAP63_e46_p1_22	Map063.json	1	dialogue	物乞いの子スニダ：
MAP63_e46_p1_23	Map063.json	1	dialogue	お前のたったの1Gが俺にわたすだけで
MAP63_e46_p1_24	Map063.json	1	dialogue	お前を神様にするんだぞ！？
MAP63_e46_p1_25	Map063.json	1	dialogue	その価値がわからないのかお前はーーーー！！
MAP63_e46_p1_3	Map063.json	0	dialogue	少しでいいからお金めぐんでくれなーい？
MAP63_e46_p1_4_c0	Map063.json	choice	choice	どうぞ
MAP63_e46_p1_4_c1	Map063.json	choice	choice	いやだ
MAP63_e46_p1_7	Map063.json	1	dialogue	物乞いの子スニダ：
MAP63_e46_p1_8	Map063.json	1	dialogue	あっす
MAP63_e47_p0_1	Map063.json	0	dialogue	フレイムの民トモザ：
MAP63_e47_p0_2	Map063.json	0	dialogue	あんまり活気がないって？
MAP63_e47_p0_3	Map063.json	0	dialogue	みんな暑くて外に出たがらないのよ。
MAP63_e47_p0_4	Map063.json	0	dialogue	お天気なのにもったいないと思わない？
MAP63_e47_p1_1	Map063.json	0	dialogue	フレイムの民トモザ：
MAP63_e47_p1_2	Map063.json	0	dialogue	あんまり活気がないって？
MAP63_e47_p1_3	Map063.json	0	dialogue	みんな暑くて外に出たがらないのよ。
MAP63_e47_p1_4	Map063.json	0	dialogue	お天気なのにもったいないと思わない？
MAP63_e48_p0_1	Map063.json	0	dialogue	フレイムの民タカリ：
MAP63_e48_p0_2	Map063.json	0	dialogue	野盗が増えとると兵たちは一年中言うとるが、
MAP63_e48_p0_3	Map063.json	0	dialogue	別にいまはじまったことじゃない、昔から
MAP63_e48_p0_4	Map063.json	0	dialogue	一定数おるんじゃ。
MAP63_e48_p1_1	Map063.json	0	dialogue	フレイムの民タカリ：
MAP63_e48_p1_2	Map063.json	0	dialogue	野盗が増えとると兵たちは一年中言うとるが、
MAP63_e48_p1_3	Map063.json	0	dialogue	別にいまはじまったことじゃない、昔から
MAP63_e48_p1_4	Map063.json	0	dialogue	一定数おるんじゃ。
MAP63_e49_p0_1	Map063.json	0	dialogue	フレイムの民ポッソ：
MAP63_e49_p0_2	Map063.json	0	dialogue	なんか今年は特に暑い気がしないか？
MAP63_e49_p0_3	Map063.json	0	dialogue	あたしの気のせいかねえ…
MAP63_e49_p1_1	Map063.json	0	dialogue	フレイムの民ポッソ：
MAP63_e49_p1_2	Map063.json	0	dialogue	なんか今年は特に暑い気がしないか？
MAP63_e49_p1_3	Map063.json	0	dialogue	あたしの気のせいかねえ…
MAP63_e50_p0_1	Map063.json	0	dialogue	フレイムの民タカリ：
MAP63_e50_p0_2	Map063.json	0	dialogue	野盗が増えとると兵たちは一年中言うとるが、
MAP63_e50_p0_3	Map063.json	0	dialogue	別にいまはじまったことじゃない、昔から
MAP63_e50_p0_4	Map063.json	0	dialogue	一定数おるんじゃ。
MAP63_e50_p1_1	Map063.json	0	dialogue	フレイムの民タカリ：
MAP63_e50_p1_2	Map063.json	0	dialogue	野盗が増えとると兵たちは一年中言うとるが、
MAP63_e50_p1_3	Map063.json	0	dialogue	別にいまはじまったことじゃない、昔から
MAP63_e50_p1_4	Map063.json	0	dialogue	一定数おるんじゃ。
MAP63_e51_p0_1	Map063.json	0	dialogue	フレイム兵ザッハト：
MAP63_e51_p0_10	Map063.json	0	dialogue	フレイム兵ザッハト：
MAP63_e51_p0_11	Map063.json	0	dialogue	えー？　あっ王子！
MAP63_e51_p0_12	Map063.json	0	dialogue	いやでもこのひとらに城ん中うろうろさせたら
MAP63_e51_p0_13	Map063.json	0	dialogue	何するかわかんないんすよー
MAP63_e51_p0_15	Map063.json	0	dialogue	ホノオ：
MAP63_e51_p0_16	Map063.json	0	dialogue	だからって閉じ込めたら窮屈で仕方ねえ…
MAP63_e51_p0_17	Map063.json	0	dialogue	これが民を守る王国のやることかよ！
MAP63_e51_p0_19	Map063.json	0	dialogue	フレイム兵ザッハト：
MAP63_e51_p0_2	Map063.json	0	dialogue	あーダメダメ！　
MAP63_e51_p0_20	Map063.json	0	dialogue	メシも寝床も人数分しっかり出してますし…
MAP63_e51_p0_21	Map063.json	0	dialogue	王子、これは仕方ないんです。
MAP63_e51_p0_22	Map063.json	0	dialogue	ウィンダムとかとは治安がちがうんですよ
MAP63_e51_p0_24	Map063.json	0	dialogue	ホノオ：
MAP63_e51_p0_25	Map063.json	0	dialogue	………だからってよー……
MAP63_e51_p0_27	Map063.json	0	dialogue	ホノオ：
MAP63_e51_p0_28	Map063.json	0	dialogue	アニキがいたならこういうとき…
MAP63_e51_p0_29	Map063.json	0	dialogue	もっといいやり方出来たんだろうな…
MAP63_e51_p0_3	Map063.json	0	dialogue	こっから先は立ち入り禁止だし…
MAP63_e51_p0_31	Map063.json	0	dialogue	ナガレ：
MAP63_e51_p0_32	Map063.json	0	dialogue	ホノオ！
MAP63_e51_p0_34	Map063.json	0	dialogue	ホノオ：
MAP63_e51_p0_35	Map063.json	0	dialogue	あ、いや…別に弱音吐いたつもじゃりねえんだ…
MAP63_e51_p0_36	Map063.json	0	dialogue	やっぱり普段から民にもっとしっかり食わせる
MAP63_e51_p0_37	Map063.json	0	dialogue	必要があるんだなって思ったよ…
MAP63_e51_p0_4	Map063.json	0	dialogue	出るのも禁止です！
MAP63_e51_p0_6	Map063.json	0	dialogue	ホノオ：
MAP63_e51_p0_7	Map063.json	0	dialogue	おいおい…町から避難してきた人間ここに
MAP63_e51_p0_8	Map063.json	0	dialogue	閉じ込めてんのかよ！？　かわいそうだろ！
MAP63_e52_p1_1	Map063.json	0	dialogue	フレイム兵ユミル：
MAP63_e52_p1_10	Map063.json	0	dialogue	手間自体はそんなでもないんす。
MAP63_e52_p1_11	Map063.json	0	dialogue	火降ってくるのが治まりさえすれば…
MAP63_e52_p1_13	Map063.json	0	dialogue	ホノオ：
MAP63_e52_p1_14	Map063.json	0	dialogue	そうか…　すまんな　さっさと闇の何とかを
MAP63_e52_p1_15	Map063.json	0	dialogue	やっつけてくるぜ！
MAP63_e52_p1_2	Map063.json	0	dialogue	あっ！　危ないっす！
MAP63_e52_p1_3	Map063.json	0	dialogue	それ以上来ちゃダメっすよ！
MAP63_e52_p1_5	Map063.json	0	dialogue	ホノオ：
MAP63_e52_p1_6	Map063.json	0	dialogue	城ん中、直せそうか？
MAP63_e52_p1_8	Map063.json	0	dialogue	フレイム兵ユミル：
MAP63_e52_p1_9	Map063.json	0	dialogue	もともと石積み上げまくってるだけなんで、
MAP63_e53_p1_1	Map063.json	0	dialogue	王宮の職人キスパ：
MAP63_e53_p1_10	Map063.json	0	dialogue	王宮の職人キスパ：
MAP63_e53_p1_11	Map063.json	0	dialogue	………。
MAP63_e53_p1_13	Map063.json	0	dialogue	ウィン：
MAP63_e53_p1_14	Map063.json	0	dialogue	………。
MAP63_e53_p1_16	Map063.json	0	dialogue	王宮の職人キスパ：
MAP63_e53_p1_17	Map063.json	0	dialogue	もしかして…　武器とか買いに来ました…？
MAP63_e53_p1_2	Map063.json	0	dialogue	………。
MAP63_e53_p1_4	Map063.json	0	dialogue	ウィン：
MAP63_e53_p1_5	Map063.json	0	dialogue	………。
MAP63_e53_p2_1	Map063.json	0	dialogue	王宮の職人キスパ：
MAP63_e53_p2_10	Map063.json	0	dialogue	王宮の職人キスパ：
MAP63_e53_p2_11	Map063.json	0	dialogue	………。
MAP63_e53_p2_13	Map063.json	0	dialogue	ウィン：
MAP63_e53_p2_14	Map063.json	0	dialogue	………。
MAP63_e53_p2_16	Map063.json	0	dialogue	王宮の職人キスパ：
MAP63_e53_p2_17	Map063.json	0	dialogue	もしかして…　武器とか買いに来ました…？
MAP63_e53_p2_2	Map063.json	0	dialogue	………。
MAP63_e53_p2_4	Map063.json	0	dialogue	ウィン：
MAP63_e53_p2_5	Map063.json	0	dialogue	………。
MAP63_e54_p0_1	Map063.json	0	dialogue	王宮調理師：
MAP63_e54_p0_2	Map063.json	0	dialogue	最近スパイスが高いわねーーー
MAP63_e54_p0_3	Map063.json	0	dialogue	野菜も高いし…　なのに使えるお金は
MAP63_e54_p0_4	Map063.json	0	dialogue	変わらないし…
MAP63_e54_p1_1	Map063.json	0	dialogue	王宮調理師：
MAP63_e54_p1_2	Map063.json	0	dialogue	最近スパイスが高いわねーーー
MAP63_e54_p1_3	Map063.json	0	dialogue	野菜も高いし…　なのに使えるお金は
MAP63_e54_p1_4	Map063.json	0	dialogue	変わらないし…
MAP63_e55_p0_1	Map063.json	0	dialogue	家畜責任者デリー：
MAP63_e55_p0_2	Map063.json	0	dialogue	えっ？　牢屋じゃないよ。
MAP63_e55_p0_3	Map063.json	0	dialogue	ここは家畜小屋さ。
MAP63_e55_p1_1	Map063.json	0	dialogue	家畜責任者デリー：
MAP63_e55_p1_2	Map063.json	0	dialogue	あーーーわしの家畜小屋が…！！
MAP63_e55_p1_3	Map063.json	0	dialogue	ニワトリたちがーーーー
MAP63_e55_p1_4	Map063.json	0	dialogue	って、あれどうなってんの！？
MAP63_e59_p1_1	Map063.json	0	dialogue	フレイム巡回兵ケイン：
MAP63_e59_p1_11	Map063.json	0	dialogue	フレイム巡回兵ケイン：
MAP63_e59_p1_12	Map063.json	0	dialogue	ナ、ナガレ様のにぎったライスボール…
MAP63_e59_p1_13	Map063.json	0	dialogue	食べたいっす！！
MAP63_e59_p1_15	Map063.json	0	dialogue	ナガレ：
MAP63_e59_p1_16	Map063.json	0	dialogue	あはは、平和になったらみんなで握ろう！
MAP63_e59_p1_18	Map063.json	0	dialogue	ホノオ：
MAP63_e59_p1_19	Map063.json	0	dialogue	おい、オレの握ったライスボールはどうだ！？
MAP63_e59_p1_2	Map063.json	0	dialogue	この前ライスボール食べたんだけどさー
MAP63_e59_p1_21	Map063.json	0	dialogue	フレイム巡回兵ケイン：
MAP63_e59_p1_22	Map063.json	0	dialogue	王子が握ったらボールじゃなくて
MAP63_e59_p1_23	Map063.json	0	dialogue	ナンになりそう　平たくなっちゃいそう
MAP63_e59_p1_3	Map063.json	0	dialogue	めちゃうま！　あれコメ手で握っただけ
MAP63_e59_p1_4	Map063.json	0	dialogue	なんだろ？　なんであんなにうまいの！？
MAP63_e59_p1_6	Map063.json	0	dialogue	ナガレ：
MAP63_e59_p1_7	Map063.json	0	dialogue	セイリューのコメは柔らかいけど、握っても
MAP63_e59_p1_8	Map063.json	0	dialogue	ぜんぜんつぶれたりせず弾力があるんだ。
MAP63_e59_p1_9	Map063.json	0	dialogue	だから握ると逆に噛み応えが増すのさ。
MAP64_displayName	Map064.json	display name	mapname	フレイム城　二階
MAP64_e10_p0_1	Map064.json	0	dialogue	『王のいないセイリュー』
MAP64_e10_p0_11	Map064.json	1	dialogue	セイリューでは、大昔から、漁をしてきた一族、大工をして
MAP64_e10_p0_12	Map064.json	1	dialogue	きた一族、作物を育ててきた一族、鍛冶をしてきた一族…
MAP64_e10_p0_13	Map064.json	1	dialogue	といった風な、複数の特権技術を持った一族がたくさん
MAP64_e10_p0_14	Map064.json	1	dialogue	おり、それらの間での調停役といった感じである。
MAP64_e10_p0_16	Map064.json	1	dialogue	そういったそれぞれの分野のエキスパート達から困りごとや
MAP64_e10_p0_17	Map064.json	1	dialogue	新しいアイデアを相談されると、その解決策を他の
MAP64_e10_p0_18	Map064.json	1	dialogue	エキスパートに領主がお願いするという形での統治である。
MAP64_e10_p0_19	Map064.json	1	dialogue	そして領主は代々早死にが多い。
MAP64_e10_p0_2	Map064.json	0	dialogue	…と、表紙に書かれた本がある。読んでみようか…。
MAP64_e10_p0_3_c0	Map064.json	choice	choice	読んでみる
MAP64_e10_p0_3_c1	Map064.json	choice	choice	読まない
MAP64_e10_p0_6	Map064.json	1	dialogue	セイリューには王がおらず代わりに領主という代表者が
MAP64_e10_p0_7	Map064.json	1	dialogue	存在するが、その統治の実態には他の王国とは違う点が
MAP64_e10_p0_8	Map064.json	1	dialogue	多い。領主は代々同じ一族が継ぐが、独自の軍隊はなく、
MAP64_e10_p0_9	Map064.json	1	dialogue	税金もない。領民からの善意の寄付のみで生活している。
MAP64_e11_p0_1	Map064.json	0	dialogue	『ウィンダム王国の騎士団とは』
MAP64_e11_p0_10	Map064.json	1	dialogue	ウィンダム王国では、騎士が王に次いで最も地位が高く、
MAP64_e11_p0_11	Map064.json	1	dialogue	法律上では市民の財産没収などの権限もあるが、試験に
MAP64_e11_p0_12	Map064.json	1	dialogue	おいて品行方正さや誇り高さも評価の対象となる為、
MAP64_e11_p0_13	Map064.json	1	dialogue	実際には蛮行は起こっていない。
MAP64_e11_p0_15	Map064.json	1	dialogue	そして王の命令ひとつで騎士の階級は即時はく奪もできる。
MAP64_e11_p0_16	Map064.json	1	dialogue	しかし騎士が自ら返上することも禁じられている。
MAP64_e11_p0_17	Map064.json	1	dialogue	このように、実質的に騎士という階級は、特権階級とは
MAP64_e11_p0_18	Map064.json	1	dialogue	いえ、厳しく制限された、象徴的でしかない階級とも言える。
MAP64_e11_p0_2	Map064.json	0	dialogue	…と、表紙に書かれた本がある。読んでみようか…。
MAP64_e11_p0_3_c0	Map064.json	choice	choice	読んでみる
MAP64_e11_p0_3_c1	Map064.json	choice	choice	読まない
MAP64_e11_p0_6	Map064.json	1	dialogue	ウィンダム王国では騎士団と自らが呼ぶ独特の制度がある。
MAP64_e11_p0_7	Map064.json	1	dialogue	煌びやかな鎧兜に身を包み、高い給料と身分を約束された
MAP64_e11_p0_8	Map064.json	1	dialogue	特権階級であるが、世襲制ではなく、試験制度で選ばれる。
MAP64_e12_p0_1	Map064.json	0	dialogue	『階級ということ』
MAP64_e12_p0_11	Map064.json	1	dialogue	この地における、階級の存在について、フレイム王国の
MAP64_e12_p0_12	Map064.json	1	dialogue	人々は意識が少ないと言わざるをえない。確かに厳しい
MAP64_e12_p0_13	Map064.json	1	dialogue	法律で縛られることもない、ひとびとはみな自由で、
MAP64_e12_p0_14	Map064.json	1	dialogue	思い悩む顔も他国にひとびとよりも少ない。
MAP64_e12_p0_16	Map064.json	1	dialogue	しかし、物乞いが努力することで商人たちのように金を
MAP64_e12_p0_17	Map064.json	1	dialogue	儲けられる国だろうか？兵士が王族のような指揮官、
MAP64_e12_p0_18	Map064.json	1	dialogue	将軍になれるだろうか？農民や大工に学問を学べるような
MAP64_e12_p0_19	Map064.json	1	dialogue	機会があるだろうか？
MAP64_e12_p0_2	Map064.json	0	dialogue	…と、表紙に書かれた本がある。読んでみようか…。
MAP64_e12_p0_3_c0	Map064.json	choice	choice	読んでみる
MAP64_e12_p0_3_c1	Map064.json	choice	choice	読まない
MAP64_e12_p0_6	Map064.json	1	dialogue	フレイム王国はとても栄えており、旅先の目的地としても、
MAP64_e12_p0_7	Map064.json	1	dialogue	商売の場所としても、剣術に、技術、特に食文化の豊かな
MAP64_e12_p0_8	Map064.json	1	dialogue	地としても大陸随一である。それなのに、貧しいひとたち、
MAP64_e12_p0_9	Map064.json	1	dialogue	他の地で見られない物乞いのひともたくさんいる。
MAP64_e13_p0_1	Map064.json	0	dialogue	『継承の試練』
MAP64_e13_p0_11	Map064.json	1	dialogue	南の遺跡の試練で何をするか、何が起こるかは、
MAP64_e13_p0_12	Map064.json	1	dialogue	継承者にしか分からない。つまり、国王にしか
MAP64_e13_p0_13	Map064.json	1	dialogue	分からない。そしてそこで何が起こったかは、
MAP64_e13_p0_14	Map064.json	1	dialogue	生涯口外してはならない。
MAP64_e13_p0_16	Map064.json	1	dialogue	本当に国王となる資質があるか、火の紋章の継承者としての
MAP64_e13_p0_17	Map064.json	1	dialogue	資格があるかどうかを、試される場なのだとしか言えない。
MAP64_e13_p0_2	Map064.json	0	dialogue	…と、表紙に書かれた本がある。読んでみようか…。
MAP64_e13_p0_3_c0	Map064.json	choice	choice	読んでみる
MAP64_e13_p0_3_c1	Map064.json	choice	choice	読まない
MAP64_e13_p0_6	Map064.json	1	dialogue	フレイム王国の王となるもの、火の紋章の継承者となる者は
MAP64_e13_p0_7	Map064.json	1	dialogue	必ず南の遺跡の試練を越えねばならない。
MAP64_e13_p0_8	Map064.json	1	dialogue	越えられない場合、挑戦しない場合には、次点の継承候補者
MAP64_e13_p0_9	Map064.json	1	dialogue	にその権利が移行する。
MAP64_e14_p0_1	Map064.json	0	dialogue	『ウィンダム王国との戦争について』
MAP64_e14_p0_10	Map064.json	1	dialogue	フレイム王国の兵士よりも優れています。
MAP64_e14_p0_11	Map064.json	1	dialogue	しかし、装備や訓練に時間とお金をかけている分、
MAP64_e14_p0_12	Map064.json	1	dialogue	動員できる兵数は我が軍の半分にもなりません。
MAP64_e14_p0_14	Map064.json	1	dialogue	しかし、長期戦となった場合には、組織だった補給や
MAP64_e14_p0_15	Map064.json	1	dialogue	騎士を中心とした兵士の練度と士気の差によって、
MAP64_e14_p0_16	Map064.json	1	dialogue	我が軍は敗北すると思われます。
MAP64_e14_p0_17	Map064.json	1	dialogue	短期に集中した決戦でしか勝ち目はないでしょう。
MAP64_e14_p0_2	Map064.json	0	dialogue	…と、表紙に書かれた本がある。読んでみようか…。
MAP64_e14_p0_3_c0	Map064.json	choice	choice	読んでみる
MAP64_e14_p0_3_c1	Map064.json	choice	choice	読まない
MAP64_e14_p0_6	Map064.json	1	dialogue	国王陛下の命令の元、ウィンダム王国と戦争した場合に
MAP64_e14_p0_7	Map064.json	1	dialogue	どうなるかを調査した結果ををここに報告します。
MAP64_e14_p0_9	Map064.json	1	dialogue	騎士団は定期的な軍事的訓練を行っており、その装備もまた
MAP64_e15_p1_1	Map064.json	0	dialogue	イヌ：
MAP64_e15_p1_2	Map064.json	0	dialogue	…ックーン！
MAP64_e15_p1_4	Map064.json	0	dialogue	ホノオ：
MAP64_e15_p1_5	Map064.json	0	dialogue	よしよし、ちゃんとメシもらってるみたいだな！
MAP64_e15_p2_1	Map064.json	0	dialogue	イヌ：
MAP64_e15_p2_2	Map064.json	0	dialogue	クッーン！ッっクーン！
MAP64_e15_p2_4	Map064.json	0	dialogue	ホノオ：
MAP64_e15_p2_5	Map064.json	0	dialogue	しかし変な鳴き声の犬だぜ…
MAP64_e15_p3_1	Map064.json	0	dialogue	イヌ：
MAP64_e15_p3_12	Map064.json	0	dialogue	ホノオ：
MAP64_e15_p3_13	Map064.json	0	dialogue	…ナイフ？
MAP64_e15_p3_14	Map064.json	0	dialogue	オマエ、一体どっからこんなモンを…？？
MAP64_e15_p3_16	Map064.json	0	dialogue	ホノオ：
MAP64_e15_p3_17	Map064.json	0	dialogue	まあいいや、コレはオレがもらっとくぜ！
MAP64_e15_p3_19	Map064.json	0	dialogue	イヌ：
MAP64_e15_p3_2	Map064.json	0	dialogue	フッーン！ッっフーン！
MAP64_e15_p3_20	Map064.json	0	dialogue	クーンックー！
MAP64_e15_p3_24	Map064.json	0	dialogue	　　　　ホノオはマンゴーシュを手に入れた！
MAP64_e15_p3_4	Map064.json	0	dialogue	ホノオ：
MAP64_e15_p3_5	Map064.json	0	dialogue	しかし変な鳴き声の犬…
MAP64_e15_p3_6	Map064.json	0	dialogue	って、オマエなんでそんなモン咥えてんだ！？
MAP64_e15_p3_9	Map064.json	0	dialogue	　　　　　　ホノオは犬からそれを奪い取った！
MAP64_e15_p4_1	Map064.json	0	dialogue	イヌ：
MAP64_e15_p4_2	Map064.json	0	dialogue	クッーン！ッっクーン！
MAP64_e15_p4_4	Map064.json	0	dialogue	ホノオ：
MAP64_e15_p4_5	Map064.json	0	dialogue	しかし変な鳴き声の犬だぜ…
MAP64_e16_p0_1	Map064.json	0	dialogue	『バーン王』
MAP64_e16_p0_11	Map064.json	1	dialogue	砂漠の国であるフレイムは、大昔から様々な災禍に
MAP64_e16_p0_12	Map064.json	1	dialogue	見舞われ続けており、ひとびとの暮らしも、国の発展も、
MAP64_e16_p0_13	Map064.json	1	dialogue	他国より遅れていたが、バーン王の築いた城壁により、
MAP64_e16_p0_14	Map064.json	1	dialogue	遂に安心して眠れる土地となった。
MAP64_e16_p0_16	Map064.json	1	dialogue	しかしその城壁の完成は、バーン王の使役した無数の民、
MAP64_e16_p0_17	Map064.json	1	dialogue	無数の兵たちの、血の混じった汗によって成し遂げられた
MAP64_e16_p0_18	Map064.json	1	dialogue	ものであった。
MAP64_e16_p0_2	Map064.json	0	dialogue	…と、表紙に書かれた本がある。読んでみようか…。
MAP64_e16_p0_3_c0	Map064.json	choice	choice	読んでみる
MAP64_e16_p0_3_c1	Map064.json	choice	choice	読まない
MAP64_e16_p0_6	Map064.json	1	dialogue	歴代フレイム国王で最も優れ、最も冷酷だった王が、
MAP64_e16_p0_7	Map064.json	1	dialogue	バーン王である。
MAP64_e16_p0_8	Map064.json	1	dialogue	砂漠にはびこる野盗、毒蛇、そして砂漠オオカミ。
MAP64_e16_p0_9	Map064.json	1	dialogue	一年中吹き荒れている砂嵐…。
MAP64_e17_p0_100	Map064.json	0	dialogue	ホノオ：
MAP64_e17_p0_101	Map064.json	0	dialogue	だからよー…　オレがコイツを倒すんだから…
MAP64_e17_p0_102	Map064.json	0	dialogue	おまえは戦わなくていいって言ってんだよー！
MAP64_e17_p0_105	Map064.json	0	dialogue	ホノオ：
MAP64_e17_p0_106	Map064.json	0	dialogue	頼む…　ナガレ…
MAP64_e17_p0_107	Map064.json	0	dialogue	おまえなら、みんなを助けられるだろ…？
MAP64_e17_p0_109	Map064.json	0	dialogue	ホノオ：
MAP64_e17_p0_110	Map064.json	0	dialogue	おまえなら、ぜってーに親父たちを
MAP64_e17_p0_111	Map064.json	0	dialogue	助けてくれる…　そう信じられるから、
MAP64_e17_p0_112	Map064.json	0	dialogue	オレは戦いに集中できる…　
MAP64_e17_p0_114	Map064.json	0	dialogue	ホノオ：
MAP64_e17_p0_115	Map064.json	0	dialogue	だからオマエもオレを信じてくれ…
MAP64_e17_p0_116	Map064.json	0	dialogue	オレはコイツに…　絶対に勝つ！！
MAP64_e17_p0_119	Map064.json	0	dialogue	ナガレ：
MAP64_e17_p0_120	Map064.json	0	dialogue	…あんたがそこまで言うんだ
MAP64_e17_p0_121	Map064.json	0	dialogue	…わかった。そいつはあんたに任せる。
MAP64_e17_p0_23	Map064.json	0	dialogue	ホノオ：
MAP64_e17_p0_24	Map064.json	0	dialogue	やっぱりアンタだったなあ………
MAP64_e17_p0_26	Map064.json	0	dialogue	ホノオ：
MAP64_e17_p0_27	Map064.json	0	dialogue	ナウーーーーーーーーーッ！！！！！！
MAP64_e17_p0_29	Map064.json	0	dialogue	フレイム王：
MAP64_e17_p0_30	Map064.json	0	dialogue	ホノ…オ…
MAP64_e17_p0_34	Map064.json	0	dialogue	ホノオ：
MAP64_e17_p0_35	Map064.json	0	dialogue	親父…！大丈夫か！！
MAP64_e17_p0_37	Map064.json	0	dialogue	フレイム王：
MAP64_e17_p0_38	Map064.json	0	dialogue	すまぬ…ホノオ…
MAP64_e17_p0_39	Map064.json	0	dialogue	街を…　城を守れなかった…
MAP64_e17_p0_41	Map064.json	0	dialogue	ホノオ：
MAP64_e17_p0_42	Map064.json	0	dialogue	そんなこと、いまはいい！！
MAP64_e17_p0_43	Map064.json	0	dialogue	おい、親父、死ぬんじゃねえぞ！！
MAP64_e17_p0_45	Map064.json	0	dialogue	ナウ―：
MAP64_e17_p0_46	Map064.json	0	dialogue	………急所は、外してある
MAP64_e17_p0_50	Map064.json	0	dialogue	ホノオ：
MAP64_e17_p0_51	Map064.json	0	dialogue	…なに？
MAP64_e17_p0_53	Map064.json	0	dialogue	ナウ―：
MAP64_e17_p0_54	Map064.json	0	dialogue	………。
MAP64_e17_p0_56	Map064.json	0	dialogue	ホノオ：
MAP64_e17_p0_57	Map064.json	0	dialogue	へー………
MAP64_e17_p0_58	Map064.json	0	dialogue	…わかったぜ、アンタの考えてることがよー
MAP64_e17_p0_60	Map064.json	0	dialogue	ナウ―：
MAP64_e17_p0_61	Map064.json	0	dialogue	………。
MAP64_e17_p0_63	Map064.json	0	dialogue	ホノオ：
MAP64_e17_p0_64	Map064.json	0	dialogue	ナガレ！
MAP64_e17_p0_65	Map064.json	0	dialogue	親父にイヤシの魔法をかけてくれ！
MAP64_e17_p0_66	Map064.json	0	dialogue	たぶん…他のみんなも全員生きてるぜ
MAP64_e17_p0_68	Map064.json	0	dialogue	ナウ―：
MAP64_e17_p0_69	Map064.json	0	dialogue	………。
MAP64_e17_p0_71	Map064.json	0	dialogue	ナガレ：
MAP64_e17_p0_72	Map064.json	0	dialogue	…ちょっと待ってくれ！
MAP64_e17_p0_73	Map064.json	0	dialogue	あんたひとりで勝てる相手なのか、それは！？
MAP64_e17_p0_75	Map064.json	0	dialogue	ホノオ：
MAP64_e17_p0_76	Map064.json	0	dialogue	さあ、どうかな…
MAP64_e17_p0_77	Map064.json	0	dialogue	でもよー　コイツきっと、オレとサシで
MAP64_e17_p0_78	Map064.json	0	dialogue	やりたいんだと思うぜー…
MAP64_e17_p0_80	Map064.json	0	dialogue	ナウ―：
MAP64_e17_p0_81	Map064.json	0	dialogue	………。
MAP64_e17_p0_83	Map064.json	0	dialogue	ナガレ：
MAP64_e17_p0_84	Map064.json	0	dialogue	…なんだって？
MAP64_e17_p0_86	Map064.json	0	dialogue	ホノオ：
MAP64_e17_p0_87	Map064.json	0	dialogue	頼む、ナガレ。
MAP64_e17_p0_88	Map064.json	0	dialogue	コイツはオレに任せて…　親父と…、
MAP64_e17_p0_89	Map064.json	0	dialogue	みんなを回復してやってくれ！
MAP64_e17_p0_91	Map064.json	0	dialogue	ナガレ：
MAP64_e17_p0_92	Map064.json	0	dialogue	…そ、それはいいとしても！
MAP64_e17_p0_93	Map064.json	0	dialogue	ここの全員にイヤシの魔法を使ったら…
MAP64_e17_p0_95	Map064.json	0	dialogue	ナガレ：
MAP64_e17_p0_96	Map064.json	0	dialogue	あたしのエレメントパワーがもたない…
MAP64_e17_p0_97	Map064.json	0	dialogue	多分なくなっちまう…
MAP64_e17_p0_98	Map064.json	0	dialogue	あたしが戦えなくなるぞ！！
MAP64_e30_name	Map064.json	event name	name	ナガレ
MAP64_e30_p1_11	Map064.json	0	dialogue	フレイム王：
MAP64_e30_p1_12	Map064.json	0	dialogue	おお…　これが紋章の魔法か…！
MAP64_e30_p1_16	Map064.json	0	dialogue	ホノオ：
MAP64_e30_p1_17	Map064.json	0	dialogue	さてと…　待たせたなー…
MAP64_e30_p1_18	Map064.json	0	dialogue	ナウ―よーーーーーーーーーーー！！！！
MAP64_e30_p1_20	Map064.json	0	dialogue	ナウ―：
MAP64_e30_p1_21	Map064.json	0	dialogue	………。
MAP64_e30_p1_24	Map064.json	0	dialogue	ホノオ：
MAP64_e30_p1_25	Map064.json	0	dialogue	アンタの言いたいことは顔を見るだけで
MAP64_e30_p1_26	Map064.json	0	dialogue	わかるんだぜー？
MAP64_e30_p1_28	Map064.json	0	dialogue	ホノオ：
MAP64_e30_p1_29	Map064.json	0	dialogue	今度こそ1対1の戦いで我を倒して見せろ…　
MAP64_e30_p1_30	Map064.json	0	dialogue	…火の紋章の勇者よ！！
MAP64_e30_p1_32	Map064.json	0	dialogue	ホノオ：
MAP64_e30_p1_33	Map064.json	0	dialogue	そう顔に書いてあるぜ、ナウ――――！！！！
MAP64_e30_p1_35	Map064.json	0	dialogue	ナウ―：
MAP64_e30_p1_36	Map064.json	0	dialogue	………。
MAP64_e30_p1_38	Map064.json	0	dialogue	ホノオ：
MAP64_e30_p1_39	Map064.json	0	dialogue	こっちもこのときを待ってたんだ…
MAP64_e30_p1_4	Map064.json	0	dialogue	ナガレ：
MAP64_e30_p1_40	Map064.json	0	dialogue	さあ、勝負だぜ！！　ナウ―！！
MAP64_e30_p1_42	Map064.json	0	dialogue	ナウ―：
MAP64_e30_p1_43	Map064.json	0	dialogue	………（ゆっくりと頷いてから武器を構える
MAP64_e30_p1_45	Map064.json	0	dialogue	ホノオ：
MAP64_e30_p1_46	Map064.json	0	dialogue	うおおおおおおおおおお！！！！
MAP64_e30_p1_5	Map064.json	0	dialogue	王様…いま助けます…
MAP64_e30_p1_58	Map064.json	0	dialogue	ナウ―：
MAP64_e30_p1_59	Map064.json	0	dialogue	……………ッ！！　……見事なり…
MAP64_e30_p1_6	Map064.json	0	dialogue	イヤシ！！！！！！！！！
MAP64_e30_p1_61	Map064.json	0	dialogue	ホノオ：
MAP64_e30_p1_62	Map064.json	0	dialogue	やったぜーーーーーーーーー！！！！
MAP64_e30_p1_66	Map064.json	0	dialogue	ナガレ：
MAP64_e30_p1_67	Map064.json	0	dialogue	四天王を…
MAP64_e30_p1_68	Map064.json	0	dialogue	本当にひとりで倒しやがった…　ホノオ…！
MAP64_e30_p1_70	Map064.json	0	dialogue	ホノオ：
MAP64_e30_p1_71	Map064.json	0	dialogue	さて、ナウ―…　
MAP64_e30_p1_72	Map064.json	0	dialogue	とどめを刺させてもらうぜ…
MAP64_e30_p1_73	Map064.json	0	dialogue	消えられたら困るからよー…
MAP64_e30_p1_75	Map064.json	0	dialogue	ナウ―：
MAP64_e30_p1_76	Map064.json	0	dialogue	……………。
MAP64_e30_p1_78	Map064.json	0	dialogue	ナガレ：
MAP64_e30_p1_79	Map064.json	0	dialogue	…何をしてる、ホノオ…！
MAP64_e30_p1_80	Map064.json	0	dialogue	消えられたら、追えなくなる…
MAP64_e30_p1_81	Map064.json	0	dialogue	早くトドメを刺すんだ！！
MAP64_e30_p1_83	Map064.json	0	dialogue	ホノオ：
MAP64_e30_p1_84	Map064.json	0	dialogue	そうだよなあ…
MAP64_e30_p1_85	Map064.json	0	dialogue	そうなんだけどよー…
MAP64_e30_p1_87	Map064.json	0	dialogue	ホノオ：
MAP64_e30_p1_88	Map064.json	0	dialogue	なんか…　情が移っちまって…
MAP64_e30_p1_89	Map064.json	0	dialogue	剣に力が入らねえんだ…
MAP64_e30_p1_91	Map064.json	0	dialogue	ナガレ：
MAP64_e30_p1_92	Map064.json	0	dialogue	バカ！　ホノオのバカヤロー！
MAP64_e30_p1_93	Map064.json	0	dialogue	もういい…　
MAP64_e30_p1_94	Map064.json	0	dialogue	あんたが出来ないなら、あたしが…！
MAP64_e31_name	Map064.json	event name	name	ミケーネ
MAP64_e31_p1_11	Map064.json	0	dialogue	ナウ―：
MAP64_e31_p1_12	Map064.json	0	dialogue	………ッ
MAP64_e31_p1_15	Map064.json	0	dialogue	ナガレ：
MAP64_e31_p1_16	Map064.json	0	dialogue	…っ！　ミケーネ………！！
MAP64_e31_p1_20	Map064.json	0	dialogue	ミケーネ：
MAP64_e31_p1_21	Map064.json	0	dialogue	ナウ―…　ピケピケがカンカンだよ？
MAP64_e31_p1_22	Map064.json	0	dialogue	計画は伝えてあるはずだ。
MAP64_e31_p1_23	Map064.json	0	dialogue	なぜこんなことをして時間を潰している？
MAP64_e31_p1_25	Map064.json	0	dialogue	ナウ―：
MAP64_e31_p1_26	Map064.json	0	dialogue	………。
MAP64_e31_p1_28	Map064.json	0	dialogue	ホノオ：
MAP64_e31_p1_29	Map064.json	0	dialogue	し…　しまった…！
MAP64_e31_p1_31	Map064.json	0	dialogue	ナガレ：
MAP64_e31_p1_32	Map064.json	0	dialogue	おまえがさっさとトドメを刺さないからだ！
MAP64_e31_p1_33	Map064.json	0	dialogue	ホノオ！！
MAP64_e31_p1_35	Map064.json	0	dialogue	ホノオ：
MAP64_e31_p1_36	Map064.json	0	dialogue	ぐ…　すまん…！
MAP64_e31_p1_40	Map064.json	0	dialogue	ミケーネ：
MAP64_e31_p1_41	Map064.json	0	dialogue	また会ったわね、あなたたち…
MAP64_e31_p1_42	Map064.json	0	dialogue	私も遊んであげたいところなんだけれど…
MAP64_e31_p1_43	Map064.json	0	dialogue	ごめんなさい、そんな時間はないの。
MAP64_e31_p1_45	Map064.json	0	dialogue	ミケーネ：
MAP64_e31_p1_46	Map064.json	0	dialogue	この辺りで、ナウ―は返してもらうわ。
MAP64_e31_p1_47	Map064.json	0	dialogue	いま、こいつを失うわけにはいかないのよ。
MAP64_e31_p1_49	Map064.json	0	dialogue	ホノオ：
MAP64_e31_p1_50	Map064.json	0	dialogue	そうはさせるかーー！！
MAP64_e31_p1_52	Map064.json	0	dialogue	ミケーネ：
MAP64_e31_p1_53	Map064.json	0	dialogue	あら、いいの？
MAP64_e31_p1_54	Map064.json	0	dialogue	いまここで…
MAP64_e31_p1_55	Map064.json	0	dialogue	私のミケーネブリザードを放って…
MAP64_e31_p1_57	Map064.json	0	dialogue	ミケーネ：
MAP64_e31_p1_58	Map064.json	0	dialogue	この部屋に転がっている連中を、
MAP64_e31_p1_59	Map064.json	0	dialogue	…改めて、皆殺しにしてあげてもいいのよ？
MAP64_e31_p1_62	Map064.json	0	dialogue	ナガレ：
MAP64_e31_p1_63	Map064.json	0	dialogue	…くっ！
MAP64_e31_p1_65	Map064.json	0	dialogue	ミケーネ：
MAP64_e31_p1_66	Map064.json	0	dialogue	じゃあそういうことで…
MAP64_e31_p1_67	Map064.json	0	dialogue	ナウ―は連れて行かせてもらうわ。
MAP64_e31_p1_8	Map064.json	0	dialogue	ミケーネ：
MAP64_e31_p1_9	Map064.json	0	dialogue	お遊びが過ぎるよ、ナウ―！
MAP64_e31_p2_100	Map064.json	0	dialogue	計画に支障がでるわ…　ナウー、行くわよ。
MAP64_e31_p2_102	Map064.json	0	dialogue	ナウ―：
MAP64_e31_p2_103	Map064.json	0	dialogue	………。
MAP64_e31_p2_105	Map064.json	0	dialogue	ナガレ：
MAP64_e31_p2_106	Map064.json	0	dialogue	…な、なに！？
MAP64_e31_p2_108	Map064.json	0	dialogue	ホノオ：
MAP64_e31_p2_109	Map064.json	0	dialogue	まだ…ピンピンしてやがるのかよ…？
MAP64_e31_p2_11	Map064.json	0	dialogue	ナウ―：
MAP64_e31_p2_111	Map064.json	0	dialogue	ミケーネ：
MAP64_e31_p2_112	Map064.json	0	dialogue	あなたたち…強いわ。
MAP64_e31_p2_113	Map064.json	0	dialogue	あたしたちの予想を軽く超えるほどにね…。
MAP64_e31_p2_115	Map064.json	0	dialogue	ミケーネ：
MAP64_e31_p2_116	Map064.json	0	dialogue	きっとまた会うことになる…
MAP64_e31_p2_117	Map064.json	0	dialogue	そのときが、本当の最後になるわ。
MAP64_e31_p2_12	Map064.json	0	dialogue	………ッ
MAP64_e31_p2_15	Map064.json	0	dialogue	ナガレ：
MAP64_e31_p2_16	Map064.json	0	dialogue	…っ！　ミケーネ………！！
MAP64_e31_p2_20	Map064.json	0	dialogue	ミケーネ：
MAP64_e31_p2_21	Map064.json	0	dialogue	ナウ―…　ピケピケがカンカンだよ？
MAP64_e31_p2_22	Map064.json	0	dialogue	計画は伝えてあるはずだ。
MAP64_e31_p2_23	Map064.json	0	dialogue	なぜこんなことをして時間を潰している？
MAP64_e31_p2_25	Map064.json	0	dialogue	ナウ―：
MAP64_e31_p2_26	Map064.json	0	dialogue	………。
MAP64_e31_p2_28	Map064.json	0	dialogue	ホノオ：
MAP64_e31_p2_29	Map064.json	0	dialogue	し…　しまった…！
MAP64_e31_p2_31	Map064.json	0	dialogue	ナガレ：
MAP64_e31_p2_32	Map064.json	0	dialogue	おまえがさっさとトドメを刺さないからだ！
MAP64_e31_p2_33	Map064.json	0	dialogue	ホノオ！！
MAP64_e31_p2_35	Map064.json	0	dialogue	ホノオ：
MAP64_e31_p2_36	Map064.json	0	dialogue	ぐ…　すまん…！
MAP64_e31_p2_40	Map064.json	0	dialogue	ミケーネ：
MAP64_e31_p2_41	Map064.json	0	dialogue	また会ったわね、あなたたち…
MAP64_e31_p2_42	Map064.json	0	dialogue	随分と一方的にナウーを可愛がってくれた
MAP64_e31_p2_43	Map064.json	0	dialogue	みたいね…
MAP64_e31_p2_45	Map064.json	0	dialogue	ミケーネ：
MAP64_e31_p2_46	Map064.json	0	dialogue	いくらナウーが正々堂々の肉体バトルを
MAP64_e31_p2_47	Map064.json	0	dialogue	自分に課しているとはいえ…
MAP64_e31_p2_48	Map064.json	0	dialogue	一方的過ぎたわ。
MAP64_e31_p2_50	Map064.json	0	dialogue	ホノオ：
MAP64_e31_p2_51	Map064.json	0	dialogue	へへ…！！
MAP64_e31_p2_52	Map064.json	0	dialogue	それだけオレが強くなったってことだぜ！
MAP64_e31_p2_54	Map064.json	0	dialogue	ミケーネ：
MAP64_e31_p2_55	Map064.json	0	dialogue	あら、そんなに？
MAP64_e31_p2_56	Map064.json	0	dialogue	それなら…　
MAP64_e31_p2_57	Map064.json	0	dialogue	あたしとナウー、同時に相手にできるかしら？
MAP64_e31_p2_59	Map064.json	0	dialogue	ホノオ：
MAP64_e31_p2_60	Map064.json	0	dialogue	なんだって…！？
MAP64_e31_p2_62	Map064.json	0	dialogue	ミケーネ：
MAP64_e31_p2_63	Map064.json	0	dialogue	本当はそんな時間ないんだけれど…
MAP64_e31_p2_64	Map064.json	0	dialogue	あなたたちには借りがあるからねえ…
MAP64_e31_p2_65	Map064.json	0	dialogue	ここで返させてもらうわ…！！
MAP64_e31_p2_67	Map064.json	0	dialogue	ナガレ：
MAP64_e31_p2_68	Map064.json	0	dialogue	…くっ！
MAP64_e31_p2_70	Map064.json	0	dialogue	ホノオ：
MAP64_e31_p2_71	Map064.json	0	dialogue	な、ナガレ…
MAP64_e31_p2_72	Map064.json	0	dialogue	オレひとりじゃ無理だ…！！
MAP64_e31_p2_74	Map064.json	0	dialogue	ナガレ：
MAP64_e31_p2_75	Map064.json	0	dialogue	そんなことは分かってるよ！！
MAP64_e31_p2_76	Map064.json	0	dialogue	…やるしかない…！！
MAP64_e31_p2_78	Map064.json	0	dialogue	ミケーネ：
MAP64_e31_p2_79	Map064.json	0	dialogue	ナウー？　もうさっきの傷は癒えたわね？
MAP64_e31_p2_8	Map064.json	0	dialogue	ミケーネ：
MAP64_e31_p2_80	Map064.json	0	dialogue	…次はもう少しだけ本気でやってちょうだい
MAP64_e31_p2_82	Map064.json	0	dialogue	ナウ―：
MAP64_e31_p2_83	Map064.json	0	dialogue	………。
MAP64_e31_p2_85	Map064.json	0	dialogue	ホノオ：
MAP64_e31_p2_86	Map064.json	0	dialogue	来るぞ…！！
MAP64_e31_p2_9	Map064.json	0	dialogue	お遊びが過ぎるよ、ナウ―！
MAP64_e31_p2_94	Map064.json	0	dialogue	ナガレ：
MAP64_e31_p2_95	Map064.json	0	dialogue	…やったぞ！！
MAP64_e31_p2_97	Map064.json	0	dialogue	ミケーネ：
MAP64_e31_p2_98	Map064.json	0	dialogue	…さすがに時間切れね。
MAP64_e31_p2_99	Map064.json	0	dialogue	これ以上パワーを消耗したら…
MAP64_e32_p1_12	Map064.json	0	dialogue	ホノオ：
MAP64_e32_p1_13	Map064.json	0	dialogue	………くそっ……
MAP64_e32_p1_24	Map064.json	0	dialogue	ホノオ：
MAP64_e32_p1_25	Map064.json	0	dialogue	親父…　すまん。
MAP64_e32_p1_26	Map064.json	0	dialogue	四天王を逃がしちまった…
MAP64_e32_p1_28	Map064.json	0	dialogue	フレイム王：
MAP64_e32_p1_29	Map064.json	0	dialogue	わしにお前を責める資格はない…
MAP64_e32_p1_30	Map064.json	0	dialogue	お前は…よくやった。
MAP64_e32_p1_32	Map064.json	0	dialogue	ホノオ：
MAP64_e32_p1_33	Map064.json	0	dialogue	…そうだと、いいな………
MAP64_e32_p1_36	Map064.json	0	dialogue	ナガレ：
MAP64_e32_p1_37	Map064.json	0	dialogue	ホノオ！　あんたも早く手当を手伝え！
MAP64_e32_p1_38	Map064.json	0	dialogue	薬は持ってるだろ！？
MAP64_e32_p1_42	Map064.json	0	dialogue	ホノオ：
MAP64_e32_p1_43	Map064.json	0	dialogue	お、おう…！！
MAP64_e33_name	Map064.json	event name	name	フレイム王　崩壊後
MAP64_e33_p1_1	Map064.json	0	dialogue	フレイム王：
MAP64_e33_p1_10	Map064.json	0	dialogue	無事に帰ってくれ…　ホノオ。
MAP64_e33_p1_12	Map064.json	0	dialogue	ホノオ：
MAP64_e33_p1_13	Map064.json	0	dialogue	当たり前だろ？　あ、それより、
MAP64_e33_p1_14	Map064.json	0	dialogue	アレ、あるか？
MAP64_e33_p1_16	Map064.json	0	dialogue	フレイム王：
MAP64_e33_p1_17	Map064.json	0	dialogue	む、なんのことだ？
MAP64_e33_p1_19	Map064.json	0	dialogue	ホノオ：
MAP64_e33_p1_2	Map064.json	0	dialogue	おお…　遂に継承者が揃ったか…。
MAP64_e33_p1_20	Map064.json	0	dialogue	王に代々受け継がれる、この国の宝剣だよ。
MAP64_e33_p1_21	Map064.json	0	dialogue	ちょっとばかし前倒しにして…
MAP64_e33_p1_22	Map064.json	0	dialogue	アレをオレにくれないか？
MAP64_e33_p1_24	Map064.json	0	dialogue	フレイム王：
MAP64_e33_p1_25	Map064.json	0	dialogue	無論かまわんが…
MAP64_e33_p1_26	Map064.json	0	dialogue	一応しきたりでは王になるときに渡すものだ。
MAP64_e33_p1_27	Map064.json	0	dialogue	しかし、なぜ急ごうと思った…？
MAP64_e33_p1_29	Map064.json	0	dialogue	ホノオ：
MAP64_e33_p1_3	Map064.json	0	dialogue	…暗黒大陸に渡るのだな？
MAP64_e33_p1_30	Map064.json	0	dialogue	オレ戦いだと夢中になっちまって、あと先を
MAP64_e33_p1_31	Map064.json	0	dialogue	考えなくなっちまうところがあるからよ…
MAP64_e33_p1_33	Map064.json	0	dialogue	ホノオ：
MAP64_e33_p1_34	Map064.json	0	dialogue	けど…　右手に王の剣があれば…
MAP64_e33_p1_35	Map064.json	0	dialogue	ソレを見る度に思い出せるんじゃねえかと
MAP64_e33_p1_36	Map064.json	0	dialogue	思ってな…　大事なことを。
MAP64_e33_p1_38	Map064.json	0	dialogue	フレイム王：
MAP64_e33_p1_39	Map064.json	0	dialogue	そうか…　よくわかった。
MAP64_e33_p1_42	Map064.json	0	dialogue	　　　　ホノオはゾモロドネガルを受け取った！
MAP64_e33_p1_46	Map064.json	0	dialogue	ホノオ：
MAP64_e33_p1_47	Map064.json	0	dialogue	ありがとよ、親父！
MAP64_e33_p1_48	Map064.json	0	dialogue	代わりに俺のシャムシールを親父に渡そうか？
MAP64_e33_p1_5	Map064.json	0	dialogue	ホノオ：
MAP64_e33_p1_50	Map064.json	0	dialogue	フレイム王：
MAP64_e33_p1_51	Map064.json	0	dialogue	それはやめておこう。形見にもらうようで…
MAP64_e33_p1_52	Map064.json	0	dialogue	弱気になりそうだからな…。
MAP64_e33_p1_54	Map064.json	0	dialogue	ホノオ：
MAP64_e33_p1_55	Map064.json	0	dialogue	あ、そう………
MAP64_e33_p1_56	Map064.json	0	dialogue	じゃあ親父、ちょっくら行ってくるぜ！
MAP64_e33_p1_58	Map064.json	0	dialogue	フレイム王：
MAP64_e33_p1_59	Map064.json	0	dialogue	うむ、我が息子に武運を！
MAP64_e33_p1_6	Map064.json	0	dialogue	ああ！　行ってくるぜ、親父！
MAP64_e33_p1_8	Map064.json	0	dialogue	フレイム王：
MAP64_e33_p1_9	Map064.json	0	dialogue	そうか…　
MAP64_e33_p2_1	Map064.json	0	dialogue	フレイム王：
MAP64_e33_p2_10	Map064.json	0	dialogue	無事に帰ってくれ…　ホノオ。
MAP64_e33_p2_12	Map064.json	0	dialogue	ホノオ：
MAP64_e33_p2_13	Map064.json	0	dialogue	当たり前だろ？　あ、それより、
MAP64_e33_p2_14	Map064.json	0	dialogue	アレ、あるか？
MAP64_e33_p2_16	Map064.json	0	dialogue	フレイム王：
MAP64_e33_p2_17	Map064.json	0	dialogue	む、なんのことだ？
MAP64_e33_p2_19	Map064.json	0	dialogue	ホノオ：
MAP64_e33_p2_2	Map064.json	0	dialogue	おお…　遂に継承者が揃ったか…。
MAP64_e33_p2_20	Map064.json	0	dialogue	王に代々受け継がれる、この国の宝剣だよ。
MAP64_e33_p2_21	Map064.json	0	dialogue	ちょっとばかし前倒しにして…
MAP64_e33_p2_22	Map064.json	0	dialogue	アレをオレにくれないか？
MAP64_e33_p2_24	Map064.json	0	dialogue	フレイム王：
MAP64_e33_p2_25	Map064.json	0	dialogue	無論かまわんが…
MAP64_e33_p2_26	Map064.json	0	dialogue	一応しきたりでは王になるときに渡すものだ。
MAP64_e33_p2_27	Map064.json	0	dialogue	しかし、なぜ急ごうと思った…？
MAP64_e33_p2_29	Map064.json	0	dialogue	ホノオ：
MAP64_e33_p2_3	Map064.json	0	dialogue	…暗黒大陸に渡るのだな？
MAP64_e33_p2_30	Map064.json	0	dialogue	オレ戦いだと夢中になっちまって、あと先を
MAP64_e33_p2_31	Map064.json	0	dialogue	考えなくなっちまうところがあるからよ…
MAP64_e33_p2_33	Map064.json	0	dialogue	ホノオ：
MAP64_e33_p2_34	Map064.json	0	dialogue	けど…　右手に王の剣があれば…
MAP64_e33_p2_35	Map064.json	0	dialogue	ソレを見る度に思い出せるんじゃねえかと
MAP64_e33_p2_36	Map064.json	0	dialogue	思ってな…　大事なことを。
MAP64_e33_p2_38	Map064.json	0	dialogue	フレイム王：
MAP64_e33_p2_39	Map064.json	0	dialogue	そうか…　よくわかった。
MAP64_e33_p2_42	Map064.json	0	dialogue	　　ホノオは本物のゾモロドネガルを受け取った！
MAP64_e33_p2_46	Map064.json	0	dialogue	ホノオ：
MAP64_e33_p2_47	Map064.json	0	dialogue	ありがとよ、親父！
MAP64_e33_p2_48	Map064.json	0	dialogue	代わりに俺のシャムシールを親父に渡そうか？
MAP64_e33_p2_5	Map064.json	0	dialogue	ホノオ：
MAP64_e33_p2_50	Map064.json	0	dialogue	フレイム王：
MAP64_e33_p2_51	Map064.json	0	dialogue	それはやめておこう。形見にもらうようで…
MAP64_e33_p2_52	Map064.json	0	dialogue	弱気になりそうだからな…。
MAP64_e33_p2_54	Map064.json	0	dialogue	ホノオ：
MAP64_e33_p2_55	Map064.json	0	dialogue	あ、そう………
MAP64_e33_p2_56	Map064.json	0	dialogue	じゃあ親父、ちょっくら行ってくるぜ！
MAP64_e33_p2_58	Map064.json	0	dialogue	フレイム王：
MAP64_e33_p2_59	Map064.json	0	dialogue	うむ、我が息子に武運を！
MAP64_e33_p2_6	Map064.json	0	dialogue	ああ！　行ってくるぜ、親父！
MAP64_e33_p2_8	Map064.json	0	dialogue	フレイム王：
MAP64_e33_p2_9	Map064.json	0	dialogue	そうか…　
MAP64_e33_p3_1	Map064.json	0	dialogue	フレイム王：
MAP64_e33_p3_10	Map064.json	0	dialogue	ナガレ：
MAP64_e33_p3_11	Map064.json	0	dialogue	あたしは水の紋章の力を持つものとして、
MAP64_e33_p3_12	Map064.json	0	dialogue	当然のことをしただけです。
MAP64_e33_p3_14	Map064.json	0	dialogue	ナガレ：
MAP64_e33_p3_15	Map064.json	0	dialogue	しかしフレイム王は…
MAP64_e33_p3_16	Map064.json	0	dialogue	まだお身体の具合が優れぬ様子で…
MAP64_e33_p3_17	Map064.json	0	dialogue	心配です。
MAP64_e33_p3_19	Map064.json	0	dialogue	フレイム王：
MAP64_e33_p3_2	Map064.json	0	dialogue	ナガレ殿、　四天王の襲撃の際は、
MAP64_e33_p3_20	Map064.json	0	dialogue	わしのは寿命でしょうな。
MAP64_e33_p3_21	Map064.json	0	dialogue	ナガレ殿のおかげで傷はすっかり完治しておる
MAP64_e33_p3_23	Map064.json	0	dialogue	フレイム王：
MAP64_e33_p3_24	Map064.json	0	dialogue	ひとり残すホノオが心配です…
MAP64_e33_p3_25	Map064.json	0	dialogue	世継ぎどころか、あやつにはいまだ妻もなく…
MAP64_e33_p3_27	Map064.json	0	dialogue	フレイム王：
MAP64_e33_p3_28	Map064.json	0	dialogue	ナガレ殿のようなお強い方が、あやつの近くに
MAP64_e33_p3_29	Map064.json	0	dialogue	おってくれたなら、何の心配もないのだが…
MAP64_e33_p3_3	Map064.json	0	dialogue	本当にありがとうございました。
MAP64_e33_p3_31	Map064.json	0	dialogue	ナガレ：
MAP64_e33_p3_32	Map064.json	0	dialogue	あはは、そうですね。
MAP64_e33_p3_34	Map064.json	0	dialogue	ホノオ：
MAP64_e33_p3_35	Map064.json	0	dialogue	親父ー？　そういうのやめろな？
MAP64_e33_p3_5	Map064.json	0	dialogue	フレイム王：
MAP64_e33_p3_6	Map064.json	0	dialogue	ナガレ殿のおかげで、城の者たちの殆どが
MAP64_e33_p3_7	Map064.json	0	dialogue	いまは元気になりました。
MAP64_e33_p3_8	Map064.json	0	dialogue	このご恩、わしだけでなく皆忘れないでしょう
MAP64_e33_p4_1	Map064.json	0	dialogue	フレイム王：
MAP64_e33_p4_10	Map064.json	0	dialogue	ああ…　はい、わかりました。
MAP64_e33_p4_12	Map064.json	0	dialogue	ホノオ：
MAP64_e33_p4_13	Map064.json	0	dialogue	オレは？　一応次の王様なんだけど…？
MAP64_e33_p4_2	Map064.json	0	dialogue	我が兵たちにとって、ナガレ殿はいまや
MAP64_e33_p4_3	Map064.json	0	dialogue	皆の救世主、戦場の女神です。
MAP64_e33_p4_5	Map064.json	0	dialogue	フレイム王：
MAP64_e33_p4_6	Map064.json	0	dialogue	よかったら兵たちに声をかけてやって下され。
MAP64_e33_p4_7	Map064.json	0	dialogue	全軍の士気がおおいに上がると思います。
MAP64_e33_p4_9	Map064.json	0	dialogue	ナガレ：
MAP64_e34_p0_1	Map064.json	0	dialogue	『我々のエレメントと呼ぶもの』
MAP64_e34_p0_11	Map064.json	1	dialogue	漠然と、火の恵み、水の恵、風の恵み…自然からの恩恵、
MAP64_e34_p0_12	Map064.json	1	dialogue	そのエネルギーといった感覚で使っている言葉である。
MAP64_e34_p0_13	Map064.json	1	dialogue	しかしこの自然というものは、火と水と風のみで成り立つ
MAP64_e34_p0_14	Map064.json	1	dialogue	世界であろうか？
MAP64_e34_p0_16	Map064.json	1	dialogue	この世界、自然、そして生き物の大元のエネルギーの全てが
MAP64_e34_p0_17	Map064.json	1	dialogue	火と水と風のエレメントのみで成り立つと考える根拠がある
MAP64_e34_p0_18	Map064.json	1	dialogue	のだろうか。それ以外にもこの世界には闇のエレメントが
MAP64_e34_p0_19	Map064.json	1	dialogue	存在すると考えられている。では闇の恵みとは何か？
MAP64_e34_p0_2	Map064.json	0	dialogue	…と、表紙に書かれた本がある。読んでみようか…。
MAP64_e34_p0_3_c0	Map064.json	choice	choice	読んでみる
MAP64_e34_p0_3_c1	Map064.json	choice	choice	読まない
MAP64_e34_p0_6	Map064.json	1	dialogue	我々はこの土地を火と水と風のエレメントによって
MAP64_e34_p0_7	Map064.json	1	dialogue	作られ守られていると考えている。それゆえに、この地を
MAP64_e34_p0_8	Map064.json	1	dialogue	エレメント大陸と呼ぶ。しかし、我々の使うこの、
MAP64_e34_p0_9	Map064.json	1	dialogue	エレメントとは具体的に何を指す言葉なのだろうか？
MAP64_e35_p1_1	Map064.json	0	dialogue	フレイム王国大臣リマル：
MAP64_e35_p1_10	Map064.json	0	dialogue	フレイム王国大臣リマル：
MAP64_e35_p1_11	Map064.json	0	dialogue	我が王国はまだまだナガレ様…そしてセイリュー
MAP64_e35_p1_12	Map064.json	0	dialogue	の皆様へのご恩をお返ししきれません。
MAP64_e35_p1_13	Map064.json	0	dialogue	お力になれることがあれば何でもお申しつけを！
MAP64_e35_p1_2	Map064.json	0	dialogue	おお…　ナガレ様！
MAP64_e35_p1_3	Map064.json	0	dialogue	我が軍の兵はお役に立ちましたでしょうか？
MAP64_e35_p1_5	Map064.json	0	dialogue	ナガレ：
MAP64_e35_p1_6	Map064.json	0	dialogue	ええ、とても助かりました。
MAP64_e35_p1_7	Map064.json	0	dialogue	これで暗黒大陸に渡ることができます。
MAP64_e35_p1_8	Map064.json	0	dialogue	大臣のご尽力のおかげです
MAP64_e36_p1_1	Map064.json	0	dialogue	フレイム王国行政官シダルタ：
MAP64_e36_p1_10	Map064.json	0	dialogue	足りているとは恐れながら申せません…。
MAP64_e36_p1_11	Map064.json	0	dialogue	しかし、コメは栄養価が高い上、腹持ちが良く、
MAP64_e36_p1_12	Map064.json	0	dialogue	そのおかげで、兵や民たちはまだまだ元気です。
MAP64_e36_p1_14	Map064.json	0	dialogue	ナガレ：
MAP64_e36_p1_15	Map064.json	0	dialogue	それを聞いて少し安心しました…。
MAP64_e36_p1_16	Map064.json	0	dialogue	セイリューでも食料は不足気味なので、
MAP64_e36_p1_17	Map064.json	0	dialogue	これ以上の支援は出来そうにないもので…。
MAP64_e36_p1_19	Map064.json	0	dialogue	フレイム王国行政官シダルタ：
MAP64_e36_p1_2	Map064.json	0	dialogue	これはこれはナガレ様、ご機嫌うるわしゅう。
MAP64_e36_p1_20	Map064.json	0	dialogue	存じ上げております…。
MAP64_e36_p1_21	Map064.json	0	dialogue	我が国でも少ない材料で多くの人数分用意できる
MAP64_e36_p1_22	Map064.json	0	dialogue	新料理を発明中です。
MAP64_e36_p1_24	Map064.json	0	dialogue	ホノオ：
MAP64_e36_p1_25	Map064.json	0	dialogue	うお！マジかよ！？
MAP64_e36_p1_26	Map064.json	0	dialogue	どんな料理なんだろうな、楽しみだぜー
MAP64_e36_p1_29	Map064.json	0	dialogue	フレイム王国行政官シダルタ：
MAP64_e36_p1_30	Map064.json	0	dialogue	…殿下。いまは非常時ゆえ許しますが…
MAP64_e36_p1_31	Map064.json	0	dialogue	教育的説教がどんどんたまっておりますので、
MAP64_e36_p1_32	Map064.json	0	dialogue	覚悟しておいて下され。
MAP64_e36_p1_34	Map064.json	0	dialogue	ホノオ：
MAP64_e36_p1_35	Map064.json	0	dialogue	えっ！　なんでだよ？
MAP64_e36_p1_36	Map064.json	0	dialogue	オレ怒られるようなことそんなにしてるか！？
MAP64_e36_p1_38	Map064.json	0	dialogue	ナガレ：
MAP64_e36_p1_39	Map064.json	0	dialogue	あはは、あたしとオタキ様みたいだ。
MAP64_e36_p1_4	Map064.json	0	dialogue	ナガレ：
MAP64_e36_p1_5	Map064.json	0	dialogue	これは行政官シダルタ殿、ご挨拶ありがとう
MAP64_e36_p1_6	Map064.json	0	dialogue	ございます。　セイリューからの食料支援は
MAP64_e36_p1_7	Map064.json	0	dialogue	足りていますか？
MAP64_e36_p1_9	Map064.json	0	dialogue	フレイム王国行政官シダルタ：
MAP64_e37_p0_2	Map064.json	0	dialogue	　　　左　ホノオ王子の部屋　右　ホムラ王子の部屋
MAP64_e4_p0_1	Map064.json	0	dialogue	引き出しをこっそり開けてみると…
MAP64_e4_p0_10	Map064.json	1	dialogue	じいやなんか　なさけないと言って泣いた
MAP64_e4_p0_12	Map064.json	1	dialogue	オレが、いつまでたっても本を読まないから
MAP64_e4_p0_13	Map064.json	1	dialogue	あにきが本を読みまくってすげえあたまいいのは
MAP64_e4_p0_14	Map064.json	1	dialogue	オレだってわかってる
MAP64_e4_p0_15	Map064.json	1	dialogue	だけどなんかよめないんだよオレは
MAP64_e4_p0_17	Map064.json	1	dialogue	みんなオレをアニキとくらべてダメなやつだって言う
MAP64_e4_p0_18	Map064.json	1	dialogue	アニキをみならえって言う
MAP64_e4_p0_19	Map064.json	1	dialogue	だけどアニキだけはそんなこと言わないし
MAP64_e4_p0_2	Map064.json	0	dialogue	『くっそーーー！！！！』
MAP64_e4_p0_20	Map064.json	1	dialogue	アニキだけはオレに本をよまなくてもいいって言う
MAP64_e4_p0_22	Map064.json	1	dialogue	だけどアニキちがうんだよ
MAP64_e4_p0_23	Map064.json	1	dialogue	オレだって本を読みたいんだよ
MAP64_e4_p0_24	Map064.json	1	dialogue	アニキみたいになりたいんだ
MAP64_e4_p0_25	Map064.json	1	dialogue	くっそーーーーーーーーーーー
MAP64_e4_p0_3	Map064.json	0	dialogue	…と、表紙に書かれた本がある。読んでみようか…。
MAP64_e4_p0_4_c0	Map064.json	choice	choice	読んでみる
MAP64_e4_p0_4_c1	Map064.json	choice	choice	読まない
MAP64_e4_p0_7	Map064.json	1	dialogue	古いページ：
MAP64_e4_p0_8	Map064.json	1	dialogue	オヤジにめちゃくちゃどなられた
MAP64_e4_p0_9	Map064.json	1	dialogue	だいじんにもせっきょうされた
MAP64_e4_p1_1	Map064.json	0	dialogue	引き出しをこっそり開けてみると…
MAP64_e4_p1_10	Map064.json	1	dialogue	じいやなんか　なさけないと言って泣いた
MAP64_e4_p1_12	Map064.json	1	dialogue	オレが、いつまでたっても本を読まないから
MAP64_e4_p1_13	Map064.json	1	dialogue	あにきが本を読みまくってすげえあたまいいのは
MAP64_e4_p1_14	Map064.json	1	dialogue	オレだってわかってる
MAP64_e4_p1_15	Map064.json	1	dialogue	だけどなんかよめないんだよオレは
MAP64_e4_p1_17	Map064.json	1	dialogue	みんなオレをアニキとくらべてダメなやつだって言う
MAP64_e4_p1_18	Map064.json	1	dialogue	アニキをみならえって言う
MAP64_e4_p1_19	Map064.json	1	dialogue	だけどアニキだけはそんなこと言わないし
MAP64_e4_p1_2	Map064.json	0	dialogue	『くっそーーー！！！！』
MAP64_e4_p1_20	Map064.json	1	dialogue	アニキだけはオレに本をよまなくてもいいって言う
MAP64_e4_p1_22	Map064.json	1	dialogue	だけどアニキちがうんだよ
MAP64_e4_p1_23	Map064.json	1	dialogue	オレだって本を読みたいんだよ
MAP64_e4_p1_24	Map064.json	1	dialogue	アニキみたいになりたいんだ
MAP64_e4_p1_25	Map064.json	1	dialogue	くっそーーーーーーーーーーー
MAP64_e4_p1_27	Map064.json	1	dialogue	ホノオ：
MAP64_e4_p1_28	Map064.json	1	dialogue	うお！？うわっ！！えっ！？
MAP64_e4_p1_3	Map064.json	0	dialogue	…と、表紙に書かれた本がある。読んでみようか…。
MAP64_e4_p1_30	Map064.json	1	dialogue	ホノオ：
MAP64_e4_p1_31	Map064.json	1	dialogue	てめえウィン…俺がちょっと目を離したスキに
MAP64_e4_p1_32	Map064.json	1	dialogue	なに勝手に読んでんだよーーー
MAP64_e4_p1_34	Map064.json	1	dialogue	ウィン：
MAP64_e4_p1_35	Map064.json	1	dialogue	…。
MAP64_e4_p1_37	Map064.json	1	dialogue	ホノオ：
MAP64_e4_p1_38	Map064.json	1	dialogue	おまえなにだまってんだよ…
MAP64_e4_p1_39	Map064.json	1	dialogue	なに黙ってんだよーーーーーー！！
MAP64_e4_p1_4_c0	Map064.json	choice	choice	読んでみる
MAP64_e4_p1_4_c1	Map064.json	choice	choice	読まない
MAP64_e4_p1_7	Map064.json	1	dialogue	古いページ：
MAP64_e4_p1_8	Map064.json	1	dialogue	オヤジにめちゃくちゃどなられた
MAP64_e4_p1_9	Map064.json	1	dialogue	だいじんにもせっきょうされた
MAP64_e4_p2_1	Map064.json	0	dialogue	引き出しをこっそり開けてみると…
MAP64_e4_p2_10	Map064.json	1	dialogue	じいやなんか　なさけないと言って泣いた
MAP64_e4_p2_12	Map064.json	1	dialogue	オレが、いつまでたっても本を読まないから
MAP64_e4_p2_13	Map064.json	1	dialogue	あにきが本を読みまくってすげえあたまいいのは
MAP64_e4_p2_14	Map064.json	1	dialogue	オレだってわかってる
MAP64_e4_p2_15	Map064.json	1	dialogue	だけどなんかよめないんだよオレは
MAP64_e4_p2_17	Map064.json	1	dialogue	みんなオレをアニキとくらべてダメなやつだって言う
MAP64_e4_p2_18	Map064.json	1	dialogue	アニキをみならえって言う
MAP64_e4_p2_19	Map064.json	1	dialogue	だけどアニキだけはそんなこと言わないし
MAP64_e4_p2_2	Map064.json	0	dialogue	『くっそーーー！！！！』
MAP64_e4_p2_20	Map064.json	1	dialogue	アニキだけはオレに本をよまなくてもいいって言う
MAP64_e4_p2_22	Map064.json	1	dialogue	だけどアニキちがうんだよ
MAP64_e4_p2_23	Map064.json	1	dialogue	オレだって本を読みたいんだよ
MAP64_e4_p2_24	Map064.json	1	dialogue	アニキみたいになりたいんだ
MAP64_e4_p2_25	Map064.json	1	dialogue	くっそーーーーーーーーーーー
MAP64_e4_p2_27	Map064.json	1	dialogue	ホノオ：
MAP64_e4_p2_28	Map064.json	1	dialogue	てめえウィン…俺がちょっと目を離したスキに
MAP64_e4_p2_29	Map064.json	1	dialogue	なに勝手に読んでんだよーーー
MAP64_e4_p2_3	Map064.json	0	dialogue	…と、表紙に書かれた本がある。読んでみようか…。
MAP64_e4_p2_31	Map064.json	1	dialogue	ウィン：
MAP64_e4_p2_32	Map064.json	1	dialogue	…。
MAP64_e4_p2_34	Map064.json	1	dialogue	ホノオ：
MAP64_e4_p2_35	Map064.json	1	dialogue	おまえなにだまってんだよ…
MAP64_e4_p2_36	Map064.json	1	dialogue	なに黙ってんだよーーーーーー！！
MAP64_e4_p2_38	Map064.json	1	dialogue	ナガレ：
MAP64_e4_p2_39	Map064.json	1	dialogue	…。
MAP64_e4_p2_41	Map064.json	1	dialogue	ホノオ：
MAP64_e4_p2_42	Map064.json	1	dialogue	おまえもだまってねえで、なんとか言えよ！
MAP64_e4_p2_44	Map064.json	1	dialogue	ナガレ：
MAP64_e4_p2_45	Map064.json	1	dialogue	ふーん…あんた、かわいいな。
MAP64_e4_p2_47	Map064.json	1	dialogue	ホノオ：
MAP64_e4_p2_48	Map064.json	1	dialogue	う…うわ…そういうのはやめて…
MAP64_e4_p2_49	Map064.json	1	dialogue	それならむしろ黙っててくれ…
MAP64_e4_p2_4_c0	Map064.json	choice	choice	読んでみる
MAP64_e4_p2_4_c1	Map064.json	choice	choice	読まない
MAP64_e4_p2_7	Map064.json	1	dialogue	古いページ：
MAP64_e4_p2_8	Map064.json	1	dialogue	オヤジにめちゃくちゃどなられた
MAP64_e4_p2_9	Map064.json	1	dialogue	だいじんにもせっきょうされた
MAP64_e5_p0_1	Map064.json	0	dialogue	引き出しをこっそり開けてみると…
MAP64_e5_p0_11	Map064.json	1	dialogue	ポケットに入っていたカラカラに乾いたパンを差し出して
MAP64_e5_p0_12	Map064.json	1	dialogue	みると…物乞い、いや、彼は、僕に頭をさげてありがとう、
MAP64_e5_p0_13	Map064.json	1	dialogue	ありがとうとと呟き、涙を流しながらひざまづいたのだ。
MAP64_e5_p0_15	Map064.json	1	dialogue	乾いたパンひとつで殺人者が刹那に善人になったのだ。
MAP64_e5_p0_16	Map064.json	1	dialogue	乾いたパン一つにその力があるのに、僕らが毎日食べている
MAP64_e5_p0_17	Map064.json	1	dialogue	食事は、その一食で、あの乾いたパン何個分だろうか…。
MAP64_e5_p0_2	Map064.json	0	dialogue	『日記　というよりも覚書のようなもの』
MAP64_e5_p0_3	Map064.json	0	dialogue	…と、表紙に書かれた本がある。読んでみようか…。
MAP64_e5_p0_4_c0	Map064.json	choice	choice	読んでみる
MAP64_e5_p0_4_c1	Map064.json	choice	choice	読まない
MAP64_e5_p0_7	Map064.json	1	dialogue	古いページ：
MAP64_e5_p0_8	Map064.json	1	dialogue	昨日の朝、散歩をしていたら突然物乞いに襲われた。
MAP64_e5_p0_9	Map064.json	1	dialogue	恐怖を必死で抑えながら語りかけたが全く要領を得ない。
MAP64_e5_p1_1	Map064.json	0	dialogue	引き出しをこっそり開けてみると…
MAP64_e5_p1_11	Map064.json	1	dialogue	ポケットに入っていたカラカラに乾いたパンを差し出して
MAP64_e5_p1_12	Map064.json	1	dialogue	みると…物乞い、いや、彼は、僕に頭をさげてありがとう、
MAP64_e5_p1_13	Map064.json	1	dialogue	ありがとうとと呟き、涙を流しながらひざまづいたのだ。
MAP64_e5_p1_15	Map064.json	1	dialogue	乾いたパンひとつで殺人者が刹那に善人になったのだ。
MAP64_e5_p1_16	Map064.json	1	dialogue	乾いたパン一つにその力があるのに、僕らが毎日食べている
MAP64_e5_p1_17	Map064.json	1	dialogue	食事はその一食で、あの乾いたパン何個分だろうか…。
MAP64_e5_p1_19	Map064.json	1	dialogue	ホノオ：
MAP64_e5_p1_2	Map064.json	0	dialogue	『日記　というよりも覚書のようなもの』
MAP64_e5_p1_20	Map064.json	1	dialogue	やっぱ兄貴はすげえ…　何がすげえのかは
MAP64_e5_p1_21	Map064.json	1	dialogue	よく分からねえんだが…やっぱ兄貴はすげえ。
MAP64_e5_p1_22	Map064.json	1	dialogue	何かこう、胸にズシンと来るんだ…
MAP64_e5_p1_3	Map064.json	0	dialogue	…と、表紙に書かれた本がある。読んでみようか…。
MAP64_e5_p1_4_c0	Map064.json	choice	choice	読んでみる
MAP64_e5_p1_4_c1	Map064.json	choice	choice	読まない
MAP64_e5_p1_7	Map064.json	1	dialogue	古いページ：
MAP64_e5_p1_8	Map064.json	1	dialogue	昨日の朝、散歩をしていたら突然物乞いに襲われた。
MAP64_e5_p1_9	Map064.json	1	dialogue	恐怖を必死で抑えながら語りかけたが全く要領を得ない。
MAP64_e5_p2_1	Map064.json	0	dialogue	引き出しをこっそり開けてみると…
MAP64_e5_p2_11	Map064.json	1	dialogue	ポケットに入っていたカラカラに乾いたパンを差し出して
MAP64_e5_p2_12	Map064.json	1	dialogue	みると…物乞い、いや、彼は、僕に頭をさげてありがとう、
MAP64_e5_p2_13	Map064.json	1	dialogue	ありがとうと呟き、涙を流しながらひざまずいたのだ。
MAP64_e5_p2_15	Map064.json	1	dialogue	乾いたパンひとつで殺人者が刹那に善人になったのだ。
MAP64_e5_p2_16	Map064.json	1	dialogue	乾いたパン一つにその力があるのに、僕らが毎日食べている
MAP64_e5_p2_17	Map064.json	1	dialogue	食事はその一食で、あの乾いたパン何個分だろうか…。
MAP64_e5_p2_19	Map064.json	1	dialogue	ホノオ：
MAP64_e5_p2_2	Map064.json	0	dialogue	『日記　というよりも覚書のようなもの』
MAP64_e5_p2_20	Map064.json	1	dialogue	やっぱ兄貴はすげえ…　何がすげえのかは
MAP64_e5_p2_21	Map064.json	1	dialogue	よく分からねえんだが…やっぱ兄貴はすげえ。
MAP64_e5_p2_22	Map064.json	1	dialogue	何かこう、胸にズシンと来るんだ…
MAP64_e5_p2_24	Map064.json	1	dialogue	ナガレ：
MAP64_e5_p2_25	Map064.json	1	dialogue	…ホノオ。
MAP64_e5_p2_26	Map064.json	1	dialogue	あんた本当アタマ悪そうな喋り方が…
MAP64_e5_p2_27	Map064.json	1	dialogue	天才的だわ。
MAP64_e5_p2_29	Map064.json	1	dialogue	ホノオ：
MAP64_e5_p2_3	Map064.json	0	dialogue	…と、表紙に書かれた本がある。読んでみようか…。
MAP64_e5_p2_30	Map064.json	1	dialogue	あんだとー？
MAP64_e5_p2_31	Map064.json	1	dialogue	まあ、喋り方っていうか、オレ、ホントに
MAP64_e5_p2_32	Map064.json	1	dialogue	頭悪いからな。でもズシンと来ねえかよ？
MAP64_e5_p2_34	Map064.json	1	dialogue	ナガレ：
MAP64_e5_p2_35	Map064.json	1	dialogue	…来るよ。
MAP64_e5_p2_4_c0	Map064.json	choice	choice	読んでみる
MAP64_e5_p2_4_c1	Map064.json	choice	choice	読まない
MAP64_e5_p2_7	Map064.json	1	dialogue	古いページ：
MAP64_e5_p2_8	Map064.json	1	dialogue	昨日の朝、散歩をしていたら突然物乞いに襲われた。
MAP64_e5_p2_9	Map064.json	1	dialogue	恐怖を必死で抑えながら語りかけたが全く要領を得ない。
MAP64_e6_name	Map064.json	event name	name	泥棒はずれ
MAP64_e6_p0_1	Map064.json	0	dialogue	持ち出して役に立つようなものは何も見つけられなかった…
MAP64_e7_name	Map064.json	event name	name	フレイム王
MAP64_e7_p0_1	Map064.json	0	dialogue	フレイム王：
MAP64_e7_p0_10	Map064.json	0	dialogue	　　　　　　　　ことの経緯を説明した
MAP64_e7_p0_13	Map064.json	0	dialogue	なんだとーーーーーーーーーーーー！！！！
MAP64_e7_p0_15	Map064.json	0	dialogue	闇のエレメントが、本当に…
MAP64_e7_p0_16	Map064.json	0	dialogue	ただの伝説だと思っていたが…
MAP64_e7_p0_18	Map064.json	0	dialogue	ウィン殿。
MAP64_e7_p0_19	Map064.json	0	dialogue	火の紋章の継承者である我が息子、ホノオは…
MAP64_e7_p0_2	Map064.json	0	dialogue	おや、これはこれは騎士どの。
MAP64_e7_p0_21	Map064.json	0	dialogue	我が国伝統の継承の試練のため、南の遺跡に
MAP64_e7_p0_22	Map064.json	0	dialogue	向かったところなのだ…。
MAP64_e7_p0_23	Map064.json	0	dialogue	最近のあそこは以前と違い魔物が増えたので、
MAP64_e7_p0_24	Map064.json	0	dialogue	本当は行かせたくなかったのだがな…
MAP64_e7_p0_26	Map064.json	0	dialogue	ただでさえ試練など中止したかったところに、
MAP64_e7_p0_27	Map064.json	0	dialogue	ウィン殿からのこの報告…
MAP64_e7_p0_28	Map064.json	0	dialogue	ああ、力ずくでも止めればよかったが、
MAP64_e7_p0_29	Map064.json	0	dialogue	今更言っても詮無いことよ。
MAP64_e7_p0_3	Map064.json	0	dialogue	まずは　お茶でもいかがかな？
MAP64_e7_p0_31	Map064.json	0	dialogue	ウィン殿、恐縮だが、そなたの力で…
MAP64_e7_p0_32	Map064.json	0	dialogue	あの聞き分けのない我が息子を連れ戻して
MAP64_e7_p0_33	Map064.json	0	dialogue	ほしい…。試練どころではないと分かれば、
MAP64_e7_p0_34	Map064.json	0	dialogue	あやつも頭を冷やすだろう。
MAP64_e7_p0_5	Map064.json	0	dialogue	ウィン：
MAP64_e7_p0_6	Map064.json	0	dialogue	…。
MAP64_e7_p0_9	Map064.json	0	dialogue	　　　　ウィンはフレイム王に自己紹介をしてから
MAP64_e8_p0_1	Map064.json	0	dialogue	フレイム王国大臣リマル：
MAP64_e8_p0_2	Map064.json	0	dialogue	本来次期国王は、紋章を継承したあとにすぐ
MAP64_e8_p0_3	Map064.json	0	dialogue	南の遺跡へひとりで赴き、試練を果たさねば
MAP64_e8_p0_4	Map064.json	0	dialogue	ならん…
MAP64_e8_p0_6	Map064.json	0	dialogue	しかし最近南の遺跡に魔物が増えたのと、
MAP64_e8_p0_7	Map064.json	0	dialogue	何より王子が死んでしまうのを恐れて、
MAP64_e8_p0_8	Map064.json	0	dialogue	王は今回の試練を見送るつもりだったのだ…
MAP64_e9_p0_1	Map064.json	0	dialogue	フレイム王国行政官シダルタ：
MAP64_e9_p0_2	Map064.json	0	dialogue	私も試練には反対したのだが…
MAP64_e9_p0_3	Map064.json	0	dialogue	ホノオ王子は勝手に行ってしまった。
MAP64_e9_p0_4	Map064.json	0	dialogue	まったく…思慮の浅いお方で頭が痛い…。
MAP65_displayName	Map065.json	display name	mapname	ウィンダム城三階
MAP65_e10_name	Map065.json	event name	name	自動実行
MAP65_e10_p0_104	Map065.json	0	dialogue	ロイ：
MAP65_e10_p0_105	Map065.json	0	dialogue	陛下…
MAP65_e10_p0_107	Map065.json	0	dialogue	サクソン：
MAP65_e10_p0_108	Map065.json	0	dialogue	まさか、こやつのことを…？
MAP65_e10_p0_110	Map065.json	0	dialogue	ダフィール：
MAP65_e10_p0_111	Map065.json	0	dialogue	…ボクのことを、知っているの？
MAP65_e10_p0_113	Map065.json	0	dialogue	ウィンダム王：
MAP65_e10_p0_114	Map065.json	0	dialogue	…いや、知らんな
MAP65_e10_p0_125	Map065.json	0	dialogue	ダフィール：
MAP65_e10_p0_126	Map065.json	0	dialogue	やっぱりココって…
MAP65_e10_p0_127	Map065.json	0	dialogue	バーーーカ！！しかいないのーーーー！！？？　
MAP65_e10_p0_22	Map065.json	0	dialogue	？：
MAP65_e10_p0_23	Map065.json	0	dialogue	だははは！
MAP65_e10_p0_24	Map065.json	0	dialogue	本当にキミたちは…
MAP65_e10_p0_26	Map065.json	0	dialogue	？：
MAP65_e10_p0_27	Map065.json	0	dialogue	ボクの思い通りに動いてくれるねー！
MAP65_e10_p0_29	Map065.json	0	dialogue	？：
MAP65_e10_p0_30	Map065.json	0	dialogue	素直っていうか、バカっていうかー？
MAP65_e10_p0_32	Map065.json	0	dialogue	騎士団長代行サクソン：
MAP65_e10_p0_33	Map065.json	0	dialogue	ぬわにいいいいいいいいいいい！？
MAP65_e10_p0_35	Map065.json	0	dialogue	騎士団長ロイ：
MAP65_e10_p0_36	Map065.json	0	dialogue	皆！　うかつに近づくな！　距離を取れ！
MAP65_e10_p0_40	Map065.json	0	dialogue	騎士団長代行サクソン：
MAP65_e10_p0_41	Map065.json	0	dialogue	ろ、ロイどの！！
MAP65_e10_p0_42	Map065.json	0	dialogue	これだけ囲んでしまえば、一気に倒せますぞ！
MAP65_e10_p0_43	Map065.json	0	dialogue	いまのうちに全員で…
MAP65_e10_p0_45	Map065.json	0	dialogue	騎士団長ロイ：
MAP65_e10_p0_46	Map065.json	0	dialogue	サクソン殿、待たれよ。
MAP65_e10_p0_47	Map065.json	0	dialogue	この敵はただ者ではない…
MAP65_e10_p0_49	Map065.json	0	dialogue	騎士団長ロイ：
MAP65_e10_p0_50	Map065.json	0	dialogue	この者は、闇の四天王…
MAP65_e10_p0_51	Map065.json	0	dialogue	さきほどそう名乗ったはず！
MAP65_e10_p0_55	Map065.json	0	dialogue	騎士団長代行サクソン：
MAP65_e10_p0_56	Map065.json	0	dialogue	こ、こんな派手なだけの若造があああ？
MAP65_e10_p0_58	Map065.json	0	dialogue	ウィンダム王：
MAP65_e10_p0_59	Map065.json	0	dialogue	皆の者、ロイに従え！
MAP65_e10_p0_6	Map065.json	0	dialogue	騎士団長代行サクソン：
MAP65_e10_p0_60	Map065.json	0	dialogue	ロイの命令を、我の命令と思え！！
MAP65_e10_p0_62	Map065.json	0	dialogue	ウィンダム王：
MAP65_e10_p0_63	Map065.json	0	dialogue	…ロイ、すまぬ、ここは、頼む…
MAP65_e10_p0_67	Map065.json	0	dialogue	ロイ：
MAP65_e10_p0_68	Map065.json	0	dialogue	仕方ありませんな…
MAP65_e10_p0_69	Map065.json	0	dialogue	しかし、オレにも作戦などはありませんぞ…
MAP65_e10_p0_7	Map065.json	0	dialogue	兵たちよー！　囲めーい！！
MAP65_e10_p0_71	Map065.json	0	dialogue	ウィンダム王：
MAP65_e10_p0_72	Map065.json	0	dialogue	…うむ
MAP65_e10_p0_76	Map065.json	0	dialogue	？：
MAP65_e10_p0_77	Map065.json	0	dialogue	へー？
MAP65_e10_p0_78	Map065.json	0	dialogue	少しはちゃんとしたおつむの子も、
MAP65_e10_p0_79	Map065.json	0	dialogue	いるんだーーー？
MAP65_e10_p0_8	Map065.json	0	dialogue	こやつを決して逃がすなーー！！
MAP65_e10_p0_81	Map065.json	0	dialogue	？：
MAP65_e10_p0_82	Map065.json	0	dialogue	ご明察ーーー！
MAP65_e10_p0_83	Map065.json	0	dialogue	ボクこそは闇の四天王最弱かつ最強の…
MAP65_e10_p0_85	Map065.json	0	dialogue	ダフィール：
MAP65_e10_p0_86	Map065.json	0	dialogue	堕天の炎…　ダフィールさーーー！！
MAP65_e10_p0_89	Map065.json	0	dialogue	ウィンダム王：
MAP65_e10_p0_90	Map065.json	0	dialogue	…なに！
MAP65_e10_p0_92	Map065.json	0	dialogue	ウィンダム王：
MAP65_e10_p0_93	Map065.json	0	dialogue	…闇の四天王…　最弱、かつ最強…
MAP65_e10_p0_95	Map065.json	0	dialogue	ウィンダム王：
MAP65_e10_p0_96	Map065.json	0	dialogue	…堕天の炎…　ダフィールだと…！！？
MAP65_e11_name	Map065.json	event name	name	サクソンの部屋出る
MAP65_e11_p0_1	Map065.json	0	dialogue	ピピン：
MAP65_e11_p0_2	Map065.json	0	dialogue	…サクソンめ、なにが闇のエレメントだ。
MAP65_e11_p0_3	Map065.json	0	dialogue	自分の能無しを、おとぎ話で誤魔化すなんて、
MAP65_e11_p0_4	Map065.json	0	dialogue	恥知らずにもほどがある。
MAP65_e12_name	Map065.json	event name	name	泥棒はずれ
MAP65_e12_p0_1	Map065.json	0	dialogue	持ち出して役に立つようなものは何も見つけられなかった…
MAP65_e13_name	Map065.json	event name	name	泥棒はずれ
MAP65_e13_p0_1	Map065.json	0	dialogue	持ち出して役に立つようなものは何も見つけられなかった…
MAP65_e14_name	Map065.json	event name	name	泥棒はずれ
MAP65_e14_p0_1	Map065.json	0	dialogue	持ち出して役に立つようなものは何も見つけられなかった…
MAP65_e15_name	Map065.json	event name	name	泥棒はずれ
MAP65_e15_p0_1	Map065.json	0	dialogue	持ち出して役に立つようなものは何も見つけられなかった…
MAP65_e16_name	Map065.json	event name	name	泥棒はずれ
MAP65_e16_p0_1	Map065.json	0	dialogue	持ち出して役に立つようなものは何も見つけられなかった…
MAP65_e17_name	Map065.json	event name	name	泥棒はずれ
MAP65_e17_p0_1	Map065.json	0	dialogue	持ち出して役に立つようなものは何も見つけられなかった…
MAP65_e18_p0_1	Map065.json	0	dialogue	『ウィンダム王国の歴史』
MAP65_e18_p0_11	Map065.json	1	dialogue	南の国のフレイムや、西の山奥のセイリューでは、
MAP65_e18_p0_12	Map065.json	1	dialogue	辺境の田舎に、いつのまにか大きな城が建っていて
MAP65_e18_p0_13	Map065.json	1	dialogue	王国が出来ていたので驚いたと伝わっている。
MAP65_e18_p0_15	Map065.json	1	dialogue	風のエレメントの加護で突然出来たお城と国である、
MAP65_e18_p0_16	Map065.json	1	dialogue	そういう噂が、ウィンダム王国以外でもそれなりに
MAP65_e18_p0_17	Map065.json	1	dialogue	信じられている。
MAP65_e18_p0_18	Map065.json	1	dialogue	とにかくこの国では何でも風のエレメントのおかげである。
MAP65_e18_p0_2	Map065.json	0	dialogue	…と表紙に書かれた本がある。読んでみようか…・
MAP65_e18_p0_3_c0	Map065.json	choice	choice	読んでみる
MAP65_e18_p0_3_c1	Map065.json	choice	choice	読まない
MAP65_e18_p0_6	Map065.json	1	dialogue	大昔からある国だと伝わるが、実際にどのくらい大昔から
MAP65_e18_p0_7	Map065.json	1	dialogue	あるのかは、あまりよく分からない。
MAP65_e18_p0_8	Map065.json	1	dialogue	色々な本や言い伝えから、500年くらい前には、
MAP65_e18_p0_9	Map065.json	1	dialogue	国王がいて、兵士がいて、街があったらしい。
MAP65_e19_p0_1	Map065.json	0	dialogue	『サクソンの日記』
MAP65_e19_p0_11	Map065.json	1	dialogue	ちょっと古いページ：
MAP65_e19_p0_12	Map065.json	1	dialogue	領内を荒らし回っていた野盗の集団を、遂に追い詰めた。
MAP65_e19_p0_13	Map065.json	1	dialogue	この戦いで大手柄を挙げることで、あのロイを差し置いて
MAP65_e19_p0_14	Map065.json	1	dialogue	わしが騎士団長になれないものか…。ううむ。
MAP65_e19_p0_16	Map065.json	1	dialogue	そんなに古くないページ：
MAP65_e19_p0_17	Map065.json	1	dialogue	もうずっとわしが騎士団長代行のままだ。
MAP65_e19_p0_18	Map065.json	1	dialogue	実質的にはわしが騎士団を率いているとはいえ…
MAP65_e19_p0_19	Map065.json	1	dialogue	紋章のないわしにいざとなった時に国を守れるだろうか…
MAP65_e19_p0_2	Map065.json	0	dialogue	…と、表紙に書かれた本がある。読んでみようか…
MAP65_e19_p0_3_c0	Map065.json	choice	choice	読んでみよう
MAP65_e19_p0_3_c1	Map065.json	choice	choice	読まない
MAP65_e19_p0_6	Map065.json	1	dialogue	とても古いページ：
MAP65_e19_p0_7	Map065.json	1	dialogue	代々何度も騎士団長、そして風の紋章を受け継いできた
MAP65_e19_p0_8	Map065.json	1	dialogue	我が一族…。わしもその栄誉が欲しかったのに、あのロイ
MAP65_e19_p0_9	Map065.json	1	dialogue	とかいう男がいるせいで…。悔しい。
MAP65_e1_name	Map065.json	event name	name	ウィンダム城下町
MAP65_e1_note	Map065.json	event note	note	入り口
MAP65_e1_p0_1	Map065.json	0	dialogue	ピピン：
MAP65_e1_p0_2	Map065.json	0	dialogue	ウィン、きさまどこへ行くつもりだ！？
MAP65_e1_p0_3	Map065.json	0	dialogue	王の間へ行かなくていいのか！？
MAP65_e20_name	Map065.json	event name	name	ダフィール
MAP65_e2_name	Map065.json	event name	name	ウィンダム城下町
MAP65_e2_note	Map065.json	event note	note	入り口
MAP65_e2_p0_1	Map065.json	0	dialogue	ピピン：
MAP65_e2_p0_2	Map065.json	0	dialogue	ウィン、きさまどこへ行くつもりだ！？
MAP65_e2_p0_3	Map065.json	0	dialogue	王の間へ行かなくていいのか！？
MAP65_e31_name	Map065.json	event name	name	サクソン
MAP65_e31_p0_1	Map065.json	0	dialogue	騎士団長代行サクソン：
MAP65_e31_p0_10	Map065.json	0	dialogue	ピピン：
MAP65_e31_p0_11	Map065.json	0	dialogue	随分と焦ってるようだが、それも当然だな。
MAP65_e31_p0_12	Map065.json	0	dialogue	西の監視塔なら、毎月サクソン団長代行が
MAP65_e31_p0_13	Map065.json	0	dialogue	見回りを命じられているはずだからな。
MAP65_e31_p0_15	Map065.json	0	dialogue	騎士団長代行サクソン：
MAP65_e31_p0_16	Map065.json	0	dialogue	ええい、ピピンめ、無礼なあああああ！！
MAP65_e31_p0_18	Map065.json	0	dialogue	騎士団長代行サクソン：
MAP65_e31_p0_19	Map065.json	0	dialogue	確かに前回の見回りでは異常なかったのだ！
MAP65_e31_p0_2	Map065.json	0	dialogue	わしは忙しいのだウィン！邪魔を…
MAP65_e31_p0_20	Map065.json	0	dialogue	魔物どころか、ねずみ一匹さえ、クモ一匹さえ
MAP65_e31_p0_21	Map065.json	0	dialogue	いなかったのだ！！
MAP65_e31_p0_23	Map065.json	0	dialogue	ピピン：
MAP65_e31_p0_24	Map065.json	0	dialogue	どうだかね…。
MAP65_e31_p0_26	Map065.json	0	dialogue	騎士団長代行サクソン：
MAP65_e31_p0_27	Map065.json	0	dialogue	しつこいぞ、ピピン！し、しかし…
MAP65_e31_p0_28	Map065.json	0	dialogue	もしかすれば、闇のエレメントの復活が
MAP65_e31_p0_29	Map065.json	0	dialogue	近いのかも知れぬ…
MAP65_e31_p0_3	Map065.json	0	dialogue	ん？西の監視塔に人食いの魔物が出たから
MAP65_e31_p0_31	Map065.json	0	dialogue	騎士団長代行サクソン：
MAP65_e31_p0_32	Map065.json	0	dialogue	ふたりとも、気を引き締めていくのだ！！
MAP65_e31_p0_4	Map065.json	0	dialogue	調査に行く、だと…？
MAP65_e31_p0_6	Map065.json	0	dialogue	騎士団長代行サクソン：
MAP65_e31_p0_7	Map065.json	0	dialogue	そ、それは大変だのう！
MAP65_e31_p0_8	Map065.json	0	dialogue	気を付けて行ってまいれよ！
MAP65_e32_name	Map065.json	event name	name	ジョッシュ
MAP65_e32_p0_1	Map065.json	0	dialogue	料理人助手ジョッシュ：
MAP65_e32_p0_10	Map065.json	0	dialogue	派手なバケモノが…王の間に…！
MAP65_e32_p0_12	Map065.json	0	dialogue	ピピン：
MAP65_e32_p0_13	Map065.json	0	dialogue	仕方ない…　このままもうしばらく隠れていろ。
MAP65_e32_p0_15	Map065.json	0	dialogue	料理人助手ジョッシュ：
MAP65_e32_p0_16	Map065.json	0	dialogue	あっ！　騎士さま、お待ちを…！！
MAP65_e32_p0_2	Map065.json	0	dialogue	ひ…ひい！　　…って、騎士さま…？
MAP65_e32_p0_20	Map065.json	0	dialogue	　　　　　美味しいパンを　３個　もらった！
MAP65_e32_p0_22	Map065.json	0	dialogue	料理人助手ジョッシュ：
MAP65_e32_p0_23	Map065.json	0	dialogue	私にはこれしかできることがありません…
MAP65_e32_p0_24	Map065.json	0	dialogue	たいしたものではないですが…お持ちください
MAP65_e32_p0_26	Map065.json	0	dialogue	ピピン：
MAP65_e32_p0_27	Map065.json	0	dialogue	フン…　ないよりはいいだろう。
MAP65_e32_p0_4	Map065.json	0	dialogue	ピピン：
MAP65_e32_p0_5	Map065.json	0	dialogue	おい、料理人！　
MAP65_e32_p0_6	Map065.json	0	dialogue	逃げ遅れたのか？
MAP65_e32_p0_8	Map065.json	0	dialogue	料理人助手ジョッシュ：
MAP65_e32_p0_9	Map065.json	0	dialogue	は…はい…　仕事を終えて戻ろうとしたら…
MAP65_e32_p1_1	Map065.json	0	dialogue	料理人助手ジョッシュ：
MAP65_e32_p1_10	Map065.json	0	dialogue	派手なバケモノが…王の間に…！
MAP65_e32_p1_12	Map065.json	0	dialogue	ピピン：
MAP65_e32_p1_13	Map065.json	0	dialogue	仕方ない…　このままもうしばらく隠れていろ。
MAP65_e32_p1_15	Map065.json	0	dialogue	料理人助手ジョッシュ：
MAP65_e32_p1_16	Map065.json	0	dialogue	あっ！　騎士さま、お待ちを…！！
MAP65_e32_p1_2	Map065.json	0	dialogue	ひ…ひい！　　…って、騎士さま…？
MAP65_e32_p1_20	Map065.json	0	dialogue	　　　　　高級医療キットを　３個　もらった！
MAP65_e32_p1_22	Map065.json	0	dialogue	料理人助手ジョッシュ：
MAP65_e32_p1_23	Map065.json	0	dialogue	私にはこれしかできることがありません…
MAP65_e32_p1_24	Map065.json	0	dialogue	たいしたものではないですが…お持ちください
MAP65_e32_p1_26	Map065.json	0	dialogue	ピピン：
MAP65_e32_p1_27	Map065.json	0	dialogue	フン…　ないよりはいいだろう。
MAP65_e32_p1_4	Map065.json	0	dialogue	ピピン：
MAP65_e32_p1_5	Map065.json	0	dialogue	おい、料理人！　
MAP65_e32_p1_6	Map065.json	0	dialogue	逃げ遅れたのか？
MAP65_e32_p1_8	Map065.json	0	dialogue	料理人助手ジョッシュ：
MAP65_e32_p1_9	Map065.json	0	dialogue	は…はい…　仕事を終えて戻ろうとしたら…
MAP65_e32_p2_1	Map065.json	0	dialogue	料理人助手ジョッシュ：
MAP65_e32_p2_2	Map065.json	0	dialogue	ウィンさま…　
MAP65_e32_p2_3	Map065.json	0	dialogue	私はいつも、ウィンさまのお家のパンの味を
MAP65_e32_p2_4	Map065.json	0	dialogue	お手本に、パンを作ってるんです…
MAP65_e32_p2_6	Map065.json	0	dialogue	料理人助手ジョッシュ：
MAP65_e32_p2_7	Map065.json	0	dialogue	やっと、近い味が作れたと思います…！
MAP65_e32_p2_8	Map065.json	0	dialogue	よかったら、いつかご感想をお聞かせ下さい…
MAP65_e33_p0_12	Map065.json	1	dialogue	ピピン：
MAP65_e33_p0_13	Map065.json	1	dialogue	よし。
MAP65_e33_p0_14	Map065.json	1	dialogue	…突入する！
MAP65_e33_p0_22	Map065.json	1	dialogue	ピピン：
MAP65_e33_p0_23	Map065.json	1	dialogue	…ならさっさと済ませろ！
MAP65_e33_p0_3	Map065.json	0	dialogue	ピピン：
MAP65_e33_p0_4	Map065.json	0	dialogue	…これから突入するが、
MAP65_e33_p0_6	Map065.json	0	dialogue	ピピン：
MAP65_e33_p0_7	Map065.json	0	dialogue	…その前に、装備の点検、回復等…
MAP65_e33_p0_8	Map065.json	0	dialogue	ひととおり済ませてあるだろうな？
MAP65_e33_p0_9_c0	Map065.json	choice	choice	もちろん
MAP65_e33_p0_9_c1	Map065.json	choice	choice	まだです
MAP65_e34_p0_12	Map065.json	1	dialogue	ピピン：
MAP65_e34_p0_13	Map065.json	1	dialogue	よし。
MAP65_e34_p0_14	Map065.json	1	dialogue	…突入する！
MAP65_e34_p0_24	Map065.json	1	dialogue	ピピン：
MAP65_e34_p0_25	Map065.json	1	dialogue	…ならさっさと済ませろ！
MAP65_e34_p0_3	Map065.json	0	dialogue	ピピン：
MAP65_e34_p0_4	Map065.json	0	dialogue	…これから突入するが、
MAP65_e34_p0_6	Map065.json	0	dialogue	ピピン：
MAP65_e34_p0_7	Map065.json	0	dialogue	…その前に、装備の点検、回復等…
MAP65_e34_p0_8	Map065.json	0	dialogue	ひととおり済ませてあるだろうな？
MAP65_e34_p0_9_c0	Map065.json	choice	choice	もちろん
MAP65_e34_p0_9_c1	Map065.json	choice	choice	まだです
MAP65_e35_p0_12	Map065.json	1	dialogue	ピピン：
MAP65_e35_p0_13	Map065.json	1	dialogue	よし。
MAP65_e35_p0_14	Map065.json	1	dialogue	…突入する！
MAP65_e35_p0_24	Map065.json	1	dialogue	ピピン：
MAP65_e35_p0_25	Map065.json	1	dialogue	…ならさっさと済ませろ！
MAP65_e35_p0_3	Map065.json	0	dialogue	ピピン：
MAP65_e35_p0_4	Map065.json	0	dialogue	…これから突入するが、
MAP65_e35_p0_6	Map065.json	0	dialogue	ピピン：
MAP65_e35_p0_7	Map065.json	0	dialogue	…その前に、装備の点検、回復等…
MAP65_e35_p0_8	Map065.json	0	dialogue	ひととおり済ませてあるだろうな？
MAP65_e35_p0_9_c0	Map065.json	choice	choice	もちろん
MAP65_e35_p0_9_c1	Map065.json	choice	choice	まだです
MAP65_e36_name	Map065.json	event name	name	ピピン
MAP65_e36_p1_10	Map065.json	0	dialogue	ダフィール：
MAP65_e36_p1_100	Map065.json	0	dialogue	ダフィール：
MAP65_e36_p1_101	Map065.json	0	dialogue	だはは！！
MAP65_e36_p1_102	Map065.json	0	dialogue	いや、だからー　継承者じゃない人間なんて…
MAP65_e36_p1_104	Map065.json	0	dialogue	ダフィール：
MAP65_e36_p1_105	Map065.json	0	dialogue	ボクにとっては、ハエ以下の存在なわけー
MAP65_e36_p1_106	Map065.json	0	dialogue	むしろハエよりずっとうるさいから…　
MAP65_e36_p1_107	Map065.json	0	dialogue	もっとムカつくんだよねーーーーーー？？
MAP65_e36_p1_109	Map065.json	0	dialogue	ピピン：
MAP65_e36_p1_11	Map065.json	0	dialogue	んーーーーー？？
MAP65_e36_p1_110	Map065.json	0	dialogue	キサマのそのクドい喋り方にはウンザリだ…
MAP65_e36_p1_111	Map065.json	0	dialogue	もういい！　ダフィール、かかってこい！！
MAP65_e36_p1_113	Map065.json	0	dialogue	ピピン：
MAP65_e36_p1_114	Map065.json	0	dialogue	ウィン、さっきのバトルの感覚を忘れるな！
MAP65_e36_p1_115	Map065.json	0	dialogue	俺が攻撃で、お前がサポートだ！！
MAP65_e36_p1_117	Map065.json	0	dialogue	ウィン：
MAP65_e36_p1_118	Map065.json	0	dialogue	…！
MAP65_e36_p1_121	Map065.json	0	dialogue	　　　　　　　　　　ウィンは頷いた！
MAP65_e36_p1_123	Map065.json	0	dialogue	ダフィール：
MAP65_e36_p1_124	Map065.json	0	dialogue	あーーー　やるのねーーー
MAP65_e36_p1_125	Map065.json	0	dialogue	継承者がひとりってのが残念だったけど…
MAP65_e36_p1_126	Map065.json	0	dialogue	まあ、いっかーーー！！
MAP65_e36_p1_128	Map065.json	0	dialogue	ダフィール：
MAP65_e36_p1_129	Map065.json	0	dialogue	じゃあ　いくよー
MAP65_e36_p1_130	Map065.json	0	dialogue	せーの…
MAP65_e36_p1_132	Map065.json	0	dialogue	ダフィール：
MAP65_e36_p1_133	Map065.json	0	dialogue	プレイボ―――――――ル！！
MAP65_e36_p1_182	Map065.json	0	dialogue	近衛兵ブロウニング：
MAP65_e36_p1_183	Map065.json	0	dialogue	うわーーーなんだ！
MAP65_e36_p1_184	Map065.json	0	dialogue	突然まものがたくさん…！
MAP65_e36_p1_193	Map065.json	0	dialogue	サクソン：
MAP65_e36_p1_194	Map065.json	0	dialogue	ぐおおおおおお！！
MAP65_e36_p1_195	Map065.json	0	dialogue	突然魔物の大群が！！！！！
MAP65_e36_p1_196	Map065.json	0	dialogue	えーーーーい、戦えーーーーい！！
MAP65_e36_p1_199	Map065.json	0	dialogue	ロイ：
MAP65_e36_p1_200	Map065.json	0	dialogue	くっ！！まずい…！　こうなっては…
MAP65_e36_p1_201	Map065.json	0	dialogue	俺もどうにかして剣を抜かねば…！
MAP65_e36_p1_204	Map065.json	0	dialogue	ピピン：
MAP65_e36_p1_205	Map065.json	0	dialogue	な、なにが起こっている！？
MAP65_e36_p1_206	Map065.json	0	dialogue	やめろ！　お前ら！！
MAP65_e36_p1_208	Map065.json	0	dialogue	ウィンダム王：
MAP65_e36_p1_209	Map065.json	0	dialogue	人間はもはや私しかおらぬのか…！
MAP65_e36_p1_210	Map065.json	0	dialogue	ええいっ！　ならば一匹でも多く道連れに…！
MAP65_e36_p1_213	Map065.json	0	dialogue	ウィン：
MAP65_e36_p1_214	Map065.json	0	dialogue	…！
MAP65_e36_p1_216	Map065.json	0	dialogue	ダフィール：
MAP65_e36_p1_217	Map065.json	0	dialogue	ハーイ　みんながんばってーーー
MAP65_e36_p1_219	Map065.json	0	dialogue	ダフィール：
MAP65_e36_p1_220	Map065.json	0	dialogue	そう…
MAP65_e36_p1_221	Map065.json	0	dialogue	戦うのはボクじゃなくって　みなさんでーす！
MAP65_e36_p1_227	Map065.json	0	dialogue	ピピン：
MAP65_e36_p1_228	Map065.json	0	dialogue	クッ…！
MAP65_e36_p1_229	Map065.json	0	dialogue	これはキサマの仕業なのか…　ダフィール！！
MAP65_e36_p1_231	Map065.json	0	dialogue	ダフィール：
MAP65_e36_p1_232	Map065.json	0	dialogue	そうだよーん　ボクはひとっていうかー
MAP65_e36_p1_233	Map065.json	0	dialogue	いきもの全般を操ったり惑わしたりするのが
MAP65_e36_p1_234	Map065.json	0	dialogue	得意なのさーーー
MAP65_e36_p1_236	Map065.json	0	dialogue	ピピン：
MAP65_e36_p1_237	Map065.json	0	dialogue	みんな目を覚ませ…！！
MAP65_e36_p1_238	Map065.json	0	dialogue	俺たちは同士討ちをしている…！！
MAP65_e36_p1_240	Map065.json	0	dialogue	ダフィール：
MAP65_e36_p1_241	Map065.json	0	dialogue	この術は継承者には通用しないんだけどーーー
MAP65_e36_p1_243	Map065.json	0	dialogue	ダフィール：
MAP65_e36_p1_244	Map065.json	0	dialogue	ふつうのニンゲンだと効いちゃうワケー
MAP65_e36_p1_245	Map065.json	0	dialogue	さあ継承者さーん　ふつうのニンゲンに
MAP65_e36_p1_246	Map065.json	0	dialogue	ころされちゃうよー？　いいのーーー？
MAP65_e36_p1_25	Map065.json	0	dialogue	ロイ：
MAP65_e36_p1_252	Map065.json	0	dialogue	ピピン：
MAP65_e36_p1_253	Map065.json	0	dialogue	ウィン…！
MAP65_e36_p1_254	Map065.json	0	dialogue	ハヤテの魔法でここを脱出するしかない…！
MAP65_e36_p1_256	Map065.json	0	dialogue	ウィン：
MAP65_e36_p1_257	Map065.json	0	dialogue	………！
MAP65_e36_p1_259	Map065.json	0	dialogue	ピピン：
MAP65_e36_p1_26	Map065.json	0	dialogue	おお…　ピピン！！　それに、ウィン！！
MAP65_e36_p1_260	Map065.json	0	dialogue	どうせお前にこいつらは殺せないだろうが…
MAP65_e36_p1_261	Map065.json	0	dialogue	なら、逃げるしかないだろ…！！
MAP65_e36_p1_263	Map065.json	0	dialogue	ウィン：
MAP65_e36_p1_264	Map065.json	0	dialogue	………！
MAP65_e36_p1_266	Map065.json	0	dialogue	ピピン：
MAP65_e36_p1_267	Map065.json	0	dialogue	逃げたらこいつらが助からないってんだろ…
MAP65_e36_p1_268	Map065.json	0	dialogue	バカが…！！　相変わらずだな、お前は…！！
MAP65_e36_p1_274	Map065.json	0	dialogue	ダフィール：
MAP65_e36_p1_275	Map065.json	0	dialogue	いやいやいやいやいや…
MAP65_e36_p1_277	Map065.json	0	dialogue	ピピン：
MAP65_e36_p1_278	Map065.json	0	dialogue	…ったく　俺としたことがドジったもんだ…
MAP65_e36_p1_279	Map065.json	0	dialogue	お前といると…　焼きがまわりっ放しだ！
MAP65_e36_p1_28	Map065.json	0	dialogue	サクソン：
MAP65_e36_p1_281	Map065.json	0	dialogue	ウィン：
MAP65_e36_p1_282	Map065.json	0	dialogue	………！
MAP65_e36_p1_288	Map065.json	0	dialogue	ダフィール：
MAP65_e36_p1_289	Map065.json	0	dialogue	おい、赤いのさー
MAP65_e36_p1_29	Map065.json	0	dialogue	ピピンだとーーー！？
MAP65_e36_p1_290	Map065.json	0	dialogue	なんでオマエ　大丈夫なんだー？
MAP65_e36_p1_292	Map065.json	0	dialogue	ピピン：
MAP65_e36_p1_293	Map065.json	0	dialogue	…なに？
MAP65_e36_p1_295	Map065.json	0	dialogue	ダフィール：
MAP65_e36_p1_296	Map065.json	0	dialogue	オマエ、継承者じゃないだろ？
MAP65_e36_p1_297	Map065.json	0	dialogue	なんでボクの術効いてないワケー？
MAP65_e36_p1_299	Map065.json	0	dialogue	ピピン：
MAP65_e36_p1_30	Map065.json	0	dialogue	騎士を突然やめたきさまが…
MAP65_e36_p1_300	Map065.json	0	dialogue	…さあな。
MAP65_e36_p1_301	Map065.json	0	dialogue	キサマの術が、キサマの思っているよりも
MAP65_e36_p1_302	Map065.json	0	dialogue	全然大したことない証拠じゃないのか？
MAP65_e36_p1_305	Map065.json	0	dialogue	ダフィール：
MAP65_e36_p1_306	Map065.json	0	dialogue	やめやめーーー
MAP65_e36_p1_307	Map065.json	0	dialogue	試合中断しまーーーーーーーーす
MAP65_e36_p1_31	Map065.json	0	dialogue	今更どの顔を下げてやってきたのだー！！？？
MAP65_e36_p1_33	Map065.json	0	dialogue	ピピン：
MAP65_e36_p1_34	Map065.json	0	dialogue	フン…　無能のお前に代わって…
MAP65_e36_p1_35	Map065.json	0	dialogue	このバケモンを俺が退治しに来てやったのさ。
MAP65_e36_p1_369	Map065.json	0	dialogue	ロイ：
MAP65_e36_p1_37	Map065.json	0	dialogue	サクソン：
MAP65_e36_p1_370	Map065.json	0	dialogue	はっ…！　俺は…一体…？
MAP65_e36_p1_378	Map065.json	0	dialogue	サクソン：
MAP65_e36_p1_379	Map065.json	0	dialogue	な…何が起こったんだ？　
MAP65_e36_p1_38	Map065.json	0	dialogue	ぐぬぬぬ…　きさまああああーーー！！
MAP65_e36_p1_387	Map065.json	0	dialogue	ウィンダム王：
MAP65_e36_p1_388	Map065.json	0	dialogue	どうした…？　なぜ皆　傷を負っている！？
MAP65_e36_p1_390	Map065.json	0	dialogue	ピピン：
MAP65_e36_p1_391	Map065.json	0	dialogue	…術を、解いたのか？
MAP65_e36_p1_398	Map065.json	0	dialogue	ロイ：
MAP65_e36_p1_399	Map065.json	0	dialogue	ピピン…　ウィン…
MAP65_e36_p1_40	Map065.json	0	dialogue	ロイ：
MAP65_e36_p1_400	Map065.json	0	dialogue	何が起こった…？
MAP65_e36_p1_402	Map065.json	0	dialogue	ピピン：
MAP65_e36_p1_403	Map065.json	0	dialogue	…そいつが幻惑の術みたいなものを使った。
MAP65_e36_p1_404	Map065.json	0	dialogue	それで、俺とウィン以外のお前らは…
MAP65_e36_p1_405	Map065.json	0	dialogue	味方を魔物と思って、同士討ちを始めたのさ。
MAP65_e36_p1_407	Map065.json	0	dialogue	サクソン：
MAP65_e36_p1_408	Map065.json	0	dialogue	な…なんと！
MAP65_e36_p1_41	Map065.json	0	dialogue	サクソン殿！　ここはこらえて下され！！
MAP65_e36_p1_410	Map065.json	0	dialogue	ダフィール：
MAP65_e36_p1_411	Map065.json	0	dialogue	そうなんだけどー
MAP65_e36_p1_412	Map065.json	0	dialogue	やめたーーーーーーーー
MAP65_e36_p1_414	Map065.json	0	dialogue	ピピン：
MAP65_e36_p1_415	Map065.json	0	dialogue	なぜやめた！？
MAP65_e36_p1_417	Map065.json	0	dialogue	ダフィール：
MAP65_e36_p1_418	Map065.json	0	dialogue	もっといいこと思い付いたからさーーー
MAP65_e36_p1_420	Map065.json	0	dialogue	ピピン：
MAP65_e36_p1_421	Map065.json	0	dialogue	なに…？
MAP65_e36_p1_425	Map065.json	0	dialogue	ダフィール：
MAP65_e36_p1_426	Map065.json	0	dialogue	さすがに時間を食いすぎちゃったからー
MAP65_e36_p1_427	Map065.json	0	dialogue	最後まで見られないのは残念なんだけどーーー
MAP65_e36_p1_429	Map065.json	0	dialogue	ダフィール：
MAP65_e36_p1_43	Map065.json	0	dialogue	ロイ：
MAP65_e36_p1_430	Map065.json	0	dialogue	もっと面白い方を操ることにしたよー
MAP65_e36_p1_431	Map065.json	0	dialogue	これはきっと、みんなも楽しめると思うなー
MAP65_e36_p1_433	Map065.json	0	dialogue	ピピン：
MAP65_e36_p1_434	Map065.json	0	dialogue	なにを言っている…！
MAP65_e36_p1_436	Map065.json	0	dialogue	ダフィール：
MAP65_e36_p1_437	Map065.json	0	dialogue	そこの赤いのさー　天才なんだってー？
MAP65_e36_p1_438	Map065.json	0	dialogue	なのにずいぶんと…　
MAP65_e36_p1_44	Map065.json	0	dialogue	風の紋章の継承者ウィンと…
MAP65_e36_p1_440	Map065.json	0	dialogue	ダフィール：
MAP65_e36_p1_441	Map065.json	0	dialogue	内に…　闇を抱えているみたいだねー…
MAP65_e36_p1_442	Map065.json	0	dialogue	そういう子には…　とっておきのがあるのさ
MAP65_e36_p1_448	Map065.json	0	dialogue	ロイ：
MAP65_e36_p1_449	Map065.json	0	dialogue	今度はなんだ…？
MAP65_e36_p1_45	Map065.json	0	dialogue	天才騎士ピピンが来てくれたのであれば、
MAP65_e36_p1_451	Map065.json	0	dialogue	ダフィール：
MAP65_e36_p1_452	Map065.json	0	dialogue	じゃあねー　みんなーーー
MAP65_e36_p1_453	Map065.json	0	dialogue	ボクはあんまりみんなを楽しませてあげられ
MAP65_e36_p1_454	Map065.json	0	dialogue	なかったけどー
MAP65_e36_p1_456	Map065.json	0	dialogue	ダフィール：
MAP65_e36_p1_457	Map065.json	0	dialogue	この子がみんなを楽しませてくれるからーーー
MAP65_e36_p1_458	Map065.json	0	dialogue	じゃあねーーーー
MAP65_e36_p1_46	Map065.json	0	dialogue	四天王ダフィールをも、きっと倒せますぞ！！
MAP65_e36_p1_50	Map065.json	0	dialogue	サクソン：
MAP65_e36_p1_51	Map065.json	0	dialogue	ぐぬぬ…
MAP65_e36_p1_55	Map065.json	0	dialogue	ロイ：
MAP65_e36_p1_56	Map065.json	0	dialogue	陛下…　構いませんな？
MAP65_e36_p1_58	Map065.json	0	dialogue	ウィンダム王：
MAP65_e36_p1_59	Map065.json	0	dialogue	…いいだろう。
MAP65_e36_p1_6	Map065.json	0	dialogue	ピピン：
MAP65_e36_p1_63	Map065.json	0	dialogue	ダフィール：
MAP65_e36_p1_64	Map065.json	0	dialogue	へーーーーー！！
MAP65_e36_p1_65	Map065.json	0	dialogue	キミが？　そっちの金色のが継承者ー？
MAP65_e36_p1_69	Map065.json	0	dialogue	ダフィール：
MAP65_e36_p1_7	Map065.json	0	dialogue	…そこまでだ、バケモン
MAP65_e36_p1_70	Map065.json	0	dialogue	そんでー？　ナニナニ？？
MAP65_e36_p1_71	Map065.json	0	dialogue	そっちの赤いのが…
MAP65_e36_p1_72	Map065.json	0	dialogue	てんさい…　きし…？　　　　ハ？？？
MAP65_e36_p1_74	Map065.json	0	dialogue	ダフィール：
MAP65_e36_p1_75	Map065.json	0	dialogue	よくわかんないけどーーーーー
MAP65_e36_p1_76	Map065.json	0	dialogue	ふつうの人間なワケねー
MAP65_e36_p1_78	Map065.json	0	dialogue	ピピン：
MAP65_e36_p1_79	Map065.json	0	dialogue	フン！
MAP65_e36_p1_80	Map065.json	0	dialogue	それなら…　俺が普通かどうか、試してみろ！
MAP65_e36_p1_82	Map065.json	0	dialogue	ダフィール：
MAP65_e36_p1_83	Map065.json	0	dialogue	いやいやいや　だはははは！！
MAP65_e36_p1_84	Map065.json	0	dialogue	えーーー？　継承者は　ひとり？
MAP65_e36_p1_85	Map065.json	0	dialogue	ひとりだけーーーーーー？？？
MAP65_e36_p1_87	Map065.json	0	dialogue	ロイ：
MAP65_e36_p1_88	Map065.json	0	dialogue	ウィン！　おまえだけなのか！？
MAP65_e36_p1_90	Map065.json	0	dialogue	ウィン：
MAP65_e36_p1_91	Map065.json	0	dialogue	…。
MAP65_e36_p1_94	Map065.json	0	dialogue	　　　　　　　　　　ウィンは頷いた
MAP65_e36_p1_96	Map065.json	0	dialogue	サクソン：
MAP65_e36_p1_97	Map065.json	0	dialogue	継承者がウィンだけでも…
MAP65_e36_p1_98	Map065.json	0	dialogue	ピピンもいるのだ！　負けるわけがないわい！
MAP65_e36_p2_10	Map065.json	0	dialogue	ダフィール：
MAP65_e36_p2_100	Map065.json	0	dialogue	ダフィール：
MAP65_e36_p2_101	Map065.json	0	dialogue	だはは！！
MAP65_e36_p2_102	Map065.json	0	dialogue	いや、だからー　継承者じゃない人間なんて…
MAP65_e36_p2_104	Map065.json	0	dialogue	ダフィール：
MAP65_e36_p2_105	Map065.json	0	dialogue	ボクにとっては、ハエ以下の存在なわけー
MAP65_e36_p2_106	Map065.json	0	dialogue	むしろハエよりずっとうるさいから…　
MAP65_e36_p2_107	Map065.json	0	dialogue	もっとムカつくんだよねーーーーーー？？
MAP65_e36_p2_109	Map065.json	0	dialogue	ピピン：
MAP65_e36_p2_11	Map065.json	0	dialogue	んーーーーー？？
MAP65_e36_p2_110	Map065.json	0	dialogue	キサマのそのクドい喋り方にはウンザリだ…
MAP65_e36_p2_111	Map065.json	0	dialogue	もういい！　ダフィール、かかってこい！！
MAP65_e36_p2_113	Map065.json	0	dialogue	ピピン：
MAP65_e36_p2_114	Map065.json	0	dialogue	ウィン、さっきのバトルの感覚を忘れるな！
MAP65_e36_p2_115	Map065.json	0	dialogue	俺が攻撃で、お前がサポートだ！！
MAP65_e36_p2_117	Map065.json	0	dialogue	ウィン：
MAP65_e36_p2_118	Map065.json	0	dialogue	…！
MAP65_e36_p2_121	Map065.json	0	dialogue	　　　　　　　　　　ウィンは頷いた！
MAP65_e36_p2_123	Map065.json	0	dialogue	ダフィール：
MAP65_e36_p2_124	Map065.json	0	dialogue	あーーー　やるのねーーー
MAP65_e36_p2_125	Map065.json	0	dialogue	継承者がひとりってのが残念だったけど…
MAP65_e36_p2_126	Map065.json	0	dialogue	まあ、いっかーーー！！
MAP65_e36_p2_128	Map065.json	0	dialogue	ダフィール：
MAP65_e36_p2_129	Map065.json	0	dialogue	じゃあ　いくよー
MAP65_e36_p2_130	Map065.json	0	dialogue	せーの…
MAP65_e36_p2_132	Map065.json	0	dialogue	ダフィール：
MAP65_e36_p2_133	Map065.json	0	dialogue	プレイボ―――――――ル！！
MAP65_e36_p2_183	Map065.json	0	dialogue	近衛兵ブロウニング：
MAP65_e36_p2_184	Map065.json	0	dialogue	うわーーーなんだ！
MAP65_e36_p2_185	Map065.json	0	dialogue	突然まものがたくさん…！
MAP65_e36_p2_194	Map065.json	0	dialogue	サクソン：
MAP65_e36_p2_195	Map065.json	0	dialogue	ぐおおおおおお！！
MAP65_e36_p2_196	Map065.json	0	dialogue	突然魔物の大群が！！！！！
MAP65_e36_p2_197	Map065.json	0	dialogue	えーーーーい、戦えーーーーい！！
MAP65_e36_p2_200	Map065.json	0	dialogue	ロイ：
MAP65_e36_p2_201	Map065.json	0	dialogue	くっ！！まずい…！　こうなっては…
MAP65_e36_p2_202	Map065.json	0	dialogue	俺もどうにかして剣を抜かねば…！
MAP65_e36_p2_205	Map065.json	0	dialogue	ピピン：
MAP65_e36_p2_206	Map065.json	0	dialogue	な、なにが起こっている！？
MAP65_e36_p2_207	Map065.json	0	dialogue	やめろ！　お前ら！！
MAP65_e36_p2_209	Map065.json	0	dialogue	ウィンダム王：
MAP65_e36_p2_210	Map065.json	0	dialogue	人間はもはや私しかおらぬのか…！
MAP65_e36_p2_211	Map065.json	0	dialogue	ええいっ！　ならば一匹でも多く道連れに…！
MAP65_e36_p2_214	Map065.json	0	dialogue	ウィン：
MAP65_e36_p2_215	Map065.json	0	dialogue	…！
MAP65_e36_p2_217	Map065.json	0	dialogue	ダフィール：
MAP65_e36_p2_218	Map065.json	0	dialogue	ハーイ　みんながんばってーーー
MAP65_e36_p2_220	Map065.json	0	dialogue	ダフィール：
MAP65_e36_p2_221	Map065.json	0	dialogue	そう…
MAP65_e36_p2_222	Map065.json	0	dialogue	戦うのはボクじゃなくって　みなさんでーす！
MAP65_e36_p2_228	Map065.json	0	dialogue	ピピン：
MAP65_e36_p2_229	Map065.json	0	dialogue	クッ…！
MAP65_e36_p2_230	Map065.json	0	dialogue	これはキサマの仕業なのか…　ダフィール！！
MAP65_e36_p2_232	Map065.json	0	dialogue	ダフィール：
MAP65_e36_p2_233	Map065.json	0	dialogue	そうだよーん　ボクはひとっていうかー
MAP65_e36_p2_234	Map065.json	0	dialogue	いきもの全般を操ったり惑わしたりするのが
MAP65_e36_p2_235	Map065.json	0	dialogue	得意なのさーーー
MAP65_e36_p2_237	Map065.json	0	dialogue	ピピン：
MAP65_e36_p2_238	Map065.json	0	dialogue	みんな目を覚ませー！！
MAP65_e36_p2_239	Map065.json	0	dialogue	俺たちは同士討ちをしている！！
MAP65_e36_p2_241	Map065.json	0	dialogue	ダフィール：
MAP65_e36_p2_242	Map065.json	0	dialogue	この術は継承者には通用しないんだけどーーー
MAP65_e36_p2_244	Map065.json	0	dialogue	ダフィール：
MAP65_e36_p2_245	Map065.json	0	dialogue	ふつうのニンゲンだと効いちゃうワケー
MAP65_e36_p2_246	Map065.json	0	dialogue	さあ継承者さーん　ふつうのニンゲンに
MAP65_e36_p2_247	Map065.json	0	dialogue	ころされちゃうよー？　いいのーーー？
MAP65_e36_p2_25	Map065.json	0	dialogue	ロイ：
MAP65_e36_p2_253	Map065.json	0	dialogue	ピピン：
MAP65_e36_p2_254	Map065.json	0	dialogue	ウィン…！
MAP65_e36_p2_255	Map065.json	0	dialogue	ハヤテの魔法でここを脱出するしかない…！
MAP65_e36_p2_257	Map065.json	0	dialogue	ウィン：
MAP65_e36_p2_258	Map065.json	0	dialogue	………！
MAP65_e36_p2_26	Map065.json	0	dialogue	おお…　ピピン！！　それに、ウィン！！
MAP65_e36_p2_260	Map065.json	0	dialogue	ピピン：
MAP65_e36_p2_261	Map065.json	0	dialogue	どうせお前にこいつらは殺せないだろうが…
MAP65_e36_p2_262	Map065.json	0	dialogue	なら、逃げるしかないだろ…！！
MAP65_e36_p2_264	Map065.json	0	dialogue	ウィン：
MAP65_e36_p2_265	Map065.json	0	dialogue	………！
MAP65_e36_p2_267	Map065.json	0	dialogue	ピピン：
MAP65_e36_p2_268	Map065.json	0	dialogue	逃げたらこいつらが助からないってんだろ…
MAP65_e36_p2_269	Map065.json	0	dialogue	バカが…！！　相変わらずだな、お前は…！！
MAP65_e36_p2_275	Map065.json	0	dialogue	ダフィール：
MAP65_e36_p2_276	Map065.json	0	dialogue	いやいやいやいやいや…
MAP65_e36_p2_278	Map065.json	0	dialogue	ピピン：
MAP65_e36_p2_279	Map065.json	0	dialogue	…ったく　俺としたことがドジったもんだ…
MAP65_e36_p2_28	Map065.json	0	dialogue	サクソン：
MAP65_e36_p2_280	Map065.json	0	dialogue	お前といると…　焼きがまわりっ放しだ！
MAP65_e36_p2_282	Map065.json	0	dialogue	ウィン：
MAP65_e36_p2_283	Map065.json	0	dialogue	………！
MAP65_e36_p2_289	Map065.json	0	dialogue	ダフィール：
MAP65_e36_p2_29	Map065.json	0	dialogue	ピピンだとーーー！？
MAP65_e36_p2_290	Map065.json	0	dialogue	おい、赤いのさー
MAP65_e36_p2_291	Map065.json	0	dialogue	なんでオマエ　大丈夫なんだー？
MAP65_e36_p2_293	Map065.json	0	dialogue	ピピン：
MAP65_e36_p2_294	Map065.json	0	dialogue	…なに？
MAP65_e36_p2_296	Map065.json	0	dialogue	ダフィール：
MAP65_e36_p2_297	Map065.json	0	dialogue	オマエ、継承者じゃないだろ？
MAP65_e36_p2_298	Map065.json	0	dialogue	なんでボクの術効いてないワケー？
MAP65_e36_p2_30	Map065.json	0	dialogue	騎士を突然やめたきさまが…
MAP65_e36_p2_300	Map065.json	0	dialogue	ピピン：
MAP65_e36_p2_301	Map065.json	0	dialogue	…さあな。
MAP65_e36_p2_302	Map065.json	0	dialogue	キサマの術が、キサマの思っているよりも
MAP65_e36_p2_303	Map065.json	0	dialogue	全然大したことない証拠じゃないのか？
MAP65_e36_p2_306	Map065.json	0	dialogue	ダフィール：
MAP65_e36_p2_307	Map065.json	0	dialogue	やめやめーーー
MAP65_e36_p2_308	Map065.json	0	dialogue	試合中断しまーーーーーーーーす
MAP65_e36_p2_31	Map065.json	0	dialogue	今更どの顔を下げてやってきたのだー！！？？
MAP65_e36_p2_33	Map065.json	0	dialogue	ピピン：
MAP65_e36_p2_34	Map065.json	0	dialogue	フン…　無能のお前に代わって…
MAP65_e36_p2_35	Map065.json	0	dialogue	このバケモンを俺が退治しに来てやったのさ。
MAP65_e36_p2_37	Map065.json	0	dialogue	サクソン：
MAP65_e36_p2_370	Map065.json	0	dialogue	ロイ：
MAP65_e36_p2_371	Map065.json	0	dialogue	はっ…！　俺は…一体…？
MAP65_e36_p2_379	Map065.json	0	dialogue	サクソン：
MAP65_e36_p2_38	Map065.json	0	dialogue	ぐぬぬぬ…　きさまああああーーー！！
MAP65_e36_p2_380	Map065.json	0	dialogue	な…何が起こったんだ？　
MAP65_e36_p2_388	Map065.json	0	dialogue	ウィンダム王：
MAP65_e36_p2_389	Map065.json	0	dialogue	どうした…？　なぜ皆　傷を負っている！？
MAP65_e36_p2_391	Map065.json	0	dialogue	ピピン：
MAP65_e36_p2_392	Map065.json	0	dialogue	…術を、解いたのか？
MAP65_e36_p2_399	Map065.json	0	dialogue	ロイ：
MAP65_e36_p2_40	Map065.json	0	dialogue	ロイ：
MAP65_e36_p2_400	Map065.json	0	dialogue	ピピン…　ウィン…
MAP65_e36_p2_401	Map065.json	0	dialogue	何が起こった…？
MAP65_e36_p2_403	Map065.json	0	dialogue	ピピン：
MAP65_e36_p2_404	Map065.json	0	dialogue	…そいつが幻惑の術みたいなものを使った。
MAP65_e36_p2_405	Map065.json	0	dialogue	それで、俺とウィン以外のお前らは…
MAP65_e36_p2_406	Map065.json	0	dialogue	味方を魔物と思って、同士討ちを始めたのさ。
MAP65_e36_p2_408	Map065.json	0	dialogue	サクソン：
MAP65_e36_p2_409	Map065.json	0	dialogue	な…なんと！
MAP65_e36_p2_41	Map065.json	0	dialogue	サクソン殿！　ここはこらえて下され！！
MAP65_e36_p2_411	Map065.json	0	dialogue	ダフィール：
MAP65_e36_p2_412	Map065.json	0	dialogue	そうなんだけどー
MAP65_e36_p2_413	Map065.json	0	dialogue	やめたーーーーーーーー
MAP65_e36_p2_415	Map065.json	0	dialogue	ピピン：
MAP65_e36_p2_416	Map065.json	0	dialogue	なぜやめた！？
MAP65_e36_p2_418	Map065.json	0	dialogue	ダフィール：
MAP65_e36_p2_419	Map065.json	0	dialogue	もっといいこと思い付いたからさーーー
MAP65_e36_p2_421	Map065.json	0	dialogue	ピピン：
MAP65_e36_p2_422	Map065.json	0	dialogue	なに…？
MAP65_e36_p2_426	Map065.json	0	dialogue	ダフィール：
MAP65_e36_p2_427	Map065.json	0	dialogue	キミ…　何者だい？
MAP65_e36_p2_429	Map065.json	0	dialogue	ピピン：
MAP65_e36_p2_43	Map065.json	0	dialogue	ロイ：
MAP65_e36_p2_430	Map065.json	0	dialogue	どういう意味だ…？
MAP65_e36_p2_432	Map065.json	0	dialogue	ダフィール：
MAP65_e36_p2_433	Map065.json	0	dialogue	ちょっとだけ試させてもらっていいかなー？
MAP65_e36_p2_434	Map065.json	0	dialogue	肉弾戦はボクの苦手とするところなんだケド…
MAP65_e36_p2_436	Map065.json	0	dialogue	ダフィール：
MAP65_e36_p2_437	Map065.json	0	dialogue	ひさびさにー
MAP65_e36_p2_438	Map065.json	0	dialogue	ボクの炎で焼けるニンゲンの匂いをかいで
MAP65_e36_p2_439	Map065.json	0	dialogue	みたくなったからーーーー！！！！？
MAP65_e36_p2_44	Map065.json	0	dialogue	風の紋章の継承者ウィンと…
MAP65_e36_p2_441	Map065.json	0	dialogue	ピピン：
MAP65_e36_p2_442	Map065.json	0	dialogue	フン、いいだろう。
MAP65_e36_p2_443	Map065.json	0	dialogue	俺もバケモンの血が何色なのかを、
MAP65_e36_p2_444	Map065.json	0	dialogue	確かめてみたくなったからな。
MAP65_e36_p2_446	Map065.json	0	dialogue	ダフィール：
MAP65_e36_p2_447	Map065.json	0	dialogue	来いよーー？
MAP65_e36_p2_448	Map065.json	0	dialogue	赤いのーーーーーーと金髪ーーーーー！！？？
MAP65_e36_p2_45	Map065.json	0	dialogue	天才騎士ピピンが来てくれたのであれば、
MAP65_e36_p2_456	Map065.json	0	dialogue	ダフィール：
MAP65_e36_p2_457	Map065.json	0	dialogue	さすがに時間を食いすぎちゃったなー　更に、
MAP65_e36_p2_458	Map065.json	0	dialogue	ボクら以外のみんなを退屈させちゃったねー？
MAP65_e36_p2_46	Map065.json	0	dialogue	四天王ダフィールをも、きっと倒せますぞ！！
MAP65_e36_p2_460	Map065.json	0	dialogue	ダフィール：
MAP65_e36_p2_461	Map065.json	0	dialogue	お待たせーーー
MAP65_e36_p2_462	Map065.json	0	dialogue	さっきのより面白い方を操ることにしたからー
MAP65_e36_p2_463	Map065.json	0	dialogue	これはきっと、みんなも楽しめると思うなー
MAP65_e36_p2_465	Map065.json	0	dialogue	ピピン：
MAP65_e36_p2_466	Map065.json	0	dialogue	なにを言っている…！
MAP65_e36_p2_468	Map065.json	0	dialogue	ダフィール：
MAP65_e36_p2_469	Map065.json	0	dialogue	そこの赤いのさー　天才なんだってー？
MAP65_e36_p2_470	Map065.json	0	dialogue	なのにずいぶんと…　
MAP65_e36_p2_472	Map065.json	0	dialogue	ダフィール：
MAP65_e36_p2_473	Map065.json	0	dialogue	内に…　闇を抱えているみたいだねー…
MAP65_e36_p2_474	Map065.json	0	dialogue	そういう子には…　とっておきのがあるのさ
MAP65_e36_p2_480	Map065.json	0	dialogue	ロイ：
MAP65_e36_p2_481	Map065.json	0	dialogue	今度はなんだ…？
MAP65_e36_p2_483	Map065.json	0	dialogue	ダフィール：
MAP65_e36_p2_484	Map065.json	0	dialogue	じゃあねー　みんなーーー
MAP65_e36_p2_485	Map065.json	0	dialogue	ボクはあんまりみんなを楽しませてあげられ
MAP65_e36_p2_486	Map065.json	0	dialogue	なかったけどー
MAP65_e36_p2_488	Map065.json	0	dialogue	ダフィール：
MAP65_e36_p2_489	Map065.json	0	dialogue	この子がみんなを楽しませてくれるからーーー
MAP65_e36_p2_490	Map065.json	0	dialogue	じゃあねーーーー
MAP65_e36_p2_50	Map065.json	0	dialogue	サクソン：
MAP65_e36_p2_51	Map065.json	0	dialogue	ぐぬぬ…
MAP65_e36_p2_55	Map065.json	0	dialogue	ロイ：
MAP65_e36_p2_56	Map065.json	0	dialogue	陛下…　構いませんな？
MAP65_e36_p2_58	Map065.json	0	dialogue	ウィンダム王：
MAP65_e36_p2_59	Map065.json	0	dialogue	…いいだろう。
MAP65_e36_p2_6	Map065.json	0	dialogue	ピピン：
MAP65_e36_p2_63	Map065.json	0	dialogue	ダフィール：
MAP65_e36_p2_64	Map065.json	0	dialogue	へーーーーー！！
MAP65_e36_p2_65	Map065.json	0	dialogue	キミが？　そっちの金色のが継承者ー？
MAP65_e36_p2_69	Map065.json	0	dialogue	ダフィール：
MAP65_e36_p2_7	Map065.json	0	dialogue	…そこまでだ、バケモン
MAP65_e36_p2_70	Map065.json	0	dialogue	そんでー？　ナニナニ？？
MAP65_e36_p2_71	Map065.json	0	dialogue	そっちの赤いのが…
MAP65_e36_p2_72	Map065.json	0	dialogue	てんさい…　きし…？　　　　ハ？？？
MAP65_e36_p2_74	Map065.json	0	dialogue	ダフィール：
MAP65_e36_p2_75	Map065.json	0	dialogue	よくわかんないけどーーーーー
MAP65_e36_p2_76	Map065.json	0	dialogue	ふつうの人間なワケねー
MAP65_e36_p2_78	Map065.json	0	dialogue	ピピン：
MAP65_e36_p2_79	Map065.json	0	dialogue	フン！
MAP65_e36_p2_80	Map065.json	0	dialogue	それなら…　俺が普通かどうか、試してみろ！
MAP65_e36_p2_82	Map065.json	0	dialogue	ダフィール：
MAP65_e36_p2_83	Map065.json	0	dialogue	いやいやいや　だはははは！！
MAP65_e36_p2_84	Map065.json	0	dialogue	えーーー？　継承者は　ひとり？
MAP65_e36_p2_85	Map065.json	0	dialogue	ひとりだけーーーーーー？？？
MAP65_e36_p2_87	Map065.json	0	dialogue	ロイ：
MAP65_e36_p2_88	Map065.json	0	dialogue	ウィン！　おまえだけなのか！？
MAP65_e36_p2_90	Map065.json	0	dialogue	ウィン：
MAP65_e36_p2_91	Map065.json	0	dialogue	…。
MAP65_e36_p2_94	Map065.json	0	dialogue	　　　　　　　　　　ウィンは頷いた
MAP65_e36_p2_96	Map065.json	0	dialogue	サクソン：
MAP65_e36_p2_97	Map065.json	0	dialogue	継承者がウィンだけでも…
MAP65_e36_p2_98	Map065.json	0	dialogue	ピピンもいるのだ！　負けるわけがないわい！
MAP65_e37_p1_100	Map065.json	0	dialogue	俺の全てを掠め取っていった生意気なガキめ…
MAP65_e37_p1_102	Map065.json	0	dialogue	ウィン：
MAP65_e37_p1_103	Map065.json	0	dialogue	……！！
MAP65_e37_p1_109	Map065.json	0	dialogue	ロイ：
MAP65_e37_p1_11	Map065.json	0	dialogue	サクソン：
MAP65_e37_p1_110	Map065.json	0	dialogue	それは違う…！　ピピン…！
MAP65_e37_p1_111	Map065.json	0	dialogue	もしお前が大事なものを奪われたとしたなら…
MAP65_e37_p1_113	Map065.json	0	dialogue	ロイ：
MAP65_e37_p1_114	Map065.json	0	dialogue	それを奪ったのは俺だ…　ウィンではない！！
MAP65_e37_p1_119	Map065.json	0	dialogue	ピピン：
MAP65_e37_p1_12	Map065.json	0	dialogue	この子とは…　一体…？
MAP65_e37_p1_120	Map065.json	0	dialogue	…貴様はウィンの次だ。
MAP65_e37_p1_121	Map065.json	0	dialogue	そこでおとなしく首を洗って待っていろ。
MAP65_e37_p1_123	Map065.json	0	dialogue	ロイ：
MAP65_e37_p1_124	Map065.json	0	dialogue	くっ…　ピピン…！
MAP65_e37_p1_128	Map065.json	0	dialogue	ウィンダム王：
MAP65_e37_p1_129	Map065.json	0	dialogue	ピピンを倒せ！　ウィン！！
MAP65_e37_p1_130	Map065.json	0	dialogue	殺してもかまわん！！
MAP65_e37_p1_132	Map065.json	0	dialogue	ウィン：
MAP65_e37_p1_133	Map065.json	0	dialogue	…！！
MAP65_e37_p1_137	Map065.json	0	dialogue	ロイ：
MAP65_e37_p1_138	Map065.json	0	dialogue	…陛下！　ピピンは操られているのです！
MAP65_e37_p1_139	Map065.json	0	dialogue	ピピンは正気なら、決してこのようなことを
MAP65_e37_p1_140	Map065.json	0	dialogue	する男ではありません！！
MAP65_e37_p1_142	Map065.json	0	dialogue	ウィンダム王：
MAP65_e37_p1_143	Map065.json	0	dialogue	だからといってどうせよと言うのだ！
MAP65_e37_p1_144	Map065.json	0	dialogue	このままではウィンも、我々も殺されるのだ、
MAP65_e37_p1_146	Map065.json	0	dialogue	ウィンダム王：
MAP65_e37_p1_147	Map065.json	0	dialogue	ウィンよ！　紋章の力を持つお前なら、
MAP65_e37_p1_148	Map065.json	0	dialogue	ピピンを倒すこともできるはずだ…
MAP65_e37_p1_149	Map065.json	0	dialogue	ウィンよ、ピピンを倒すのだ！！
MAP65_e37_p1_151	Map065.json	0	dialogue	ロイ：
MAP65_e37_p1_152	Map065.json	0	dialogue	くっ…！
MAP65_e37_p1_154	Map065.json	0	dialogue	ロイ：
MAP65_e37_p1_155	Map065.json	0	dialogue	なにか…　なにか手はないのか…！
MAP65_e37_p1_157	Map065.json	0	dialogue	ピピン：
MAP65_e37_p1_158	Map065.json	0	dialogue	…お喋りは終わったか？
MAP65_e37_p1_159	Map065.json	0	dialogue	なら、始めさせてもらう。
MAP65_e37_p1_161	Map065.json	0	dialogue	ピピン：
MAP65_e37_p1_162	Map065.json	0	dialogue	ウィン…　死ねえええええええええ！！
MAP65_e37_p1_2	Map065.json	0	dialogue	ロイ：
MAP65_e37_p1_219	Map065.json	0	dialogue	ウィン：
MAP65_e37_p1_220	Map065.json	0	dialogue	……！！
MAP65_e37_p1_223	Map065.json	0	dialogue	　　　　ウィンは力いっぱいピピンを抱きおさえた！
MAP65_e37_p1_225	Map065.json	0	dialogue	ロイ：
MAP65_e37_p1_226	Map065.json	0	dialogue	………！
MAP65_e37_p1_228	Map065.json	0	dialogue	サクソン：
MAP65_e37_p1_229	Map065.json	0	dialogue	……ウィン、どの…！
MAP65_e37_p1_232	Map065.json	0	dialogue	ピピン：
MAP65_e37_p1_233	Map065.json	0	dialogue	…どけっ！！
MAP65_e37_p1_241	Map065.json	0	dialogue	ウィン：
MAP65_e37_p1_242	Map065.json	0	dialogue	…！
MAP65_e37_p1_244	Map065.json	0	dialogue	サクソン：
MAP65_e37_p1_245	Map065.json	0	dialogue	…む！まだ操られているのか…！？
MAP65_e37_p1_256	Map065.json	0	dialogue	ロイ：
MAP65_e37_p1_257	Map065.json	0	dialogue	…操りの術は解けたようだな、ピピン…
MAP65_e37_p1_265	Map065.json	0	dialogue	ピピン：
MAP65_e37_p1_266	Map065.json	0	dialogue	…俺に触るな…！！
MAP65_e37_p1_276	Map065.json	0	dialogue	ウィン：
MAP65_e37_p1_277	Map065.json	0	dialogue	………！！
MAP65_e37_p1_288	Map065.json	0	dialogue	ピピン：
MAP65_e37_p1_289	Map065.json	0	dialogue	…もう、ほっといてくれ　ウィン…
MAP65_e37_p1_3	Map065.json	0	dialogue	消えた…！
MAP65_e37_p1_308	Map065.json	0	dialogue	ウィン：
MAP65_e37_p1_309	Map065.json	0	dialogue	………。
MAP65_e37_p1_318	Map065.json	scrolling text	dialogue	　　　あの日から始まった嵐と魔物の度重なる襲来は
MAP65_e37_p1_320	Map065.json	scrolling text	dialogue	　　　　　　　　それから一週間を過ぎても
MAP65_e37_p1_322	Map065.json	scrolling text	dialogue	　　　　　　　　　治まることはなかった
MAP65_e37_p1_325	Map065.json	scrolling text	dialogue	　　　　　　　　ウィンダムには風と雷が…
MAP65_e37_p1_328	Map065.json	scrolling text	dialogue	　　　　　　　セイリューには大雨と洪水が…
MAP65_e37_p1_331	Map065.json	scrolling text	dialogue	　　　　　　フレイムには燃え盛る岩の雨が…
MAP65_e37_p1_334	Map065.json	scrolling text	dialogue	　　　　　　　連日のように襲い掛かっていた
MAP65_e37_p1_339	Map065.json	scrolling text	dialogue	　　　　　　　　　これらの異常気象が
MAP65_e37_p1_342	Map065.json	scrolling text	dialogue	　　闇のエレメント復活によるものだとは分かりながらも
MAP65_e37_p1_345	Map065.json	scrolling text	dialogue	　　　　我々はどうすればよいのか分からなかった…
MAP65_e37_p1_350	Map065.json	scrolling text	dialogue	　　　　　継承者たちの紋章の輝きは増していた
MAP65_e37_p1_353	Map065.json	scrolling text	dialogue	　　　　　　　それはいまも尚、闇の力が
MAP65_e37_p1_356	Map065.json	scrolling text	dialogue	　　　　　強まり続けていることを示していた
MAP65_e37_p1_360	Map065.json	scrolling text	dialogue	　　　　　　　　　しかし、あの日以来
MAP65_e37_p1_363	Map065.json	scrolling text	dialogue	　　　　　　　闇の四天王が現れる事もなく
MAP65_e37_p1_366	Map065.json	scrolling text	dialogue	　　　　　　　　我々はいたずらにときを
MAP65_e37_p1_369	Map065.json	scrolling text	dialogue	　　　　　　　　　　失い続けていた…
MAP65_e37_p1_39	Map065.json	0	dialogue	ウィン：
MAP65_e37_p1_40	Map065.json	0	dialogue	……！？
MAP65_e37_p1_42	Map065.json	0	dialogue	ロイ：
MAP65_e37_p1_43	Map065.json	0	dialogue	まさか…　ピピン…！！
MAP65_e37_p1_5	Map065.json	0	dialogue	サクソン：
MAP65_e37_p1_50	Map065.json	0	dialogue	ピピン：
MAP65_e37_p1_51	Map065.json	0	dialogue	…よくも俺の紋章継承を………
MAP65_e37_p1_52	Map065.json	0	dialogue	騎士団長の椅子を………
MAP65_e37_p1_6	Map065.json	0	dialogue	あやつ…なにかおかしなことを言い捨てて…
MAP65_e37_p1_67	Map065.json	0	dialogue	ピピン：
MAP65_e37_p1_68	Map065.json	0	dialogue	横取りしてくれたなあ…　ウィン………ッ！！
MAP65_e37_p1_70	Map065.json	0	dialogue	ウィン：
MAP65_e37_p1_71	Map065.json	0	dialogue	…………！
MAP65_e37_p1_73	Map065.json	0	dialogue	ロイ：
MAP65_e37_p1_74	Map065.json	0	dialogue	な、なんてことだ…　ピピンが…
MAP65_e37_p1_76	Map065.json	0	dialogue	サクソン：
MAP65_e37_p1_77	Map065.json	0	dialogue	操られたというのかーーーーーー！！？？
MAP65_e37_p1_8	Map065.json	0	dialogue	ウィンダム王：
MAP65_e37_p1_88	Map065.json	0	dialogue	ピピン：
MAP65_e37_p1_89	Map065.json	0	dialogue	ザコどもは俺の邪魔をするなよ…
MAP65_e37_p1_9	Map065.json	0	dialogue	この子がみんなを楽しませる、と…
MAP65_e37_p1_90	Map065.json	0	dialogue	束になって来たって…　かないっこねえんだ。
MAP65_e37_p1_92	Map065.json	0	dialogue	ピピン：
MAP65_e37_p1_93	Map065.json	0	dialogue	俺の獲物は…　貴様だけだ…ウィン
MAP65_e37_p1_95	Map065.json	0	dialogue	ウィン：
MAP65_e37_p1_96	Map065.json	0	dialogue	……！
MAP65_e37_p1_98	Map065.json	0	dialogue	ピピン：
MAP65_e37_p1_99	Map065.json	0	dialogue	俺の目的を…　俺の居場所を…
MAP65_e37_p2_100	Map065.json	0	dialogue	かすめ取っていった生意気なガキめ…！
MAP65_e37_p2_102	Map065.json	0	dialogue	ウィン：
MAP65_e37_p2_103	Map065.json	0	dialogue	……！！
MAP65_e37_p2_109	Map065.json	0	dialogue	ロイ：
MAP65_e37_p2_11	Map065.json	0	dialogue	サクソン：
MAP65_e37_p2_110	Map065.json	0	dialogue	それは違う…！　ピピン…！
MAP65_e37_p2_111	Map065.json	0	dialogue	もしお前が大事なものを奪われたとしたなら…
MAP65_e37_p2_113	Map065.json	0	dialogue	ロイ：
MAP65_e37_p2_114	Map065.json	0	dialogue	それを奪ったのは俺だ…　ウィンではない！！
MAP65_e37_p2_119	Map065.json	0	dialogue	ピピン：
MAP65_e37_p2_12	Map065.json	0	dialogue	この子とは…　一体…？
MAP65_e37_p2_120	Map065.json	0	dialogue	…貴様はウィンの次だ。
MAP65_e37_p2_121	Map065.json	0	dialogue	そこでおとなしく首を洗って待っていろ。
MAP65_e37_p2_123	Map065.json	0	dialogue	ロイ：
MAP65_e37_p2_124	Map065.json	0	dialogue	くっ…　ピピン…！
MAP65_e37_p2_128	Map065.json	0	dialogue	ウィンダム王：
MAP65_e37_p2_129	Map065.json	0	dialogue	ピピンを倒せ！　ウィン！！
MAP65_e37_p2_130	Map065.json	0	dialogue	殺してもかまわん！！
MAP65_e37_p2_132	Map065.json	0	dialogue	ウィン：
MAP65_e37_p2_133	Map065.json	0	dialogue	…！！
MAP65_e37_p2_137	Map065.json	0	dialogue	ロイ：
MAP65_e37_p2_138	Map065.json	0	dialogue	…陛下！　ピピンは操られているのです！
MAP65_e37_p2_139	Map065.json	0	dialogue	ピピンは正気なら、決してこのようなことを
MAP65_e37_p2_140	Map065.json	0	dialogue	する男ではありません！！
MAP65_e37_p2_142	Map065.json	0	dialogue	ウィンダム王：
MAP65_e37_p2_143	Map065.json	0	dialogue	だからといってどうせよと言うのだ！
MAP65_e37_p2_144	Map065.json	0	dialogue	このままではウィンも、我々も殺されるのだ、
MAP65_e37_p2_146	Map065.json	0	dialogue	ウィンダム王：
MAP65_e37_p2_147	Map065.json	0	dialogue	ウィンよ！　紋章の力を持つお前なら、
MAP65_e37_p2_148	Map065.json	0	dialogue	ピピンを倒すこともできるはずだ…
MAP65_e37_p2_149	Map065.json	0	dialogue	ウィンよ、ピピンを倒すのだ！！
MAP65_e37_p2_151	Map065.json	0	dialogue	ロイ：
MAP65_e37_p2_152	Map065.json	0	dialogue	くっ…！
MAP65_e37_p2_154	Map065.json	0	dialogue	ロイ：
MAP65_e37_p2_155	Map065.json	0	dialogue	なにか…　なにか手はないのか…！
MAP65_e37_p2_157	Map065.json	0	dialogue	ピピン：
MAP65_e37_p2_158	Map065.json	0	dialogue	…お喋りは終わったか？
MAP65_e37_p2_159	Map065.json	0	dialogue	なら、始めさせてもらう。
MAP65_e37_p2_161	Map065.json	0	dialogue	ピピン：
MAP65_e37_p2_162	Map065.json	0	dialogue	ウィン…　死ねえええええええええ！！
MAP65_e37_p2_2	Map065.json	0	dialogue	ロイ：
MAP65_e37_p2_219	Map065.json	0	dialogue	ウィン：
MAP65_e37_p2_220	Map065.json	0	dialogue	……！！
MAP65_e37_p2_223	Map065.json	0	dialogue	　　　　ウィンは力いっぱいピピンを抱きおさえた！
MAP65_e37_p2_225	Map065.json	0	dialogue	ロイ：
MAP65_e37_p2_226	Map065.json	0	dialogue	………！
MAP65_e37_p2_228	Map065.json	0	dialogue	サクソン：
MAP65_e37_p2_229	Map065.json	0	dialogue	……ウィン、どの…！
MAP65_e37_p2_232	Map065.json	0	dialogue	ピピン：
MAP65_e37_p2_233	Map065.json	0	dialogue	…どけっ！！
MAP65_e37_p2_241	Map065.json	0	dialogue	ウィン：
MAP65_e37_p2_242	Map065.json	0	dialogue	…！
MAP65_e37_p2_244	Map065.json	0	dialogue	サクソン：
MAP65_e37_p2_245	Map065.json	0	dialogue	…む！まだ操られているのか…！？
MAP65_e37_p2_256	Map065.json	0	dialogue	ロイ：
MAP65_e37_p2_257	Map065.json	0	dialogue	…操りの術は解けたようだな、ピピン…
MAP65_e37_p2_265	Map065.json	0	dialogue	ピピン：
MAP65_e37_p2_266	Map065.json	0	dialogue	…俺に触るな…！！
MAP65_e37_p2_276	Map065.json	0	dialogue	ウィン：
MAP65_e37_p2_277	Map065.json	0	dialogue	………！！
MAP65_e37_p2_288	Map065.json	0	dialogue	ピピン：
MAP65_e37_p2_289	Map065.json	0	dialogue	…もう、ほっといてくれ　ウィン…
MAP65_e37_p2_3	Map065.json	0	dialogue	消えた…！
MAP65_e37_p2_308	Map065.json	0	dialogue	ウィン：
MAP65_e37_p2_309	Map065.json	0	dialogue	………。
MAP65_e37_p2_318	Map065.json	scrolling text	dialogue	　　　あの日から始まった嵐と魔物の度重なる襲来は
MAP65_e37_p2_320	Map065.json	scrolling text	dialogue	　　　　　　　　それから一週間を過ぎても
MAP65_e37_p2_322	Map065.json	scrolling text	dialogue	　　　　　　　　　治まることはなかった
MAP65_e37_p2_325	Map065.json	scrolling text	dialogue	　　　　　　　　ウィンダムには風と雷が…
MAP65_e37_p2_328	Map065.json	scrolling text	dialogue	　　　　　　　セイリューには大雨と洪水が…
MAP65_e37_p2_331	Map065.json	scrolling text	dialogue	　　　　　　フレイムには燃え盛る岩の雨が…
MAP65_e37_p2_334	Map065.json	scrolling text	dialogue	　　　　　　　連日のように襲い掛かっていた
MAP65_e37_p2_339	Map065.json	scrolling text	dialogue	　　　　　　　　　これらの異常気象が
MAP65_e37_p2_342	Map065.json	scrolling text	dialogue	　　闇のエレメント復活によるものだとは分かりながらも
MAP65_e37_p2_345	Map065.json	scrolling text	dialogue	　　　　我々はどうすればよいのか分からなかった…
MAP65_e37_p2_350	Map065.json	scrolling text	dialogue	　　　　　継承者たちの紋章の輝きは増していた
MAP65_e37_p2_353	Map065.json	scrolling text	dialogue	　　　　　　　それはいまも尚、闇の力が
MAP65_e37_p2_356	Map065.json	scrolling text	dialogue	　　　　　強まり続けていることを示していた
MAP65_e37_p2_360	Map065.json	scrolling text	dialogue	　　　　　　　　　しかし、あの日以来
MAP65_e37_p2_363	Map065.json	scrolling text	dialogue	　　　　　　　闇の四天王が現れる事もなく
MAP65_e37_p2_366	Map065.json	scrolling text	dialogue	　　　　　　　　我々はいたずらにときを
MAP65_e37_p2_369	Map065.json	scrolling text	dialogue	　　　　　　　　　　失い続けていた…
MAP65_e37_p2_39	Map065.json	0	dialogue	ウィン：
MAP65_e37_p2_40	Map065.json	0	dialogue	……！？
MAP65_e37_p2_42	Map065.json	0	dialogue	ロイ：
MAP65_e37_p2_43	Map065.json	0	dialogue	まさか…　ピピン…！！
MAP65_e37_p2_5	Map065.json	0	dialogue	サクソン：
MAP65_e37_p2_50	Map065.json	0	dialogue	ピピン：
MAP65_e37_p2_51	Map065.json	0	dialogue	…よくも俺の名誉を…
MAP65_e37_p2_52	Map065.json	0	dialogue	騎士団長の椅子を……
MAP65_e37_p2_6	Map065.json	0	dialogue	あやつ…なにかおかしなことを言い捨てて…
MAP65_e37_p2_67	Map065.json	0	dialogue	ピピン：
MAP65_e37_p2_68	Map065.json	0	dialogue	横取りしてくれたなあ…　ウィン………ッ！！
MAP65_e37_p2_70	Map065.json	0	dialogue	ウィン：
MAP65_e37_p2_71	Map065.json	0	dialogue	…………！
MAP65_e37_p2_73	Map065.json	0	dialogue	ロイ：
MAP65_e37_p2_74	Map065.json	0	dialogue	な、なんてことだ…　ピピンが…
MAP65_e37_p2_76	Map065.json	0	dialogue	サクソン：
MAP65_e37_p2_77	Map065.json	0	dialogue	操られたというのかーーーーーー！！？？
MAP65_e37_p2_8	Map065.json	0	dialogue	ウィンダム王：
MAP65_e37_p2_88	Map065.json	0	dialogue	ピピン：
MAP65_e37_p2_89	Map065.json	0	dialogue	ザコどもは俺の邪魔をするなよ…
MAP65_e37_p2_9	Map065.json	0	dialogue	この子がみんなを楽しませる、と…
MAP65_e37_p2_90	Map065.json	0	dialogue	束になって来ても、かないっこないんだからな
MAP65_e37_p2_92	Map065.json	0	dialogue	ピピン：
MAP65_e37_p2_93	Map065.json	0	dialogue	俺の獲物は…　貴様だけだ…ウィン
MAP65_e37_p2_95	Map065.json	0	dialogue	ウィン：
MAP65_e37_p2_96	Map065.json	0	dialogue	……。
MAP65_e37_p2_98	Map065.json	0	dialogue	ピピン：
MAP65_e37_p2_99	Map065.json	0	dialogue	俺の目標を…　俺の居場所を…！
MAP65_e38_name	Map065.json	event name	name	ウィンダム王　崩壊後
MAP65_e38_p1_1	Map065.json	0	dialogue	ウィンダム王：
MAP65_e38_p1_2	Map065.json	0	dialogue	ときは来た！　もはや語るべきことはない！
MAP65_e38_p1_3	Map065.json	0	dialogue	紋章の勇者たちよ　ゆけい！！
MAP65_e39_name	Map065.json	event name	name	ロイ　崩壊後
MAP65_e39_p1_1	Map065.json	0	dialogue	ロイ：
MAP65_e39_p1_10	Map065.json	0	dialogue	ロイ：
MAP65_e39_p1_11	Map065.json	0	dialogue	これは若い頃に名工が俺の為に鍛えてくれた
MAP65_e39_p1_12	Map065.json	0	dialogue	レイピアなんだが…
MAP65_e39_p1_14	Map065.json	0	dialogue	ロイ：
MAP65_e39_p1_15	Map065.json	0	dialogue	レイピアとしてはとても重い上に大きく、
MAP65_e39_p1_16	Map065.json	0	dialogue	俺にはついぞ扱い切れないまま…
MAP65_e39_p1_17	Map065.json	0	dialogue	そして剣を握れなくなってしまった。
MAP65_e39_p1_19	Map065.json	0	dialogue	ロイ：
MAP65_e39_p1_2	Map065.json	0	dialogue	ウィン、お前に譲りたいものがある。
MAP65_e39_p1_20	Map065.json	0	dialogue	しかしいまのお前なら…
MAP65_e39_p1_21	Map065.json	0	dialogue	きっとこの剣の強さを引き出せるかも知れん。
MAP65_e39_p1_3	Map065.json	0	dialogue	良かったら受け取ってくれ。
MAP65_e39_p1_8	Map065.json	0	dialogue	　　　　　ウィンはロイスペシャルを受け取った！
MAP65_e39_p2_1	Map065.json	0	dialogue	ロイ：
MAP65_e39_p2_10	Map065.json	0	dialogue	ロイ：
MAP65_e39_p2_11	Map065.json	0	dialogue	これは若い頃に名工が俺の為に鍛えてくれた
MAP65_e39_p2_12	Map065.json	0	dialogue	レイピアなんだが…
MAP65_e39_p2_14	Map065.json	0	dialogue	ロイ：
MAP65_e39_p2_15	Map065.json	0	dialogue	レイピアとしてはとても重い上に大きく、
MAP65_e39_p2_16	Map065.json	0	dialogue	俺にはついぞ扱い切れないまま…
MAP65_e39_p2_17	Map065.json	0	dialogue	そして剣を握れなくなってしまった。
MAP65_e39_p2_19	Map065.json	0	dialogue	ロイ：
MAP65_e39_p2_2	Map065.json	0	dialogue	ウィン、お前に譲りたいものがある。
MAP65_e39_p2_20	Map065.json	0	dialogue	しかしいまのお前なら…
MAP65_e39_p2_21	Map065.json	0	dialogue	きっとこの剣の強さを引き出せるかも知れん。
MAP65_e39_p2_3	Map065.json	0	dialogue	良かったら受け取ってくれ。
MAP65_e39_p2_8	Map065.json	0	dialogue	　　　　　ウィンは本物のロイスペシャルを受け取った！
MAP65_e39_p3_1	Map065.json	0	dialogue	ロイ：
MAP65_e39_p3_2	Map065.json	0	dialogue	暗黒大陸には、強力な魔物と毒以外にも、
MAP65_e39_p3_3	Map065.json	0	dialogue	他にどんな脅威があるのか誰も知らない。
MAP65_e39_p3_5	Map065.json	0	dialogue	ロイ：
MAP65_e39_p3_6	Map065.json	0	dialogue	…細心の注意を払って臨んでいただきたい。
MAP65_e3_name	Map065.json	event name	name	ウィンダム城下町
MAP65_e3_note	Map065.json	event note	note	入り口
MAP65_e3_p0_1	Map065.json	0	dialogue	ピピン：
MAP65_e3_p0_2	Map065.json	0	dialogue	ウィン、きさまどこへ行くつもりだ！？
MAP65_e3_p0_3	Map065.json	0	dialogue	王の間へ行かなくていいのか！？
MAP65_e40_name	Map065.json	event name	name	サクソン崩壊後
MAP65_e41_p2_100	Map065.json	0	dialogue	ウィンダム王：
MAP65_e41_p2_101	Map065.json	0	dialogue	その危険な暗黒大陸に、
MAP65_e41_p2_102	Map065.json	0	dialogue	これよりそなたは向かうのだ。
MAP65_e41_p2_104	Map065.json	0	dialogue	ロイ：
MAP65_e41_p2_105	Map065.json	0	dialogue	あの光の柱が現れてから、異常気象や魔物の
MAP65_e41_p2_106	Map065.json	0	dialogue	襲来も多少マシになった…
MAP65_e41_p2_108	Map065.json	0	dialogue	ロイ：
MAP65_e41_p2_109	Map065.json	0	dialogue	闇のエレメントの復活が、止まったのかとも
MAP65_e41_p2_110	Map065.json	0	dialogue	思ったが…　そう考えるのは楽観に過ぎる。
MAP65_e41_p2_112	Map065.json	0	dialogue	ロイ：
MAP65_e41_p2_113	Map065.json	0	dialogue	闇の四天王は、何かを計画していると、
MAP65_e41_p2_114	Map065.json	0	dialogue	我々に言い残していった…
MAP65_e41_p2_116	Map065.json	0	dialogue	ロイ：
MAP65_e41_p2_117	Map065.json	0	dialogue	そしてあの日以来…
MAP65_e41_p2_118	Map065.json	0	dialogue	四天王は我々の前に、姿を現していない…
MAP65_e41_p2_120	Map065.json	0	dialogue	サクソン：
MAP65_e41_p2_121	Map065.json	0	dialogue	つまりあの地で！四天王どもが悪だくみを…
MAP65_e41_p2_122	Map065.json	0	dialogue	闇のエレメントの復活の準備をしているに
MAP65_e41_p2_123	Map065.json	0	dialogue	違いないのだー！！
MAP65_e41_p2_130	Map065.json	0	dialogue	ウィンダム王：
MAP65_e41_p2_131	Map065.json	0	dialogue	サクソン！！
MAP65_e41_p2_132	Map065.json	0	dialogue	なぜ最後のセリフだけロイから奪った！！
MAP65_e41_p2_136	Map065.json	0	dialogue	サクソン：
MAP65_e41_p2_137	Map065.json	0	dialogue	いいっ！！？？
MAP65_e41_p2_138	Map065.json	0	dialogue	い、いや！　わしは決してそんなつもりで…！
MAP65_e41_p2_140	Map065.json	0	dialogue	ロイ：
MAP65_e41_p2_141	Map065.json	0	dialogue	陛下、よいのです。
MAP65_e41_p2_142	Map065.json	0	dialogue	俺はそんなの気にしませんし…
MAP65_e41_p2_143	Map065.json	0	dialogue	サクソン殿には決して悪気はありませんよ。
MAP65_e41_p2_145	Map065.json	0	dialogue	ウィンダム王：
MAP65_e41_p2_146	Map065.json	0	dialogue	……………そうか。
MAP65_e41_p2_148	Map065.json	0	dialogue	サクソン：
MAP65_e41_p2_149	Map065.json	0	dialogue	は、はいぃ……！
MAP65_e41_p2_15	Map065.json	0	dialogue	ロイ：
MAP65_e41_p2_157	Map065.json	0	dialogue	ロイ：
MAP65_e41_p2_158	Map065.json	0	dialogue	…と、いうわけでだ。
MAP65_e41_p2_16	Map065.json	0	dialogue	陛下、ウィンが参りました。
MAP65_e41_p2_160	Map065.json	0	dialogue	ロイ：
MAP65_e41_p2_161	Map065.json	0	dialogue	ウィン、この作戦には大きな2つの障害がある。
MAP65_e41_p2_162	Map065.json	0	dialogue	まずひとつは、橋だ。
MAP65_e41_p2_164	Map065.json	0	dialogue	ロイ：
MAP65_e41_p2_165	Map065.json	0	dialogue	暗黒大陸に渡るには、橋をかけねばならん。
MAP65_e41_p2_166	Map065.json	0	dialogue	そこで、セイリューの方々に資材の供出を
MAP65_e41_p2_167	Map065.json	0	dialogue	依頼しなければならん。
MAP65_e41_p2_169	Map065.json	0	dialogue	ロイ：
MAP65_e41_p2_170	Map065.json	0	dialogue	橋の工事には、フレイム王国にも協力を
MAP65_e41_p2_171	Map065.json	0	dialogue	あおぐつもりだ。
MAP65_e41_p2_173	Map065.json	0	dialogue	ロイ：
MAP65_e41_p2_174	Map065.json	0	dialogue	そして橋の工事中と完成後は…
MAP65_e41_p2_175	Map065.json	0	dialogue	騎士団を半分に割き、それを警護に当てる。
MAP65_e41_p2_176	Map065.json	0	dialogue	警護の指揮は、サクソン殿にお願いした。
MAP65_e41_p2_178	Map065.json	0	dialogue	サクソン：
MAP65_e41_p2_179	Map065.json	0	dialogue	お任せあれ！！
MAP65_e41_p2_18	Map065.json	0	dialogue	ウィンダム王：
MAP65_e41_p2_181	Map065.json	0	dialogue	ウィンダム王：
MAP65_e41_p2_182	Map065.json	0	dialogue	頼もしいぞ、サクソン！
MAP65_e41_p2_184	Map065.json	0	dialogue	ロイ：
MAP65_e41_p2_185	Map065.json	0	dialogue	俺は前線にいっても足手まといだろうし、
MAP65_e41_p2_186	Map065.json	0	dialogue	本国の騎士団の指揮に当たり、防備を固める。
MAP65_e41_p2_188	Map065.json	0	dialogue	ロイ：
MAP65_e41_p2_189	Map065.json	0	dialogue	もうひとつの障害だが、それは毒だ。
MAP65_e41_p2_19	Map065.json	0	dialogue	うむ。
MAP65_e41_p2_191	Map065.json	0	dialogue	ロイ：
MAP65_e41_p2_192	Map065.json	0	dialogue	さっきも言ったが、大昔の言い伝えによれば、
MAP65_e41_p2_193	Map065.json	0	dialogue	暗黒大陸に渡ると病気になるという…
MAP65_e41_p2_195	Map065.json	0	dialogue	ロイ：
MAP65_e41_p2_196	Map065.json	0	dialogue	しかし闇の力に耐性のある継承者なら…
MAP65_e41_p2_197	Map065.json	0	dialogue	影響を受けないかもしれない。
MAP65_e41_p2_199	Map065.json	0	dialogue	ロイ：
MAP65_e41_p2_2	Map065.json	0	dialogue	ウィン：
MAP65_e41_p2_200	Map065.json	0	dialogue	こればかりは半ば賭けになるが、
MAP65_e41_p2_201	Map065.json	0	dialogue	やはり影響があったとなれば、作戦は
MAP65_e41_p2_202	Map065.json	0	dialogue	即時中止して構わない。
MAP65_e41_p2_204	Map065.json	0	dialogue	ウィンダム王：
MAP65_e41_p2_205	Map065.json	0	dialogue	だからといって、少し無理そうだという位で
MAP65_e41_p2_206	Map065.json	0	dialogue	諦める騎士であっては困るがな、ウィン！
MAP65_e41_p2_208	Map065.json	0	dialogue	ウィン：
MAP65_e41_p2_209	Map065.json	0	dialogue	………！
MAP65_e41_p2_213	Map065.json	0	dialogue	ロイ：
MAP65_e41_p2_214	Map065.json	0	dialogue	いや、相手は正体のわからない毒気…
MAP65_e41_p2_215	Map065.json	0	dialogue	病気です。
MAP65_e41_p2_216	Map065.json	0	dialogue	騎士と言えども、無理は厳禁と考えます。
MAP65_e41_p2_218	Map065.json	0	dialogue	ウィンダム王：
MAP65_e41_p2_219	Map065.json	0	dialogue	そうか。わかった。
MAP65_e41_p2_223	Map065.json	0	dialogue	ロイ：
MAP65_e41_p2_224	Map065.json	0	dialogue	随分と説明が長くなったが…
MAP65_e41_p2_225	Map065.json	0	dialogue	ウィン、分かったな。
MAP65_e41_p2_227	Map065.json	0	dialogue	ロイ：
MAP65_e41_p2_228	Map065.json	0	dialogue	セイリューとフレイムへの応援依頼については、
MAP65_e41_p2_229	Map065.json	0	dialogue	ハヤテの力を使えるウィンに頼みたい。
MAP65_e41_p2_231	Map065.json	0	dialogue	ウィン：
MAP65_e41_p2_232	Map065.json	0	dialogue	…。
MAP65_e41_p2_235	Map065.json	0	dialogue	　　　　　　　　　　　ウィンは頷いた
MAP65_e41_p2_237	Map065.json	0	dialogue	ウィンダム王：
MAP65_e41_p2_238	Map065.json	0	dialogue	話が終わったのであれば、ウィン、
MAP65_e41_p2_239	Map065.json	0	dialogue	いますぐ旅立つのだ！！
MAP65_e41_p2_24	Map065.json	0	dialogue	ウィンダム王：
MAP65_e41_p2_240	Map065.json	0	dialogue	まずはセイリューへと…
MAP65_e41_p2_244	Map065.json	0	dialogue	？：
MAP65_e41_p2_245	Map065.json	0	dialogue	その必要ならないぜーーーーーーーー
MAP65_e41_p2_25	Map065.json	0	dialogue	風の紋章の継承者…　
MAP65_e41_p2_26	Map065.json	0	dialogue	そして我が王国の騎士、ウィンよ。
MAP65_e41_p2_29	Map065.json	0	dialogue	ウィンダム王：
MAP65_e41_p2_3	Map065.json	0	dialogue	…。
MAP65_e41_p2_30	Map065.json	0	dialogue	そなたに重大な任務を与える…
MAP65_e41_p2_31	Map065.json	0	dialogue	南の暗黒大陸に向かい、光の柱の立った地を
MAP65_e41_p2_32	Map065.json	0	dialogue	調べるのだ！！
MAP65_e41_p2_35	Map065.json	0	dialogue	ロイ：
MAP65_e41_p2_36	Map065.json	0	dialogue	…。
MAP65_e41_p2_38	Map065.json	0	dialogue	ウィンダム王：
MAP65_e41_p2_39	Map065.json	0	dialogue	…。
MAP65_e41_p2_41	Map065.json	0	dialogue	サクソン：
MAP65_e41_p2_42	Map065.json	0	dialogue	ええい！　ウィン、何とか申せ！
MAP65_e41_p2_44	Map065.json	0	dialogue	ウィン：
MAP65_e41_p2_45	Map065.json	0	dialogue	…。
MAP65_e41_p2_50	Map065.json	0	dialogue	ロイ：
MAP65_e41_p2_51	Map065.json	0	dialogue	陛下…　やはり俺から順序立ててウィンには
MAP65_e41_p2_52	Map065.json	0	dialogue	説明した方がよろしいかと…。
MAP65_e41_p2_54	Map065.json	0	dialogue	ロイ：
MAP65_e41_p2_55	Map065.json	0	dialogue	南の暗黒大陸については、この国では
MAP65_e41_p2_56	Map065.json	0	dialogue	ほとんどのものが、まず、その存在すら
MAP65_e41_p2_57	Map065.json	0	dialogue	知りません。　きっと、ウィンも…。
MAP65_e41_p2_59	Map065.json	0	dialogue	サクソン：
MAP65_e41_p2_60	Map065.json	0	dialogue	むう、わしもロイどのから教えられるまでは
MAP65_e41_p2_61	Map065.json	0	dialogue	聞いたこともなかったからのう…。
MAP65_e41_p2_63	Map065.json	0	dialogue	ウィンダム王：
MAP65_e41_p2_64	Map065.json	0	dialogue	…そうか。　では、ロイ、頼む。
MAP65_e41_p2_66	Map065.json	0	dialogue	ロイ：
MAP65_e41_p2_67	Map065.json	0	dialogue	は。
MAP65_e41_p2_73	Map065.json	0	dialogue	ロイ：
MAP65_e41_p2_74	Map065.json	0	dialogue	ウィン、お前も先日、南の山脈の空…
MAP65_e41_p2_75	Map065.json	0	dialogue	そこに、巨大な光の柱が立つのを見ただろう。
MAP65_e41_p2_77	Map065.json	0	dialogue	ウィン：
MAP65_e41_p2_78	Map065.json	0	dialogue	…。
MAP65_e41_p2_81	Map065.json	0	dialogue	　　　　　　　　　　　ウィンは頷いた
MAP65_e41_p2_83	Map065.json	0	dialogue	ロイ：
MAP65_e41_p2_84	Map065.json	0	dialogue	あの場所は、かつて暗黒大陸と呼ばれていた、
MAP65_e41_p2_85	Map065.json	0	dialogue	未開の、無人の、忘れ去られた土地なのだ。
MAP65_e41_p2_87	Map065.json	0	dialogue	かつてあの地に橋をかけたが、そこから大量の
MAP65_e41_p2_88	Map065.json	0	dialogue	凶暴な魔物が流れ込み、この大陸のひとびとが
MAP65_e41_p2_89	Map065.json	0	dialogue	たくさん死んだのだ。
MAP65_e41_p2_91	Map065.json	0	dialogue	しかも橋を渡り、向こう側へ渡ったものは、
MAP65_e41_p2_92	Map065.json	0	dialogue	すべて何かの病気にかかり、すぐに死んで
MAP65_e41_p2_93	Map065.json	0	dialogue	しまったという…。
MAP65_e41_p2_95	Map065.json	0	dialogue	そのため、橋が落とされてから、誰もその地に
MAP65_e41_p2_96	Map065.json	0	dialogue	近付こうとしなくなったのだ。
MAP65_e41_p2_97	Map065.json	0	dialogue	我々の得体の知れない脅威の眠る地…
MAP65_e41_p2_98	Map065.json	0	dialogue	それが、暗黒大陸なのだ。
MAP65_e44_name	Map065.json	event name	name	ホノオ
MAP65_e44_p1_104	Map065.json	0	dialogue	ナガレ：
MAP65_e44_p1_105	Map065.json	0	dialogue	感謝します。
MAP65_e44_p1_107	Map065.json	0	dialogue	ロイ：
MAP65_e44_p1_108	Map065.json	0	dialogue	しかし…　
MAP65_e44_p1_109	Map065.json	0	dialogue	なぜこうも早く準備が出来たのです？
MAP65_e44_p1_110	Map065.json	0	dialogue	我々は、やっと動き出したところで…
MAP65_e44_p1_112	Map065.json	0	dialogue	ホノオ：
MAP65_e44_p1_113	Map065.json	0	dialogue	へへへ！
MAP65_e44_p1_114	Map065.json	0	dialogue	切れ者のロイさんを出し抜いてやったぜ！！
MAP65_e44_p1_116	Map065.json	0	dialogue	ロイ：
MAP65_e44_p1_117	Map065.json	0	dialogue	…面目ない。
MAP65_e44_p1_119	Map065.json	0	dialogue	ホノオ：
MAP65_e44_p1_120	Map065.json	0	dialogue	いやいや、マジにしないでくれよロイさん…
MAP65_e44_p1_122	Map065.json	0	dialogue	ナガレ：
MAP65_e44_p1_123	Map065.json	0	dialogue	皆さんも、南の大陸に光の柱が立つのを
MAP65_e44_p1_124	Map065.json	0	dialogue	見られたかと思います。
MAP65_e44_p1_126	Map065.json	0	dialogue	ナガレ：
MAP65_e44_p1_127	Map065.json	0	dialogue	我が一族の先々代当主、オタキ様はすぐに
MAP65_e44_p1_128	Map065.json	0	dialogue	暗黒大陸に橋をかけねばならないと言いました
MAP65_e44_p1_130	Map065.json	0	dialogue	ホノオ：
MAP65_e44_p1_131	Map065.json	0	dialogue	ていうかさー
MAP65_e44_p1_132	Map065.json	0	dialogue	アンタらもアレ見て、すぐあそこに行かないと
MAP65_e44_p1_133	Map065.json	0	dialogue	って思わなかったのかよ？
MAP65_e44_p1_135	Map065.json	0	dialogue	ロイ：
MAP65_e44_p1_136	Map065.json	0	dialogue	…重ね重ね面目ない。
MAP65_e44_p1_138	Map065.json	0	dialogue	ナガレ：
MAP65_e44_p1_139	Map065.json	0	dialogue	我々が橋の建設の準備をしている間に、
MAP65_e44_p1_140	Map065.json	0	dialogue	既にフレイムからの兵の一団がこちらに
MAP65_e44_p1_141	Map065.json	0	dialogue	到着しました。
MAP65_e44_p1_143	Map065.json	0	dialogue	ナガレ：
MAP65_e44_p1_144	Map065.json	0	dialogue	資材も人員も確保できたので、急いで建設を
MAP65_e44_p1_145	Map065.json	0	dialogue	開始したんです。
MAP65_e44_p1_147	Map065.json	0	dialogue	ロイ：
MAP65_e44_p1_148	Map065.json	0	dialogue	…なるほど。
MAP65_e44_p1_150	Map065.json	0	dialogue	ナガレ：
MAP65_e44_p1_151	Map065.json	0	dialogue	その為、こうしてウィンダム王国への
MAP65_e44_p1_152	Map065.json	0	dialogue	連絡が遅れたことをお詫びします。
MAP65_e44_p1_156	Map065.json	0	dialogue	ホノオ：
MAP65_e44_p1_157	Map065.json	0	dialogue	ていうかさー
MAP65_e44_p1_158	Map065.json	0	dialogue	ウィンならハヤテの力があるんだから…
MAP65_e44_p1_160	Map065.json	0	dialogue	ホノオ：
MAP65_e44_p1_161	Map065.json	0	dialogue	別にこっちから連絡に行かなくても、
MAP65_e44_p1_162	Map065.json	0	dialogue	向こうから来るって思ったんだよなー？
MAP65_e44_p1_164	Map065.json	0	dialogue	ナガレ：
MAP65_e44_p1_165	Map065.json	0	dialogue	…ま、まあな。
MAP65_e44_p1_169	Map065.json	0	dialogue	ホノオ：
MAP65_e44_p1_170	Map065.json	0	dialogue	オレらに顔見せにも来ねーで、
MAP65_e44_p1_171	Map065.json	0	dialogue	オマエなにやってたんだよ、ウィン？
MAP65_e44_p1_173	Map065.json	0	dialogue	ウィン：
MAP65_e44_p1_174	Map065.json	0	dialogue	…。
MAP65_e44_p1_176	Map065.json	0	dialogue	ロイ：
MAP65_e44_p1_177	Map065.json	0	dialogue	…ウィンを責めないでやっていただきたい。
MAP65_e44_p1_178	Map065.json	0	dialogue	軍の指揮権は俺にある。
MAP65_e44_p1_183	Map065.json	0	dialogue	ウィン：
MAP65_e44_p1_184	Map065.json	0	dialogue	…。
MAP65_e44_p1_186	Map065.json	0	dialogue	ホノオ：
MAP65_e44_p1_187	Map065.json	0	dialogue	い、いや…　責めてなんかいねーよ！
MAP65_e44_p1_188	Map065.json	0	dialogue	ただ、少し気になっただけさ！
MAP65_e44_p1_192	Map065.json	0	dialogue	ホノオ：
MAP65_e44_p1_193	Map065.json	0	dialogue	それよりだ！
MAP65_e44_p1_194	Map065.json	0	dialogue	橋も出来て、三人も揃ったんだ！
MAP65_e44_p1_196	Map065.json	0	dialogue	ホノオ：
MAP65_e44_p1_197	Map065.json	0	dialogue	さっさと闇のなんたらを全部やっつけに
MAP65_e44_p1_198	Map065.json	0	dialogue	いこーぜ！　ウィン！！
MAP65_e44_p1_200	Map065.json	0	dialogue	ウィン：
MAP65_e44_p1_201	Map065.json	0	dialogue	…。
MAP65_e44_p1_204	Map065.json	0	dialogue	　　　　　　　　　　ウィンは頷いた！
MAP65_e44_p1_206	Map065.json	0	dialogue	ウィンダム王：
MAP65_e44_p1_207	Map065.json	0	dialogue	フレイム王国とセイリューの迅速な動きに
MAP65_e44_p1_208	Map065.json	0	dialogue	こころより感謝する！
MAP65_e44_p1_225	Map065.json	0	dialogue	ウィンダム王：
MAP65_e44_p1_226	Map065.json	0	dialogue	ときは来た！　もはや語るべきことはない！
MAP65_e44_p1_227	Map065.json	0	dialogue	紋章の勇者たちよ　ゆけい！！
MAP65_e44_p1_229	Map065.json	0	dialogue	ホノオ：
MAP65_e44_p1_230	Map065.json	0	dialogue	うお！なんかかっこいい…！
MAP65_e44_p1_232	Map065.json	0	dialogue	ナガレ：
MAP65_e44_p1_233	Map065.json	0	dialogue	あはは…
MAP65_e44_p1_235	Map065.json	0	dialogue	ロイ：
MAP65_e44_p1_236	Map065.json	0	dialogue	暗黒大陸には、強力な魔物と毒以外にも、
MAP65_e44_p1_237	Map065.json	0	dialogue	他にどんな脅威があるのか誰も知らない。
MAP65_e44_p1_239	Map065.json	0	dialogue	ロイ：
MAP65_e44_p1_240	Map065.json	0	dialogue	…細心の注意を払って臨んでいただきたい。
MAP65_e44_p1_244	Map065.json	0	dialogue	ナガレ：
MAP65_e44_p1_245	Map065.json	0	dialogue	橋はセイリューの南…
MAP65_e44_p1_246	Map065.json	0	dialogue	採石場の裏の川にある。
MAP65_e44_p1_248	Map065.json	0	dialogue	ナガレ：
MAP65_e44_p1_249	Map065.json	0	dialogue	しかし、道中の魔物も以前よりずっと
MAP65_e44_p1_250	Map065.json	0	dialogue	強くなっている…。
MAP65_e44_p1_251	Map065.json	0	dialogue	ウィン、身体はなまってないか？
MAP65_e44_p1_253	Map065.json	0	dialogue	ホノオ：
MAP65_e44_p1_254	Map065.json	0	dialogue	ウィンなら心配ねーよ！
MAP65_e44_p1_255	Map065.json	0	dialogue	どこへだって風の速さで飛んでいくぜ！
MAP65_e44_p1_257	Map065.json	0	dialogue	ウィン：
MAP65_e44_p1_258	Map065.json	0	dialogue	…！
MAP65_e44_p1_261	Map065.json	0	dialogue	　　　　　　　　　ウィンはうなずいた！
MAP65_e44_p1_29	Map065.json	0	dialogue	ホノオ：
MAP65_e44_p1_30	Map065.json	0	dialogue	どうもー　王様！
MAP65_e44_p1_31	Map065.json	0	dialogue	ウィン、久し振りだな！！
MAP65_e44_p1_34	Map065.json	0	dialogue	ウィン：
MAP65_e44_p1_35	Map065.json	0	dialogue	…！
MAP65_e44_p1_37	Map065.json	0	dialogue	ナガレ：
MAP65_e44_p1_38	Map065.json	0	dialogue	ご無沙汰しております、ウィンダム国王。
MAP65_e44_p1_40	Map065.json	0	dialogue	ウィンダム王：
MAP65_e44_p1_41	Map065.json	0	dialogue	おお…　フレイム王子のホノオ殿下と、
MAP65_e44_p1_42	Map065.json	0	dialogue	セイリュー領主ナガレ殿…！
MAP65_e44_p1_44	Map065.json	0	dialogue	サクソン：
MAP65_e44_p1_45	Map065.json	0	dialogue	なんと！
MAP65_e44_p1_46	Map065.json	0	dialogue	こうなると、紋章の継承者がそろい踏みですな！
MAP65_e44_p1_48	Map065.json	0	dialogue	ロイ：
MAP65_e44_p1_49	Map065.json	0	dialogue	…ちょうどいま、おふたりの元へウィンを
MAP65_e44_p1_50	Map065.json	0	dialogue	行かせようとしていたところなのだが…
MAP65_e44_p1_51	Map065.json	0	dialogue	しかし…　ここへは、なぜ…？
MAP65_e44_p1_53	Map065.json	0	dialogue	ナガレ：
MAP65_e44_p1_54	Map065.json	0	dialogue	ロイ騎士団長、橋は完成しましたよ。
MAP65_e44_p1_56	Map065.json	0	dialogue	ロイ：
MAP65_e44_p1_57	Map065.json	0	dialogue	な、なんと…！
MAP65_e44_p1_59	Map065.json	0	dialogue	ホノオ：
MAP65_e44_p1_60	Map065.json	0	dialogue	橋の警備の方も万端だぜ！
MAP65_e44_p1_61	Map065.json	0	dialogue	フレイムは城の守りに割く兵が
MAP65_e44_p1_62	Map065.json	0	dialogue	十分に足りてるんでねー
MAP65_e44_p1_64	Map065.json	0	dialogue	ナガレ：
MAP65_e44_p1_65	Map065.json	0	dialogue	とはいえ…　
MAP65_e44_p1_66	Map065.json	0	dialogue	あいつらには随分と工事を手伝って
MAP65_e44_p1_67	Map065.json	0	dialogue	もらったので、かなり疲れているんです。
MAP65_e44_p1_69	Map065.json	0	dialogue	ナガレ：
MAP65_e44_p1_70	Map065.json	0	dialogue	なので…騎士団の方々にもご協力いただけると
MAP65_e44_p1_71	Map065.json	0	dialogue	助かります。
MAP65_e44_p1_73	Map065.json	0	dialogue	サクソン：
MAP65_e44_p1_74	Map065.json	0	dialogue	も！　もちろんですぞーーー！！
MAP65_e44_p1_76	Map065.json	0	dialogue	ウィンダム王：
MAP65_e44_p1_77	Map065.json	0	dialogue	行け！！　サクソン！！
MAP65_e45_name	Map065.json	event name	name	ナガレ
MAP65_e4_name	Map065.json	event name	name	ウィンダム王
MAP65_e4_p0_1	Map065.json	0	dialogue	ウィンダム王：
MAP65_e4_p0_2	Map065.json	0	dialogue	騎士ウィン、お前にはまだ実戦経験がない。
MAP65_e4_p0_3	Map065.json	0	dialogue	この任務を良い機会とし、ピピンから多くを
MAP65_e4_p0_4	Map065.json	0	dialogue	学ぶのだ。よいな…　下がれ。
MAP65_e5_name	Map065.json	event name	name	玉座の護衛左
MAP65_e5_p0_1	Map065.json	0	dialogue	近衛兵ブロウニング：
MAP65_e5_p0_10	Map065.json	1	dialogue	近衛兵ブロウニング：
MAP65_e5_p0_11	Map065.json	1	dialogue	とは言え、きついときはきついって言えよ？
MAP65_e5_p0_12	Map065.json	1	dialogue	継承者は誰よりも我慢しなきゃいけないって、
MAP65_e5_p0_13	Map065.json	1	dialogue	誰かに言われたわけでもないだろ？
MAP65_e5_p0_17	Map065.json	1	dialogue	近衛兵ブロウニング：
MAP65_e5_p0_18	Map065.json	1	dialogue	まあ、そんなもんだよなー。
MAP65_e5_p0_19	Map065.json	1	dialogue	俺は、お前がいつも通りに受け答えしてくれて、
MAP65_e5_p0_2	Map065.json	0	dialogue	よう、ウィン。最近どうだ？
MAP65_e5_p0_20	Map065.json	1	dialogue	それだけでも安心したぜー
MAP65_e5_p0_3_c0	Map065.json	choice	choice	いい感じ
MAP65_e5_p0_3_c1	Map065.json	choice	choice	ぼちぼち
MAP65_e5_p0_6	Map065.json	1	dialogue	近衛兵ブロウニング：
MAP65_e5_p0_7	Map065.json	1	dialogue	さすがっていうか…　本当か？
MAP65_e5_p0_8	Map065.json	1	dialogue	まあ、暗い顔してたってしょうがないけどさ。
MAP65_e6_name	Map065.json	event name	name	玉座の護衛右
MAP65_e6_p0_1	Map065.json	0	dialogue	近衛兵ライトニング：
MAP65_e6_p0_10	Map065.json	1	dialogue	近衛兵ライトニング：
MAP65_e6_p0_11	Map065.json	1	dialogue	一体どんな危険が待ち受けているのか…
MAP65_e6_p0_12	Map065.json	1	dialogue	俺には皆目見当もつかんが…
MAP65_e6_p0_13	Map065.json	1	dialogue	ウィン、無事を祈る。
MAP65_e6_p0_17	Map065.json	1	dialogue	ライトニング：
MAP65_e6_p0_18	Map065.json	1	dialogue	なんでだ、仕事だろう？
MAP65_e6_p0_19	Map065.json	1	dialogue	まさかウィン、
MAP65_e6_p0_2	Map065.json	0	dialogue	…仕事か？
MAP65_e6_p0_20	Map065.json	1	dialogue	お前、陛下の話を聞いてなかったのか？
MAP65_e6_p0_22	Map065.json	1	dialogue	近衛兵ライトニング：
MAP65_e6_p0_23	Map065.json	1	dialogue	…　と、ピピンなら言うところだな。
MAP65_e6_p0_25	Map065.json	1	dialogue	ウィン：
MAP65_e6_p0_26	Map065.json	1	dialogue	……。
MAP65_e6_p0_3_c0	Map065.json	choice	choice	そうだよ
MAP65_e6_p0_3_c1	Map065.json	choice	choice	ちがうよ
MAP65_e6_p0_6	Map065.json	1	dialogue	近衛兵ライトニング：
MAP65_e6_p0_7	Map065.json	1	dialogue	南の暗黒大陸だってな…
MAP65_e6_p0_8	Map065.json	1	dialogue	そんな場所があるなんて、俺は初耳だった。
MAP65_e7_name	Map065.json	event name	name	ロイ
MAP65_e8_name	Map065.json	event name	name	王の寝室の護衛本体
MAP65_e8_p0_1	Map065.json	0	dialogue	近衛兵クリス：
MAP65_e8_p0_10	Map065.json	0	dialogue	お、俺は…　この部屋を守るのが仕事だ…
MAP65_e8_p0_11	Map065.json	0	dialogue	王からそう命じられている！！
MAP65_e8_p0_13	Map065.json	0	dialogue	ピピン：
MAP65_e8_p0_14	Map065.json	0	dialogue	こんな非常時でも…　か？
MAP65_e8_p0_16	Map065.json	0	dialogue	近衛兵クリス：
MAP65_e8_p0_17	Map065.json	0	dialogue	そ、そうだ…
MAP65_e8_p0_18	Map065.json	0	dialogue	俺がここを動くのは、国王陛下から…
MAP65_e8_p0_19	Map065.json	0	dialogue	ここをどけと命令されたときだけだ！
MAP65_e8_p0_2	Map065.json	0	dialogue	ウィン…！　それに…　ピピン！？
MAP65_e8_p0_21	Map065.json	0	dialogue	ピピン：
MAP65_e8_p0_22	Map065.json	0	dialogue	フン…
MAP65_e8_p0_26	Map065.json	0	dialogue	ピピン：
MAP65_e8_p0_27	Map065.json	0	dialogue	…まさに適材適所ってやつだな。
MAP65_e8_p0_28	Map065.json	0	dialogue	融通の利かない男だが、警備をさせるには
MAP65_e8_p0_29	Map065.json	0	dialogue	これほど信用できる人間はいまい。
MAP65_e8_p0_3	Map065.json	0	dialogue	どうしてここに！？
MAP65_e8_p0_5	Map065.json	0	dialogue	ピピン：
MAP65_e8_p0_6	Map065.json	0	dialogue	お前こそ、ここで何をしている…？
MAP65_e8_p0_7	Map065.json	0	dialogue	王の間に敵がいる…　知っているはずだ。
MAP65_e8_p0_9	Map065.json	0	dialogue	近衛兵クリス：
MAP65_e8_p1_1	Map065.json	0	dialogue	近衛兵クリス：
MAP65_e8_p1_2	Map065.json	0	dialogue	こんなときだからこそ、よからぬことを
MAP65_e8_p1_3	Map065.json	0	dialogue	考えるやつも出てくるんでな。
MAP65_e8_p1_4	Map065.json	0	dialogue	以前にも増して、警備を強化している。
MAP65_e8_p2_1	Map065.json	0	dialogue	近衛兵クリス：
MAP65_e8_p2_10	Map065.json	0	dialogue	すまんが、そうだ。
MAP65_e8_p2_11	Map065.json	0	dialogue	信用していないわけじゃない。
MAP65_e8_p2_12	Map065.json	0	dialogue	そこはご理解いただきたい、殿下。
MAP65_e8_p2_14	Map065.json	0	dialogue	ホノオ：
MAP65_e8_p2_15	Map065.json	0	dialogue	お、　おお…？
MAP65_e8_p2_17	Map065.json	0	dialogue	ナガレ：
MAP65_e8_p2_18	Map065.json	0	dialogue	おい、別に王の部屋でなくとも、
MAP65_e8_p2_19	Map065.json	0	dialogue	単純にプライベートの空間だ。
MAP65_e8_p2_2	Map065.json	0	dialogue	こんなときだからこそ、よからぬことを
MAP65_e8_p2_20	Map065.json	0	dialogue	なぜ入ろうとする？
MAP65_e8_p2_3	Map065.json	0	dialogue	考えるやつも出てくるんでな。
MAP65_e8_p2_4	Map065.json	0	dialogue	以前にも増して、警備を強化している。
MAP65_e8_p2_6	Map065.json	0	dialogue	ホノオ：
MAP65_e8_p2_7	Map065.json	0	dialogue	ウィンや、オレらでもか？
MAP65_e8_p2_9	Map065.json	0	dialogue	近衛兵クリス：
MAP65_e9_name	Map065.json	event name	name	王の寝室の護衛ゆか
MAP65_e9_p0_10	Map065.json	0	dialogue	近衛兵クリス：
MAP65_e9_p0_11	Map065.json	0	dialogue	すまんが、そうだ。
MAP65_e9_p0_12	Map065.json	0	dialogue	信用していないわけじゃない。
MAP65_e9_p0_13	Map065.json	0	dialogue	そこはご理解いただきたい、殿下。
MAP65_e9_p0_15	Map065.json	0	dialogue	ホノオ：
MAP65_e9_p0_16	Map065.json	0	dialogue	お、　おお…？
MAP65_e9_p0_18	Map065.json	0	dialogue	ナガレ：
MAP65_e9_p0_19	Map065.json	0	dialogue	おい、別に王の部屋でなくとも、
MAP65_e9_p0_2	Map065.json	0	dialogue	近衛兵クリス：
MAP65_e9_p0_20	Map065.json	0	dialogue	単純にプライベートの空間だ。
MAP65_e9_p0_21	Map065.json	0	dialogue	なぜ入ろうとする？
MAP65_e9_p0_3	Map065.json	0	dialogue	こんなときだからこそ、よからぬことを
MAP65_e9_p0_4	Map065.json	0	dialogue	考えるやつも出てくるんでな。
MAP65_e9_p0_5	Map065.json	0	dialogue	以前にも増して、警備を強化している。
MAP65_e9_p0_7	Map065.json	0	dialogue	ホノオ：
MAP65_e9_p0_8	Map065.json	0	dialogue	ウィンや、オレらでもか？
MAP66_displayName	Map066.json	display name	mapname	ウインダム城一階
MAP66_e10_name	Map066.json	event name	name	ウィンダム城下町
MAP66_e10_note	Map066.json	event note	note	入り口
MAP66_e10_p0_2	Map066.json	0	dialogue	　　　　ハヤテを使えば目的地にすぐに行けるな
MAP66_e10_p0_3	Map066.json	0	dialogue	　　　　　　　　…と、ウィンは思った
MAP66_e10_p0_4_c0	Map066.json	choice	choice	ハヤテを使おう
MAP66_e10_p0_4_c1	Map066.json	choice	choice	使わなくていいや
MAP66_e10_p0_6_c0	Map066.json	choice	choice	フレイム城
MAP66_e10_p0_6_c1	Map066.json	choice	choice	セイリュー
MAP66_e10_p0_6_c2	Map066.json	choice	choice	旅の宿屋
MAP66_e10_p0_6_c3	Map066.json	choice	choice	南の採石場
MAP66_e10_p1_2	Map066.json	0	dialogue	　　　　ハヤテを使えば目的地にすぐに行けるな
MAP66_e10_p1_3	Map066.json	0	dialogue	　　　　　　　　…と、ウィンは思った
MAP66_e10_p1_4_c0	Map066.json	choice	choice	ハヤテを使おう
MAP66_e10_p1_4_c1	Map066.json	choice	choice	使わなくていいや
MAP66_e10_p1_6_c0	Map066.json	choice	choice	フレイム城
MAP66_e10_p1_6_c1	Map066.json	choice	choice	セイリュー
MAP66_e10_p1_6_c2	Map066.json	choice	choice	旅の宿屋
MAP66_e10_p1_6_c3	Map066.json	choice	choice	南の採石場
MAP66_e10_p1_6_c4	Map066.json	choice	choice	暗黒大陸の廃墟
MAP66_e11_name	Map066.json	event name	name	ウィンダム城下町
MAP66_e11_note	Map066.json	event note	note	入り口
MAP66_e11_p0_2	Map066.json	0	dialogue	　　　　ハヤテを使えば目的地にすぐに行けるな
MAP66_e11_p0_3	Map066.json	0	dialogue	　　　　　　　　…と、ウィンは思った
MAP66_e11_p0_4_c0	Map066.json	choice	choice	ハヤテを使おう
MAP66_e11_p0_4_c1	Map066.json	choice	choice	使わなくていいや
MAP66_e11_p0_6_c0	Map066.json	choice	choice	フレイム城
MAP66_e11_p0_6_c1	Map066.json	choice	choice	セイリュー
MAP66_e11_p0_6_c2	Map066.json	choice	choice	旅の宿屋
MAP66_e11_p0_6_c3	Map066.json	choice	choice	南の採石場
MAP66_e11_p1_2	Map066.json	0	dialogue	　　　　ハヤテを使えば目的地にすぐに行けるな
MAP66_e11_p1_3	Map066.json	0	dialogue	　　　　　　　　…と、ウィンは思った
MAP66_e11_p1_4_c0	Map066.json	choice	choice	ハヤテを使おう
MAP66_e11_p1_4_c1	Map066.json	choice	choice	使わなくていいや
MAP66_e11_p1_6_c0	Map066.json	choice	choice	フレイム城
MAP66_e11_p1_6_c1	Map066.json	choice	choice	セイリュー
MAP66_e11_p1_6_c2	Map066.json	choice	choice	旅の宿屋
MAP66_e11_p1_6_c3	Map066.json	choice	choice	南の採石場
MAP66_e11_p1_6_c4	Map066.json	choice	choice	暗黒大陸の廃墟
MAP66_e12_name	Map066.json	event name	name	ウィンダム城下町
MAP66_e12_note	Map066.json	event note	note	入り口
MAP66_e13_name	Map066.json	event name	name	ウィンダム城下町
MAP66_e13_note	Map066.json	event note	note	入り口
MAP66_e14_name	Map066.json	event name	name	ウィンダム城下町
MAP66_e14_note	Map066.json	event note	note	入り口
MAP66_e15_p0_1	Map066.json	0	dialogue	ここでなら休んでいくことが出来る。
MAP66_e15_p0_2	Map066.json	0	dialogue	休んでいこうか…。
MAP66_e15_p0_3_c0	Map066.json	choice	choice	休んでいく
MAP66_e15_p0_3_c1	Map066.json	choice	choice	休まない
MAP66_e16_p0_1	Map066.json	0	dialogue	ここでなら休んでいくことが出来る。
MAP66_e16_p0_2	Map066.json	0	dialogue	休んでいこうか…。
MAP66_e16_p0_3_c0	Map066.json	choice	choice	休んでいく
MAP66_e16_p0_3_c1	Map066.json	choice	choice	休まない
MAP66_e17_p0_1	Map066.json	0	dialogue	ここでなら休んでいくことが出来る。
MAP66_e17_p0_2	Map066.json	0	dialogue	休んでいこうか…。
MAP66_e17_p0_3_c0	Map066.json	choice	choice	休んでいく
MAP66_e17_p0_3_c1	Map066.json	choice	choice	休まない
MAP66_e18_p0_1	Map066.json	0	dialogue	ここでなら休んでいくことが出来る。
MAP66_e18_p0_2	Map066.json	0	dialogue	休んでいこうか…。
MAP66_e18_p0_3_c0	Map066.json	choice	choice	休んでいく
MAP66_e18_p0_3_c1	Map066.json	choice	choice	休まない
MAP66_e19_p0_1	Map066.json	0	dialogue	ここでなら休んでいくことが出来る。
MAP66_e19_p0_2	Map066.json	0	dialogue	休んでいこうか…。
MAP66_e19_p0_3_c0	Map066.json	choice	choice	休んでいく
MAP66_e19_p0_3_c1	Map066.json	choice	choice	休まない
MAP66_e20_p0_1	Map066.json	0	dialogue	ここでなら休んでいくことが出来る。
MAP66_e20_p0_2	Map066.json	0	dialogue	休んでいこうか…。
MAP66_e20_p0_3_c0	Map066.json	choice	choice	休んでいく
MAP66_e20_p0_3_c1	Map066.json	choice	choice	休まない
MAP66_e21_name	Map066.json	event name	name	泥棒はずれ
MAP66_e21_p0_1	Map066.json	0	dialogue	持ち出して役に立つようなものは何も見つけられなかった…
MAP66_e22_name	Map066.json	event name	name	泥棒はずれ
MAP66_e22_p0_1	Map066.json	0	dialogue	持ち出して役に立つようなものは何も見つけられなかった…
MAP66_e23_name	Map066.json	event name	name	泥棒はずれ
MAP66_e23_p0_1	Map066.json	0	dialogue	持ち出して役に立つようなものは何も見つけられなかった…
MAP66_e24_name	Map066.json	event name	name	泥棒はずれ
MAP66_e24_p0_2	Map066.json	0	dialogue	レザーコートを　一着　手に入れた！
MAP66_e24_p1_1	Map066.json	0	dialogue	持ち出して役に立つようなものは何も見つけられなかった…
MAP66_e25_name	Map066.json	event name	name	泥棒はずれ
MAP66_e25_p0_1	Map066.json	0	dialogue	持ち出して役に立つようなものは何も見つけられなかった…
MAP66_e26_name	Map066.json	event name	name	泥棒はずれ
MAP66_e26_p0_1	Map066.json	0	dialogue	持ち出して役に立つようなものは何も見つけられなかった…
MAP66_e27_name	Map066.json	event name	name	泥棒はずれ
MAP66_e27_p0_1	Map066.json	0	dialogue	持ち出して役に立つようなものは何も見つけられなかった…
MAP66_e28_name	Map066.json	event name	name	泥棒はずれ
MAP66_e28_p0_1	Map066.json	0	dialogue	持ち出して役に立つようなものは何も見つけられなかった…
MAP66_e29_name	Map066.json	event name	name	泥棒はずれ
MAP66_e29_p0_1	Map066.json	0	dialogue	持ち出して役に立つようなものは何も見つけられなかった…
MAP66_e30_name	Map066.json	event name	name	泥棒はずれ
MAP66_e30_p0_1	Map066.json	0	dialogue	持ち出して役に立つようなものは何も見つけられなかった…
MAP66_e31_name	Map066.json	event name	name	泥棒はずれ
MAP66_e31_p0_1	Map066.json	0	dialogue	持ち出して役に立つようなものは何も見つけられなかった…
MAP66_e32_name	Map066.json	event name	name	泥棒はずれ
MAP66_e32_p0_1	Map066.json	0	dialogue	持ち出して役に立つようなものは何も見つけられなかった…
MAP66_e33_name	Map066.json	event name	name	泥棒はずれ
MAP66_e33_p0_1	Map066.json	0	dialogue	持ち出して役に立つようなものは何も見つけられなかった…
MAP66_e34_name	Map066.json	event name	name	固いパン１個
MAP66_e34_p0_1	Map066.json	0	dialogue	固いパンを　１個　手に入れた！
MAP66_e34_p1_1	Map066.json	0	dialogue	持ち出して役に立つようなものは何も見つけられなかった…
MAP66_e35_name	Map066.json	event name	name	泥棒はずれ
MAP66_e35_p0_1	Map066.json	0	dialogue	持ち出して役に立つようなものは何も見つけられなかった…
MAP66_e36_name	Map066.json	event name	name	泥棒はずれ
MAP66_e36_p0_1	Map066.json	0	dialogue	持ち出して役に立つようなものは何も見つけられなかった…
MAP66_e37_name	Map066.json	event name	name	泥棒はずれ
MAP66_e37_p0_1	Map066.json	0	dialogue	持ち出して役に立つようなものは何も見つけられなかった…
MAP66_e37_p0_3	Map066.json	0	dialogue	倉庫番ストロング：
MAP66_e37_p0_4	Map066.json	0	dialogue	おい、勝手に触るんじゃねえ！
MAP66_e38_name	Map066.json	event name	name	泥棒はずれ
MAP66_e38_p0_1	Map066.json	0	dialogue	持ち出して役に立つようなものは何も見つけられなかった…
MAP66_e39_p0_1	Map066.json	0	dialogue	『ここ最近の事件と報告』
MAP66_e39_p0_11	Map066.json	1	dialogue	・西の監視塔の見回りについて
MAP66_e39_p0_12	Map066.json	1	dialogue	他国との戦争の為に作られた西の塔ですが、定期的に
MAP66_e39_p0_13	Map066.json	1	dialogue	泥棒や魔物が住み着くので、見回りが大変です。
MAP66_e39_p0_14	Map066.json	1	dialogue	壊してしまってはどうでしょう。
MAP66_e39_p0_16	Map066.json	1	dialogue	・騎士と兵士の槍嫌いについて
MAP66_e39_p0_17	Map066.json	1	dialogue	王国では戦争の為に槍の訓練が推奨されていますが、
MAP66_e39_p0_18	Map066.json	1	dialogue	槍は重くて長いので、兵はおろか、騎士でさえ全然
MAP66_e39_p0_19	Map066.json	1	dialogue	練習していません。槍のイメージアップが必要です。
MAP66_e39_p0_2	Map066.json	0	dialogue	…と、書かれた本がある。読んでみようか？
MAP66_e39_p0_3_c0	Map066.json	choice	choice	読んでみる
MAP66_e39_p0_3_c1	Map066.json	choice	choice	読まない
MAP66_e39_p0_6	Map066.json	1	dialogue	・フレイムからの野盗、ごろつき、密売人の流入
MAP66_e39_p0_7	Map066.json	1	dialogue	関所の警備の強化をしています。通行手形の発行手続きを
MAP66_e39_p0_8	Map066.json	1	dialogue	複雑にして、料金も値上げしました。
MAP66_e39_p0_9	Map066.json	1	dialogue	街のパトロールも増やしました。
MAP66_e40_p0_1	Map066.json	0	dialogue	『色々な見積もりリスト』
MAP66_e40_p0_11	Map066.json	1	dialogue	城内宿舎の改築　資材6540G　人手5800G
MAP66_e40_p0_12	Map066.json	1	dialogue	出来ます。ベットの数が元々足りていませんしね…。
MAP66_e40_p0_13	Map066.json	1	dialogue	各区画への公衆トイレ設置　資材4500G　人手7200G
MAP66_e40_p0_14	Map066.json	1	dialogue	各区画でなくとも一個か二個でもいいです。切実に…。
MAP66_e40_p0_16	Map066.json	1	dialogue	武器庫の掃除　資材800G　人手300G
MAP66_e40_p0_17	Map066.json	1	dialogue	陛下からストロングに御自ら命令してください！
MAP66_e40_p0_18	Map066.json	1	dialogue	軍馬の購入　資材？？？　人手？？？
MAP66_e40_p0_19	Map066.json	1	dialogue	一体いつからこの大陸には馬がいなくなったのでしょう…
MAP66_e40_p0_2	Map066.json	0	dialogue	…と、表紙に書かれた本がある。読んでみようか。
MAP66_e40_p0_3_c0	Map066.json	choice	choice	読んでみる
MAP66_e40_p0_3_c1	Map066.json	choice	choice	読まない
MAP66_e40_p0_6	Map066.json	1	dialogue	バルコニーの改修　資材5136G　人手107050G
MAP66_e40_p0_7	Map066.json	1	dialogue	とてもじゃないですが無理です陛下…！
MAP66_e40_p0_8	Map066.json	1	dialogue	城下町のバリアフリー化　資材3460G 人手6845G
MAP66_e40_p0_9	Map066.json	1	dialogue	出来なくもないですが、車椅子使っている国民ゼロです…
MAP66_e41_name	Map066.json	event name	name	倉庫番ストロング
MAP66_e41_p0_1	Map066.json	0	dialogue	倉庫番ストロング：
MAP66_e41_p0_16	Map066.json	0	dialogue	倉庫番ストロング：
MAP66_e41_p0_17	Map066.json	0	dialogue	お前たちのために一級品の品だけは、
MAP66_e41_p0_18	Map066.json	0	dialogue	俺の独断で抑えてある…。
MAP66_e41_p0_19	Map066.json	0	dialogue	でも金だけは持ってきてくれよな。
MAP66_e41_p0_2	Map066.json	0	dialogue	無料の支給品はもう当分回せないと思ってくれ
MAP66_e41_p0_3	Map066.json	0	dialogue	すまんな、これでも俺は全体を見てちゃんと
MAP66_e41_p0_4	Map066.json	0	dialogue	管理しているつもりだよ。
MAP66_e41_p1_1	Map066.json	0	dialogue	倉庫番ストロング：
MAP66_e41_p1_16	Map066.json	0	dialogue	倉庫番ストロング：
MAP66_e41_p1_17	Map066.json	0	dialogue	お前たちのために一級品の品だけは、
MAP66_e41_p1_18	Map066.json	0	dialogue	俺の独断で抑えてある…。
MAP66_e41_p1_19	Map066.json	0	dialogue	でも金だけは持ってきてくれよな。
MAP66_e41_p1_2	Map066.json	0	dialogue	無料の支給品はもう当分回せないと思ってくれ
MAP66_e41_p1_3	Map066.json	0	dialogue	すまんな、これでも俺は全体を見てちゃんと
MAP66_e41_p1_4	Map066.json	0	dialogue	管理しているつもりだよ。
MAP66_e42_p0_1	Map066.json	0	dialogue	市民オードリー：
MAP66_e42_p0_2	Map066.json	0	dialogue	雨漏りどころじゃなくなっちゃったね…
MAP66_e42_p0_3	Map066.json	0	dialogue	でもお城が無事でよかったよ…　うん…
MAP66_e43_name	Map066.json	event name	name	カイル
MAP66_e43_p0_1	Map066.json	0	dialogue	巡回兵カイル：
MAP66_e43_p0_13	Map066.json	1	dialogue	巡回兵カイル：
MAP66_e43_p0_14	Map066.json	1	dialogue	だよな…。
MAP66_e43_p0_15	Map066.json	1	dialogue	でもオレ、あのとき、なんかグッと来たぜ…
MAP66_e43_p0_16	Map066.json	1	dialogue	お前は正しかったと思うよ！
MAP66_e43_p0_2	Map066.json	0	dialogue	ウィン！　大丈夫か！？
MAP66_e43_p0_3	Map066.json	0	dialogue	ピピンの件…　大変だったな。
MAP66_e43_p0_4_c0	Map066.json	choice	choice	大丈夫
MAP66_e43_p0_4_c1	Map066.json	choice	choice	きつい
MAP66_e43_p0_7	Map066.json	1	dialogue	巡回兵カイル：
MAP66_e43_p0_8	Map066.json	1	dialogue	マジかよ…お前、タフだなあ。
MAP66_e44_name	Map066.json	event name	name	コッコ
MAP66_e44_p0_1	Map066.json	0	dialogue	料理長コッコ：
MAP66_e44_p0_2	Map066.json	0	dialogue	あーいそがしい！いそがしい！
MAP66_e44_p0_3	Map066.json	0	dialogue	ちょっと、どいてちょうだい！
MAP66_e44_p0_4	Map066.json	0	dialogue	…って継承者さま！　失礼しましたーーー！！
MAP66_e44_p1_1	Map066.json	0	dialogue	料理長コッコ：
MAP66_e44_p1_10	Map066.json	0	dialogue	なんだか、自分が偉くなった気がするよな！
MAP66_e44_p1_12	Map066.json	0	dialogue	ナガレ：
MAP66_e44_p1_13	Map066.json	0	dialogue	いや、あんた元々王子さまだから…。
MAP66_e44_p1_2	Map066.json	0	dialogue	あーいそがしいいそがいい！
MAP66_e44_p1_3	Map066.json	0	dialogue	ちょっと、どいてちょうだい！
MAP66_e44_p1_4	Map066.json	0	dialogue	…って継承者さま！　失礼しましたーーー！！
MAP66_e44_p1_6	Map066.json	0	dialogue	ナガレ：
MAP66_e44_p1_7	Map066.json	0	dialogue	継承者さまって、なにげに初めて言われた。
MAP66_e44_p1_9	Map066.json	0	dialogue	ホノオ：
MAP66_e45_name	Map066.json	event name	name	泥棒はずれ
MAP66_e45_p0_1	Map066.json	0	dialogue	持ち出して役に立つようなものは何も見つけられなかった…
MAP66_e46_name	Map066.json	event name	name	ウィンダムの大臣
MAP66_e46_p0_1	Map066.json	0	dialogue	大臣イワノフ：
MAP66_e46_p0_10	Map066.json	1	dialogue	忙しいんですよーーー！！！！！！！！！
MAP66_e46_p0_15	Map066.json	1	dialogue	大臣イワノフ：
MAP66_e46_p0_16	Map066.json	1	dialogue	私はあなたの騎士団長就任の際については、
MAP66_e46_p0_17	Map066.json	1	dialogue	断固反対させていただきますからね………
MAP66_e46_p0_18	Map066.json	1	dialogue	覚悟しておいてくだされ！！！！！！！！
MAP66_e46_p0_2	Map066.json	0	dialogue	騎士どの…
MAP66_e46_p0_3	Map066.json	0	dialogue	さすがにいまは、お分かりいただけるはず…
MAP66_e46_p0_4_c0	Map066.json	choice	choice	分かります
MAP66_e46_p0_4_c1	Map066.json	choice	choice	分かりません
MAP66_e46_p0_7	Map066.json	1	dialogue	大臣イワノフ：
MAP66_e46_p0_8	Map066.json	1	dialogue	お分かりになるなら、なぜ！！？
MAP66_e46_p0_9	Map066.json	1	dialogue	わたしに！？　話しかけたのです？？？？
MAP66_e47_name	Map066.json	event name	name	泥棒はずれ
MAP66_e47_p0_1	Map066.json	0	dialogue	何かのメモ…
MAP66_e47_p0_2	Map066.json	0	dialogue	私の隣の家の人が夜中に歌を歌います。
MAP66_e47_p0_3	Map066.json	0	dialogue	文句を言ったら笛を吹き出しました。
MAP66_e47_p0_4	Map066.json	0	dialogue	彼は、音楽家になるんだそうです！助けて下さい。
MAP66_e48_p0_1	Map066.json	0	dialogue	大臣イワノフ：
MAP66_e48_p0_2	Map066.json	0	dialogue	ちょっと！仕事の邪魔をしないで下さい！
MAP66_e48_p0_3	Map066.json	0	dialogue	さっきからあなたはウロチョロと…
MAP66_e48_p0_4	Map066.json	0	dialogue	何してるんです、本当に騎士なのか！？
MAP66_e49_p0_1	Map066.json	0	dialogue	何かのメモ…
MAP66_e49_p0_2	Map066.json	0	dialogue	靴底がはがれました。先月は穴があきました。
MAP66_e49_p0_3	Map066.json	0	dialogue	この国の靴は、もろすぎます！抜本的に解決してください！
MAP66_e49_p0_4	Map066.json	0	dialogue	働き者ほど、靴代でお金がかかります！
MAP66_e50_name	Map066.json	event name	name	泥棒はずれ
MAP66_e50_p0_1	Map066.json	0	dialogue	持ち出して役に立つようなものは何も見つけられなかった…
MAP66_e51_name	Map066.json	event name	name	泥棒はずれ
MAP66_e51_p0_1	Map066.json	0	dialogue	ピピンへの苦情の手紙やメモがたくさん置いてある…
MAP66_e51_p0_10	Map066.json	0	dialogue	早く行くぞ！
MAP66_e51_p0_3	Map066.json	0	dialogue	ピピンに嫌みを言われて傷付いた…
MAP66_e51_p0_4	Map066.json	0	dialogue	ピピンが俺の剣術をバカにした…
MAP66_e51_p0_5	Map066.json	0	dialogue	ピピンが俺の喋り方をバカにした…
MAP66_e51_p0_6	Map066.json	0	dialogue	ピピンが小鳥に話し掛けていた…
MAP66_e51_p0_8	Map066.json	0	dialogue	ピピン：
MAP66_e51_p0_9	Map066.json	0	dialogue	おい！何読んでやがる！
MAP66_e51_p1_1	Map066.json	0	dialogue	ピピンへの苦情の手紙やメモがたくさん置いてある…
MAP66_e51_p1_3	Map066.json	0	dialogue	ピピンに嫌みを言われて傷付いた…
MAP66_e51_p1_4	Map066.json	0	dialogue	ピピンが俺の剣術をバカにした…
MAP66_e51_p1_5	Map066.json	0	dialogue	ピピンが俺の喋り方をバカにした…
MAP66_e51_p1_6	Map066.json	0	dialogue	ピピンが小鳥に話し掛けていた…
MAP66_e52_name	Map066.json	event name	name	道具屋の客
MAP66_e52_p0_1	Map066.json	0	dialogue	市民ハンナ：
MAP66_e52_p0_2	Map066.json	0	dialogue	あんなに立派だったお城が…
MAP66_e52_p0_3	Map066.json	0	dialogue	ひどいもんだねえ…
MAP66_e53_name	Map066.json	event name	name	ウィンダム道具屋
MAP66_e53_p0_1	Map066.json	0	dialogue	道具屋アレクセイ：
MAP66_e53_p0_10	Map066.json	0	dialogue	道具屋アレクセイ：
MAP66_e53_p0_11	Map066.json	0	dialogue	いやー…　
MAP66_e53_p0_12	Map066.json	0	dialogue	儲かってるのにあんまり嬉しくないですね…
MAP66_e53_p0_13	Map066.json	0	dialogue	さすがにこれだけみんなが大変そうだと…
MAP66_e53_p0_2	Map066.json	0	dialogue	あー、どうも…　道具屋です。
MAP66_e53_p0_3	Map066.json	0	dialogue	なんか街が崩壊してからの方がめっちゃ
MAP66_e53_p0_4	Map066.json	0	dialogue	お客さん来て…　もうかってます…
MAP66_e53_p1_1	Map066.json	0	dialogue	道具屋アレクセイ：
MAP66_e53_p1_11	Map066.json	0	dialogue	道具屋アレクセイ：
MAP66_e53_p1_12	Map066.json	0	dialogue	いやー…　
MAP66_e53_p1_13	Map066.json	0	dialogue	儲かってるのにあんまり嬉しくないですね…
MAP66_e53_p1_14	Map066.json	0	dialogue	さすがにこれだけみんなが大変そうだと…
MAP66_e53_p1_2	Map066.json	0	dialogue	あー、どうも…　道具屋です。
MAP66_e53_p1_3	Map066.json	0	dialogue	なんか街が崩壊してからの方がめっちゃ
MAP66_e53_p1_4	Map066.json	0	dialogue	お客さん来て…　もうかってます…
MAP66_e54_p0_2	Map066.json	0	dialogue	　　　先にロイに会いに行こうと、ウィンは思った
MAP66_e55_p0_2	Map066.json	0	dialogue	　　　先にロイに会いに行こうと、ウィンは思った
MAP66_e56_p0_2	Map066.json	0	dialogue	　　　先にロイに会いに行こうと、ウィンは思った
MAP66_e57_p0_1	Map066.json	0	dialogue	『スキルの勉強』
MAP66_e57_p0_10	Map066.json	1	dialogue	スキルポイントは、バトル中に敵を攻撃したり、
MAP66_e57_p0_11	Map066.json	1	dialogue	攻撃されたりすることで溜まるが、戦いながら探ると
MAP66_e57_p0_12	Map066.json	1	dialogue	よいだろう。ぼうぎょをすると大きく溜まるのは確かだ。
MAP66_e57_p0_13	Map066.json	1	dialogue	使いたいスキルがあるときは活用するといいだろう。
MAP66_e57_p0_15	Map066.json	1	dialogue	使用できるスキルの種類は、武器ごとに違うが、
MAP66_e57_p0_16	Map066.json	1	dialogue	品質のよい武器ほど、使用できるスキルの種類が増える
MAP66_e57_p0_17	Map066.json	1	dialogue	傾向にあるようだ。
MAP66_e57_p0_2	Map066.json	0	dialogue	…と、表紙に書かれた本がある。読んでみようか。
MAP66_e57_p0_3_c0	Map066.json	choice	choice	読んでみる
MAP66_e57_p0_3_c1	Map066.json	choice	choice	読まない
MAP66_e57_p0_6	Map066.json	1	dialogue	スキルとは、装備している武器ごとに使える特技のことで、
MAP66_e57_p0_7	Map066.json	1	dialogue	スキルポイント（SP)を消費して使うことのできる、
MAP66_e57_p0_8	Map066.json	1	dialogue	強力だったり、便利な技の数々である。
MAP66_e58_p0_1	Map066.json	0	dialogue	市民レクサス：
MAP66_e58_p0_2	Map066.json	0	dialogue	南の空が真っ赤に燃えるのを見たという者も
MAP66_e58_p0_3	Map066.json	0	dialogue	おるとか…　
MAP66_e58_p0_4	Map066.json	0	dialogue	じゃが、この子らにそんなことは言えん…
MAP66_e59_p0_1	Map066.json	0	dialogue	市民マイ：
MAP66_e59_p0_2	Map066.json	0	dialogue	フレイムのみんなは大丈夫かなあ…？
MAP66_e59_p1_1	Map066.json	0	dialogue	市民マイ：
MAP66_e59_p1_10	Map066.json	0	dialogue	わたし、マイ、よろしくね！
MAP66_e59_p1_12	Map066.json	0	dialogue	ナガレ：
MAP66_e59_p1_13	Map066.json	0	dialogue	…。
MAP66_e59_p1_2	Map066.json	0	dialogue	フレイムのみんなは大丈夫かなあ…？
MAP66_e59_p1_4	Map066.json	0	dialogue	ホノオ：
MAP66_e59_p1_5	Map066.json	0	dialogue	フレイムの王子のオレがこんなに元気だぜ！
MAP66_e59_p1_6	Map066.json	0	dialogue	きっとみんなも元気だ！
MAP66_e59_p1_8	Map066.json	0	dialogue	市民マイ：
MAP66_e59_p1_9	Map066.json	0	dialogue	わーい、王子さまだ！
MAP66_e60_p0_1	Map066.json	0	dialogue	市民サラ：
MAP66_e60_p0_2	Map066.json	0	dialogue	フレイムの家族が気になるけれど…
MAP66_e60_p0_3	Map066.json	0	dialogue	しばらくはここを出られないみたいで…
MAP66_e61_name	Map066.json	event name	name	ステイ
MAP66_e61_p0_1	Map066.json	0	dialogue	休憩中の兵士ステイ：
MAP66_e61_p0_15	Map066.json	1	dialogue	休憩中の兵士ステイ：
MAP66_e61_p0_16	Map066.json	1	dialogue	いいねえ　若いってのは！
MAP66_e61_p0_17	Map066.json	1	dialogue	でも、遠慮すんなよ。このくらいしか、
MAP66_e61_p0_18	Map066.json	1	dialogue	俺たちにはおまえにしてやれないんだからさ
MAP66_e61_p0_2	Map066.json	0	dialogue	おっ、疲れたかー？
MAP66_e61_p0_3_c0	Map066.json	choice	choice	疲れたー
MAP66_e61_p0_3_c1	Map066.json	choice	choice	元気だよ
MAP66_e61_p0_6	Map066.json	1	dialogue	休憩中の兵士ステイ：
MAP66_e61_p0_7	Map066.json	1	dialogue	それなら隣のベッドで休んで行けよ？
MAP66_e61_p0_8	Map066.json	1	dialogue	おまえが来たら、優先してベッドを
MAP66_e61_p0_9	Map066.json	1	dialogue	使わせるように言われているからな！
MAP66_e61_p1_1	Map066.json	0	dialogue	休憩中の兵士ステイ：
MAP66_e61_p1_10	Map066.json	1	dialogue	使わせるように言われているからな！
MAP66_e61_p1_16	Map066.json	1	dialogue	ホノオ：
MAP66_e61_p1_17	Map066.json	1	dialogue	オレらはまだまだ元気だぜ！
MAP66_e61_p1_19	Map066.json	1	dialogue	休憩中の兵士ステイ：
MAP66_e61_p1_2	Map066.json	0	dialogue	おっ、おまえら！
MAP66_e61_p1_20	Map066.json	1	dialogue	いいねえ　若いってのは！
MAP66_e61_p1_21	Map066.json	1	dialogue	でも、遠慮すんなよ。このくらいしか、
MAP66_e61_p1_22	Map066.json	1	dialogue	俺たちにはおまえらにしてやれないんだからさ
MAP66_e61_p1_3	Map066.json	0	dialogue	疲れたかー？
MAP66_e61_p1_4_c0	Map066.json	choice	choice	疲れたー
MAP66_e61_p1_4_c1	Map066.json	choice	choice	元気だよ
MAP66_e61_p1_7	Map066.json	1	dialogue	休憩中の兵士ステイ：
MAP66_e61_p1_8	Map066.json	1	dialogue	それなら隣のベッドで休んで行けよ？
MAP66_e61_p1_9	Map066.json	1	dialogue	おまえらが来たら、優先してベッドを
MAP66_e62_p0_1	Map066.json	0	dialogue	宿屋の主人ドゥイン：
MAP66_e62_p0_2	Map066.json	0	dialogue	宿に置いてきた食材…もう全部腐ってしまった
MAP66_e62_p0_3	Map066.json	0	dialogue	ろうなあ…。
MAP66_e62_p0_4	Map066.json	0	dialogue	帰宅許可が出るまで、城から出られないんです…
MAP66_e63_name	Map066.json	event name	name	ハング
MAP66_e63_p0_1	Map066.json	0	dialogue	手伝わされている兵士ハング：
MAP66_e63_p0_2	Map066.json	0	dialogue	こっちの皿はこっち！　この器はこっち！
MAP66_e63_p0_3	Map066.json	0	dialogue	速い、俺速い！　まるで風の紋章を使う
MAP66_e63_p0_4	Map066.json	0	dialogue	ウィンのように！
MAP66_e63_p1_1	Map066.json	0	dialogue	手伝わされている兵士ハング：
MAP66_e63_p1_2	Map066.json	0	dialogue	こっちの皿はこっち！　この器はこっち！
MAP66_e63_p1_3	Map066.json	0	dialogue	速い、俺速い！　まるで風の紋章を使う
MAP66_e63_p1_4	Map066.json	0	dialogue	ウィンのように！
MAP66_e63_p1_6	Map066.json	0	dialogue	ナガレ：
MAP66_e63_p1_7	Map066.json	0	dialogue	こいつ本当に兵士かよ、極めてるぞ。
MAP66_e64_name	Map066.json	event name	name	パン屋の客1
MAP66_e64_p0_1	Map066.json	0	dialogue	市民ユージーン：
MAP66_e64_p0_2	Map066.json	0	dialogue	わーいおしろだおしろだーーーー！！
MAP66_e65_name	Map066.json	event name	name	ウィンの母
MAP66_e65_p0_1	Map066.json	0	dialogue	ウィンの母マリア：
MAP66_e65_p0_13	Map066.json	1	dialogue	ありがとう、ウィン！
MAP66_e65_p0_14	Map066.json	1	dialogue	お城のみんながお腹いっぱいでいられるよう、
MAP66_e65_p0_15	Map066.json	1	dialogue	私もがんばるから、ウィンもがんばんなさい！
MAP66_e65_p0_19	Map066.json	1	dialogue	あら、まだパンが嫌いなの？
MAP66_e65_p0_2	Map066.json	0	dialogue	ウィン…！
MAP66_e65_p0_20	Map066.json	1	dialogue	騎士様になって、普段いいものばかり
MAP66_e65_p0_21	Map066.json	1	dialogue	食べているのかしら！？
MAP66_e65_p0_3	Map066.json	0	dialogue	元気そうね…　よかった！！
MAP66_e65_p0_5	Map066.json	0	dialogue	ウィンの母マリア：
MAP66_e65_p0_6	Map066.json	0	dialogue	ほら、パン持っていきなさい！
MAP66_e65_p0_7	Map066.json	0	dialogue	あ、でもお金は貰うよ！
MAP66_e65_p0_8	Map066.json	0	dialogue	おとなだからね、自分のお金で払おう！
MAP66_e65_p0_9_c0	Map066.json	choice	choice	パン買います
MAP66_e65_p0_9_c1	Map066.json	choice	choice	パンいらない
MAP66_e66_name	Map066.json	event name	name	パン屋父
MAP66_e66_p0_1	Map066.json	0	dialogue	ウィンの父ジョン：
MAP66_e66_p0_2	Map066.json	0	dialogue	ウィン！！　無事だったな！！
MAP66_e66_p0_3	Map066.json	0	dialogue	よかった！！
MAP66_e66_p0_5	Map066.json	0	dialogue	ウィンの父ジョン：
MAP66_e66_p0_6	Map066.json	0	dialogue	父さんたちもこの通り元気だ！
MAP66_e66_p0_7	Map066.json	0	dialogue	心配しないで、仕事に精を出しなさい。
MAP66_e67_name	Map066.json	event name	name	ウィンダムの錬金術師
MAP66_e67_p0_1	Map066.json	0	dialogue	錬金術師サラ：
MAP66_e67_p0_10	Map066.json	0	dialogue	錬金術師サラ：
MAP66_e67_p0_11	Map066.json	0	dialogue	こんな時代だけど、夢は諦めてないんです…
MAP66_e67_p0_12	Map066.json	0	dialogue	お金貯めて、大きなラボを作るんだ！
MAP66_e67_p0_2	Map066.json	0	dialogue	いらっしゃいませ騎士様！
MAP66_e67_p0_3	Map066.json	0	dialogue	めっちゃ在庫少なくなっちゃったんだけど…
MAP66_e67_p0_4	Map066.json	0	dialogue	仕方ない！　騎士様には売っちゃいます！
MAP66_e9_name	Map066.json	event name	name	ウィンダム城下町
MAP66_e9_note	Map066.json	event note	note	入り口
MAP66_e9_p0_2	Map066.json	0	dialogue	　　　　ハヤテを使えば目的地にすぐに行けるな
MAP66_e9_p0_3	Map066.json	0	dialogue	　　　　　　　　…と、ウィンは思った
MAP66_e9_p0_4_c0	Map066.json	choice	choice	ハヤテを使おう
MAP66_e9_p0_4_c1	Map066.json	choice	choice	使わなくていいや
MAP66_e9_p0_6_c0	Map066.json	choice	choice	フレイム城
MAP66_e9_p0_6_c1	Map066.json	choice	choice	セイリュー
MAP66_e9_p0_6_c2	Map066.json	choice	choice	旅の宿屋
MAP66_e9_p0_6_c3	Map066.json	choice	choice	南の採石場
MAP66_e9_p1_2	Map066.json	0	dialogue	　　　　ハヤテを使えば目的地にすぐに行けるな
MAP66_e9_p1_3	Map066.json	0	dialogue	　　　　　　　　…と、ウィンは思った
MAP66_e9_p1_4_c0	Map066.json	choice	choice	ハヤテを使おう
MAP66_e9_p1_4_c1	Map066.json	choice	choice	使わなくていいや
MAP66_e9_p1_6_c0	Map066.json	choice	choice	フレイム城
MAP66_e9_p1_6_c1	Map066.json	choice	choice	セイリュー
MAP66_e9_p1_6_c2	Map066.json	choice	choice	旅の宿屋
MAP66_e9_p1_6_c3	Map066.json	choice	choice	南の採石場
MAP66_e9_p1_6_c4	Map066.json	choice	choice	暗黒大陸の廃墟
MAP67_displayName	Map067.json	display name	mapname	ウィンダム城二階
MAP67_e10_p0_1	Map067.json	0	dialogue	何かの書き置き：
MAP67_e10_p0_2	Map067.json	0	dialogue	食糧庫のパンが最近減っている。何が起こっているんだ？
MAP67_e10_p0_3	Map067.json	0	dialogue	誰かに調べて欲しいが、もしかしたら犯人が騎士団に
MAP67_e10_p0_4	Map067.json	0	dialogue	いるかも知れない…。誰に相談すればいいんだろう…。
MAP67_e11_p0_1	Map067.json	0	dialogue	書きかけの手紙がある…
MAP67_e11_p0_11	Map067.json	1	dialogue	…
MAP67_e11_p0_12	Map067.json	1	dialogue	その後には知らない名前が五人くらい書いてある。
MAP67_e11_p0_2	Map067.json	0	dialogue	読んでみようか…。
MAP67_e11_p0_3_c0	Map067.json	choice	choice	読んでしまう
MAP67_e11_p0_3_c1	Map067.json	choice	choice	読まない
MAP67_e11_p0_6	Map067.json	1	dialogue	騎士団長ロイ様へ
MAP67_e11_p0_7	Map067.json	1	dialogue	新たな騎士候補者のリストをお送りします。
MAP67_e11_p0_8	Map067.json	1	dialogue	どの者も将来の楽しみな者たちです。
MAP67_e11_p0_9	Map067.json	1	dialogue	いつもお手数をおかけしますが、ご確認ください。
MAP67_e12_p0_1	Map067.json	0	dialogue	『世界の武器』
MAP67_e12_p0_11	Map067.json	1	dialogue	曲剣。フレイム王国のみで生産される、刃の反った剣。
MAP67_e12_p0_12	Map067.json	1	dialogue	振り回しやすく、素早さが少し上がる。
MAP67_e12_p0_13	Map067.json	1	dialogue	刀。セイリューでのみ生産される。美しく鋭い剣。切れ味が
MAP67_e12_p0_14	Map067.json	1	dialogue	抜群だが、取り回しが悪く、素早さが下がる。
MAP67_e12_p0_16	Map067.json	1	dialogue	他に、大剣という、重くて凄まじい威力の剣や、
MAP67_e12_p0_17	Map067.json	1	dialogue	短剣、刺剣、槍といった、突き刺す武器もある。
MAP67_e12_p0_18	Map067.json	1	dialogue	この三つは敵の急所を突きやすい（会心率があがる）が、
MAP67_e12_p0_19	Map067.json	1	dialogue	槍は元の威力が他のふたつよりも高い分、素早さが下がる。
MAP67_e12_p0_2	Map067.json	0	dialogue	…と、表紙に書かれた本がある。読んでみようか…。
MAP67_e12_p0_3_c0	Map067.json	choice	choice	読んでみる
MAP67_e12_p0_3_c1	Map067.json	choice	choice	読まない
MAP67_e12_p0_6	Map067.json	1	dialogue	このエレメント大陸には、大きく分けて次のような武器が
MAP67_e12_p0_7	Map067.json	1	dialogue	普及している。
MAP67_e12_p0_8	Map067.json	1	dialogue	直剣。もっとも普通の剣で、主にウインダム王国で生産され
MAP67_e12_p0_9	Map067.json	1	dialogue	ている。扱いやすい。
MAP67_e13_p0_1	Map067.json	0	dialogue	『エレメンタルパワー』
MAP67_e13_p0_11	Map067.json	1	dialogue	かつて大昔、この大陸が生まれる前、紋章の力で闇の
MAP67_e13_p0_12	Map067.json	1	dialogue	エレメントを彼方に封じ、火水風のエレメントの加護を
MAP67_e13_p0_13	Map067.json	1	dialogue	受けてこの地が栄えたと伝わるが、その紋章の力が、
MAP67_e13_p0_14	Map067.json	1	dialogue	実際にどんなものだったのかは、よく分からない。
MAP67_e13_p0_16	Map067.json	1	dialogue	ただ、紋章の魔法の力、エレメンタルパワーは、継承者の
MAP67_e13_p0_17	Map067.json	1	dialogue	精神力そのものであるいう言い伝えもある。
MAP67_e13_p0_18	Map067.json	1	dialogue	そうであるのなら、精神の弱いものが継承者になると、
MAP67_e13_p0_19	Map067.json	1	dialogue	魔法の力も弱まってしまうのかも知れない。
MAP67_e13_p0_2	Map067.json	0	dialogue	…と、表紙に書かれた本がある。読んでみようか？
MAP67_e13_p0_3_c0	Map067.json	choice	choice	読む
MAP67_e13_p0_3_c1	Map067.json	choice	choice	読まない
MAP67_e13_p0_6	Map067.json	1	dialogue	火、水、風、それぞれの紋章は、闇のエレメントが復活し、
MAP67_e13_p0_7	Map067.json	1	dialogue	その力を強めるほどに、紋章も輝きを増し、不思議な魔法の
MAP67_e13_p0_8	Map067.json	1	dialogue	力を紋章継承者に与えるという。
MAP67_e13_p0_9	Map067.json	1	dialogue	この魔法の力が、エレメンタルパワーである。
MAP67_e14_p0_1	Map067.json	0	dialogue	『怖くない！五分で怖くなくなる錬金術』
MAP67_e14_p0_11	Map067.json	1	dialogue	例えばみんながよく心配するのが、各ポーション類…
MAP67_e14_p0_12	Map067.json	1	dialogue	飲み薬に使われている、材料のことだと思います。
MAP67_e14_p0_13	Map067.json	1	dialogue	確かに私たちは材料を教えません、隠していますが、
MAP67_e14_p0_14	Map067.json	1	dialogue	決して危なかったり汚かったりするものは使っていません。
MAP67_e14_p0_16	Map067.json	1	dialogue	私たちは、材料がバレると売れなくなるから、隠して
MAP67_e14_p0_17	Map067.json	1	dialogue	いるのではないのです！とても専門的で、難易度の高い
MAP67_e14_p0_18	Map067.json	1	dialogue	製法で作るものなので、皆さんに気軽に真似をされて、
MAP67_e14_p0_19	Map067.json	1	dialogue	大怪我したり病気になって欲しくないだけなのです！
MAP67_e14_p0_2	Map067.json	0	dialogue	…と、表紙に書かれた本がある。読んでみようか。
MAP67_e14_p0_3_c0	Map067.json	choice	choice	読んでみる
MAP67_e14_p0_3_c1	Map067.json	choice	choice	読まない
MAP67_e14_p0_6	Map067.json	1	dialogue	錬金術師と呼ばれる（というより自分たちで呼んでいる）
MAP67_e14_p0_7	Map067.json	1	dialogue	ひとたちが、正体の分からない薬を大変な高額で売り出す
MAP67_e14_p0_8	Map067.json	1	dialogue	ようになって百年くらいでしょうか。
MAP67_e14_p0_9	Map067.json	1	dialogue	でも効き目が凄いから、みんな本当は憧れているでしょう？
MAP67_e15_p0_1	Map067.json	0	dialogue	読みかけの本がある…
MAP67_e15_p0_2	Map067.json	0	dialogue	読んでみようか…。
MAP67_e15_p0_3_c0	Map067.json	choice	choice	読んでみる
MAP67_e15_p0_3_c1	Map067.json	choice	choice	読まない
MAP67_e15_p0_6	Map067.json	1	dialogue	騎士は国王の命令に絶対に背いてはいけません。
MAP67_e15_p0_7	Map067.json	1	dialogue	次に、騎士団長の命令にも背いてはいけません。
MAP67_e15_p0_8	Map067.json	1	dialogue	命令を聞かないと、騎士をやめさせられます。
MAP67_e15_p0_9	Map067.json	1	dialogue	騎士をやめると、ただの兵士か、市民になります。
MAP67_e16_p0_1	Map067.json	0	dialogue	『この世界の紋章』
MAP67_e16_p0_10	Map067.json	1	dialogue	この紋章は、闇のエレメントが復活する際に輝き出し、
MAP67_e16_p0_11	Map067.json	1	dialogue	闇のエレメントによって世界が暗闇に覆われ、魔物に
MAP67_e16_p0_12	Map067.json	1	dialogue	溢れるのを防ぐことが出来ると言われている。
MAP67_e16_p0_14	Map067.json	1	dialogue	紋章は、持ち主が最も信頼している人間へと継承される。
MAP67_e16_p0_15	Map067.json	1	dialogue	しかし紋章が輝いたのを誰も見たことがない為、現実には
MAP67_e16_p0_16	Map067.json	1	dialogue	権力者が継承している。フレイム王国では代々国王が、
MAP67_e16_p0_17	Map067.json	1	dialogue	セイリューでは領主が、ウィンダムでは騎士団長である。
MAP67_e16_p0_2	Map067.json	0	dialogue	…という本がある。読んでみようか…。
MAP67_e16_p0_3_c0	Map067.json	choice	choice	読んでみる
MAP67_e16_p0_3_c1	Map067.json	choice	choice	読まない
MAP67_e16_p0_6	Map067.json	1	dialogue	エレメント大陸は火と水と風のエレメントによって
MAP67_e16_p0_7	Map067.json	1	dialogue	作られた土地で、エレメントの加護の証である紋章が、
MAP67_e16_p0_8	Map067.json	1	dialogue	それぞれの紋章継承者の手の甲に刻まれる。
MAP67_e17_p0_1	Map067.json	0	dialogue	『恐怖！闇のエレメント復活！』
MAP67_e17_p0_11	Map067.json	1	dialogue	よし！ここで水の紋章の出番です。水の紋章の勇者が
MAP67_e17_p0_12	Map067.json	1	dialogue	片手を振りかざすと、大きな津波があらわれました。
MAP67_e17_p0_13	Map067.json	1	dialogue	火はまたたくまに消えました。しかし、闇のエレメントも
MAP67_e17_p0_14	Map067.json	1	dialogue	流されてしまい、どこにいったか分かりません。
MAP67_e17_p0_16	Map067.json	1	dialogue	このままでは世界は暗黒に包まれ、魔物が増え、ひとの
MAP67_e17_p0_17	Map067.json	1	dialogue	住めない土地になってしまう！しかし気付けば風の勇者が
MAP67_e17_p0_18	Map067.json	1	dialogue	いません。なんと！風の紋章のハヤテの力で疾風となった
MAP67_e17_p0_19	Map067.json	1	dialogue	風の勇者が闇のエレメントを追いかけています！
MAP67_e17_p0_2	Map067.json	0	dialogue	…と、表紙に書かれた本がある。読んでみようか…。
MAP67_e17_p0_21	Map067.json	1	dialogue	そのスピードはすさまじく、火の勇者と水の勇者は
MAP67_e17_p0_22	Map067.json	1	dialogue	置いていかれました。最早闇のエレメントも風の勇者も
MAP67_e17_p0_23	Map067.json	1	dialogue	どこにいるのか分かりません。さあ二人はどうやって合流
MAP67_e17_p0_24	Map067.json	1	dialogue	するのか！？次回をおたのしみに！
MAP67_e17_p0_3_c0	Map067.json	choice	choice	読んでみる
MAP67_e17_p0_3_c1	Map067.json	choice	choice	読んでみない
MAP67_e17_p0_6	Map067.json	1	dialogue	火を噴く火の紋章！ぎゃーーーーーーーーー闇のエレメント
MAP67_e17_p0_7	Map067.json	1	dialogue	は燃えました。風の紋章がカマイタチを呼び、火はもっと
MAP67_e17_p0_8	Map067.json	1	dialogue	激しくなりました。いかん！火が凄くて闇のエレメントが
MAP67_e17_p0_9	Map067.json	1	dialogue	よく見えない！近付くこともできません。
MAP67_e18_name	Map067.json	event name	name	泥棒はずれ
MAP67_e18_p0_1	Map067.json	0	dialogue	持ち出して役に立つようなものは何も見つけられなかった…
MAP67_e19_p0_1	Map067.json	0	dialogue	書記官デアール：
MAP67_e19_p0_2	Map067.json	0	dialogue	吾輩は王国書記官のデアール卿であーる。
MAP67_e19_p0_4	Map067.json	0	dialogue	吾輩は現在王国の被害状況を調べているので
MAP67_e19_p0_5	Map067.json	0	dialogue	あーる！
MAP67_e19_p0_6	Map067.json	0	dialogue	他国の情報もまとめているのであーる！
MAP67_e1_name	Map067.json	event name	name	ウィンダム城下町
MAP67_e1_note	Map067.json	event note	note	入り口
MAP67_e20_p0_1	Map067.json	0	dialogue	料理人助手ジョッシュ：
MAP67_e20_p0_2	Map067.json	0	dialogue	この食堂もすっかり使われなくなりました…
MAP67_e20_p0_3	Map067.json	0	dialogue	王でさえ、いまは兵と同じ食事を食べて
MAP67_e20_p0_4	Map067.json	0	dialogue	らっしゃいます。
MAP67_e20_p1_1	Map067.json	0	dialogue	料理人助手ジョッシュ：
MAP67_e20_p1_10	Map067.json	0	dialogue	ナガレ：
MAP67_e20_p1_11	Map067.json	0	dialogue	民が苦しんでいるときに、領主だけいいモン
MAP67_e20_p1_12	Map067.json	0	dialogue	食っていいわけないだろ。当たり前だ。
MAP67_e20_p1_14	Map067.json	0	dialogue	ホノオ：
MAP67_e20_p1_15	Map067.json	0	dialogue	え…？　あ、そうか…　そう、だよな…。
MAP67_e20_p1_17	Map067.json	0	dialogue	ナガレ：
MAP67_e20_p1_18	Map067.json	0	dialogue	そうだぞ。
MAP67_e20_p1_2	Map067.json	0	dialogue	この食堂もすっかり使われなくなりました…
MAP67_e20_p1_3	Map067.json	0	dialogue	王でさえ、いまは兵と同じ食事を食べて
MAP67_e20_p1_4	Map067.json	0	dialogue	らっしゃいます。
MAP67_e20_p1_6	Map067.json	0	dialogue	ホノオ：
MAP67_e20_p1_7	Map067.json	0	dialogue	うげ…　ただでさえこの国のメシは、その…
MAP67_e20_p1_8	Map067.json	0	dialogue	あれだってのによー…　
MAP67_e21_name	Map067.json	event name	name	ロール
MAP67_e21_p0_1	Map067.json	0	dialogue	城内の見回り兵ロール：
MAP67_e21_p0_2	Map067.json	0	dialogue	城の壊れた部分を調べて回っているんだけれど
MAP67_e21_p0_3	Map067.json	0	dialogue	ひどいなあ…
MAP67_e21_p0_4	Map067.json	0	dialogue	ぜんぶ直るのに何年かかることやら…
MAP67_e21_p1_1	Map067.json	0	dialogue	城内の見回り兵ロール：
MAP67_e21_p1_10	Map067.json	0	dialogue	あっ、すいません…　フレイムのホノオ殿下…
MAP67_e21_p1_11	Map067.json	0	dialogue	フレイムはもっとひどいんでしたね…。
MAP67_e21_p1_13	Map067.json	0	dialogue	ナガレ：
MAP67_e21_p1_14	Map067.json	0	dialogue	セイリューの木材や石材を川で運べば…
MAP67_e21_p1_15	Map067.json	0	dialogue	ここもフレイムもすぐに復興できるかも知れない
MAP67_e21_p1_17	Map067.json	0	dialogue	ホノオ：
MAP67_e21_p1_18	Map067.json	0	dialogue	そんなことができるのか、ナガレ！？
MAP67_e21_p1_2	Map067.json	0	dialogue	城の壊れた部分を調べて回っているんだけれど
MAP67_e21_p1_20	Map067.json	0	dialogue	ナガレ：
MAP67_e21_p1_21	Map067.json	0	dialogue	うん。だけど、この悪天候と魔物の増加が
MAP67_e21_p1_22	Map067.json	0	dialogue	止まってからじゃないと無理だ。
MAP67_e21_p1_24	Map067.json	0	dialogue	ホノオ：
MAP67_e21_p1_25	Map067.json	0	dialogue	闇のエレメントだな…　とにかくよー
MAP67_e21_p1_27	Map067.json	0	dialogue	城内の見回り兵ロール：
MAP67_e21_p1_28	Map067.json	0	dialogue	み、みなさんのご武運をお祈りしております！
MAP67_e21_p1_3	Map067.json	0	dialogue	ひどいなあ…
MAP67_e21_p1_4	Map067.json	0	dialogue	ぜんぶ直るのに何年かかることやら…
MAP67_e21_p1_6	Map067.json	0	dialogue	ホノオ：
MAP67_e21_p1_7	Map067.json	0	dialogue	…。
MAP67_e21_p1_9	Map067.json	0	dialogue	城内の見回り兵ロール：
MAP67_e22_name	Map067.json	event name	name	宿屋の娘
MAP67_e22_p0_1	Map067.json	0	dialogue	宿屋のバイト　ウェンディ：
MAP67_e22_p0_2	Map067.json	0	dialogue	あーいそがしいいそがしい！
MAP67_e22_p0_6	Map067.json	0	dialogue	宿屋のバイト　ウェンディ：
MAP67_e22_p0_7	Map067.json	0	dialogue	どの食器もクロスも綺麗で見るのに忙しい！
MAP67_e23_name	Map067.json	event name	name	パン屋の客2
MAP67_e23_p0_1	Map067.json	0	dialogue	市民ボブ：
MAP67_e23_p0_2	Map067.json	0	dialogue	ヒマじゃのう…
MAP67_e23_p0_3	Map067.json	0	dialogue	家に帰りたいんじゃがのう…
MAP67_e23_p0_4	Map067.json	0	dialogue	魔物が出るっていうんで、街に入れんのじゃあ
MAP67_e24_name	Map067.json	event name	name	ウィング
MAP67_e24_p0_1	Map067.json	0	dialogue	市民ウィング：
MAP67_e24_p0_10	Map067.json	0	dialogue	市民ウィング：
MAP67_e24_p0_11	Map067.json	0	dialogue	あなたほど世界中を飛び回っても見つからない
MAP67_e24_p0_12	Map067.json	0	dialogue	のね…
MAP67_e24_p0_2	Map067.json	0	dialogue	ウィン！　面白い本は見つかった？
MAP67_e24_p0_4	Map067.json	0	dialogue	ウィン：
MAP67_e24_p0_5	Map067.json	0	dialogue	…。
MAP67_e24_p0_8	Map067.json	0	dialogue	　　　　　　　　　　ウィンは首を振った
MAP67_e24_p1_1	Map067.json	0	dialogue	市民ウィング：
MAP67_e24_p1_10	Map067.json	0	dialogue	市民ウィング：
MAP67_e24_p1_11	Map067.json	0	dialogue	…なにこれ。
MAP67_e24_p1_12	Map067.json	0	dialogue	こんな装丁の本なんて見たことない…。
MAP67_e24_p1_13	Map067.json	0	dialogue	なんて綺麗で頑丈な…どこで作られた本なの？
MAP67_e24_p1_15	Map067.json	0	dialogue	ウィン：
MAP67_e24_p1_16	Map067.json	0	dialogue	…。
MAP67_e24_p1_18	Map067.json	0	dialogue	市民ウィング：
MAP67_e24_p1_19	Map067.json	0	dialogue	…分からないのね？
MAP67_e24_p1_2	Map067.json	0	dialogue	ウィン！　面白い本は見つかった？
MAP67_e24_p1_20	Map067.json	0	dialogue	どういうことかしら…　しかも新しく見えるし
MAP67_e24_p1_22	Map067.json	0	dialogue	市民ウィング：
MAP67_e24_p1_23	Map067.json	0	dialogue	ウィン…　この本て、私にくれるの？
MAP67_e24_p1_24_c0	Map067.json	choice	choice	あげます
MAP67_e24_p1_24_c1	Map067.json	choice	choice	あげられないな
MAP67_e24_p1_27	Map067.json	1	dialogue	市民ウィング：
MAP67_e24_p1_28	Map067.json	1	dialogue	ありがとう！　ウィン！！
MAP67_e24_p1_29	Map067.json	1	dialogue	じゃあ早速読むから、しばらく私に近付かない
MAP67_e24_p1_30	Map067.json	1	dialogue	ようにしてね！！
MAP67_e24_p1_36	Map067.json	1	dialogue	市民ウィング：
MAP67_e24_p1_37	Map067.json	1	dialogue	そ！　そう……………
MAP67_e24_p1_38	Map067.json	1	dialogue	ものすごく…貴重なもののようだしね…
MAP67_e24_p1_39	Map067.json	1	dialogue	…今後夜道に気を付けてとだけ言っておく…
MAP67_e24_p1_4	Map067.json	0	dialogue	ウィン：
MAP67_e24_p1_5	Map067.json	0	dialogue	…。
MAP67_e24_p1_8	Map067.json	0	dialogue	　　　　　　ウィンは奇書を取り出して見せた
MAP67_e24_p2_1	Map067.json	0	dialogue	市民ウィング：
MAP67_e24_p2_10	Map067.json	0	dialogue	あっちいけ！！！！
MAP67_e24_p2_2	Map067.json	0	dialogue	………………。
MAP67_e24_p2_4	Map067.json	0	dialogue	ウィン：
MAP67_e24_p2_5	Map067.json	0	dialogue	…。
MAP67_e24_p2_7	Map067.json	0	dialogue	市民ウィング：
MAP67_e24_p2_8	Map067.json	0	dialogue	……………　！？
MAP67_e24_p2_9	Map067.json	0	dialogue	じゃますんなっていっただろ！！！！！？？
MAP67_e25_p0_1	Map067.json	0	dialogue	新米兵士ヤーボ：
MAP67_e25_p0_11	Map067.json	1	dialogue	新米兵士ヤーボ：
MAP67_e25_p0_12	Map067.json	1	dialogue	よかったー　あれ、騎士であるあなたが
MAP67_e25_p0_13	Map067.json	1	dialogue	持っていても、何の役にも立ちませんし、
MAP67_e25_p0_14	Map067.json	1	dialogue	そりゃ売りますよね。　よかったー
MAP67_e25_p0_18	Map067.json	1	dialogue	新米兵士ヤーボ：
MAP67_e25_p0_19	Map067.json	1	dialogue	あー…　素材や財宝はためこんでも、
MAP67_e25_p0_2	Map067.json	0	dialogue	ウィンさん、魔物をたおしたときにたまに
MAP67_e25_p0_20	Map067.json	1	dialogue	俺ら兵士や騎士には、役に立ちません。
MAP67_e25_p0_21	Map067.json	1	dialogue	お店で売ってお金に変えた方がいいですよ？
MAP67_e25_p0_3	Map067.json	0	dialogue	手に入る、魔物の素材とか財宝…
MAP67_e25_p0_4	Map067.json	0	dialogue	ちゃんと売ってますよね？
MAP67_e25_p0_6	Map067.json	0	dialogue	ウィン：
MAP67_e25_p0_7	Map067.json	0	dialogue	…。
MAP67_e25_p0_8_c0	Map067.json	choice	choice	売ってるよ
MAP67_e25_p0_8_c1	Map067.json	choice	choice	えっ　なんのこと
MAP67_e25_p1_1	Map067.json	0	dialogue	新米兵士ヤーボ：
MAP67_e25_p1_11	Map067.json	1	dialogue	新米兵士ヤーボ：
MAP67_e25_p1_12	Map067.json	1	dialogue	そうでしょう？
MAP67_e25_p1_13	Map067.json	1	dialogue	確かに魔物がお金持ってるわけないですけど、
MAP67_e25_p1_14	Map067.json	1	dialogue	そんなところまでリアルにしなくてもなあ…
MAP67_e25_p1_18	Map067.json	1	dialogue	新米兵士ヤーボ：
MAP67_e25_p1_19	Map067.json	1	dialogue	そうですかー？
MAP67_e25_p1_2	Map067.json	0	dialogue	ウィンさん、魔物をたおしたときにたまに
MAP67_e25_p1_20	Map067.json	1	dialogue	まあ、店でまとめて売って、一気にお金持ちに
MAP67_e25_p1_21	Map067.json	1	dialogue	なるの、ちょっと楽しいですよね…
MAP67_e25_p1_3	Map067.json	0	dialogue	手に入る、魔物の素材とか財宝…
MAP67_e25_p1_4	Map067.json	0	dialogue	いちいち売るの面倒ですよねえ？
MAP67_e25_p1_6	Map067.json	0	dialogue	ウィン：
MAP67_e25_p1_7	Map067.json	0	dialogue	…。
MAP67_e25_p1_8_c0	Map067.json	choice	choice	そうだね
MAP67_e25_p1_8_c1	Map067.json	choice	choice	そんなことないよ
MAP67_e2_name	Map067.json	event name	name	ウィンダム城下町
MAP67_e2_note	Map067.json	event note	note	入り口
MAP67_e3_name	Map067.json	event name	name	ウィンダム城下町
MAP67_e3_note	Map067.json	event note	note	入り口
MAP67_e4_name	Map067.json	event name	name	ウィンダム城下町
MAP67_e4_note	Map067.json	event note	note	入り口
MAP67_e5_name	Map067.json	event name	name	ウィンダム城下町
MAP67_e5_note	Map067.json	event note	note	入り口
MAP67_e6_name	Map067.json	event name	name	ウィンダム城下町
MAP67_e6_note	Map067.json	event note	note	入り口
MAP67_e7_name	Map067.json	event name	name	ウィンダム城下町
MAP67_e7_note	Map067.json	event note	note	入り口
MAP67_e8_name	Map067.json	event name	name	ウィンダム城下町
MAP67_e8_note	Map067.json	event note	note	入り口
MAP67_e9_name	Map067.json	event name	name	ウィンダム城下町
MAP67_e9_note	Map067.json	event note	note	入り口
MAP68_displayName	Map068.json	display name	mapname	ウィンダム城バルコニー
MAP68_e1_name	Map068.json	event name	name	ウィンダム城下町
MAP68_e1_note	Map068.json	event note	note	入り口
MAP68_e2_name	Map068.json	event name	name	ウィンダム城下町
MAP68_e2_note	Map068.json	event note	note	入り口
MAP68_e2_p1_10	Map068.json	0	dialogue	ウィン：
MAP68_e2_p1_11	Map068.json	0	dialogue	…。
MAP68_e2_p1_13	Map068.json	0	dialogue	近衛兵ライトニング：
MAP68_e2_p1_14	Map068.json	0	dialogue	…ロイ騎士団長がお呼びだ。
MAP68_e2_p1_15	Map068.json	0	dialogue	先日の光の柱の件で、話があるらしい…。
MAP68_e2_p1_19	Map068.json	0	dialogue	ウィン：
MAP68_e2_p1_20	Map068.json	0	dialogue	…。
MAP68_e2_p1_23	Map068.json	0	dialogue	　　　　　　　　　ウィンは頷いた
MAP68_e2_p1_6	Map068.json	0	dialogue	近衛兵ライトニング：
MAP68_e2_p1_7	Map068.json	0	dialogue	…ウィン、外は危ないぞ。
MAP68_e2_p1_8	Map068.json	0	dialogue	長居するのはよくないと、忠告させてもらう。
MAP68_e3_name	Map068.json	event name	name	ウィンダム城下町
MAP68_e3_note	Map068.json	event note	note	入り口
MAP69_e1_p0_12	Map069.json	scrolling text	dialogue	　　　　　　　　　　南の暗黒大陸に
MAP69_e1_p0_14	Map069.json	scrolling text	dialogue	　　　　　　　　巨大な光の柱が立つのを
MAP69_e1_p0_16	Map069.json	scrolling text	dialogue	　　　　　　　　　　　見るまでは…
MAP70_displayName	Map070.json	display name	mapname	エレメント大陸
MAP70_e11_p1_1	Map070.json	0	dialogue	ホノオ：
MAP70_e11_p1_2	Map070.json	0	dialogue	…街には入らない方がいい、ウィン…
MAP70_e11_p1_4	Map070.json	0	dialogue	ナガレ：
MAP70_e11_p1_5	Map070.json	0	dialogue	あのとき、燃え盛る岩がたくさん降ってきて…
MAP70_e11_p1_6	Map070.json	0	dialogue	この街はがれきの山になってしまったんだ。
MAP70_e11_p1_8	Map070.json	0	dialogue	ウィン：
MAP70_e11_p1_9	Map070.json	0	dialogue	…。
MAP70_e14_p0_1	Map070.json	0	dialogue	ホノオ：
MAP70_e14_p0_2	Map070.json	0	dialogue	いまはこんなところに用はないんじゃねーか？
MAP70_e15_name	Map070.json	event name	name	ヤバミネーション
MAP70_e15_p0_102	Map070.json	0	dialogue	ホノオ：
MAP70_e15_p0_103	Map070.json	0	dialogue	ひ、ひでえ目にあった…
MAP70_e15_p0_105	Map070.json	0	dialogue	ナガレ：
MAP70_e15_p0_106	Map070.json	0	dialogue	きっとこの先、もっと酷い目が待ってる…
MAP70_e15_p0_107	Map070.json	0	dialogue	何が起こるか分からないな…。
MAP70_e15_p0_109	Map070.json	0	dialogue	ウィン：
MAP70_e15_p0_110	Map070.json	0	dialogue	…。
MAP70_e15_p0_15	Map070.json	0	dialogue	ウィン：
MAP70_e15_p0_16	Map070.json	0	dialogue	…！？
MAP70_e15_p0_18	Map070.json	0	dialogue	ホノオ：
MAP70_e15_p0_19	Map070.json	0	dialogue	うお！　めちゃくちゃ紋章が光った！！
MAP70_e15_p0_21	Map070.json	0	dialogue	ナガレ：
MAP70_e15_p0_22	Map070.json	0	dialogue	…なんだ？　急に身体に力が漲るような…
MAP70_e15_p0_23	Map070.json	0	dialogue	これは…
MAP70_e15_p0_26	Map070.json	0	dialogue	　　　　　　ウィンはシップウの魔法をおぼえた！
MAP70_e15_p0_29	Map070.json	0	dialogue	　　　　　ホノオはダイバクハツの魔法をおぼえた！
MAP70_e15_p0_32	Map070.json	0	dialogue	　　　　　ナガレはイヤシノアメの魔法をおぼえた！
MAP70_e15_p0_51	Map070.json	0	dialogue	ナガレ：
MAP70_e15_p0_52	Map070.json	0	dialogue	な、なんだ！？　紋章がずっと光ってるぞ！？
MAP70_e15_p0_55	Map070.json	0	dialogue	　　　　ウィンたちのステータスが幾つかアップした！
MAP70_e15_p0_61	Map070.json	0	dialogue	ホノオ：
MAP70_e15_p0_62	Map070.json	0	dialogue	なんだよ突然…この急激なパワーアップ感は…
MAP70_e15_p0_63	Map070.json	0	dialogue	いまならどんな敵が相手でも負ける気が…
MAP70_e15_p0_66	Map070.json	0	dialogue	ナガレ：
MAP70_e15_p0_67	Map070.json	0	dialogue	ちょっと黙れ、ホノオ！！
MAP70_e15_p0_69	Map070.json	0	dialogue	ホノオ：
MAP70_e15_p0_70	Map070.json	0	dialogue	あ！？　なんだよ急にーーー！？
MAP70_e15_p0_73	Map070.json	0	dialogue	ナガレ：
MAP70_e15_p0_74	Map070.json	0	dialogue	紋章は闇の力が強まるのに合わせて、
MAP70_e15_p0_75	Map070.json	0	dialogue	その輝きを増して、力を強めるんだろ…？
MAP70_e15_p0_77	Map070.json	0	dialogue	ナガレ：
MAP70_e15_p0_78	Map070.json	0	dialogue	あたしたちがこんなに急に強くなるってこと…
MAP70_e15_p0_79	Map070.json	0	dialogue	それはつまり…
MAP70_e15_p0_81	Map070.json	0	dialogue	ホノオ：
MAP70_e15_p0_82	Map070.json	0	dialogue	あ…　闇のエレメントの力が急に
MAP70_e15_p0_83	Map070.json	0	dialogue	めちゃくちゃ強くなってるってこと…か…
MAP70_e15_p0_86	Map070.json	0	dialogue	ホノオ：
MAP70_e15_p0_87	Map070.json	0	dialogue	あれ…？　なんか暗く………
MAP70_e15_p0_88	Map070.json	0	dialogue	げえっ！？　な、なんだありゃああああ！！
MAP70_e15_p0_90	Map070.json	0	dialogue	ナガレ：
MAP70_e15_p0_91	Map070.json	0	dialogue	なんかデッカイ化け物が……！！
MAP70_e15_p0_93	Map070.json	0	dialogue	ホノオ：
MAP70_e15_p0_94	Map070.json	0	dialogue	降って来たあああああああ！！
MAP70_e15_p1_15	Map070.json	0	dialogue	ウィン：
MAP70_e15_p1_16	Map070.json	0	dialogue	…！？
MAP70_e15_p1_18	Map070.json	0	dialogue	ホノオ：
MAP70_e15_p1_19	Map070.json	0	dialogue	うお！　めちゃくちゃ紋章が光った！！
MAP70_e15_p1_21	Map070.json	0	dialogue	ナガレ：
MAP70_e15_p1_22	Map070.json	0	dialogue	…なんだ？　急に身体に力が漲るような…
MAP70_e15_p1_23	Map070.json	0	dialogue	これは…
MAP70_e15_p1_26	Map070.json	0	dialogue	　　　　　　ウィンはシップウの魔法をおぼえた！
MAP70_e15_p1_29	Map070.json	0	dialogue	　　　　　ホノオはダイバクハツの魔法をおぼえた！
MAP70_e15_p1_32	Map070.json	0	dialogue	　　　　　ナガレはイヤシノアメの魔法をおぼえた！
MAP70_e15_p1_38	Map070.json	0	dialogue	ホノオ：
MAP70_e15_p1_39	Map070.json	0	dialogue	なんだよ突然…この急激なパワーアップ感は…
MAP70_e15_p1_40	Map070.json	0	dialogue	いまならどんな敵が相手でも負ける気が…
MAP70_e15_p1_43	Map070.json	0	dialogue	ナガレ：
MAP70_e15_p1_44	Map070.json	0	dialogue	ちょっと黙れ、ホノオ！！
MAP70_e15_p1_46	Map070.json	0	dialogue	ホノオ：
MAP70_e15_p1_47	Map070.json	0	dialogue	あ！？　なんだよ急にーーー！？
MAP70_e15_p1_50	Map070.json	0	dialogue	ナガレ：
MAP70_e15_p1_51	Map070.json	0	dialogue	紋章は闇の力が強まるのに合わせて、
MAP70_e15_p1_52	Map070.json	0	dialogue	その輝きを増して、力を強めるんだろ…？
MAP70_e15_p1_54	Map070.json	0	dialogue	ナガレ：
MAP70_e15_p1_55	Map070.json	0	dialogue	あたしたちがこんなに急に強くなるってこと…
MAP70_e15_p1_56	Map070.json	0	dialogue	それはつまり…
MAP70_e15_p1_58	Map070.json	0	dialogue	ホノオ：
MAP70_e15_p1_59	Map070.json	0	dialogue	あ…　闇のエレメントの力が急に
MAP70_e15_p1_60	Map070.json	0	dialogue	めちゃくちゃ強くなってるってこと…か…
MAP70_e15_p1_63	Map070.json	0	dialogue	ホノオ：
MAP70_e15_p1_64	Map070.json	0	dialogue	あれ…？　なんか暗く………
MAP70_e15_p1_65	Map070.json	0	dialogue	げえっ！？　な、なんだありゃああああ！！
MAP70_e15_p1_67	Map070.json	0	dialogue	ナガレ：
MAP70_e15_p1_68	Map070.json	0	dialogue	なんかデッカイ化け物が……！！
MAP70_e15_p1_70	Map070.json	0	dialogue	ホノオ：
MAP70_e15_p1_71	Map070.json	0	dialogue	降って来たあああああああ！！
MAP70_e15_p1_79	Map070.json	0	dialogue	ホノオ：
MAP70_e15_p1_80	Map070.json	0	dialogue	ひ、ひでえ目にあった…
MAP70_e15_p1_82	Map070.json	0	dialogue	ナガレ：
MAP70_e15_p1_83	Map070.json	0	dialogue	きっとこの先、もっと酷い目が待ってる…
MAP70_e15_p1_84	Map070.json	0	dialogue	何が起こるか分からないな…。
MAP70_e15_p1_86	Map070.json	0	dialogue	ウィン：
MAP70_e15_p1_87	Map070.json	0	dialogue	…。
MAP70_e17_name	Map070.json	event name	name	ウィンダム城下町
MAP70_e17_note	Map070.json	event note	note	入り口
MAP70_e17_p0_1	Map070.json	0	dialogue	ウィン：
MAP70_e17_p0_2	Map070.json	0	dialogue	…。
MAP70_e17_p0_5	Map070.json	0	dialogue	　　　ウィンは先にフレイム王に会おうと思った　　　
MAP70_e18_name	Map070.json	event name	name	ウィンダム城下町
MAP70_e18_note	Map070.json	event note	note	入り口
MAP70_e18_p0_1	Map070.json	0	dialogue	ウィン：
MAP70_e18_p0_2	Map070.json	0	dialogue	…。
MAP70_e18_p0_5	Map070.json	0	dialogue	　　　ウィンは先にフレイム王に会おうと思った　　　
MAP70_e1_name	Map070.json	event name	name	ウィンダム城下町
MAP70_e1_note	Map070.json	event note	note	入り口
MAP70_e25_name	Map070.json	event name	name	暗くかがやく龍
MAP70_e25_p0_100	Map070.json	0	dialogue	ウィン：
MAP70_e25_p0_101	Map070.json	0	dialogue	…！
MAP70_e25_p0_104	Map070.json	0	dialogue	　　　　　　　　　　　ウィンは頷いた
MAP70_e25_p0_16	Map070.json	0	dialogue	ウィン：
MAP70_e25_p0_17	Map070.json	0	dialogue	………！
MAP70_e25_p0_19	Map070.json	0	dialogue	ナガレ：
MAP70_e25_p0_20	Map070.json	0	dialogue	おい、まただ！　さっきよりも激しい…！
MAP70_e25_p0_27	Map070.json	0	dialogue	　　　　　ウィンはイカヅチの魔法をおぼえた！
MAP70_e25_p0_30	Map070.json	0	dialogue	　　　　　ホノオはドコンジョウの魔法をおぼえた！
MAP70_e25_p0_33	Map070.json	0	dialogue	　　ナガレはマンキンタンとツナミの魔法をおぼえた！
MAP70_e25_p0_36	Map070.json	0	dialogue	　　　　　全員のステータスが幾つかアップした！
MAP70_e25_p0_42	Map070.json	0	dialogue	ホノオ：
MAP70_e25_p0_43	Map070.json	0	dialogue	なんだこの感じ…　オレ強過ぎになったぞ！！
MAP70_e25_p0_45	Map070.json	0	dialogue	ナガレ：
MAP70_e25_p0_46	Map070.json	0	dialogue	…まるで神様にでもなったような、か…？
MAP70_e25_p0_48	Map070.json	0	dialogue	ホノオ：
MAP70_e25_p0_49	Map070.json	0	dialogue	そんな感じだぜナガレ！
MAP70_e25_p0_50	Map070.json	0	dialogue	いまならもう、どんなバケモンが出てきても
MAP70_e25_p0_51	Map070.json	0	dialogue	全く負ける気がしねーぜ！！
MAP70_e25_p0_53	Map070.json	0	dialogue	ウィン：
MAP70_e25_p0_54	Map070.json	0	dialogue	…。
MAP70_e25_p0_56	Map070.json	0	dialogue	ナガレ：
MAP70_e25_p0_57	Map070.json	0	dialogue	バカ！　あたしらが強くなるほど…
MAP70_e25_p0_58	Map070.json	0	dialogue	闇の力も同じように強まってるんだ！
MAP70_e25_p0_60	Map070.json	0	dialogue	ナガレ：
MAP70_e25_p0_61	Map070.json	0	dialogue	だから喜んでる場合じゃないんだぞ！
MAP70_e25_p0_63	Map070.json	0	dialogue	ホノオ：
MAP70_e25_p0_64	Map070.json	0	dialogue	あ、ああ…　そうだったな…！
MAP70_e25_p0_65	Map070.json	0	dialogue	しかしこの無敵感は、確かにちょっとな…
MAP70_e25_p0_66	Map070.json	0	dialogue	不気味なくらいだぜー………
MAP70_e25_p0_71	Map070.json	0	dialogue	ホノオ：
MAP70_e25_p0_72	Map070.json	0	dialogue	…こりゃまたスゲーのが飛んで来たぜ。
MAP70_e25_p0_73	Map070.json	0	dialogue	ありゃあ…　龍みてーな形してんなー？
MAP70_e25_p0_75	Map070.json	0	dialogue	ナガレ：
MAP70_e25_p0_76	Map070.json	0	dialogue	あれもさっさと片付けて、闇も封じて…
MAP70_e25_p0_77	Map070.json	0	dialogue	これを終わりにするぞ！！
MAP70_e25_p0_85	Map070.json	0	dialogue	ホノオ：
MAP70_e25_p0_86	Map070.json	0	dialogue	これからあんなのがガンガンこの大陸に
MAP70_e25_p0_87	Map070.json	0	dialogue	飛んでくるってんだろ…？
MAP70_e25_p0_88	Map070.json	0	dialogue	急がねえと…
MAP70_e25_p0_90	Map070.json	0	dialogue	ナガレ：
MAP70_e25_p0_91	Map070.json	0	dialogue	あたし、なぜかちっとも怖くないんだ…
MAP70_e25_p0_92	Map070.json	0	dialogue	何だかもう、村のみんなとの暮らしも…
MAP70_e25_p0_93	Map070.json	0	dialogue	遠くに感じる…
MAP70_e25_p0_95	Map070.json	0	dialogue	ホノオ：
MAP70_e25_p0_96	Map070.json	0	dialogue	そんなん言うなよ、ナガレ！
MAP70_e25_p0_97	Map070.json	0	dialogue	くっそーーーー………
MAP70_e25_p0_98	Map070.json	0	dialogue	さっさと行こうぜ！　ウィン！！
MAP70_e25_p1_16	Map070.json	0	dialogue	ウィン：
MAP70_e25_p1_17	Map070.json	0	dialogue	………！
MAP70_e25_p1_19	Map070.json	0	dialogue	ナガレ：
MAP70_e25_p1_20	Map070.json	0	dialogue	おい、まただ！　さっきよりも激しい…！
MAP70_e25_p1_27	Map070.json	0	dialogue	　　　　　ウィンはイカヅチの魔法をおぼえた！
MAP70_e25_p1_30	Map070.json	0	dialogue	　　　　　ホノオはドコンジョウの魔法をおぼえた！
MAP70_e25_p1_33	Map070.json	0	dialogue	　　ナガレはマンキンタンとツナミの魔法をおぼえた！
MAP70_e25_p1_37	Map070.json	0	dialogue	ホノオ：
MAP70_e25_p1_38	Map070.json	0	dialogue	なんだこの感じ…　オレ強過ぎになったぞ！！
MAP70_e25_p1_40	Map070.json	0	dialogue	ナガレ：
MAP70_e25_p1_41	Map070.json	0	dialogue	…まるで神様にでもなったような、か…？
MAP70_e25_p1_43	Map070.json	0	dialogue	ホノオ：
MAP70_e25_p1_44	Map070.json	0	dialogue	そんな感じだぜナガレ！
MAP70_e25_p1_45	Map070.json	0	dialogue	いまならもう、どんなバケモンが出てきても
MAP70_e25_p1_46	Map070.json	0	dialogue	全く負ける気がしねーぜ！！
MAP70_e25_p1_48	Map070.json	0	dialogue	ウィン：
MAP70_e25_p1_49	Map070.json	0	dialogue	…。
MAP70_e25_p1_51	Map070.json	0	dialogue	ナガレ：
MAP70_e25_p1_52	Map070.json	0	dialogue	バカ！　あたしらが強くなるほど…
MAP70_e25_p1_53	Map070.json	0	dialogue	闇の力も同じように強まってるんだ！
MAP70_e25_p1_55	Map070.json	0	dialogue	ナガレ：
MAP70_e25_p1_56	Map070.json	0	dialogue	だから喜んでる場合じゃないんだぞ！
MAP70_e25_p1_58	Map070.json	0	dialogue	ホノオ：
MAP70_e25_p1_59	Map070.json	0	dialogue	あ、ああ…　そうだったな…！
MAP70_e25_p1_60	Map070.json	0	dialogue	しかしこの無敵感は、確かにちょっとな…
MAP70_e25_p1_61	Map070.json	0	dialogue	不気味なくらいだぜー………
MAP70_e25_p1_66	Map070.json	0	dialogue	ホノオ：
MAP70_e25_p1_67	Map070.json	0	dialogue	…こりゃまたスゲーのが飛んで来たぜ。
MAP70_e25_p1_68	Map070.json	0	dialogue	ありゃあ…　イヌ…？みてーな形してんなー？
MAP70_e25_p1_70	Map070.json	0	dialogue	ナガレ：
MAP70_e25_p1_71	Map070.json	0	dialogue	あれもさっさと片付けて、闇も封じて…
MAP70_e25_p1_72	Map070.json	0	dialogue	これを終わりにするぞ！！
MAP70_e25_p1_80	Map070.json	0	dialogue	ホノオ：
MAP70_e25_p1_81	Map070.json	0	dialogue	これからあんなのがガンガンこの大陸に
MAP70_e25_p1_82	Map070.json	0	dialogue	飛んでくるってんだろ…？
MAP70_e25_p1_83	Map070.json	0	dialogue	急がねえと…
MAP70_e25_p1_85	Map070.json	0	dialogue	ナガレ：
MAP70_e25_p1_86	Map070.json	0	dialogue	あたし、なぜかちっとも怖くないんだ…
MAP70_e25_p1_87	Map070.json	0	dialogue	何だかもう、村のみんなとの暮らしも…
MAP70_e25_p1_88	Map070.json	0	dialogue	遠くに感じる…
MAP70_e25_p1_90	Map070.json	0	dialogue	ホノオ：
MAP70_e25_p1_91	Map070.json	0	dialogue	そんなん言うなよ、ナガレ！
MAP70_e25_p1_92	Map070.json	0	dialogue	くっそーーーー………
MAP70_e25_p1_93	Map070.json	0	dialogue	さっさと行こうぜ！　ウィン！！
MAP70_e25_p1_95	Map070.json	0	dialogue	ウィン：
MAP70_e25_p1_96	Map070.json	0	dialogue	…！
MAP70_e25_p1_99	Map070.json	0	dialogue	　　　　　　　　　　　ウィンは頷いた
MAP70_e2_name	Map070.json	event name	name	ウィンダム城下町
MAP70_e2_note	Map070.json	event note	note	入り口
MAP70_e31_name	Map070.json	event name	name	隠しダンジョン
MAP70_e3_name	Map070.json	event name	name	ウィンダム城下町
MAP70_e3_note	Map070.json	event note	note	入り口
MAP70_e4_name	Map070.json	event name	name	ウィンダム城下町
MAP70_e4_note	Map070.json	event note	note	入り口
MAP70_e6_name	Map070.json	event name	name	ウィンダム城下町
MAP70_e6_note	Map070.json	event note	note	入り口
MAP70_e6_p0_1	Map070.json	0	dialogue	ナガレ：
MAP70_e6_p0_2	Map070.json	0	dialogue	かなり崩壊している…
MAP70_e6_p0_3	Map070.json	0	dialogue	これ以上近付くのは危険だ。
MAP70_e7_name	Map070.json	event name	name	ウィンダム城下町
MAP70_e7_note	Map070.json	event note	note	入り口
MAP70_e8_name	Map070.json	event name	name	ウィンダム城下町
MAP70_e8_note	Map070.json	event note	note	入り口
MAP70_e9_name	Map070.json	event name	name	ウィンダム城下町
MAP70_e9_note	Map070.json	event note	note	入り口
MAP71_displayName	Map071.json	display name	mapname	南の関所
MAP71_e14_name	Map071.json	event name	name	泥棒はずれ
MAP71_e14_p0_1	Map071.json	0	dialogue	持ち出して役に立つようなものは何も見つけられなかった…
MAP71_e15_name	Map071.json	event name	name	泥棒はずれ
MAP71_e15_p0_1	Map071.json	0	dialogue	持ち出して役に立つようなものは何も見つけられなかった…
MAP71_e16_name	Map071.json	event name	name	泥棒はずれ
MAP71_e16_p0_1	Map071.json	0	dialogue	持ち出して役に立つようなものは何も見つけられなかった…
MAP71_e17_name	Map071.json	event name	name	関所の見張りノーマン
MAP71_e17_p1_1	Map071.json	0	dialogue	関所の見張りノーマン：
MAP71_e17_p1_2	Map071.json	0	dialogue	ここから南…フレイム砂漠はマジで暑いぜ。
MAP71_e17_p1_3	Map071.json	0	dialogue	そんで魔物も強い。野盗も出る。
MAP71_e17_p1_4	Map071.json	0	dialogue	ウィン、マジで気をつけて行けよ。
MAP71_e17_p2_1	Map071.json	0	dialogue	関所の見張りノーマン：
MAP71_e17_p2_2	Map071.json	0	dialogue	ここも近々閉鎖されると思うよ…
MAP71_e17_p2_3	Map071.json	0	dialogue	火の岩もそうだけれど…
MAP71_e17_p2_4	Map071.json	0	dialogue	魔物の侵入を防げなくなってきたんだ。
MAP71_e18_name	Map071.json	event name	name	せきしょの　ひと
MAP71_e18_p0_1	Map071.json	0	dialogue	フレイムの民バス：
MAP71_e18_p0_2	Map071.json	0	dialogue	いやあまいったよー
MAP71_e18_p0_3	Map071.json	0	dialogue	こう入出国が厳しいとなると
MAP71_e18_p0_4	Map071.json	0	dialogue	商売あがったりさー
MAP71_e19_p0_1	Map071.json	0	dialogue	関所の警備兵ケン：
MAP71_e19_p0_2	Map071.json	0	dialogue	おっ！ウィン、ちゃんと万金丹持ったか？
MAP71_e19_p0_3	Map071.json	0	dialogue	ヘビがでるぞ、ヘビ！！
MAP71_e22_p0_1	Map071.json	0	dialogue	市民ゲイル：
MAP71_e22_p0_2	Map071.json	0	dialogue	まいったのう…とてもじゃないが、
MAP71_e22_p0_3	Map071.json	0	dialogue	日が暮れる前に通れるようには
MAP71_e22_p0_4	Map071.json	0	dialogue	ならなそうじゃのう
MAP71_e23_name	Map071.json	event name	name	宿屋の子ストール
MAP71_e23_p0_1	Map071.json	0	dialogue	宿屋の子ストール：
MAP71_e23_p0_2	Map071.json	0	dialogue	騎士さまも　とおせんぼされたの？
MAP71_e23_p0_3	Map071.json	0	dialogue	だったらうちの宿に泊まっていきなよ！
MAP71_e7_p1_2	Map071.json	0	dialogue	　　　　　　　　　　閉店しました
MAP71_e7_p1_3	Map071.json	0	dialogue	　　　　　　　　　…と、書いてある
MAP71_e8_p1_2	Map071.json	0	dialogue	　　　　　扉が打ちつけられていて開かない
MAP71_e9_name	Map071.json	event name	name	南の関所の見張り
MAP71_e9_p0_1	Map071.json	0	dialogue	関所の見張りノーマン：
MAP71_e9_p0_2	Map071.json	0	dialogue	あれ、ウィンじゃないか。
MAP71_e9_p0_3	Map071.json	0	dialogue	どうしたんだ？ここは通行手形がないと
MAP71_e9_p0_4	Map071.json	0	dialogue	騎士でも通ることはできないぞ。
MAP71_e9_p0_6	Map071.json	0	dialogue	ピピン：
MAP71_e9_p0_7	Map071.json	0	dialogue	ここはフレイム王国への関所だ。
MAP71_e9_p0_8	Map071.json	0	dialogue	…おい、ウィン。なんでここへ来たんだ？
MAP71_e9_p1_1	Map071.json	0	dialogue	関所の見張りノーマン：
MAP71_e9_p1_2	Map071.json	0	dialogue	あれ、ウィンじゃないか。
MAP71_e9_p1_3	Map071.json	0	dialogue	どうしたんだ？ここは通行手形がないと
MAP71_e9_p1_4	Map071.json	0	dialogue	騎士でも通ることはできないぞ。
MAP71_e9_p2_1	Map071.json	0	dialogue	関所の見張りノーマン：
MAP71_e9_p2_10	Map071.json	0	dialogue	それはまさに国王陛下の発行する通行手形！！
MAP71_e9_p2_11	Map071.json	0	dialogue	ははーーーっ
MAP71_e9_p2_12	Map071.json	0	dialogue	騎士ウィン様どうぞお通りくださいませー
MAP71_e9_p2_2	Map071.json	0	dialogue	あれ、ウィンじゃないか。
MAP71_e9_p2_3	Map071.json	0	dialogue	どうしたんだ？ここは通行手形がないと
MAP71_e9_p2_4	Map071.json	0	dialogue	騎士でも通ることはできないぞ。
MAP71_e9_p2_7	Map071.json	0	dialogue	　　　　　　　　ウィンは通行手形を見せた！
MAP71_e9_p2_9	Map071.json	0	dialogue	関所の見張りノーマン：
MAP72_displayName	Map072.json	display name	mapname	旅人の宿
MAP72_e10_p0_1	Map072.json	0	dialogue	旅の占い師スエタ：
MAP72_e10_p0_10	Map072.json	1	dialogue	騎士さま、ヘビに噛まれるみたいですぞ
MAP72_e10_p0_16	Map072.json	1	dialogue	旅の占い師スエタ：
MAP72_e10_p0_17	Map072.json	1	dialogue	えー　ああ　そう…
MAP72_e10_p0_2	Map072.json	0	dialogue	おー、騎士さま、ここでお会いしたのも運命！
MAP72_e10_p0_3	Map072.json	0	dialogue	よかったら占ってさしあげましょうぞ！
MAP72_e10_p0_4_c0	Map072.json	choice	choice	占ってください
MAP72_e10_p0_4_c1	Map072.json	choice	choice	また今度で
MAP72_e10_p0_7	Map072.json	1	dialogue	うーむ　むむむむ…　見えてきた
MAP72_e10_p0_9	Map072.json	1	dialogue	ヘビに噛まれるのが見えるー…
MAP72_e11_p0_1	Map072.json	0	dialogue	市民エヴァ：
MAP72_e11_p0_2	Map072.json	0	dialogue	んー？あら、ウィンじゃないか！
MAP72_e11_p0_3	Map072.json	0	dialogue	元気だったかい？
MAP72_e11_p0_5	Map072.json	0	dialogue	市民エヴァ：
MAP72_e11_p0_6	Map072.json	0	dialogue	あたしらは街に嵐がきたときに避難してきた
MAP72_e11_p0_7	Map072.json	0	dialogue	んだけれど…　この通りどこへも行けずじまい
MAP72_e11_p0_8	Map072.json	0	dialogue	になっちまったよ。バカだねえ
MAP72_e12_name	Map072.json	event name	name	じいさん
MAP72_e12_p0_1	Map072.json	0	dialogue	市民デイビッド：
MAP72_e12_p0_2	Map072.json	0	dialogue	おお、ウィン…！
MAP72_e12_p0_3	Map072.json	0	dialogue	勇者様なんだってなあ
MAP72_e12_p0_4	Map072.json	0	dialogue	…立派になって！
MAP72_e12_p0_6	Map072.json	0	dialogue	もう、以前のウィンとは見違えるのう…
MAP72_e12_p0_7	Map072.json	0	dialogue	お前に会えて、希望が持てたぞ…
MAP72_e13_name	Map072.json	event name	name	泥棒はずれ
MAP72_e13_p0_1	Map072.json	0	dialogue	持ち出して役に立つようなものは何も見つけられなかった…
MAP72_e14_name	Map072.json	event name	name	泥棒はずれ
MAP72_e14_p0_1	Map072.json	0	dialogue	持ち出して役に立つようなものは何も見つけられなかった…
MAP72_e15_name	Map072.json	event name	name	泥棒はずれ
MAP72_e15_p0_1	Map072.json	0	dialogue	持ち出して役に立つようなものは何も見つけられなかった…
MAP72_e16_name	Map072.json	event name	name	泥棒はずれ
MAP72_e16_p0_1	Map072.json	0	dialogue	持ち出して役に立つようなものは何も見つけられなかった…
MAP72_e17_name	Map072.json	event name	name	泥棒はずれ
MAP72_e17_p0_1	Map072.json	0	dialogue	持ち出して役に立つようなものは何も見つけられなかった…
MAP72_e18_name	Map072.json	event name	name	泥棒はずれ
MAP72_e18_p0_1	Map072.json	0	dialogue	持ち出して役に立つようなものは何も見つけられなかった…
MAP72_e19_name	Map072.json	event name	name	泥棒はずれ
MAP72_e19_p0_1	Map072.json	0	dialogue	持ち出して役に立つようなものは何も見つけられなかった…
MAP72_e20_name	Map072.json	event name	name	泥棒はずれ
MAP72_e20_p0_1	Map072.json	0	dialogue	持ち出して役に立つようなものは何も見つけられなかった…
MAP72_e21_name	Map072.json	event name	name	泥棒はずれ
MAP72_e21_p0_1	Map072.json	0	dialogue	持ち出して役に立つようなものは何も見つけられなかった…
MAP72_e22_name	Map072.json	event name	name	泥棒はずれ
MAP72_e22_p0_1	Map072.json	0	dialogue	持ち出して役に立つようなものは何も見つけられなかった…
MAP72_e2_name	Map072.json	event name	name	ウィンダム城下町
MAP72_e2_note	Map072.json	event note	note	入り口
MAP72_e3_name	Map072.json	event name	name	泥棒はずれ
MAP72_e3_p0_1	Map072.json	0	dialogue	持ち出して役に立つようなものは何も見つけられなかった…
MAP72_e4_name	Map072.json	event name	name	泥棒はずれ
MAP72_e4_p0_1	Map072.json	0	dialogue	持ち出して役に立つようなものは何も見つけられなかった…
MAP72_e5_name	Map072.json	event name	name	泥棒はずれ
MAP72_e5_p0_1	Map072.json	0	dialogue	持ち出して役に立つようなものは何も見つけられなかった…
MAP72_e6_p0_1	Map072.json	0	dialogue	宿屋の主人イリス：
MAP72_e6_p0_10_c0	Map072.json	choice	choice	泊まらせてもらいます
MAP72_e6_p0_10_c1	Map072.json	choice	choice	やっぱりやめます
MAP72_e6_p0_14	Map072.json	3	dialogue	宿屋の主人イリス：
MAP72_e6_p0_15	Map072.json	3	dialogue	はい、確かにお金はいただきましたよ。
MAP72_e6_p0_16	Map072.json	3	dialogue	ゆっくり休んでいきなされ。
MAP72_e6_p0_2	Map072.json	0	dialogue	いらっしゃい、ここは国から国へと移動する
MAP72_e6_p0_24	Map072.json	3	dialogue	もうとっくにお日様が昇っているよ。
MAP72_e6_p0_25	Map072.json	3	dialogue	そろそろ出立なさったらどうだい？
MAP72_e6_p0_29	Map072.json	3	dialogue	宿屋の主人イリス：
MAP72_e6_p0_3	Map072.json	0	dialogue	行商人や旅人のための宿屋だよ。
MAP72_e6_p0_30	Map072.json	3	dialogue	お金が足りないみたいだね…。
MAP72_e6_p0_31	Map072.json	3	dialogue	悪いけれど、また今度来てくださいね。
MAP72_e6_p0_4_c0	Map072.json	choice	choice	泊まりたい
MAP72_e6_p0_4_c1	Map072.json	choice	choice	ちょっと寄ってみただけ
MAP72_e6_p0_7	Map072.json	1	dialogue	宿屋の主人イリス：
MAP72_e6_p0_8	Map072.json	1	dialogue	はいはい、一泊で５０Ｇだよ。
MAP72_e6_p0_9	Map072.json	1	dialogue	休んでいきなさるかい？
MAP72_e8_p0_1	Map072.json	0	dialogue	行商人キサリ：
MAP72_e8_p0_11	Map072.json	0	dialogue	私はしばらくここで足止めですから…
MAP72_e8_p0_12	Map072.json	0	dialogue	もし品を気に入ったら、また来てくださいね！
MAP72_e8_p0_2	Map072.json	0	dialogue	いやー困りました。
MAP72_e8_p0_3	Map072.json	0	dialogue	まさかセイリューの橋が壊れるなんてね。
MAP72_e8_p0_4	Map072.json	0	dialogue	虫の知らせみたいなの感じるなあ。
MAP72_e8_p0_6	Map072.json	0	dialogue	おっと失礼、よかったら少し品を見て下さい！
MAP72_e8_p1_1	Map072.json	0	dialogue	行商人キサリ：
MAP72_e8_p1_11	Map072.json	0	dialogue	もし品を気に入ったら、また来てください。
MAP72_e8_p1_2	Map072.json	0	dialogue	壊れていた橋が直ったらしいです。
MAP72_e8_p1_3	Map072.json	0	dialogue	よかった…これで帰ることができる…
MAP72_e8_p1_5	Map072.json	0	dialogue	おっと失礼、よかったら少し品を見て下さい！
MAP72_e9_p0_1	Map072.json	0	dialogue	旅人ロレン：
MAP72_e9_p0_2	Map072.json	0	dialogue	西にも行けない、国にも帰れない…
MAP72_e9_p0_3	Map072.json	0	dialogue	あー、ウィンダムに行ってみるかー
MAP72_e9_p0_4	Map072.json	0	dialogue	ごはんまずいんだよなあ、あそこー
MAP73_displayName	Map073.json	display name	mapname	南の採石場
MAP73_e20_name	Map073.json	event name	name	泥棒はずれ
MAP73_e20_p0_1	Map073.json	0	dialogue	持ち出して役に立つようなものは何も見つけられなかった…
MAP73_e21_name	Map073.json	event name	name	泥棒はずれ
MAP73_e21_p0_1	Map073.json	0	dialogue	持ち出して役に立つようなものは何も見つけられなかった…
MAP73_e22_name	Map073.json	event name	name	泥棒はずれ
MAP73_e22_p0_1	Map073.json	0	dialogue	持ち出して役に立つようなものは何も見つけられなかった…
MAP74_displayName	Map074.json	display name	mapname	採石場の家
MAP74_e10_name	Map074.json	event name	name	泥棒はずれ
MAP74_e10_p0_1	Map074.json	0	dialogue	持ち出して役に立つようなものは何も見つけられなかった…
MAP74_e11_name	Map074.json	event name	name	泥棒はずれ
MAP74_e11_p0_1	Map074.json	0	dialogue	持ち出して役に立つようなものは何も見つけられなかった…
MAP74_e12_name	Map074.json	event name	name	泥棒はずれ
MAP74_e12_p0_1	Map074.json	0	dialogue	持ち出して役に立つようなものは何も見つけられなかった…
MAP74_e13_name	Map074.json	event name	name	泥棒はずれ
MAP74_e13_p0_1	Map074.json	0	dialogue	持ち出して役に立つようなものは何も見つけられなかった…
MAP74_e14_p0_1	Map074.json	0	dialogue	採石場のヤルモリ：
MAP74_e14_p0_2	Map074.json	0	dialogue	この辺りはほとんど洪水の影響ないよ。
MAP74_e14_p0_3	Map074.json	0	dialogue	だけど、しばらく石堀りはお休みだな。
MAP74_e14_p0_4	Map074.json	0	dialogue	魔物が増えてるから。
MAP74_e14_p0_6	Map074.json	0	dialogue	ああ、完成した橋なら、南に行けばすぐ分かる。
MAP74_e4_p0_1	Map074.json	0	dialogue	採石場の主人バモヤシ：
MAP74_e4_p0_2	Map074.json	0	dialogue	ああ、迷い込んだみたいだね。
MAP74_e4_p0_3	Map074.json	0	dialogue	ここはただの採石場だ。何もないよ。
MAP74_e4_p1_1	Map074.json	0	dialogue	採石場の主人バモヤシ：
MAP74_e4_p1_10	Map074.json	0	dialogue	お前こんなところに何しに…？
MAP74_e4_p1_12	Map074.json	0	dialogue	ナガレ：
MAP74_e4_p1_13	Map074.json	0	dialogue	ちょっと寄り道しただけさ。
MAP74_e4_p1_14	Map074.json	0	dialogue	それよりなんだよ、その驚きようは？
MAP74_e4_p1_16	Map074.json	0	dialogue	採石場の主人バモヤシ：
MAP74_e4_p1_17	Map074.json	0	dialogue	いや…　あの悪ガキが突然きれいになって
MAP74_e4_p1_18	Map074.json	0	dialogue	やって来るもんだからこころの準備が…
MAP74_e4_p1_19	Map074.json	0	dialogue	え、本当にナガレなんだよな？
MAP74_e4_p1_2	Map074.json	0	dialogue	ああ、迷い込んだみたいだね。
MAP74_e4_p1_21	Map074.json	0	dialogue	ナガレ：
MAP74_e4_p1_22	Map074.json	0	dialogue	褒められてんだか貶されてんだかわからん！
MAP74_e4_p1_3	Map074.json	0	dialogue	ここはただの採石場だ。何もないよ。
MAP74_e4_p1_5	Map074.json	0	dialogue	ナガレ：
MAP74_e4_p1_6	Map074.json	0	dialogue	よう、バモヤシ。おひさ！
MAP74_e4_p1_8	Map074.json	0	dialogue	採石場の主人バモヤシ：
MAP74_e4_p1_9	Map074.json	0	dialogue	うお！？ナガレ！？
MAP74_e5_p0_1	Map074.json	0	dialogue	採石場のマリメイ：
MAP74_e5_p0_10	Map074.json	1	dialogue	　　　　　お茶を飲んで、みんなのＨＰが回復した！
MAP74_e5_p0_13	Map074.json	1	dialogue	採石場のマリメイ：
MAP74_e5_p0_14	Map074.json	1	dialogue	まだ村まで結構遠いし、魔物も出るから
MAP74_e5_p0_15	Map074.json	1	dialogue	気を付けてねー
MAP74_e5_p0_19	Map074.json	1	dialogue	採石場のマリメイ：
MAP74_e5_p0_2	Map074.json	0	dialogue	旅人かい？
MAP74_e5_p0_20	Map074.json	1	dialogue	まだ村まで結構遠いし、魔物も出るから
MAP74_e5_p0_21	Map074.json	1	dialogue	気を付けてねー
MAP74_e5_p0_3	Map074.json	0	dialogue	なにもなくってガッカリしただろ。
MAP74_e5_p0_4	Map074.json	0	dialogue	まあ、よかったらお茶でも飲んでいけば？
MAP74_e5_p0_5_c0	Map074.json	choice	choice	いただきます
MAP74_e5_p0_5_c1	Map074.json	choice	choice	遠慮しておきます
MAP74_e5_p1_1	Map074.json	0	dialogue	採石場のマリメイ：
MAP74_e5_p1_10	Map074.json	1	dialogue	　　　　　お茶を飲んで、みんなのＨＰが回復した！
MAP74_e5_p1_13	Map074.json	1	dialogue	採石場のマリメイ：
MAP74_e5_p1_14	Map074.json	1	dialogue	こうやってまた、たまには顔見せに来てよね、
MAP74_e5_p1_15	Map074.json	1	dialogue	ナガレ。
MAP74_e5_p1_17	Map074.json	1	dialogue	ナガレ：
MAP74_e5_p1_18	Map074.json	1	dialogue	うん、ありがとう！
MAP74_e5_p1_2	Map074.json	0	dialogue	あ、ナガレじゃん。
MAP74_e5_p1_22	Map074.json	1	dialogue	採石場のマリメイ：
MAP74_e5_p1_23	Map074.json	1	dialogue	こうやってまた、たまには顔見せに来てよね、
MAP74_e5_p1_24	Map074.json	1	dialogue	ナガレ。
MAP74_e5_p1_26	Map074.json	1	dialogue	ナガレ：
MAP74_e5_p1_27	Map074.json	1	dialogue	うん、ありがとう！
MAP74_e5_p1_3	Map074.json	0	dialogue	せっかく来たんだし、よかったら
MAP74_e5_p1_4	Map074.json	0	dialogue	お茶でも飲んでいけば？
MAP74_e5_p1_5_c0	Map074.json	choice	choice	いただきます
MAP74_e5_p1_5_c1	Map074.json	choice	choice	遠慮しておきます
MAP74_e6_name	Map074.json	event name	name	泥棒はずれ
MAP74_e6_p0_1	Map074.json	0	dialogue	持ち出して役に立つようなものは何も見つけられなかった…
MAP74_e7_name	Map074.json	event name	name	泥棒はずれ
MAP74_e7_p0_2	Map074.json	0	dialogue	　　　　セイリューとの連絡に用いられている手紙類だ
MAP74_e8_name	Map074.json	event name	name	泥棒はずれ
MAP74_e8_p0_2	Map074.json	0	dialogue	　　　　　　見たことのない薬類が入っている
MAP74_e9_name	Map074.json	event name	name	泥棒はずれ
MAP74_e9_p0_2	Map074.json	0	dialogue	　　　　　　　　　編みかけのマフラーだ
MAP75_displayName	Map075.json	display name	mapname	駐屯本部
MAP75_e10_name	Map075.json	event name	name	泥棒はずれ
MAP75_e10_p0_1	Map075.json	0	dialogue	持ち出して役に立つようなものは何も見つけられなかった…
MAP75_e12_p0_1	Map075.json	0	dialogue	休憩中の兵トム：
MAP75_e12_p0_11	Map075.json	1	dialogue	ちなみに、転倒させられるスキルも、
MAP75_e12_p0_12	Map075.json	1	dialogue	使えるのは槍だけだ。
MAP75_e12_p0_13	Map075.json	1	dialogue	転倒させれば味方全体の通常攻撃の威力が
MAP75_e12_p0_14	Map075.json	1	dialogue	増すから、EP節約にもなるぜ！
MAP75_e12_p0_18	Map075.json	1	dialogue	まあ確かに、スキルとかも他の武器の方が
MAP75_e12_p0_19	Map075.json	1	dialogue	使いやすかったりするよな。
MAP75_e12_p0_2	Map075.json	0	dialogue	ウィン！　どうだい、槍は使ってる？
MAP75_e12_p0_20	Map075.json	1	dialogue	だけどお前、紋章ですばやく動けるだろ？
MAP75_e12_p0_21	Map075.json	1	dialogue	だから槍の重さも気にならないはずだ。
MAP75_e12_p0_23	Map075.json	1	dialogue	重さが気にならないとなれば、槍は単純に、
MAP75_e12_p0_24	Map075.json	1	dialogue	素の威力が高いダガー、レイピアと同じだ。
MAP75_e12_p0_25	Map075.json	1	dialogue	会心率を考えれば、実は最強の威力の武器
MAP75_e12_p0_26	Map075.json	1	dialogue	にもなるんだぜ？
MAP75_e12_p0_3	Map075.json	0	dialogue	いまはどっち派だい？
MAP75_e12_p0_4_c0	Map075.json	choice	choice	槍派だね
MAP75_e12_p0_4_c1	Map075.json	choice	choice	槍は使わない
MAP75_e12_p0_7	Map075.json	1	dialogue	やっぱりな！
MAP75_e12_p0_8	Map075.json	1	dialogue	特に紋章の力で素早く動けるお前なら、
MAP75_e12_p0_9	Map075.json	1	dialogue	槍の取り回しの悪さもほとんど影響しないしな
MAP75_e13_p0_1	Map075.json	0	dialogue	『七転び七起きれず』
MAP75_e13_p0_10	Map075.json	1	dialogue	毒にかかったり、眠ってしまったり、混乱したり…
MAP75_e13_p0_11	Map075.json	1	dialogue	そういった状態異常は、すぐに死にはつながらないが、
MAP75_e13_p0_12	Map075.json	1	dialogue	転倒は即死につながりかねない。
MAP75_e13_p0_14	Map075.json	1	dialogue	しかも、薬を飲んで治したりもできない。
MAP75_e13_p0_15	Map075.json	1	dialogue	ドタバタしながら、少しでも早く起き上がれることを
MAP75_e13_p0_16	Map075.json	1	dialogue	祈るしかない…。
MAP75_e13_p0_2	Map075.json	0	dialogue	…と、表紙に書かれた本がある。読んでみようか…。
MAP75_e13_p0_3_c0	Map075.json	choice	choice	読んでみる
MAP75_e13_p0_3_c1	Map075.json	choice	choice	読まない
MAP75_e13_p0_6	Map075.json	1	dialogue	戦闘中に、転倒してしまったら大ピンチだ。
MAP75_e13_p0_7	Map075.json	1	dialogue	しばらくなんの行動も取れなくなるし、
MAP75_e13_p0_8	Map075.json	1	dialogue	何よりも、防御力がゼロになってしまうのだ。
MAP75_e14_p0_1	Map075.json	0	dialogue	『素早さの重要性』
MAP75_e14_p0_11	Map075.json	1	dialogue	もちろん、頑丈な防具を着れば、受けるダメージが減るし、
MAP75_e14_p0_12	Map075.json	1	dialogue	強力な武器を持てば、与えるダメージが増える。
MAP75_e14_p0_13	Map075.json	1	dialogue	しかし、素早さが低ければ、動く前にすべての敵から
MAP75_e14_p0_14	Map075.json	1	dialogue	攻撃されるだろう。
MAP75_e14_p0_16	Map075.json	1	dialogue	敵の中には強力な状態異常攻撃や、全体攻撃を持つものも
MAP75_e14_p0_17	Map075.json	1	dialogue	多い。
MAP75_e14_p0_18	Map075.json	1	dialogue	そういった攻撃を浴びれば、強力な武器も防具も、
MAP75_e14_p0_19	Map075.json	1	dialogue	殆ど役に立たない。
MAP75_e14_p0_2	Map075.json	0	dialogue	…と、表紙に書かれた本がある。読んでみようか…。
MAP75_e14_p0_3_c0	Map075.json	choice	choice	読んでみる
MAP75_e14_p0_3_c1	Map075.json	choice	choice	読まない
MAP75_e14_p0_6	Map075.json	1	dialogue	戦闘中に、敵よりも早く動けるかどうかは、
MAP75_e14_p0_7	Map075.json	1	dialogue	素早さにかかっている。
MAP75_e14_p0_8	Map075.json	1	dialogue	しかし、頑丈な防具や、強い武器を持てば、その重さで
MAP75_e14_p0_9	Map075.json	1	dialogue	素早さは下がってしまう。
MAP75_e15_p0_1	Map075.json	0	dialogue	駐屯隊長ジョセフ：
MAP75_e15_p0_2	Map075.json	0	dialogue	おい、ウィン！勝手に読まないでくれよ！
MAP75_e16_p0_1	Map075.json	0	dialogue	駐屯隊長ジョセフ：
MAP75_e16_p0_2	Map075.json	0	dialogue	おい、ウィン！勝手に読まないでくれよ！
MAP75_e17_p0_1	Map075.json	0	dialogue	『武器や防具の品質』
MAP75_e17_p0_10	Map075.json	1	dialogue	するが、反面、重くなったりするものもあるので、
MAP75_e17_p0_11	Map075.json	1	dialogue	必ずしも、品質のいいものを装備すればいいという
MAP75_e17_p0_12	Map075.json	1	dialogue	ものでもない、かも知れない…。
MAP75_e17_p0_14	Map075.json	1	dialogue	相手や場所、自分の役割によって、
MAP75_e17_p0_15	Map075.json	1	dialogue	バランスの取れた組み合わせにするのが良いだろう。
MAP75_e17_p0_2	Map075.json	0	dialogue	…と、表紙に書かれた本がある。読んでみようか…。
MAP75_e17_p0_3_c0	Map075.json	choice	choice	読んでみる
MAP75_e17_p0_3_c1	Map075.json	choice	choice	読まない
MAP75_e17_p0_6	Map075.json	1	dialogue	この世界の武器や防具は、種類自体はすくないが、
MAP75_e17_p0_7	Map075.json	1	dialogue	品質によって、普通のものや、優れたものが存在する。
MAP75_e17_p0_9	Map075.json	1	dialogue	当然、品質の良いものほど強力だったり頑丈だったり
MAP75_e18_p0_1	Map075.json	0	dialogue	『バックラーとは』
MAP75_e18_p0_11	Map075.json	1	dialogue	通常の盾に比べれば、防御力は数段落ちるが、
MAP75_e18_p0_12	Map075.json	1	dialogue	回避率が大きく上がるので、ただの軽くて弱い盾という
MAP75_e18_p0_13	Map075.json	1	dialogue	わけではない。
MAP75_e18_p0_15	Map075.json	1	dialogue	なので、通常の大きさの魔物や人間を相手にする場合には、
MAP75_e18_p0_16	Map075.json	1	dialogue	通常の盾よりも有効な場面が多い。
MAP75_e18_p0_17	Map075.json	1	dialogue	しかし、巨大な敵や、どうしても避けられない攻撃を
MAP75_e18_p0_18	Map075.json	1	dialogue	用いてくる相手には、あまり有効ではない。
MAP75_e18_p0_2	Map075.json	0	dialogue	…と、表紙に書かれた本がある。読んでみようか…。
MAP75_e18_p0_3_c0	Map075.json	choice	choice	読んでみる
MAP75_e18_p0_3_c1	Map075.json	choice	choice	読まない
MAP75_e18_p0_6	Map075.json	1	dialogue	相手に突きつけるように構える小型の盾で、
MAP75_e18_p0_7	Map075.json	1	dialogue	中型、大型の盾とは異なった技術を要する。
MAP75_e18_p0_8	Map075.json	1	dialogue	受け止めるのではなく、受け流す、絡めとるなどして、
MAP75_e18_p0_9	Map075.json	1	dialogue	回避やカウンターの布石にする盾である。
MAP75_e3_name	Map075.json	event name	name	駐屯隊長
MAP75_e3_p0_1	Map075.json	0	dialogue	駐屯隊長ジョセフ：
MAP75_e3_p0_2	Map075.json	0	dialogue	ウィン、いまのところ街は大丈夫だ。
MAP75_e3_p0_3	Map075.json	0	dialogue	各家の見回りも計画通り出来ている。
MAP75_e3_p0_4	Map075.json	0	dialogue	略奪等の悪さも、一件もない。
MAP75_e3_p0_6	Map075.json	0	dialogue	駐屯隊長ジョセフ：
MAP75_e3_p0_7	Map075.json	0	dialogue	それより、お前んちの親御さん、城で
MAP75_e3_p0_8	Map075.json	0	dialogue	働いてるってな。みんなうまいパンが
MAP75_e3_p0_9	Map075.json	0	dialogue	食べられるってよろこんでるよ。
MAP75_e4_name	Map075.json	event name	name	泥棒はずれ
MAP75_e4_p0_1	Map075.json	0	dialogue	持ち出して役に立つようなものは何も見つけられなかった…
MAP75_e5_name	Map075.json	event name	name	泥棒はずれ
MAP75_e5_p0_1	Map075.json	0	dialogue	持ち出して役に立つようなものは何も見つけられなかった…
MAP75_e6_name	Map075.json	event name	name	泥棒はずれ
MAP75_e6_p0_1	Map075.json	0	dialogue	持ち出して役に立つようなものは何も見つけられなかった…
MAP75_e7_name	Map075.json	event name	name	泥棒はずれ
MAP75_e7_p0_1	Map075.json	0	dialogue	持ち出して役に立つようなものは何も見つけられなかった…
MAP75_e8_name	Map075.json	event name	name	泥棒はずれ
MAP75_e8_p0_1	Map075.json	0	dialogue	持ち出して役に立つようなものは何も見つけられなかった…
MAP75_e9_name	Map075.json	event name	name	泥棒はずれ
MAP75_e9_p0_1	Map075.json	0	dialogue	持ち出して役に立つようなものは何も見つけられなかった…
MAP76_displayName	Map076.json	display name	mapname	暗黒大陸への橋
MAP76_e24_p0_1	Map076.json	0	dialogue	警備兵ピロシキン：
MAP76_e24_p0_2	Map076.json	0	dialogue	俺は歴戦の勇士なんで、こんな任務軽いっすよ
MAP76_e25_p0_1	Map076.json	0	dialogue	警備兵カメマル：
MAP76_e25_p0_2	Map076.json	0	dialogue	どうも状態異常使ってくる魔物が多いね。
MAP76_e25_p0_3	Map076.json	0	dialogue	万金丹を多めに買っておいた方がよさそっす。
MAP76_e26_p0_1	Map076.json	0	dialogue	武者修行帰りの騎士ヘヴィ：
MAP76_e26_p0_2	Map076.json	0	dialogue	ライスボールとか万金丹とか、売っている街で
MAP76_e26_p0_3	Map076.json	0	dialogue	微妙に値段違うの知ってるか？
MAP76_e26_p0_4	Map076.json	0	dialogue	びっくりしたよー
MAP76_e28_p0_1	Map076.json	0	dialogue	休憩中の警備兵ワステッド：
MAP76_e28_p0_2	Map076.json	0	dialogue	この前セイリューの錬金術師の店に行ったら、
MAP76_e28_p0_3	Map076.json	0	dialogue	ちょっと割引してましたよ？
MAP76_e28_p0_4	Map076.json	0	dialogue	行ってみてくださいっす。
MAP76_e29_p0_1	Map076.json	0	dialogue	休憩中の警備兵ノックス：
MAP76_e29_p0_2	Map076.json	0	dialogue	紋章の継承者だと、暗黒大陸の病気が効かない
MAP76_e29_p0_3	Map076.json	0	dialogue	って本当か？　羨ましいな…
MAP76_e29_p0_4	Map076.json	0	dialogue	誰も見たことのない土地へ行けるんだからな。
MAP76_e30_name	Map076.json	event name	name	泥棒はずれ
MAP76_e30_p0_1	Map076.json	0	dialogue	持ち出して役に立つようなものは何も見つけられなかった…
MAP76_e31_name	Map076.json	event name	name	泥棒はずれ
MAP76_e31_p0_2	Map076.json	0	dialogue	　　　　　　すごく強そうなお酒が入っている
MAP76_e7_name	Map076.json	event name	name	城門係スカイ
MAP76_e7_p0_1	Map076.json	0	dialogue	城門係スカイ：
MAP76_e7_p0_12	Map076.json	1	dialogue	ナガレ：
MAP76_e7_p0_13	Map076.json	1	dialogue	騎士団のみんな、橋の警備よろしくな！
MAP76_e7_p0_2	Map076.json	0	dialogue	け、継承者の皆様に…敬礼！
MAP76_e7_p0_3_c0	Map076.json	choice	choice	敬礼を返す
MAP76_e7_p0_3_c1	Map076.json	choice	choice	おじぎをする
MAP76_e7_p0_6	Map076.json	1	dialogue	ホノオ：
MAP76_e7_p0_7	Map076.json	1	dialogue	おっ！　なんだそれ！
MAP76_e7_p0_8	Map076.json	1	dialogue	騎士団はそうやってあいさつすんのか！？
MAP76_e8_name	Map076.json	event name	name	城門係クロウ
MAP76_e8_p0_1	Map076.json	0	dialogue	城門係クロウ：
MAP76_e8_p0_2	Map076.json	0	dialogue	継承者御一行様、お通りー！
MAP77_displayName	Map077.json	display name	mapname	警備所
MAP77_e10_name	Map077.json	event name	name	泥棒はずれ
MAP77_e10_p0_2	Map077.json	0	dialogue	　　　　　　固いパンがたくさん入っている
MAP77_e11_name	Map077.json	event name	name	泥棒はずれ
MAP77_e11_p0_1	Map077.json	0	dialogue	持ち出して役に立つようなものは何も見つけられなかった…
MAP77_e3_name	Map077.json	event name	name	警備所サクソン
MAP77_e3_p0_1	Map077.json	0	dialogue	サクソン：
MAP77_e3_p0_12	Map077.json	0	dialogue	　　　　　　　ウィンは蜻蛉斬を受け取った！
MAP77_e3_p0_15	Map077.json	0	dialogue	サクソン：
MAP77_e3_p0_16	Map077.json	0	dialogue	この巨大な槍はわしが若い頃から愛用していた
MAP77_e3_p0_17	Map077.json	0	dialogue	すごく強力な槍だ！
MAP77_e3_p0_18	Map077.json	0	dialogue	我が一族に代々伝わる品だ！
MAP77_e3_p0_2	Map077.json	0	dialogue	人数は足りないが…
MAP77_e3_p0_20	Map077.json	0	dialogue	サクソン：
MAP77_e3_p0_21	Map077.json	0	dialogue	ん？　確かにこの槍は大事なものだが…
MAP77_e3_p0_22	Map077.json	0	dialogue	いまはそれよりも、少しでもお前たちの力に
MAP77_e3_p0_23	Map077.json	0	dialogue	なるものは何でも渡さねばなるまい！
MAP77_e3_p0_25	Map077.json	0	dialogue	サクソン：
MAP77_e3_p0_26	Map077.json	0	dialogue	なーに！　遠慮はいらんぞ！
MAP77_e3_p0_27	Map077.json	0	dialogue	平和になったら返してくれればいいのだ！
MAP77_e3_p0_3	Map077.json	0	dialogue	未知の魔物が相手では、数を揃えればいいという
MAP77_e3_p0_4	Map077.json	0	dialogue	ものでもなかろう…
MAP77_e3_p0_6	Map077.json	0	dialogue	サクソン：
MAP77_e3_p0_7	Map077.json	0	dialogue	そうだ、ウィン！
MAP77_e3_p0_8	Map077.json	0	dialogue	お前に良いものをやろう！
MAP77_e3_p1_1	Map077.json	0	dialogue	サクソン：
MAP77_e3_p1_12	Map077.json	0	dialogue	　　　　ウィンは本物の蜻蛉斬を受け取った！
MAP77_e3_p1_15	Map077.json	0	dialogue	サクソン：
MAP77_e3_p1_16	Map077.json	0	dialogue	この巨大な槍はわしが若い頃から愛用していた
MAP77_e3_p1_17	Map077.json	0	dialogue	すごく強力な槍だ！
MAP77_e3_p1_18	Map077.json	0	dialogue	我が一族に代々伝わる品だ！
MAP77_e3_p1_2	Map077.json	0	dialogue	人数は足りないが…
MAP77_e3_p1_20	Map077.json	0	dialogue	サクソン：
MAP77_e3_p1_21	Map077.json	0	dialogue	ん？　確かにこの槍は大事なものだが…
MAP77_e3_p1_22	Map077.json	0	dialogue	いまはそれよりも、少しでもお前たちの力に
MAP77_e3_p1_23	Map077.json	0	dialogue	なるものは何でも渡さねばなるまい！
MAP77_e3_p1_25	Map077.json	0	dialogue	サクソン：
MAP77_e3_p1_26	Map077.json	0	dialogue	なーに！　遠慮はいらんぞ！
MAP77_e3_p1_27	Map077.json	0	dialogue	平和になったら返してくれればいいのだ！
MAP77_e3_p1_3	Map077.json	0	dialogue	未知の魔物が相手では、数を揃えればいいという
MAP77_e3_p1_4	Map077.json	0	dialogue	ものでもなかろう…
MAP77_e3_p1_6	Map077.json	0	dialogue	サクソン：
MAP77_e3_p1_7	Map077.json	0	dialogue	そうだ、ウィン！
MAP77_e3_p1_8	Map077.json	0	dialogue	お前に良いものをやろう！
MAP77_e3_p2_1	Map077.json	0	dialogue	サクソン：
MAP77_e3_p2_2	Map077.json	0	dialogue	人数は足りないが…
MAP77_e3_p2_3	Map077.json	0	dialogue	未知の魔物が相手では、数を揃えればいいという
MAP77_e3_p2_4	Map077.json	0	dialogue	ものでもなかろう…
MAP77_e3_p2_6	Map077.json	0	dialogue	サクソン：
MAP77_e3_p2_7	Map077.json	0	dialogue	セイリューから支給されたライスボールで
MAP77_e3_p2_8	Map077.json	0	dialogue	我が兵たちの士気も上々！
MAP77_e3_p2_9	Map077.json	0	dialogue	ここはわしらに安心してまかせい！
MAP77_e4_p0_1	Map077.json	0	dialogue	橋の警備兵ネサン：
MAP77_e4_p0_2	Map077.json	0	dialogue	昨日なんかめちゃくちゃ火吐くイヌ来ました！
MAP77_e4_p0_3	Map077.json	0	dialogue	やばいっすよアレ！！
MAP77_e5_p0_1	Map077.json	0	dialogue	橋の警備兵ハサン：
MAP77_e5_p0_2	Map077.json	0	dialogue	ちょっと剣が足りないすねー
MAP77_e5_p0_3	Map077.json	0	dialogue	魔物が固くってすぐ刃こぼれしちゃうんすよ
MAP77_e6_p0_1	Map077.json	0	dialogue	新参兵のトール：
MAP77_e6_p0_13	Map077.json	1	dialogue	新参兵のトール：
MAP77_e6_p0_14	Map077.json	1	dialogue	は、はははは、はひいひいいいいいいいい！！！
MAP77_e6_p0_2	Map077.json	0	dialogue	あ…騎士さまお疲れ様です！！
MAP77_e6_p0_3	Map077.json	0	dialogue	ぼく新人のトールです……！！
MAP77_e6_p0_4_c0	Map077.json	choice	choice	よろしく
MAP77_e6_p0_4_c1	Map077.json	choice	choice	しっかりしろ
MAP77_e6_p0_7	Map077.json	1	dialogue	新参兵のトール：
MAP77_e6_p0_8	Map077.json	1	dialogue	ふわあああおおおおおおおおおおお！！
MAP77_e6_p0_9	Map077.json	1	dialogue	よろしくおなながいいしままーーーーす！！！
MAP77_e7_name	Map077.json	event name	name	泥棒はずれ
MAP77_e7_p0_2	Map077.json	0	dialogue	　　　　　　刃こぼれした剣が乱雑にしまってある
MAP77_e8_name	Map077.json	event name	name	泥棒はずれ
MAP77_e8_p0_1	Map077.json	0	dialogue	持ち出して役に立つようなものは何も見つけられなかった…
MAP77_e9_name	Map077.json	event name	name	泥棒はずれ
MAP77_e9_p0_2	Map077.json	0	dialogue	　　　　　　　　中にはコメが入っている
MAP78_displayName	Map078.json	display name	mapname	暗黒大陸の廃墟
MAP78_e1_p0_11	Map078.json	0	dialogue	ツヴァイハンダーを手に入れた！
MAP78_e2_p0_11	Map078.json	0	dialogue	にっかり青江を手に入れた！
MAP78_e3_name	Map078.json	event name	name	ウィンダム城下町
MAP78_e3_note	Map078.json	event note	note	入り口
MAP78_e3_p0_2	Map078.json	0	dialogue	　　　　ハヤテを使えば目的地にすぐに行けるな
MAP78_e3_p0_3	Map078.json	0	dialogue	　　　　　　　　…と、ウィンは思った
MAP78_e3_p0_4_c0	Map078.json	choice	choice	ハヤテを使おう
MAP78_e3_p0_4_c1	Map078.json	choice	choice	使わなくていいや
MAP78_e3_p0_6_c0	Map078.json	choice	choice	フレイム城
MAP78_e3_p0_6_c1	Map078.json	choice	choice	セイリュー
MAP78_e3_p0_6_c2	Map078.json	choice	choice	旅の宿屋
MAP78_e3_p0_6_c3	Map078.json	choice	choice	南の採石場
MAP78_e3_p0_6_c4	Map078.json	choice	choice	ウィンダム城
MAP78_e4_name	Map078.json	event name	name	ウィンダム城下町
MAP78_e4_note	Map078.json	event note	note	入り口
MAP78_e4_p0_2	Map078.json	0	dialogue	　　　　ハヤテを使えば目的地にすぐに行けるな
MAP78_e4_p0_3	Map078.json	0	dialogue	　　　　　　　　…と、ウィンは思った
MAP78_e4_p0_4_c0	Map078.json	choice	choice	ハヤテを使おう
MAP78_e4_p0_4_c1	Map078.json	choice	choice	使わなくていいや
MAP78_e4_p0_6_c0	Map078.json	choice	choice	フレイム城
MAP78_e4_p0_6_c1	Map078.json	choice	choice	セイリュー
MAP78_e4_p0_6_c2	Map078.json	choice	choice	旅の宿屋
MAP78_e4_p0_6_c3	Map078.json	choice	choice	南の採石場
MAP78_e4_p0_6_c4	Map078.json	choice	choice	ウィンダム城
MAP78_e5_name	Map078.json	event name	name	ウィンダム城下町
MAP78_e5_note	Map078.json	event note	note	入り口
MAP78_e5_p0_2	Map078.json	0	dialogue	　　　　ハヤテを使えば目的地にすぐに行けるな
MAP78_e5_p0_3	Map078.json	0	dialogue	　　　　　　　　…と、ウィンは思った
MAP78_e5_p0_4_c0	Map078.json	choice	choice	ハヤテを使おう
MAP78_e5_p0_4_c1	Map078.json	choice	choice	使わなくていいや
MAP78_e5_p0_6_c0	Map078.json	choice	choice	フレイム城
MAP78_e5_p0_6_c1	Map078.json	choice	choice	セイリュー
MAP78_e5_p0_6_c2	Map078.json	choice	choice	旅の宿屋
MAP78_e5_p0_6_c3	Map078.json	choice	choice	南の採石場
MAP78_e5_p0_6_c4	Map078.json	choice	choice	ウィンダム城
MAP78_e6_p0_1	Map078.json	0	dialogue	ナガレ：
MAP78_e6_p0_11	Map078.json	0	dialogue	ホノオ：
MAP78_e6_p0_12	Map078.json	0	dialogue	まー、どのみちここまで来といて、
MAP78_e6_p0_13	Map078.json	0	dialogue	今更引き返すつもりはねーけど。
MAP78_e6_p0_15	Map078.json	0	dialogue	ホノオ：
MAP78_e6_p0_16	Map078.json	0	dialogue	ウィン、どうする？
MAP78_e6_p0_17	Map078.json	0	dialogue	入っちまってもいいかー？
MAP78_e6_p0_18_c0	Map078.json	choice	choice	入ろう
MAP78_e6_p0_18_c1	Map078.json	choice	choice	引き返そう
MAP78_e6_p0_2	Map078.json	0	dialogue	…ここから先は、進んだら全てが終わるまで、
MAP78_e6_p0_21	Map078.json	1	dialogue	ホノオ：
MAP78_e6_p0_22	Map078.json	1	dialogue	よっしゃー！
MAP78_e6_p0_23	Map078.json	1	dialogue	じゃあいくかーーーー！
MAP78_e6_p0_29	Map078.json	1	dialogue	ナガレ：
MAP78_e6_p0_3	Map078.json	0	dialogue	もう戻れない気がするな…。
MAP78_e6_p0_30	Map078.json	1	dialogue	確かに…　薬とか、もっと買っておいた方が
MAP78_e6_p0_31	Map078.json	1	dialogue	いいかも。
MAP78_e6_p0_5	Map078.json	0	dialogue	ホノオ：
MAP78_e6_p0_6	Map078.json	0	dialogue	なんだよそれ、カンか？
MAP78_e6_p0_8	Map078.json	0	dialogue	ナガレ：
MAP78_e6_p0_9	Map078.json	0	dialogue	そうだよ。
MAP78_e6_p1_1	Map078.json	0	dialogue	ホノオ：
MAP78_e6_p1_2	Map078.json	0	dialogue	よっしゃー！
MAP78_e6_p1_3	Map078.json	0	dialogue	じゃあいくかーーーー！
MAP78_e7_name	Map078.json	event name	name	廃墟
MAP78_e7_p0_12	Map078.json	0	dialogue	ホノオ：
MAP78_e7_p0_13	Map078.json	0	dialogue	おいおい…　なんだよココは！
MAP78_e7_p0_14	Map078.json	0	dialogue	街…？　いや、城…？　があったのか…？
MAP78_e7_p0_16	Map078.json	0	dialogue	ナガレ：
MAP78_e7_p0_17	Map078.json	0	dialogue	この地は未開の、無人の地のはずだ…
MAP78_e7_p0_18	Map078.json	0	dialogue	もっと大昔にはここにひとが住んでいたのか？
MAP78_e7_p0_20	Map078.json	0	dialogue	ホノオ：
MAP78_e7_p0_21	Map078.json	0	dialogue	なんか建物とかも…見た事ねえ感じだ。
MAP78_e7_p0_22	Map078.json	0	dialogue	オレらもしかして、歴史上の大発見してる…？
MAP78_e7_p0_24	Map078.json	0	dialogue	ナガレ：
MAP78_e7_p0_25	Map078.json	0	dialogue	そうかもな。
MAP78_e8_p0_11	Map078.json	0	dialogue	グラディウスを手に入れた！
MAP79_displayName	Map079.json	display name	mapname	不気味な洞窟
MAP79_e1_name	Map079.json	event name	name	ピケピケ
MAP79_e1_p0_100	Map079.json	0	dialogue	色々教えてあげちゃっても構わないんだよねえ。
MAP79_e1_p0_102	Map079.json	0	dialogue	ナガレ：
MAP79_e1_p0_103	Map079.json	0	dialogue	ホノオ、乗せられるなって！
MAP79_e1_p0_104	Map079.json	0	dialogue	絶対にこいつは時間稼ぎしてるんだよ！
MAP79_e1_p0_106	Map079.json	0	dialogue	ピケピケ：
MAP79_e1_p0_107	Map079.json	0	dialogue	…青いのちょっと黙って！
MAP79_e1_p0_109	Map079.json	0	dialogue	ホノオ：
MAP79_e1_p0_110	Map079.json	0	dialogue	えっ？　でも知りたくないか？
MAP79_e1_p0_112	Map079.json	0	dialogue	ナガレ：
MAP79_e1_p0_113	Map079.json	0	dialogue	知っても闇のエレメントが復活しちまったら
MAP79_e1_p0_114	Map079.json	0	dialogue	意味がないだろう！
MAP79_e1_p0_115	Map079.json	0	dialogue	それに、
MAP79_e1_p0_117	Map079.json	0	dialogue	ナガレ：
MAP79_e1_p0_118	Map079.json	0	dialogue	そのあやしいガイコツが本当のことを
MAP79_e1_p0_119	Map079.json	0	dialogue	あたしたちに教えるなんて保証はない！
MAP79_e1_p0_12	Map079.json	0	dialogue	ピケピケ：
MAP79_e1_p0_121	Map079.json	0	dialogue	ピケピケ：
MAP79_e1_p0_122	Map079.json	0	dialogue	うおい青いの！　せめて名前で呼べよ！！
MAP79_e1_p0_123	Map079.json	0	dialogue	この際ピカピカでもいいからさ…
MAP79_e1_p0_124	Map079.json	0	dialogue	ガイコツってなんだよーくやしーーー！！
MAP79_e1_p0_126	Map079.json	0	dialogue	ホノオ：
MAP79_e1_p0_127	Map079.json	0	dialogue	じゃ、じゃあ…
MAP79_e1_p0_128	Map079.json	0	dialogue	触りだけ！　触りだけ急いで教えてくれ…
MAP79_e1_p0_129	Map079.json	0	dialogue	ピクピク！！
MAP79_e1_p0_13	Map079.json	0	dialogue	まあ、私は四天王筆頭…
MAP79_e1_p0_131	Map079.json	0	dialogue	ピケピケ：
MAP79_e1_p0_132	Map079.json	0	dialogue	なんでわざわざケイレンさせたんだよ！？
MAP79_e1_p0_133	Map079.json	0	dialogue	でもまだ名前呼ぼうとするだけこっちの子は
MAP79_e1_p0_134	Map079.json	0	dialogue	いい子だなあ…
MAP79_e1_p0_136	Map079.json	0	dialogue	ナガレ：
MAP79_e1_p0_137	Map079.json	0	dialogue	触りだけ教えてくれ、ピコピコ。
MAP79_e1_p0_139	Map079.json	0	dialogue	ピケピケ：
MAP79_e1_p0_14	Map079.json	0	dialogue	つまり四天王最強の大魔導士…！
MAP79_e1_p0_140	Map079.json	0	dialogue	いやお前のはわざとだろおおおおお！！？？
MAP79_e1_p0_141	Map079.json	0	dialogue	バトルになったら真っ先にやっつけるからな、
MAP79_e1_p0_142	Map079.json	0	dialogue	青いのは！！！
MAP79_e1_p0_144	Map079.json	0	dialogue	ピケピケ：
MAP79_e1_p0_145	Map079.json	0	dialogue	ごめんちょっと喋り疲れた…　いいや、
MAP79_e1_p0_146	Map079.json	0	dialogue	じゃあ触りだけなるべく急いで教えてやろう…
MAP79_e1_p0_148	Map079.json	0	dialogue	ホノオ：
MAP79_e1_p0_149	Map079.json	0	dialogue	ゴクリ…
MAP79_e1_p0_15	Map079.json	0	dialogue	ピ！　ケ！　ピ！　ケ！様だからなあ！！！
MAP79_e1_p0_154	Map079.json	0	dialogue	ピケピケ：
MAP79_e1_p0_155	Map079.json	0	dialogue	あともう少しでこの土地と同じ毒の瘴気…
MAP79_e1_p0_156	Map079.json	0	dialogue	闇インフルエンザがエレメント大陸全土に
MAP79_e1_p0_157	Map079.json	0	dialogue	広がり、覆いつくす…！！
MAP79_e1_p0_159	Map079.json	0	dialogue	ピケピケ：
MAP79_e1_p0_160	Map079.json	0	dialogue	そしてすべての人間が不治の病気にかかり…
MAP79_e1_p0_161	Map079.json	0	dialogue	死んでしまうのだああああああああーー！！！
MAP79_e1_p0_163	Map079.json	0	dialogue	ホノオ：
MAP79_e1_p0_164	Map079.json	0	dialogue	……は？　はああああああ！？
MAP79_e1_p0_166	Map079.json	0	dialogue	ナガレ：
MAP79_e1_p0_167	Map079.json	0	dialogue	思っていた以上にヤバイじゃないか！！
MAP79_e1_p0_168	Map079.json	0	dialogue	相手が病気じゃ…防ぎようも逃げようもない！！
MAP79_e1_p0_17	Map079.json	0	dialogue	ピケピケ：
MAP79_e1_p0_170	Map079.json	0	dialogue	ピケピケ：
MAP79_e1_p0_171	Map079.json	0	dialogue	さらにさらにさーーらーーーにーーーー！！
MAP79_e1_p0_173	Map079.json	0	dialogue	ピケピケ：
MAP79_e1_p0_174	Map079.json	0	dialogue	我々四天王は王を戴くことにしたのだよ…
MAP79_e1_p0_175	Map079.json	0	dialogue	そう、キミらと同じように…闇のエレメントの
MAP79_e1_p0_176	Map079.json	0	dialogue	加護による闇の王国を作るのだあああああ！！
MAP79_e1_p0_178	Map079.json	0	dialogue	ホノオ：
MAP79_e1_p0_179	Map079.json	0	dialogue	あ？　王ってなんだよ…？　国…？
MAP79_e1_p0_18	Map079.json	0	dialogue	つまり本来はラスボスポジションッ…！！
MAP79_e1_p0_181	Map079.json	0	dialogue	ピケピケ：
MAP79_e1_p0_182	Map079.json	0	dialogue	闇のエレメントパワー…それ自体は膨大で、
MAP79_e1_p0_183	Map079.json	0	dialogue	強大な自然の圧倒的エネルギー…
MAP79_e1_p0_184	Map079.json	0	dialogue	だが…人格は持たない。
MAP79_e1_p0_186	Map079.json	0	dialogue	ピケピケ：
MAP79_e1_p0_187	Map079.json	0	dialogue	我々も四天王も、いわば闇のエレメントパワー
MAP79_e1_p0_188	Map079.json	0	dialogue	から生まれ出た闇の結晶に過ぎない…
MAP79_e1_p0_189	Map079.json	0	dialogue	たまたま人格を持った副産物に過ぎん。
MAP79_e1_p0_19	Map079.json	0	dialogue	本当だったらもっと後で出てくるものなんだ。
MAP79_e1_p0_191	Map079.json	0	dialogue	ピケピケ：
MAP79_e1_p0_192	Map079.json	0	dialogue	四天王だけでは…　闇のエレメントが世界から
MAP79_e1_p0_193	Map079.json	0	dialogue	駆逐されるのを防げなかったのだ………
MAP79_e1_p0_194	Map079.json	0	dialogue	…だ、か、ら、こ、そ！！！！
MAP79_e1_p0_196	Map079.json	0	dialogue	ピケピケ：
MAP79_e1_p0_197	Map079.json	0	dialogue	だからこそ我々は闇のエレメントパワー自体に
MAP79_e1_p0_198	Map079.json	0	dialogue	人格を与える事にしたーーーーーーーー！！
MAP79_e1_p0_200	Map079.json	0	dialogue	ピケピケ：
MAP79_e1_p0_201	Map079.json	0	dialogue	膨大で強大な自然を司るパワー！！
MAP79_e1_p0_202	Map079.json	0	dialogue	それ自体が人格を持ち…
MAP79_e1_p0_203	Map079.json	0	dialogue	全てを己の意思で律する王となる…
MAP79_e1_p0_205	Map079.json	0	dialogue	ピケピケ：
MAP79_e1_p0_206	Map079.json	0	dialogue	大魔王の誕生だああああああああ！！
MAP79_e1_p0_208	Map079.json	0	dialogue	ホノオ：
MAP79_e1_p0_209	Map079.json	0	dialogue	う、うお…
MAP79_e1_p0_21	Map079.json	0	dialogue	ホノオ：
MAP79_e1_p0_210	Map079.json	0	dialogue	話がデカ過ぎて全然わかんねーぜ…
MAP79_e1_p0_212	Map079.json	0	dialogue	ナガレ：
MAP79_e1_p0_213	Map079.json	0	dialogue	この地をすべて人間の住めない土地にして…
MAP79_e1_p0_214	Map079.json	0	dialogue	魔王とやらの治める闇の王国を作る…
MAP79_e1_p0_215	Map079.json	0	dialogue	そういうことかあああ、ピキピキーー！！
MAP79_e1_p0_217	Map079.json	0	dialogue	ピケピケ：
MAP79_e1_p0_218	Map079.json	0	dialogue	フハハハハハハ！！　血管が浮き出るほどに、
MAP79_e1_p0_219	Map079.json	0	dialogue	物凄く怒っているな、青いのー！！！
MAP79_e1_p0_22	Map079.json	0	dialogue	ピ…？　なんだって？
MAP79_e1_p0_220	Map079.json	0	dialogue	…え、もしかしていまの私の名前…？
MAP79_e1_p0_222	Map079.json	0	dialogue	ピケピケ：
MAP79_e1_p0_223	Map079.json	0	dialogue	しかし魔王を作る…闇のエレメンタルパワーに
MAP79_e1_p0_224	Map079.json	0	dialogue	人格を与えるには…　強靭な精神をもつ
MAP79_e1_p0_225	Map079.json	0	dialogue	依り代が必要だ…　よりしろな？
MAP79_e1_p0_227	Map079.json	0	dialogue	ピケピケ：
MAP79_e1_p0_228	Map079.json	0	dialogue	つまり四天王が身を捧げる必要があった！
MAP79_e1_p0_229	Map079.json	0	dialogue	我々のみが、闇の力を用いて意思を発揮できる
MAP79_e1_p0_230	Map079.json	0	dialogue	特異な存在だからなーーーーー！！
MAP79_e1_p0_232	Map079.json	0	dialogue	ホノオ：
MAP79_e1_p0_233	Map079.json	0	dialogue	ぐはっ！　も、もうダメだ…
MAP79_e1_p0_234	Map079.json	0	dialogue	ナガレーーー　かいせつをたのむーー！！！
MAP79_e1_p0_236	Map079.json	0	dialogue	ナガレ：
MAP79_e1_p0_237	Map079.json	0	dialogue	…闇のエレメントそれ自体に人格を与えて
MAP79_e1_p0_238	Map079.json	0	dialogue	魔王にするためには、強い人格をもつ四天王が
MAP79_e1_p0_239	Map079.json	0	dialogue	身代わりというか本体になる必要がある…
MAP79_e1_p0_24	Map079.json	0	dialogue	ナガレ：
MAP79_e1_p0_241	Map079.json	0	dialogue	ナガレ：
MAP79_e1_p0_242	Map079.json	0	dialogue	つまり、貴様たちがここ最近あたしらの国に
MAP79_e1_p0_243	Map079.json	0	dialogue	姿を見せなかったのも、魔王になる為の準備を
MAP79_e1_p0_244	Map079.json	0	dialogue	していたから…　そういうことだなピコピコ！
MAP79_e1_p0_246	Map079.json	0	dialogue	ピケピケ：
MAP79_e1_p0_247	Map079.json	0	dialogue	そういうことだ、青いの！！
MAP79_e1_p0_248	Map079.json	0	dialogue	物分かりの良さに免じて名前イジリについては
MAP79_e1_p0_249	Map079.json	0	dialogue	この際もう面倒だし、いいよ、許す！！！！
MAP79_e1_p0_25	Map079.json	0	dialogue	時間が惜しいんだよ！
MAP79_e1_p0_251	Map079.json	0	dialogue	ホノオ：
MAP79_e1_p0_252	Map079.json	0	dialogue	そんなことはさせないぜええええええ…
MAP79_e1_p0_253	Map079.json	0	dialogue	ピ…ピキじゃなくて…ピｋッカ…
MAP79_e1_p0_255	Map079.json	0	dialogue	ピケピケ：
MAP79_e1_p0_256	Map079.json	0	dialogue	この子いい子だな…
MAP79_e1_p0_257	Map079.json	0	dialogue	一生懸命名前言おうとしてるじゃないか…
MAP79_e1_p0_258	Map079.json	0	dialogue	いや、ていうかなんで言えないんだあああ！？
MAP79_e1_p0_26	Map079.json	0	dialogue	お喋りはその辺にして、さっさとバトルしろ、
MAP79_e1_p0_260	Map079.json	0	dialogue	ナガレ：
MAP79_e1_p0_261	Map079.json	0	dialogue	しかしおかしいぞ…
MAP79_e1_p0_262	Map079.json	0	dialogue	魔王になることを急いでいるんなら、
MAP79_e1_p0_263	Map079.json	0	dialogue	どうして貴様はここにいる…？
MAP79_e1_p0_265	Map079.json	0	dialogue	ナガレ：
MAP79_e1_p0_266	Map079.json	0	dialogue	四天王最強のお前が、ラスボスであるお前が…
MAP79_e1_p0_267	Map079.json	0	dialogue	なぜここで時間を稼いでいるんだ？
MAP79_e1_p0_268	Map079.json	0	dialogue	…魔王にならなくていいのか？
MAP79_e1_p0_27	Map079.json	0	dialogue	ピカピカ！
MAP79_e1_p0_270	Map079.json	0	dialogue	ピケピケ：
MAP79_e1_p0_271	Map079.json	0	dialogue	……………。
MAP79_e1_p0_276	Map079.json	0	dialogue	ピケピケ：
MAP79_e1_p0_277	Map079.json	0	dialogue	いやーもう…　私は長く生き過ぎたんだ。
MAP79_e1_p0_282	Map079.json	0	dialogue	ピケピケ：
MAP79_e1_p0_283	Map079.json	0	dialogue	皆は私に魔王になれと言ったよ…。
MAP79_e1_p0_284	Map079.json	0	dialogue	闇のエレメントの復活の為に、文字通り
MAP79_e1_p0_285	Map079.json	0	dialogue	もっとも骨を折ってきたのが私だからな！！
MAP79_e1_p0_29	Map079.json	0	dialogue	ピケピケ：
MAP79_e1_p0_290	Map079.json	0	dialogue	ピケピケ：
MAP79_e1_p0_291	Map079.json	0	dialogue	だが私はもう疲れた…　くるぴー！！
MAP79_e1_p0_292	Map079.json	0	dialogue	だから…
MAP79_e1_p0_293	Map079.json	0	dialogue	新しい闇の時代は、あいつらに託すつもりだ…
MAP79_e1_p0_299	Map079.json	0	dialogue	ピケピケ：
MAP79_e1_p0_30	Map079.json	0	dialogue	くーっ　まただッ！！
MAP79_e1_p0_300	Map079.json	0	dialogue	それに…　ここまで闇の復活に同調し、
MAP79_e1_p0_301	Map079.json	0	dialogue	自然の力を操る力までを持ってしまった
MAP79_e1_p0_302	Map079.json	0	dialogue	キミたちを止められるのは…
MAP79_e1_p0_304	Map079.json	0	dialogue	ピケピケ：
MAP79_e1_p0_305	Map079.json	0	dialogue	もう私しかいない！！！！
MAP79_e1_p0_306	Map079.json	0	dialogue	キミたちを止められるのは、私しかいない！！
MAP79_e1_p0_308	Map079.json	0	dialogue	ホノオ：
MAP79_e1_p0_309	Map079.json	0	dialogue	だから…最強のアンタが時間稼ぎに
MAP79_e1_p0_31	Map079.json	0	dialogue	ひとの名前くらいちゃんと覚えろ！！
MAP79_e1_p0_310	Map079.json	0	dialogue	出向いたってワケか…
MAP79_e1_p0_311	Map079.json	0	dialogue	他の四天王に未来を託して…！
MAP79_e1_p0_313	Map079.json	0	dialogue	ナガレ：
MAP79_e1_p0_314	Map079.json	0	dialogue	ほらあたしの言った通りじゃないか！
MAP79_e1_p0_315	Map079.json	0	dialogue	時間稼ぎだった！！
MAP79_e1_p0_317	Map079.json	0	dialogue	ホノオ：
MAP79_e1_p0_318	Map079.json	0	dialogue	自分の夢の叶うところを、自分で見られなくても
MAP79_e1_p0_319	Map079.json	0	dialogue	いいってんだな…　叶うなら！！
MAP79_e1_p0_32	Map079.json	0	dialogue	失礼だろうがああああああああ！！
MAP79_e1_p0_321	Map079.json	0	dialogue	ピケピケ：
MAP79_e1_p0_322	Map079.json	0	dialogue	そのとおおおおおおおり！！！！
MAP79_e1_p0_324	Map079.json	0	dialogue	ナガレ：
MAP79_e1_p0_325	Map079.json	0	dialogue	おい！だから感心してる場合じゃない！
MAP79_e1_p0_326	Map079.json	0	dialogue	これ以上時間稼ぎに付き合ったらダメだろ！？
MAP79_e1_p0_328	Map079.json	0	dialogue	ピケピケ：
MAP79_e1_p0_329	Map079.json	0	dialogue	青いの！！　もう大丈夫だ！！
MAP79_e1_p0_330	Map079.json	0	dialogue	十分に稼がせてもらったぞーーーーー！！
MAP79_e1_p0_332	Map079.json	0	dialogue	ピケピケ：
MAP79_e1_p0_333	Map079.json	0	dialogue	あと少しで、新たな光の柱が立あああつ！！
MAP79_e1_p0_334	Map079.json	0	dialogue	そうしたら闇インフルエンザが全土に広がり…
MAP79_e1_p0_336	Map079.json	0	dialogue	ピケピケ：
MAP79_e1_p0_337	Map079.json	0	dialogue	闇のエレメントによる王国が誕生するのだ！！
MAP79_e1_p0_339	Map079.json	0	dialogue	ナガレ：
MAP79_e1_p0_34	Map079.json	0	dialogue	ホノオ：
MAP79_e1_p0_340	Map079.json	0	dialogue	ウィン！ホノオ！！
MAP79_e1_p0_341	Map079.json	0	dialogue	バトル準備しろ！！
MAP79_e1_p0_343	Map079.json	0	dialogue	ホノオ：
MAP79_e1_p0_344	Map079.json	0	dialogue	お、おう！！
MAP79_e1_p0_346	Map079.json	0	dialogue	ウィン：
MAP79_e1_p0_347	Map079.json	0	dialogue	…！
MAP79_e1_p0_35	Map079.json	0	dialogue	いや、ごめん…　違うんだよ、
MAP79_e1_p0_350	Map079.json	0	dialogue	　　　　　　　　　ウィンはうなずいた！
MAP79_e1_p0_352	Map079.json	0	dialogue	ピケピケ：
MAP79_e1_p0_353	Map079.json	0	dialogue	これで最後だ…　マジで最後だ…
MAP79_e1_p0_354	Map079.json	0	dialogue	絶対にこれで本当のマジで最後にするのだ…
MAP79_e1_p0_356	Map079.json	0	dialogue	ピケピケ：
MAP79_e1_p0_357	Map079.json	0	dialogue	お前たち、継承者たちに………
MAP79_e1_p0_358	Map079.json	0	dialogue	いじわるされまくる時代はなーーーーー！！
MAP79_e1_p0_359	Map079.json	0	dialogue	いくぞおおおおおおおおおお！！
MAP79_e1_p0_36	Map079.json	0	dialogue	ちょっと聞き取りにくいんだ…　
MAP79_e1_p0_37	Map079.json	0	dialogue	もう一回いいか？
MAP79_e1_p0_39	Map079.json	0	dialogue	ピケピケ：
MAP79_e1_p0_4	Map079.json	0	dialogue	ピケピケ：
MAP79_e1_p0_40	Map079.json	0	dialogue	…ピケピケ
MAP79_e1_p0_42	Map079.json	0	dialogue	ホノオ：
MAP79_e1_p0_43	Map079.json	0	dialogue	えっと…よくわからんから…
MAP79_e1_p0_44	Map079.json	0	dialogue	ピカピカでいいな！！
MAP79_e1_p0_46	Map079.json	0	dialogue	ナガレ：
MAP79_e1_p0_47	Map079.json	0	dialogue	いいから！　早くバトルしろ！！
MAP79_e1_p0_49	Map079.json	0	dialogue	ピケピケ：
MAP79_e1_p0_5	Map079.json	0	dialogue	うおーい待っていたぞおうおおおお…
MAP79_e1_p0_50	Map079.json	0	dialogue	なんでだろう…　私の名前は、何…？
MAP79_e1_p0_51	Map079.json	0	dialogue	キミらのお国ではなんか恥ずかしい言葉とか
MAP79_e1_p0_52	Map079.json	0	dialogue	だったりするのか…？　不安になってきた
MAP79_e1_p0_54	Map079.json	0	dialogue	ピケピケ：
MAP79_e1_p0_55	Map079.json	0	dialogue	あー　でもそこのキミ！！
MAP79_e1_p0_56	Map079.json	0	dialogue	そこの金髪の子は、前に一度会ったよね？
MAP79_e1_p0_57	Map079.json	0	dialogue	覚えてるーーーーーー？？
MAP79_e1_p0_59	Map079.json	0	dialogue	ウィン：
MAP79_e1_p0_6	Map079.json	0	dialogue	紋章の継承者たちよおおおおーーーーー！！
MAP79_e1_p0_60	Map079.json	0	dialogue	…。
MAP79_e1_p0_62	Map079.json	0	dialogue	ホノオ：
MAP79_e1_p0_63	Map079.json	0	dialogue	え、ウィン、コイツと知り合いなのか？
MAP79_e1_p0_66	Map079.json	0	dialogue	　　　　　　ウィンは紋章を継承する前
MAP79_e1_p0_67	Map079.json	0	dialogue	　　　　　　ピピンと一緒に西の監視塔に　
MAP79_e1_p0_68	Map079.json	0	dialogue	　　　　　　　　行ったことを話した
MAP79_e1_p0_70	Map079.json	0	dialogue	ホノオ：
MAP79_e1_p0_71	Map079.json	0	dialogue	ピピンか…　
MAP79_e1_p0_72	Map079.json	0	dialogue	ウィンダムで操られて暴れたあの天才騎士だな
MAP79_e1_p0_74	Map079.json	0	dialogue	ウィン：
MAP79_e1_p0_75	Map079.json	0	dialogue	…。
MAP79_e1_p0_77	Map079.json	0	dialogue	ナガレ：
MAP79_e1_p0_78	Map079.json	0	dialogue	いいから！　早くバトルしろ！！
MAP79_e1_p0_8	Map079.json	0	dialogue	ホノオ：
MAP79_e1_p0_80	Map079.json	0	dialogue	ピケピケ：
MAP79_e1_p0_81	Map079.json	0	dialogue	まあまあ！　そう慌てなさんなって…
MAP79_e1_p0_82	Map079.json	0	dialogue	私たちがココで何をしているかとかー…
MAP79_e1_p0_83	Map079.json	0	dialogue	これからキミたちの世界に何が起こるかー…
MAP79_e1_p0_85	Map079.json	0	dialogue	ピケピケ：
MAP79_e1_p0_86	Map079.json	0	dialogue	本当はラスボスで！四天王のリーダーである！
MAP79_e1_p0_87	Map079.json	0	dialogue	このピケピケ様がああああ、
MAP79_e1_p0_88	Map079.json	0	dialogue	くわしく説明してあげようと思ってーーーー
MAP79_e1_p0_9	Map079.json	0	dialogue	出て来やがったなー　見たことないやつ！！
MAP79_e1_p0_90	Map079.json	0	dialogue	ピケピケ：
MAP79_e1_p0_91	Map079.json	0	dialogue	わーざわざ！！
MAP79_e1_p0_92	Map079.json	0	dialogue	一番最初に来てあげてるんだよー！！？？？
MAP79_e1_p0_94	Map079.json	0	dialogue	ホノオ：
MAP79_e1_p0_95	Map079.json	0	dialogue	えっ…？　教えてくれるのか！？
MAP79_e1_p0_97	Map079.json	0	dialogue	ピケピケ：
MAP79_e1_p0_98	Map079.json	0	dialogue	四天王最強の私だから。当然キミたちを！！
MAP79_e1_p0_99	Map079.json	0	dialogue	ここで殺せるワケ。どうせ死ぬキミたちになら
MAP79_e1_p1_100	Map079.json	0	dialogue	色々教えてあげちゃっても構わないんだよねえ。
MAP79_e1_p1_102	Map079.json	0	dialogue	ナガレ：
MAP79_e1_p1_103	Map079.json	0	dialogue	ホノオ、乗せられるなって！
MAP79_e1_p1_104	Map079.json	0	dialogue	絶対にこいつは時間稼ぎしてるんだよ！
MAP79_e1_p1_106	Map079.json	0	dialogue	ピケピケ：
MAP79_e1_p1_107	Map079.json	0	dialogue	…青いのちょっと黙って！
MAP79_e1_p1_109	Map079.json	0	dialogue	ホノオ：
MAP79_e1_p1_110	Map079.json	0	dialogue	えっ？　でも知りたくないか？
MAP79_e1_p1_112	Map079.json	0	dialogue	ナガレ：
MAP79_e1_p1_113	Map079.json	0	dialogue	知っても闇のエレメントが復活しちまったら
MAP79_e1_p1_114	Map079.json	0	dialogue	意味がないだろう！
MAP79_e1_p1_115	Map079.json	0	dialogue	それに、
MAP79_e1_p1_117	Map079.json	0	dialogue	ナガレ：
MAP79_e1_p1_118	Map079.json	0	dialogue	そのあやしいガイコツが本当のことを
MAP79_e1_p1_119	Map079.json	0	dialogue	あたしたちに教えるなんて保証はない！
MAP79_e1_p1_12	Map079.json	0	dialogue	ピケピケ：
MAP79_e1_p1_121	Map079.json	0	dialogue	ピケピケ：
MAP79_e1_p1_122	Map079.json	0	dialogue	うおい青いの！　せめて名前で呼べよ！！
MAP79_e1_p1_123	Map079.json	0	dialogue	この際ピカピカでもいいからさ…
MAP79_e1_p1_124	Map079.json	0	dialogue	ガイコツってなんだよーくやしーーー！！
MAP79_e1_p1_126	Map079.json	0	dialogue	ホノオ：
MAP79_e1_p1_127	Map079.json	0	dialogue	じゃ、じゃあ…
MAP79_e1_p1_128	Map079.json	0	dialogue	触りだけ！　触りだけ急いで教えてくれ…
MAP79_e1_p1_129	Map079.json	0	dialogue	ピクピク！！
MAP79_e1_p1_13	Map079.json	0	dialogue	まあ、私は四天王筆頭…
MAP79_e1_p1_131	Map079.json	0	dialogue	ピケピケ：
MAP79_e1_p1_132	Map079.json	0	dialogue	なんでわざわざケイレンさせたんだよ！？
MAP79_e1_p1_133	Map079.json	0	dialogue	でもまだ名前呼ぼうとするだけこっちの子は
MAP79_e1_p1_134	Map079.json	0	dialogue	いい子だなあ…
MAP79_e1_p1_136	Map079.json	0	dialogue	ナガレ：
MAP79_e1_p1_137	Map079.json	0	dialogue	触りだけ教えてくれ、ピコピコ。
MAP79_e1_p1_139	Map079.json	0	dialogue	ピケピケ：
MAP79_e1_p1_14	Map079.json	0	dialogue	つまり四天王最強の大魔導士…！
MAP79_e1_p1_140	Map079.json	0	dialogue	いやお前のはわざとだろおおおおお！！？？
MAP79_e1_p1_141	Map079.json	0	dialogue	バトルになったら真っ先にやっつけるからな、
MAP79_e1_p1_142	Map079.json	0	dialogue	青いのは！！！
MAP79_e1_p1_144	Map079.json	0	dialogue	ピケピケ：
MAP79_e1_p1_145	Map079.json	0	dialogue	ごめんちょっと喋り疲れた…　いいや、
MAP79_e1_p1_146	Map079.json	0	dialogue	じゃあ触りだけなるべく急いで教えてやろう…
MAP79_e1_p1_148	Map079.json	0	dialogue	ホノオ：
MAP79_e1_p1_149	Map079.json	0	dialogue	ゴクリ…
MAP79_e1_p1_15	Map079.json	0	dialogue	ピ！　ケ！　ピ！　ケ！様だからなあ！！！
MAP79_e1_p1_154	Map079.json	0	dialogue	ピケピケ：
MAP79_e1_p1_155	Map079.json	0	dialogue	あともう少しでこの土地と同じ毒の瘴気…
MAP79_e1_p1_156	Map079.json	0	dialogue	闇インフルエンザがエレメント大陸全土に
MAP79_e1_p1_157	Map079.json	0	dialogue	広がり、覆いつくす…！！
MAP79_e1_p1_159	Map079.json	0	dialogue	ピケピケ：
MAP79_e1_p1_160	Map079.json	0	dialogue	そしてすべての人間が不治の病気にかかり…
MAP79_e1_p1_161	Map079.json	0	dialogue	死んでしまうのだああああああああーー！！！
MAP79_e1_p1_163	Map079.json	0	dialogue	ホノオ：
MAP79_e1_p1_164	Map079.json	0	dialogue	……は？　はああああああ！？
MAP79_e1_p1_166	Map079.json	0	dialogue	ナガレ：
MAP79_e1_p1_167	Map079.json	0	dialogue	思っていた以上にヤバイじゃないか！！
MAP79_e1_p1_168	Map079.json	0	dialogue	相手が病気じゃ…防ぎようも逃げようもない！！
MAP79_e1_p1_17	Map079.json	0	dialogue	ピケピケ：
MAP79_e1_p1_170	Map079.json	0	dialogue	ピケピケ：
MAP79_e1_p1_171	Map079.json	0	dialogue	さらにさらにさーーらーーーにーーーー！！
MAP79_e1_p1_173	Map079.json	0	dialogue	ピケピケ：
MAP79_e1_p1_174	Map079.json	0	dialogue	我々四天王は王を戴くことにしたのだよ…
MAP79_e1_p1_175	Map079.json	0	dialogue	そう、キミらと同じように…闇のエレメントの
MAP79_e1_p1_176	Map079.json	0	dialogue	加護による闇の王国を作るのだあああああ！！
MAP79_e1_p1_178	Map079.json	0	dialogue	ホノオ：
MAP79_e1_p1_179	Map079.json	0	dialogue	あ？　王ってなんだよ…？　国…？
MAP79_e1_p1_18	Map079.json	0	dialogue	つまり本来はラスボスポジションッ…！！
MAP79_e1_p1_181	Map079.json	0	dialogue	ピケピケ：
MAP79_e1_p1_182	Map079.json	0	dialogue	闇のエレメントパワー…それ自体は膨大で、
MAP79_e1_p1_183	Map079.json	0	dialogue	強大な自然の圧倒的エネルギー…
MAP79_e1_p1_184	Map079.json	0	dialogue	だが…人格は持たない。
MAP79_e1_p1_186	Map079.json	0	dialogue	ピケピケ：
MAP79_e1_p1_187	Map079.json	0	dialogue	我々も四天王も、いわば闇のエレメントパワー
MAP79_e1_p1_188	Map079.json	0	dialogue	から生れ出た闇の結晶に過ぎない…
MAP79_e1_p1_189	Map079.json	0	dialogue	たまたま人格を持った副産物に過ぎん。
MAP79_e1_p1_19	Map079.json	0	dialogue	本当だったらもっと後で出てくるものなんだ。
MAP79_e1_p1_191	Map079.json	0	dialogue	ピケピケ：
MAP79_e1_p1_192	Map079.json	0	dialogue	四天王だけでは…　闇のエレメントが世界から
MAP79_e1_p1_193	Map079.json	0	dialogue	駆逐されるのを防げなかったのだ………
MAP79_e1_p1_194	Map079.json	0	dialogue	…だ、か、ら、こ、そ！！！！
MAP79_e1_p1_196	Map079.json	0	dialogue	ピケピケ：
MAP79_e1_p1_197	Map079.json	0	dialogue	だからこそ我々は闇のエレメントパワー自体に
MAP79_e1_p1_198	Map079.json	0	dialogue	人格を与える事にしたーーーーーーーー！！
MAP79_e1_p1_200	Map079.json	0	dialogue	ピケピケ：
MAP79_e1_p1_201	Map079.json	0	dialogue	膨大で強大な自然を司るパワー！！
MAP79_e1_p1_202	Map079.json	0	dialogue	それ自体が人格を持ち…
MAP79_e1_p1_203	Map079.json	0	dialogue	全てを己の意思で律する王となる…
MAP79_e1_p1_205	Map079.json	0	dialogue	ピケピケ：
MAP79_e1_p1_206	Map079.json	0	dialogue	大魔王の誕生だああああああああ！！
MAP79_e1_p1_208	Map079.json	0	dialogue	ホノオ：
MAP79_e1_p1_209	Map079.json	0	dialogue	う、うお…
MAP79_e1_p1_21	Map079.json	0	dialogue	ホノオ：
MAP79_e1_p1_210	Map079.json	0	dialogue	話がデカ過ぎて全然わかんねーぜ…
MAP79_e1_p1_212	Map079.json	0	dialogue	ナガレ：
MAP79_e1_p1_213	Map079.json	0	dialogue	この地をすべて人間の住めない土地にして…
MAP79_e1_p1_214	Map079.json	0	dialogue	魔王とやらの治める闇の王国を作る…
MAP79_e1_p1_215	Map079.json	0	dialogue	そういうことかあああ、ピキピキーー！！
MAP79_e1_p1_217	Map079.json	0	dialogue	ピケピケ：
MAP79_e1_p1_218	Map079.json	0	dialogue	フハハハハハハ！！　血管が浮き出るほどに、
MAP79_e1_p1_219	Map079.json	0	dialogue	物凄く怒っているな、青いのー！！！
MAP79_e1_p1_22	Map079.json	0	dialogue	ピ…？　なんだって？
MAP79_e1_p1_220	Map079.json	0	dialogue	…え、もしかしていまの私の名前…？
MAP79_e1_p1_222	Map079.json	0	dialogue	ピケピケ：
MAP79_e1_p1_223	Map079.json	0	dialogue	しかし魔王を作る…闇のエレメンタルパワーに
MAP79_e1_p1_224	Map079.json	0	dialogue	人格を与えるには…　強靭な精神をもつ
MAP79_e1_p1_225	Map079.json	0	dialogue	依り代が必要だ…　よりしろな？
MAP79_e1_p1_227	Map079.json	0	dialogue	ピケピケ：
MAP79_e1_p1_228	Map079.json	0	dialogue	つまり四天王が身を捧げる必要があった！
MAP79_e1_p1_229	Map079.json	0	dialogue	我々のみが、闇の力を用いて意思を発揮できる
MAP79_e1_p1_230	Map079.json	0	dialogue	特異な存在だからなーーーーー！！
MAP79_e1_p1_232	Map079.json	0	dialogue	ホノオ：
MAP79_e1_p1_233	Map079.json	0	dialogue	ぐはっ！　も、もうダメだ…
MAP79_e1_p1_234	Map079.json	0	dialogue	ナガレーーー　かいせつをたのむーー！！！
MAP79_e1_p1_236	Map079.json	0	dialogue	ナガレ：
MAP79_e1_p1_237	Map079.json	0	dialogue	…闇のエレメントそれ自体に人格を与えて
MAP79_e1_p1_238	Map079.json	0	dialogue	魔王にするためには、強い人格をもつ四天王が
MAP79_e1_p1_239	Map079.json	0	dialogue	身代わりというか本体になる必要がある…
MAP79_e1_p1_24	Map079.json	0	dialogue	ナガレ：
MAP79_e1_p1_241	Map079.json	0	dialogue	ナガレ：
MAP79_e1_p1_242	Map079.json	0	dialogue	つまり、貴様たちがここ最近あたしらの国に
MAP79_e1_p1_243	Map079.json	0	dialogue	姿を見せなかったのも、魔王になる為の準備を
MAP79_e1_p1_244	Map079.json	0	dialogue	していたから…　そういうことだなピコピコ！
MAP79_e1_p1_246	Map079.json	0	dialogue	ピケピケ：
MAP79_e1_p1_247	Map079.json	0	dialogue	そういうことだ、青いの！！
MAP79_e1_p1_248	Map079.json	0	dialogue	物分かりの良さに免じて名前イジリについては
MAP79_e1_p1_249	Map079.json	0	dialogue	この際もう面倒だし、いいよ、許す！！！！
MAP79_e1_p1_25	Map079.json	0	dialogue	時間が惜しいんだよ！
MAP79_e1_p1_251	Map079.json	0	dialogue	ホノオ：
MAP79_e1_p1_252	Map079.json	0	dialogue	そんなことはさせないぜええええええ…
MAP79_e1_p1_253	Map079.json	0	dialogue	ピ…ピキじゃなくて…ピｋッカ…
MAP79_e1_p1_255	Map079.json	0	dialogue	ピケピケ：
MAP79_e1_p1_256	Map079.json	0	dialogue	この子いい子だな…
MAP79_e1_p1_257	Map079.json	0	dialogue	一生懸命名前言おうとしてるじゃないか…
MAP79_e1_p1_258	Map079.json	0	dialogue	いや、ていうかなんで言えないんだあああ！？
MAP79_e1_p1_26	Map079.json	0	dialogue	お喋りはその辺にして、さっさとバトルしろ、
MAP79_e1_p1_260	Map079.json	0	dialogue	ナガレ：
MAP79_e1_p1_261	Map079.json	0	dialogue	しかしおかしいぞ…
MAP79_e1_p1_262	Map079.json	0	dialogue	魔王になることを急いでいるんなら、
MAP79_e1_p1_263	Map079.json	0	dialogue	どうして貴様はここにいる…？
MAP79_e1_p1_265	Map079.json	0	dialogue	ナガレ：
MAP79_e1_p1_266	Map079.json	0	dialogue	四天王最強のお前が、ラスボスであるお前が…
MAP79_e1_p1_267	Map079.json	0	dialogue	なぜここで時間を稼いでいるんだ？
MAP79_e1_p1_268	Map079.json	0	dialogue	…魔王にならなくていいのか？
MAP79_e1_p1_27	Map079.json	0	dialogue	ピカピカ！
MAP79_e1_p1_270	Map079.json	0	dialogue	ピケピケ：
MAP79_e1_p1_271	Map079.json	0	dialogue	……………。
MAP79_e1_p1_276	Map079.json	0	dialogue	ピケピケ：
MAP79_e1_p1_277	Map079.json	0	dialogue	いやーもう…　私は長く生き過ぎたんだ。
MAP79_e1_p1_282	Map079.json	0	dialogue	ピケピケ：
MAP79_e1_p1_283	Map079.json	0	dialogue	皆は私に魔王になれと言ったよ…。
MAP79_e1_p1_284	Map079.json	0	dialogue	闇のエレメントの復活の為に、文字通り
MAP79_e1_p1_285	Map079.json	0	dialogue	もっとも骨を折ってきたのが私だからな！！
MAP79_e1_p1_29	Map079.json	0	dialogue	ピケピケ：
MAP79_e1_p1_290	Map079.json	0	dialogue	ピケピケ：
MAP79_e1_p1_291	Map079.json	0	dialogue	だが私はもう疲れた…　くるぴー！！
MAP79_e1_p1_292	Map079.json	0	dialogue	だから…
MAP79_e1_p1_293	Map079.json	0	dialogue	新しい闇の時代は、あいつらに託すつもりだ…
MAP79_e1_p1_299	Map079.json	0	dialogue	ピケピケ：
MAP79_e1_p1_30	Map079.json	0	dialogue	くーっ　まただッ！！
MAP79_e1_p1_300	Map079.json	0	dialogue	それに…　ここまで闇の復活に同調し、
MAP79_e1_p1_301	Map079.json	0	dialogue	自然の力を操る力までを持ってしまった
MAP79_e1_p1_302	Map079.json	0	dialogue	キミたちを止められるのは…
MAP79_e1_p1_304	Map079.json	0	dialogue	ピケピケ：
MAP79_e1_p1_305	Map079.json	0	dialogue	もう私しかいない！！！！
MAP79_e1_p1_306	Map079.json	0	dialogue	キミたちを止められるのは、私しかいない！！
MAP79_e1_p1_308	Map079.json	0	dialogue	ホノオ：
MAP79_e1_p1_309	Map079.json	0	dialogue	だから…最強のアンタが時間稼ぎに
MAP79_e1_p1_31	Map079.json	0	dialogue	ひとの名前くらいちゃんと覚えろ！！
MAP79_e1_p1_310	Map079.json	0	dialogue	出向いたってワケか…
MAP79_e1_p1_311	Map079.json	0	dialogue	他の四天王に未来を託して…！
MAP79_e1_p1_313	Map079.json	0	dialogue	ナガレ：
MAP79_e1_p1_314	Map079.json	0	dialogue	ほらあたしの言った通りじゃないか！
MAP79_e1_p1_315	Map079.json	0	dialogue	時間稼ぎだった！！
MAP79_e1_p1_317	Map079.json	0	dialogue	ホノオ：
MAP79_e1_p1_318	Map079.json	0	dialogue	自分の夢の叶うところを、自分で見られなくても
MAP79_e1_p1_319	Map079.json	0	dialogue	いいってんだな…　叶うなら！！
MAP79_e1_p1_32	Map079.json	0	dialogue	失礼だろうがああああああああ！！
MAP79_e1_p1_321	Map079.json	0	dialogue	ピケピケ：
MAP79_e1_p1_322	Map079.json	0	dialogue	そのとおおおおおおおり！！！！
MAP79_e1_p1_324	Map079.json	0	dialogue	ナガレ：
MAP79_e1_p1_325	Map079.json	0	dialogue	おい！だから感心してる場合じゃない！
MAP79_e1_p1_326	Map079.json	0	dialogue	これ以上時間稼ぎに付き合ったらダメだろ！？
MAP79_e1_p1_328	Map079.json	0	dialogue	ピケピケ：
MAP79_e1_p1_329	Map079.json	0	dialogue	青いの！！　もう大丈夫だ！！
MAP79_e1_p1_330	Map079.json	0	dialogue	十分に稼がせてもらったぞーーーーー！！
MAP79_e1_p1_332	Map079.json	0	dialogue	ピケピケ：
MAP79_e1_p1_333	Map079.json	0	dialogue	あと少しで、新たな光の柱が立あああつ！！
MAP79_e1_p1_334	Map079.json	0	dialogue	そうしたら闇インフルエンザが全土に広がり…
MAP79_e1_p1_336	Map079.json	0	dialogue	ピケピケ：
MAP79_e1_p1_337	Map079.json	0	dialogue	闇のエレメントによる王国が誕生するのだ！！
MAP79_e1_p1_339	Map079.json	0	dialogue	ナガレ：
MAP79_e1_p1_34	Map079.json	0	dialogue	ホノオ：
MAP79_e1_p1_340	Map079.json	0	dialogue	ウィン！ホノオ！！
MAP79_e1_p1_341	Map079.json	0	dialogue	バトル準備しろ！！
MAP79_e1_p1_343	Map079.json	0	dialogue	ホノオ：
MAP79_e1_p1_344	Map079.json	0	dialogue	お、おう！！
MAP79_e1_p1_346	Map079.json	0	dialogue	ウィン：
MAP79_e1_p1_347	Map079.json	0	dialogue	…！
MAP79_e1_p1_35	Map079.json	0	dialogue	いや、ごめん…　違うんだよ、
MAP79_e1_p1_350	Map079.json	0	dialogue	　　　　　　　　　ウィンはうなずいた！
MAP79_e1_p1_352	Map079.json	0	dialogue	ピケピケ：
MAP79_e1_p1_353	Map079.json	0	dialogue	これで最後だ…　マジで最後だ…
MAP79_e1_p1_354	Map079.json	0	dialogue	絶対にこれで本当のマジで最後にするのだ…
MAP79_e1_p1_356	Map079.json	0	dialogue	ピケピケ：
MAP79_e1_p1_357	Map079.json	0	dialogue	お前たち、継承者たちに………
MAP79_e1_p1_358	Map079.json	0	dialogue	いじわるされまくる時代はなーーーーー！！
MAP79_e1_p1_359	Map079.json	0	dialogue	いくぞおおおおおおおおおお！！
MAP79_e1_p1_36	Map079.json	0	dialogue	ちょっと聞き取りにくいんだ…　
MAP79_e1_p1_37	Map079.json	0	dialogue	もう一回いいか？
MAP79_e1_p1_39	Map079.json	0	dialogue	ピケピケ：
MAP79_e1_p1_4	Map079.json	0	dialogue	ピケピケ：
MAP79_e1_p1_40	Map079.json	0	dialogue	…ピケピケ
MAP79_e1_p1_42	Map079.json	0	dialogue	ホノオ：
MAP79_e1_p1_43	Map079.json	0	dialogue	えっと…よくわからんから…
MAP79_e1_p1_44	Map079.json	0	dialogue	ピカピカでいいな！！
MAP79_e1_p1_46	Map079.json	0	dialogue	ナガレ：
MAP79_e1_p1_47	Map079.json	0	dialogue	いいから！　早くバトルしろ！！
MAP79_e1_p1_49	Map079.json	0	dialogue	ピケピケ：
MAP79_e1_p1_5	Map079.json	0	dialogue	うおーい待っていたぞおうおおおお…
MAP79_e1_p1_50	Map079.json	0	dialogue	なんでだろう…　私の名前は、何…？
MAP79_e1_p1_51	Map079.json	0	dialogue	キミらのお国ではなんか恥ずかしい言葉とか
MAP79_e1_p1_52	Map079.json	0	dialogue	だったりするのか…？　不安になってきた
MAP79_e1_p1_54	Map079.json	0	dialogue	ピケピケ：
MAP79_e1_p1_55	Map079.json	0	dialogue	あー　でもそこのキミ！！
MAP79_e1_p1_56	Map079.json	0	dialogue	そこの金髪の子は、前に一度会ったよね？
MAP79_e1_p1_57	Map079.json	0	dialogue	覚えてるーーーーーー？？
MAP79_e1_p1_59	Map079.json	0	dialogue	ウィン：
MAP79_e1_p1_6	Map079.json	0	dialogue	紋章の継承者たちよおおおおーーーーー！！
MAP79_e1_p1_60	Map079.json	0	dialogue	…。
MAP79_e1_p1_62	Map079.json	0	dialogue	ホノオ：
MAP79_e1_p1_63	Map079.json	0	dialogue	え、ウィン、コイツと知り合いなのか？
MAP79_e1_p1_66	Map079.json	0	dialogue	　　　　　　ウィンは紋章を継承する前
MAP79_e1_p1_67	Map079.json	0	dialogue	　　　　　　ピピンと一緒に西の監視塔に　
MAP79_e1_p1_68	Map079.json	0	dialogue	　　　　　　　　行ったことを話した
MAP79_e1_p1_70	Map079.json	0	dialogue	ホノオ：
MAP79_e1_p1_71	Map079.json	0	dialogue	ピピンか…　
MAP79_e1_p1_72	Map079.json	0	dialogue	ウィンダムで操られて暴れたあの天才騎士だな
MAP79_e1_p1_74	Map079.json	0	dialogue	ウィン：
MAP79_e1_p1_75	Map079.json	0	dialogue	…。
MAP79_e1_p1_77	Map079.json	0	dialogue	ナガレ：
MAP79_e1_p1_78	Map079.json	0	dialogue	いいから！　早くバトルしろ！！
MAP79_e1_p1_8	Map079.json	0	dialogue	ホノオ：
MAP79_e1_p1_80	Map079.json	0	dialogue	ピケピケ：
MAP79_e1_p1_81	Map079.json	0	dialogue	まあまあ！　そう慌てなさんなって…
MAP79_e1_p1_82	Map079.json	0	dialogue	私たちがココで何をしているかとかー…
MAP79_e1_p1_83	Map079.json	0	dialogue	これからキミたちの世界に何が起こるかー…
MAP79_e1_p1_85	Map079.json	0	dialogue	ピケピケ：
MAP79_e1_p1_86	Map079.json	0	dialogue	本当はラスボスで！四天王のリーダーである！
MAP79_e1_p1_87	Map079.json	0	dialogue	このピケピケ様がああああ、
MAP79_e1_p1_88	Map079.json	0	dialogue	くわしく説明してあげようと思ってーーーー
MAP79_e1_p1_9	Map079.json	0	dialogue	出て来やがったなー　見たことないやつ！！
MAP79_e1_p1_90	Map079.json	0	dialogue	ピケピケ：
MAP79_e1_p1_91	Map079.json	0	dialogue	わーざわざ！！
MAP79_e1_p1_92	Map079.json	0	dialogue	一番最初に来てあげてるんだよー！！？？？
MAP79_e1_p1_94	Map079.json	0	dialogue	ホノオ：
MAP79_e1_p1_95	Map079.json	0	dialogue	えっ…？　教えてくれるのか！？
MAP79_e1_p1_97	Map079.json	0	dialogue	ピケピケ：
MAP79_e1_p1_98	Map079.json	0	dialogue	四天王最強の私だから。当然キミたちを！！
MAP79_e1_p1_99	Map079.json	0	dialogue	ここで殺せるワケ。どうせ死ぬキミたちになら
MAP79_e1_p2_16	Map079.json	0	dialogue	大魔道士ピケピケ：
MAP79_e1_p2_17	Map079.json	0	dialogue	だ……出し切ったああああああああああああ
MAP79_e1_p2_19	Map079.json	0	dialogue	大魔道士ピケピケ：
MAP79_e1_p2_20	Map079.json	0	dialogue	千年くらい鍛え続けてきた私の魔力…
MAP79_e1_p2_21	Map079.json	0	dialogue	そして夢…　願い…　熱い思い………
MAP79_e1_p2_23	Map079.json	0	dialogue	大魔道士ピケピケ：
MAP79_e1_p2_24	Map079.json	0	dialogue	すべて出し切ったああああああああ！！！！
MAP79_e1_p2_5	Map079.json	0	dialogue	大魔道士ピケピケ：
MAP79_e1_p2_6	Map079.json	0	dialogue	ではではではー………
MAP79_e1_p2_7	Map079.json	0	dialogue	さらば！！
MAP79_e1_p2_8	Map079.json	0	dialogue	世界よ…………グッドバイ！！！！！！！！！
MAP79_e1_p3_14	Map079.json	0	dialogue	大魔道士ピケピケ：
MAP79_e1_p3_15	Map079.json	0	dialogue	だ……出し切ったああああああああああああ
MAP79_e1_p3_17	Map079.json	0	dialogue	大魔道士ピケピケ：
MAP79_e1_p3_18	Map079.json	0	dialogue	千年くらい鍛え続けてきた私の魔力…
MAP79_e1_p3_19	Map079.json	0	dialogue	そして夢…　願い…　熱い思い………
MAP79_e1_p3_21	Map079.json	0	dialogue	大魔道士ピケピケ：
MAP79_e1_p3_22	Map079.json	0	dialogue	すべて出し切ったああああああああ！！！！
MAP79_e1_p3_5	Map079.json	0	dialogue	大魔道士ピケピケ：
MAP79_e1_p3_6	Map079.json	0	dialogue	世界よ…………グッドバイ！！！！！！！！！
MAP79_e1_p4_10	Map079.json	0	dialogue	…なんだ？
MAP79_e1_p4_12	Map079.json	0	dialogue	ピケピケ：
MAP79_e1_p4_13	Map079.json	0	dialogue	最後に………　一回でいい……
MAP79_e1_p4_14	Map079.json	0	dialogue	私の名前をちゃんと呼んでくれえええ………！
MAP79_e1_p4_16	Map079.json	0	dialogue	ホノオ：
MAP79_e1_p4_17	Map079.json	0	dialogue	…え、いや…　
MAP79_e1_p4_18	Map079.json	0	dialogue	でもうまく呼べる気が一切しないんだよな…
MAP79_e1_p4_2	Map079.json	0	dialogue	ホノオ：
MAP79_e1_p4_20	Map079.json	0	dialogue	ナガレ：
MAP79_e1_p4_21	Map079.json	0	dialogue	ごめん
MAP79_e1_p4_23	Map079.json	0	dialogue	ピケピケ：
MAP79_e1_p4_24	Map079.json	0	dialogue	ゆっくり言うから……！！
MAP79_e1_p4_25	Map079.json	0	dialogue	最後のちからを振り絞って…一回だけ言うから
MAP79_e1_p4_27	Map079.json	0	dialogue	ピケピケ：
MAP79_e1_p4_28	Map079.json	0	dialogue	よく…　聞いてね……　いい…か…？
MAP79_e1_p4_3	Map079.json	0	dialogue	…めちゃくちゃ強かったぜ…　ピ…ピｋ…！！
MAP79_e1_p4_30	Map079.json	0	dialogue	ホノオ：
MAP79_e1_p4_31	Map079.json	0	dialogue	…え、お、おう…！
MAP79_e1_p4_33	Map079.json	0	dialogue	ピケピケ：
MAP79_e1_p4_34	Map079.json	0	dialogue	わ…　私の名前は………………
MAP79_e1_p4_36	Map079.json	0	dialogue	ピケピケ：
MAP79_e1_p4_37	Map079.json	0	dialogue	ピ………ＱＥ…　ピ……Ｑ………
MAP79_e1_p4_39	Map079.json	0	dialogue	ピケピケ：
MAP79_e1_p4_40	Map079.json	0	dialogue	ウッ！！！！！！！！！！！！！！！！
MAP79_e1_p4_5	Map079.json	0	dialogue	ピケピケ：
MAP79_e1_p4_6	Map079.json	0	dialogue	人間たちよ…　最後に………
MAP79_e1_p4_7	Map079.json	0	dialogue	ひとつだけ………
MAP79_e1_p4_9	Map079.json	0	dialogue	ホノオ：
MAP79_e1_p5_12	Map079.json	0	dialogue	ホノオ：
MAP79_e1_p5_13	Map079.json	0	dialogue	……！！！！！？？？
MAP79_e1_p5_15	Map079.json	0	dialogue	ナガレ：
MAP79_e1_p5_16	Map079.json	0	dialogue	………！！！！！！？？
MAP79_e1_p5_2	Map079.json	0	dialogue	ホノオ：
MAP79_e1_p5_21	Map079.json	0	dialogue	ウィン：
MAP79_e1_p5_22	Map079.json	0	dialogue	…。
MAP79_e1_p5_25	Map079.json	0	dialogue	ホノオ：
MAP79_e1_p5_26	Map079.json	0	dialogue	で…　次はどうすればいいんだ？
MAP79_e1_p5_27	Map079.json	0	dialogue	行き止まりに見えるぞ？
MAP79_e1_p5_29	Map079.json	0	dialogue	ナガレ：
MAP79_e1_p5_3	Map079.json	0	dialogue	発音が難しいんだよなあ…
MAP79_e1_p5_30	Map079.json	0	dialogue	アイツがいた後ろの地面に、
MAP79_e1_p5_31	Map079.json	0	dialogue	なんだか青い模様が描かれているな。
MAP79_e1_p5_32	Map079.json	0	dialogue	あれに乗ったら何か起こりそうじゃないか？
MAP79_e1_p5_34	Map079.json	0	dialogue	ホノオ：
MAP79_e1_p5_35	Map079.json	0	dialogue	えー？　そんなことあるかよー？
MAP79_e1_p5_37	Map079.json	0	dialogue	ナガレ：
MAP79_e1_p5_38	Map079.json	0	dialogue	他に何かヒントがあるわけでもないし、
MAP79_e1_p5_39	Map079.json	0	dialogue	何より急がないといけないんだ。
MAP79_e1_p5_40	Map079.json	0	dialogue	なんでもやってみよう！
MAP79_e1_p5_42	Map079.json	0	dialogue	ホノオ：
MAP79_e1_p5_43	Map079.json	0	dialogue	お、おう…！
MAP79_e1_p5_5	Map079.json	0	dialogue	ナガレ：
MAP79_e1_p5_6	Map079.json	0	dialogue	聞いたことのない発音なんだよ…
MAP79_e1_p5_8	Map079.json	0	dialogue	ウィン：
MAP79_e1_p5_9	Map079.json	0	dialogue	さようなら、ピＱＥピＱＥ…
MAP79_e3_p0_11	Map079.json	0	dialogue	ホノオ：
MAP79_e3_p0_12	Map079.json	0	dialogue	うわっ、なんだよココはー…
MAP79_e3_p0_14	Map079.json	0	dialogue	ナガレ：
MAP79_e3_p0_15	Map079.json	0	dialogue	いかにも、ここは闇の何かですって感じだな…
MAP79_e3_p0_17	Map079.json	0	dialogue	ホノオ：
MAP79_e3_p0_18	Map079.json	0	dialogue	しかしなんつーか…　静かだな。
MAP79_e3_p0_20	Map079.json	0	dialogue	ナガレ：
MAP79_e3_p0_21	Map079.json	0	dialogue	魔物の気配がしない…。
MAP79_e3_p0_22	Map079.json	0	dialogue	闇に近付いているはずなのに。
MAP79_e3_p0_24	Map079.json	0	dialogue	ホノオ：
MAP79_e3_p0_25	Map079.json	0	dialogue	とはいえ、落ち着く場所ってワケでもねー…
MAP79_e3_p0_27	Map079.json	0	dialogue	ホノオ：
MAP79_e3_p0_28	Map079.json	0	dialogue	一応気を引き締めていこうぜ！
MAP79_e3_p0_30	Map079.json	0	dialogue	ウィン：
MAP79_e3_p0_31	Map079.json	0	dialogue	…。
MAP79_e3_p0_34	Map079.json	0	dialogue	　　　　　　　　　ウィンはうなずいた
MAP79_e6_p0_10	Map079.json	0	dialogue	ヒールポーションを手に入れた！
MAP79_e7_p0_1	Map079.json	0	dialogue	あ
MAP80_e2_p0_1	Map080.json	0	dialogue	ホノオ：
MAP80_e2_p0_2	Map080.json	0	dialogue	あれ？　何も起こらねえぞ？
MAP80_e2_p0_4	Map080.json	0	dialogue	ナガレ：
MAP80_e2_p0_5	Map080.json	0	dialogue	一方通行なんだろうな。
MAP80_e2_p0_6	Map080.json	0	dialogue	どの道、もう引き返すわけにはいかない！
MAP80_e3_p0_11	Map080.json	0	dialogue	ホノオ：
MAP80_e3_p0_12	Map080.json	0	dialogue	まあ他に道があるわけでもないしな…
MAP80_e3_p0_13	Map080.json	0	dialogue	急ぐぞ！　いつ闇いんふるなんとかが
MAP80_e3_p0_14	Map080.json	0	dialogue	始まってもおかしくねえ！！
MAP80_e3_p0_16	Map080.json	0	dialogue	ウィン：
MAP80_e3_p0_17	Map080.json	0	dialogue	…！
MAP80_e3_p0_20	Map080.json	0	dialogue	　　　　　　　　ウィンはうなずいた
MAP80_e3_p0_5	Map080.json	0	dialogue	ホノオ：
MAP80_e3_p0_6	Map080.json	0	dialogue	あれ？　さっきと同じところじゃねえか！？
MAP80_e3_p0_8	Map080.json	0	dialogue	ナガレ：
MAP80_e3_p0_9	Map080.json	0	dialogue	ちょっと違う気がする…　壁の色とか…
MAP80_e4_p0_11	Map080.json	0	dialogue	ナガレ：
MAP80_e4_p0_12	Map080.json	0	dialogue	ミケーネ…!!!
MAP80_e4_p0_15	Map080.json	0	dialogue	ミケーネ：
MAP80_e4_p0_16	Map080.json	0	dialogue	…まさかピケピケが負けるなんて思わなったわ。
MAP80_e4_p0_18	Map080.json	0	dialogue	ミケーネ：
MAP80_e4_p0_19	Map080.json	0	dialogue	あたしたちの産み出そうとする闇の力が、
MAP80_e4_p0_20	Map080.json	0	dialogue	これまでのものよりも大きいのだから…
MAP80_e4_p0_21	Map080.json	0	dialogue	継承者の力の増大もまた大きくて当然、か…
MAP80_e4_p0_23	Map080.json	0	dialogue	ホノオ：
MAP80_e4_p0_24	Map080.json	0	dialogue	ピケピケはアンタらの為にめちゃくちゃ
MAP80_e4_p0_25	Map080.json	0	dialogue	時間稼いでから…　
MAP80_e4_p0_27	Map080.json	0	dialogue	ホノオ：
MAP80_e4_p0_28	Map080.json	0	dialogue	死んだぜーーーーミケーネーーーー！！
MAP80_e4_p0_30	Map080.json	0	dialogue	ミケーネ：
MAP80_e4_p0_31	Map080.json	0	dialogue	おバカめ！！　知ってるわよ！！
MAP80_e4_p0_33	Map080.json	0	dialogue	ナガレ：
MAP80_e4_p0_34	Map080.json	0	dialogue	あんたは、なんでここにいるんだ！？
MAP80_e4_p0_35	Map080.json	0	dialogue	闇いんふるやら魔王やらはまだなのか！？
MAP80_e4_p0_37	Map080.json	0	dialogue	ミケーネ：
MAP80_e4_p0_38	Map080.json	0	dialogue	ちっ………
MAP80_e4_p0_39	Map080.json	0	dialogue	間に合っているならあたしはここにいないよ！
MAP80_e4_p0_41	Map080.json	0	dialogue	ホノオ：
MAP80_e4_p0_42	Map080.json	0	dialogue	なら、アンタも時間稼ぎに来たってワケかい？
MAP80_e4_p0_43	Map080.json	0	dialogue	へへ…アンタら、思ったよりも余裕ねえんだな
MAP80_e4_p0_45	Map080.json	0	dialogue	ミケーネ：
MAP80_e4_p0_46	Map080.json	0	dialogue	やっぱりピケピケの存在は重要だったわ…
MAP80_e4_p0_47	Map080.json	0	dialogue	あたしたちだけで無理に闇の復活を早めるには
MAP80_e4_p0_48	Map080.json	0	dialogue	魔力が不足していたのよね…。
MAP80_e4_p0_50	Map080.json	0	dialogue	ナガレ：
MAP80_e4_p0_51	Map080.json	0	dialogue	黙れミケーネ！！
MAP80_e4_p0_52	Map080.json	0	dialogue	話をする気はない！！
MAP80_e4_p0_53	Map080.json	0	dialogue	さっさとバトル準備をしろ！！
MAP80_e4_p0_55	Map080.json	0	dialogue	ミケーネ：
MAP80_e4_p0_56	Map080.json	0	dialogue	あんだあ…このガキィ…？
MAP80_e4_p0_57	Map080.json	0	dialogue	どうもてめえは無駄に頭が回るみてえだなあ…
MAP80_e4_p0_58	Map080.json	0	dialogue	早死にすんぞコラァ…？
MAP80_e4_p0_60	Map080.json	0	dialogue	ナガレ：
MAP80_e4_p0_61	Map080.json	0	dialogue	こっちはあんたに時間を稼がせたくないんだ、
MAP80_e4_p0_62	Map080.json	0	dialogue	当然だろ！！
MAP80_e4_p0_64	Map080.json	0	dialogue	ナガレ：
MAP80_e4_p0_65	Map080.json	0	dialogue	稼ぎたいならバトルで稼げ！
MAP80_e4_p0_66	Map080.json	0	dialogue	いくぞ、ミケーネ！！
MAP80_e4_p0_68	Map080.json	0	dialogue	ミケーネ：
MAP80_e4_p0_69	Map080.json	0	dialogue	ふーん…
MAP80_e4_p0_70	Map080.json	0	dialogue	まあ、あたしは別にいいんだけどねえ…
MAP80_e4_p0_72	Map080.json	0	dialogue	ナガレ：
MAP80_e4_p0_73	Map080.json	0	dialogue	ウィン！　ホノオ！　問答無用でいくぞ！！
MAP80_e4_p0_74	Map080.json	0	dialogue	いまのあたし達なら、こいつくらい…
MAP80_e4_p0_75	Map080.json	0	dialogue	きっと楽勝だ！！
MAP80_e4_p0_77	Map080.json	0	dialogue	ホノオ：
MAP80_e4_p0_78	Map080.json	0	dialogue	お、おう！　そうだな…　さっさと倒すぜ！！
MAP80_e4_p0_8	Map080.json	0	dialogue	ホノオ：
MAP80_e4_p0_80	Map080.json	0	dialogue	ウィン：
MAP80_e4_p0_81	Map080.json	0	dialogue	…！
MAP80_e4_p0_84	Map080.json	0	dialogue	　　　　　　　　　　ウィンはうなずいた！
MAP80_e4_p0_86	Map080.json	0	dialogue	ミケーネ：
MAP80_e4_p0_87	Map080.json	0	dialogue	そう、仕方ないわ…
MAP80_e4_p0_88	Map080.json	0	dialogue	そんなに急いでいるのね…　
MAP80_e4_p0_89	Map080.json	0	dialogue	あなたたちの…　死を
MAP80_e4_p0_9	Map080.json	0	dialogue	な…　コイツは…！！
MAP80_e4_p0_91	Map080.json	0	dialogue	ミケーネ：
MAP80_e4_p0_92	Map080.json	0	dialogue	ミッッケェーーネッブリザーードッ！！！！
MAP80_e5_p0_10	Map080.json	0	dialogue	狂戦士のキノコを手に入れた！
MAP80_e5_p2_10	Map080.json	0	dialogue	狂戦士のキノコを手に入れた！
MAP81_e1_name	Map081.json	event name	name	ミケーネ
MAP81_e1_p1_14	Map081.json	0	dialogue	ナガレ：
MAP81_e1_p1_15	Map081.json	0	dialogue	さあ、一対一だ、ミケーネ…
MAP81_e1_p1_16	Map081.json	0	dialogue	あんたには青龍のときの貸しもある…　それを
MAP81_e1_p1_17	Map081.json	0	dialogue	いまここで、きっちり返してもらう…！！
MAP81_e1_p1_19	Map081.json	0	dialogue	ミケーネ：
MAP81_e1_p1_2	Map081.json	0	dialogue	ミケーネ：
MAP81_e1_p1_20	Map081.json	0	dialogue	ナガレ、って言ったわね…
MAP81_e1_p1_21	Map081.json	0	dialogue	あなた、ブリザードを封じてすでに勝った気で
MAP81_e1_p1_22	Map081.json	0	dialogue	いるみたいだけれど…
MAP81_e1_p1_24	Map081.json	0	dialogue	ミケーネ：
MAP81_e1_p1_25	Map081.json	0	dialogue	あなたのツナミもあたしには効かない…
MAP81_e1_p1_26	Map081.json	0	dialogue	ブリザードで同じように相殺できるわ。
MAP81_e1_p1_28	Map081.json	0	dialogue	ミケーネ：
MAP81_e1_p1_29	Map081.json	0	dialogue	だから…あなたとあたしの戦いは、
MAP81_e1_p1_3	Map081.json	0	dialogue	離れろーーーーー！！
MAP81_e1_p1_30	Map081.json	0	dialogue	ほとんど魔法なしの、純粋な決闘になる。
MAP81_e1_p1_31	Map081.json	0	dialogue	あなた、相当剣術に自信あるようだけれど…
MAP81_e1_p1_33	Map081.json	0	dialogue	ミケーネ：
MAP81_e1_p1_34	Map081.json	0	dialogue	…あたしもかなり得意なのよね、剣も鞭も。
MAP81_e1_p1_36	Map081.json	0	dialogue	ナガレ：
MAP81_e1_p1_37	Map081.json	0	dialogue	知っているさ。
MAP81_e1_p1_38	Map081.json	0	dialogue	あんたは得物を使っても只者じゃない。
MAP81_e1_p1_39	Map081.json	0	dialogue	身のこなしを見れば分かる。
MAP81_e1_p1_41	Map081.json	0	dialogue	ミケーネ：
MAP81_e1_p1_42	Map081.json	0	dialogue	フフフ…　そう。
MAP81_e1_p1_43	Map081.json	0	dialogue	じゃあ始めましょうか…。
MAP81_e1_p1_45	Map081.json	0	dialogue	ミケーネ：
MAP81_e1_p1_46	Map081.json	0	dialogue	この真剣勝負、受けて立つわ！
MAP81_e1_p1_47	Map081.json	0	dialogue	ナガレ、勝負ッ……！！！！！
MAP81_e1_p1_49	Map081.json	0	dialogue	ナガレ：
MAP81_e1_p1_50	Map081.json	0	dialogue	うおおおおおおお！！！！
MAP81_e1_p2_14	Map081.json	0	dialogue	ナガレ：
MAP81_e1_p2_15	Map081.json	0	dialogue	さあ、一対一だ、ミケーネ…
MAP81_e1_p2_16	Map081.json	0	dialogue	あんたには青龍のときの貸しもある…　それを
MAP81_e1_p2_17	Map081.json	0	dialogue	いまここで、きっちり返してもらう…！！
MAP81_e1_p2_19	Map081.json	0	dialogue	ミケーネ：
MAP81_e1_p2_2	Map081.json	0	dialogue	ミケーネ：
MAP81_e1_p2_20	Map081.json	0	dialogue	ナガレ、って言ったわね…
MAP81_e1_p2_21	Map081.json	0	dialogue	あなた、ブリザードを封じてすでに勝った気で
MAP81_e1_p2_22	Map081.json	0	dialogue	いるみたいだけれど…
MAP81_e1_p2_24	Map081.json	0	dialogue	ミケーネ：
MAP81_e1_p2_25	Map081.json	0	dialogue	あなたのツナミもあたしには効かない…
MAP81_e1_p2_26	Map081.json	0	dialogue	ブリザードで同じように相殺できるわ。
MAP81_e1_p2_28	Map081.json	0	dialogue	ミケーネ：
MAP81_e1_p2_29	Map081.json	0	dialogue	だから…あなたとあたしの戦いは、
MAP81_e1_p2_3	Map081.json	0	dialogue	離れろーーーーー！！
MAP81_e1_p2_30	Map081.json	0	dialogue	ほとんど魔法なしの、純粋な決闘になる。
MAP81_e1_p2_31	Map081.json	0	dialogue	あなた、相当剣術に自信あるようだけれど…
MAP81_e1_p2_33	Map081.json	0	dialogue	ミケーネ：
MAP81_e1_p2_34	Map081.json	0	dialogue	…あたしもかなり得意なのよね、剣も鞭も。
MAP81_e1_p2_36	Map081.json	0	dialogue	ナガレ：
MAP81_e1_p2_37	Map081.json	0	dialogue	知っているさ。
MAP81_e1_p2_38	Map081.json	0	dialogue	あんたは得物を使っても只者じゃない。
MAP81_e1_p2_39	Map081.json	0	dialogue	身のこなしを見れば分かる。
MAP81_e1_p2_41	Map081.json	0	dialogue	ミケーネ：
MAP81_e1_p2_42	Map081.json	0	dialogue	フフフ…　そう。
MAP81_e1_p2_43	Map081.json	0	dialogue	じゃあ始めましょうか…。
MAP81_e1_p2_45	Map081.json	0	dialogue	ミケーネ：
MAP81_e1_p2_46	Map081.json	0	dialogue	この真剣勝負、受けて立つわ！
MAP81_e1_p2_47	Map081.json	0	dialogue	ナガレ、勝負ッ……！！！！！
MAP81_e1_p2_49	Map081.json	0	dialogue	ナガレ：
MAP81_e1_p2_50	Map081.json	0	dialogue	うおおおおおおお！！！！
MAP81_e1_p3_10	Map081.json	0	dialogue	ああ…　早くしてくれ…　苦しいんだ…
MAP81_e1_p3_12	Map081.json	0	dialogue	ナガレ：
MAP81_e1_p3_13	Map081.json	0	dialogue	………さらば、ミケーネ
MAP81_e1_p3_15	Map081.json	0	dialogue	ナガレ：
MAP81_e1_p3_16	Map081.json	0	dialogue	…秘剣！　つばめ返し！！
MAP81_e1_p3_21	Map081.json	0	dialogue	ナガレ：
MAP81_e1_p3_22	Map081.json	0	dialogue	な…なんだと…！！？？
MAP81_e1_p3_24	Map081.json	0	dialogue	ミケーネ：
MAP81_e1_p3_25	Map081.json	0	dialogue	つ、かまえた……
MAP81_e1_p3_27	Map081.json	0	dialogue	ナガレ：
MAP81_e1_p3_28	Map081.json	0	dialogue	斬られながら…　剣を握るあたしの腕を…！？
MAP81_e1_p3_3	Map081.json	0	dialogue	ミケーネ：
MAP81_e1_p3_30	Map081.json	0	dialogue	ミケーネ：
MAP81_e1_p3_31	Map081.json	0	dialogue	直につかまれてのブリザードを…
MAP81_e1_p3_32	Map081.json	0	dialogue	ツナミで防げはしまい…
MAP81_e1_p3_33	Map081.json	0	dialogue	つばめ返し…返し！！
MAP81_e1_p3_35	Map081.json	0	dialogue	ナガレ：
MAP81_e1_p3_36	Map081.json	0	dialogue	ごめん…ホノオ…！　ウィン…！！
MAP81_e1_p3_4	Map081.json	0	dialogue	あ…　あたしの…　ま、負け…だ…
MAP81_e1_p3_6	Map081.json	0	dialogue	ナガレ：
MAP81_e1_p3_7	Map081.json	0	dialogue	悪いけど、トドメを刺させてもらう。
MAP81_e1_p3_9	Map081.json	0	dialogue	ミケーネ：
MAP81_e2_name	Map081.json	event name	name	ウィン
MAP81_e3_name	Map081.json	event name	name	ホノオ
MAP81_e4_p0_10	Map081.json	0	dialogue	ウィン：
MAP81_e4_p0_100	Map081.json	0	dialogue	さっきのだって殆どマグレなんだ！！
MAP81_e4_p0_102	Map081.json	0	dialogue	ナガレ：
MAP81_e4_p0_103	Map081.json	0	dialogue	だけど、あたしひとりなら…
MAP81_e4_p0_104	Map081.json	0	dialogue	全く負ける気がしないんだよ。
MAP81_e4_p0_105	Map081.json	0	dialogue	分かるな！？
MAP81_e4_p0_107	Map081.json	0	dialogue	ホノオ：
MAP81_e4_p0_108	Map081.json	0	dialogue	…わ、わかるけど…よ…
MAP81_e4_p0_11	Map081.json	0	dialogue	……！？
MAP81_e4_p0_117	Map081.json	0	dialogue	ナガレ：
MAP81_e4_p0_118	Map081.json	0	dialogue	いまだ！！　行け！！
MAP81_e4_p0_120	Map081.json	0	dialogue	ホノオ：
MAP81_e4_p0_121	Map081.json	0	dialogue	…くっ！！
MAP81_e4_p0_13	Map081.json	0	dialogue	ナガレ：
MAP81_e4_p0_14	Map081.json	0	dialogue	ハァ…　ハァ…
MAP81_e4_p0_147	Map081.json	0	dialogue	ミケーネ：
MAP81_e4_p0_148	Map081.json	0	dialogue	なめたマネしやがって………
MAP81_e4_p0_149	Map081.json	0	dialogue	ガキンチョどもがああああ！！！！！！
MAP81_e4_p0_151	Map081.json	0	dialogue	ホノオ：
MAP81_e4_p0_152	Map081.json	0	dialogue	ナガレ…　死ぬなよ………
MAP81_e4_p0_16	Map081.json	0	dialogue	ナガレ：
MAP81_e4_p0_17	Map081.json	0	dialogue	ウィン…　ホノオ…　無事だな？
MAP81_e4_p0_24	Map081.json	0	dialogue	ホノオ：
MAP81_e4_p0_25	Map081.json	0	dialogue	あ、ああ…！　髪の毛ちょっと凍ったけどな！
MAP81_e4_p0_27	Map081.json	0	dialogue	ナガレ：
MAP81_e4_p0_28	Map081.json	0	dialogue	よし…　間に合った！！
MAP81_e4_p0_32	Map081.json	0	dialogue	ミケーネ：
MAP81_e4_p0_33	Map081.json	0	dialogue	こ…ここの…グァガガガキィ…ててめええ…
MAP81_e4_p0_34	Map081.json	0	dialogue	なあにしやがったあああああ！！！！？？？
MAP81_e4_p0_36	Map081.json	0	dialogue	ミケーネ：
MAP81_e4_p0_37	Map081.json	0	dialogue	あたしの最大出力ミケーネブリザードはあああ
MAP81_e4_p0_38	Map081.json	0	dialogue	絶対零度ッ！！　その固さは永久凍土ッ…！！
MAP81_e4_p0_40	Map081.json	0	dialogue	ミケーネ：
MAP81_e4_p0_41	Map081.json	0	dialogue	いまのでてめえらは秒で全員カッチンコチンに
MAP81_e4_p0_42	Map081.json	0	dialogue	なってたハズなんだよー………　それをよー…
MAP81_e4_p0_43	Map081.json	0	dialogue	なにしてくれたんだああ！？ああああ！！？？
MAP81_e4_p0_45	Map081.json	0	dialogue	ナガレ：
MAP81_e4_p0_46	Map081.json	0	dialogue	とっさにツナミを起こして…
MAP81_e4_p0_47	Map081.json	0	dialogue	向かってくる冷気を全て相殺したのさ…
MAP81_e4_p0_49	Map081.json	0	dialogue	ミケーネ：
MAP81_e4_p0_50	Map081.json	0	dialogue	つ…、ツナミだああああああ！！！？？
MAP81_e4_p0_52	Map081.json	0	dialogue	ナガレ：
MAP81_e4_p0_53	Map081.json	0	dialogue	ミケーネブリザード…　破れたり！！
MAP81_e4_p0_55	Map081.json	0	dialogue	ミケーネ：
MAP81_e4_p0_56	Map081.json	0	dialogue	…ブリザードを打ち消すほど大きなツナミを…
MAP81_e4_p0_57	Map081.json	0	dialogue	そう、そんなにまで強大な力を持ったのね…
MAP81_e4_p0_59	Map081.json	0	dialogue	ホノオ：
MAP81_e4_p0_60	Map081.json	0	dialogue	ナガレ…　かっこよすぎだぜーーーー！！
MAP81_e4_p0_62	Map081.json	0	dialogue	ナガレ：
MAP81_e4_p0_63	Map081.json	0	dialogue	…ウィン、ホノオ。
MAP81_e4_p0_64	Map081.json	0	dialogue	頼みがあるんだ。
MAP81_e4_p0_66	Map081.json	0	dialogue	ホノオ：
MAP81_e4_p0_67	Map081.json	0	dialogue	あ、えっ？　は？
MAP81_e4_p0_68	Map081.json	0	dialogue	な、なんだよ、急に…？
MAP81_e4_p0_7	Map081.json	0	dialogue	ホノオ：
MAP81_e4_p0_70	Map081.json	0	dialogue	ナガレ：
MAP81_e4_p0_71	Map081.json	0	dialogue	時間がない、ミケーネをあたしに任せて、
MAP81_e4_p0_72	Map081.json	0	dialogue	ふたりは先に行ってくれ！！
MAP81_e4_p0_74	Map081.json	0	dialogue	ホノオ：
MAP81_e4_p0_75	Map081.json	0	dialogue	…！！　な、ナガレ！！
MAP81_e4_p0_77	Map081.json	0	dialogue	ウィン：
MAP81_e4_p0_78	Map081.json	0	dialogue	…！
MAP81_e4_p0_8	Map081.json	0	dialogue	…お、オレ…　なんで大丈夫なんだ…？
MAP81_e4_p0_80	Map081.json	0	dialogue	ナガレ：
MAP81_e4_p0_81	Map081.json	0	dialogue	ミケーネならあたしだけで大丈夫だ！
MAP81_e4_p0_82	Map081.json	0	dialogue	さっきのを見たろ？　三人で戦う必要がない！
MAP81_e4_p0_84	Map081.json	0	dialogue	ホノオ：
MAP81_e4_p0_85	Map081.json	0	dialogue	い、いや…
MAP81_e4_p0_86	Map081.json	0	dialogue	でもオマエだけ残していくなんてよー…
MAP81_e4_p0_88	Map081.json	0	dialogue	ナガレ：
MAP81_e4_p0_89	Map081.json	0	dialogue	ジャマなんだ、二人は！！
MAP81_e4_p0_91	Map081.json	0	dialogue	ホノオ：
MAP81_e4_p0_92	Map081.json	0	dialogue	…！！
MAP81_e4_p0_94	Map081.json	0	dialogue	ウィン：
MAP81_e4_p0_95	Map081.json	0	dialogue	…！！
MAP81_e4_p0_97	Map081.json	0	dialogue	ナガレ：
MAP81_e4_p0_98	Map081.json	0	dialogue	あんたたち二人をツナミで守りながら戦う自信
MAP81_e4_p0_99	Map081.json	0	dialogue	がない！！
MAP82_e1_p0_10	Map082.json	0	dialogue	…またあの模様に乗ってみても、
MAP82_e1_p0_11	Map082.json	0	dialogue	きっと一方通行なんだよな…。
MAP82_e1_p0_16	Map082.json	0	dialogue	ウィン：
MAP82_e1_p0_17	Map082.json	0	dialogue	………。
MAP82_e1_p0_19	Map082.json	0	dialogue	ホノオ：
MAP82_e1_p0_20	Map082.json	0	dialogue	わかってる…　バカなこと言ってるよなオレ…
MAP82_e1_p0_22	Map082.json	0	dialogue	ホノオ：
MAP82_e1_p0_23	Map082.json	0	dialogue	ナガレの思いに応えるためにも…
MAP82_e1_p0_24	Map082.json	0	dialogue	オレたちは行くしかねえんだ…
MAP82_e1_p0_25	Map082.json	0	dialogue	止まってるヒマなんかねえ…
MAP82_e1_p0_27	Map082.json	0	dialogue	ホノオ：
MAP82_e1_p0_28	Map082.json	0	dialogue	でもよ、ウィン…　
MAP82_e1_p0_29	Map082.json	0	dialogue	オレ、気が付いちまったんだ…
MAP82_e1_p0_31	Map082.json	0	dialogue	ホノオ：
MAP82_e1_p0_32	Map082.json	0	dialogue	さっきナガレに任せて先に進んだとき…
MAP82_e1_p0_33	Map082.json	0	dialogue	オレはまるでナガレの言葉に納得して…
MAP82_e1_p0_35	Map082.json	0	dialogue	ホノオ：
MAP82_e1_p0_36	Map082.json	0	dialogue	ナガレを信じて先に進んだつもりでいたけどよ…
MAP82_e1_p0_37	Map082.json	0	dialogue	ちがう…　全然ちがうんだ…
MAP82_e1_p0_39	Map082.json	0	dialogue	ホノオ：
MAP82_e1_p0_40	Map082.json	0	dialogue	オレはホッとしたんだよ…
MAP82_e1_p0_41	Map082.json	0	dialogue	あの恐ろしい氷の魔法と戦わずに済んで…
MAP82_e1_p0_42	Map082.json	0	dialogue	オレはミケーネが怖かったんだ…！！！！
MAP82_e1_p0_45	Map082.json	0	dialogue	ウィン：
MAP82_e1_p0_46	Map082.json	0	dialogue	………。
MAP82_e1_p0_48	Map082.json	0	dialogue	ホノオ：
MAP82_e1_p0_49	Map082.json	0	dialogue	なんてこった…　オレとしたことがよー…
MAP82_e1_p0_50	Map082.json	0	dialogue	怖かっただけだった…　オレはアイツを信じて
MAP82_e1_p0_51	Map082.json	0	dialogue	任せたわけじゃなかったんだぜ…？
MAP82_e1_p0_53	Map082.json	0	dialogue	ホノオ：
MAP82_e1_p0_54	Map082.json	0	dialogue	そんな気持ちで…　アイツをひとりで
MAP82_e1_p0_55	Map082.json	0	dialogue	置いてきちまった…　オレは…　オレは…
MAP82_e1_p0_57	Map082.json	0	dialogue	ウィン：
MAP82_e1_p0_58	Map082.json	0	dialogue	………！！
MAP82_e1_p0_61	Map082.json	0	dialogue	　　　　　　ウィンはホノオの肩をつかんで
MAP82_e1_p0_62	Map082.json	0	dialogue	　　　　　　　　　　うなずいた
MAP82_e1_p0_65	Map082.json	0	dialogue	ホノオ：
MAP82_e1_p0_66	Map082.json	0	dialogue	ああ…　スマン…
MAP82_e1_p0_67	Map082.json	0	dialogue	ウィン、サンキュな…
MAP82_e1_p0_69	Map082.json	0	dialogue	ホノオ：
MAP82_e1_p0_70	Map082.json	0	dialogue	行くぜ、ウィン！！
MAP82_e1_p0_71	Map082.json	0	dialogue	ハヤテの力で一気に頼む！！
MAP82_e1_p0_73	Map082.json	0	dialogue	ウィン：
MAP82_e1_p0_74	Map082.json	0	dialogue	………！
MAP82_e1_p0_77	Map082.json	0	dialogue	　　　　　　　　　ウィンはうなずいた！
MAP82_e1_p0_9	Map082.json	0	dialogue	ホノオ：
MAP82_e2_p0_1	Map082.json	0	dialogue	ホノオ：
MAP82_e2_p0_2	Map082.json	0	dialogue	もう、進むしかねえだろ…ウィン？
MAP82_e2_p0_4	Map082.json	0	dialogue	ウィン：
MAP82_e2_p0_5	Map082.json	0	dialogue	…。
MAP82_e3_p1_100	Map082.json	0	dialogue	ホノオ：
MAP82_e3_p1_101	Map082.json	0	dialogue	ウィン、行ってくれ…
MAP82_e3_p1_102	Map082.json	0	dialogue	すぐに、ナガレと一緒にオマエに追いつくぜ！
MAP82_e3_p1_104	Map082.json	0	dialogue	ウィン：
MAP82_e3_p1_105	Map082.json	0	dialogue	…。
MAP82_e3_p1_11	Map082.json	0	dialogue	ホノオ：
MAP82_e3_p1_12	Map082.json	0	dialogue	…そ、それが、アンタの本当の姿かよ…？
MAP82_e3_p1_120	Map082.json	0	dialogue	ホノオ：
MAP82_e3_p1_121	Map082.json	0	dialogue	ウィン…　またな！！
MAP82_e3_p1_123	Map082.json	0	dialogue	ウィン：
MAP82_e3_p1_124	Map082.json	0	dialogue	…。
MAP82_e3_p1_127	Map082.json	0	dialogue	　　　　　　　　　ウィンはうなずいた！
MAP82_e3_p1_139	Map082.json	0	dialogue	ホノオ：
MAP82_e3_p1_14	Map082.json	0	dialogue	ホノオ：
MAP82_e3_p1_140	Map082.json	0	dialogue	へへ…！
MAP82_e3_p1_141	Map082.json	0	dialogue	デカくなっても相変わらずみてえだな…
MAP82_e3_p1_142	Map082.json	0	dialogue	アンタはよー！！
MAP82_e3_p1_144	Map082.json	0	dialogue	ナウー：
MAP82_e3_p1_145	Map082.json	0	dialogue	………。
MAP82_e3_p1_147	Map082.json	0	dialogue	ホノオ：
MAP82_e3_p1_148	Map082.json	0	dialogue	心づかいマジサンキュだぜ…
MAP82_e3_p1_149	Map082.json	0	dialogue	でもよ…　オレは結構ドタマに来てんだぜー…
MAP82_e3_p1_15	Map082.json	0	dialogue	やたらデケーじゃねえか…　てことは、オイ…
MAP82_e3_p1_151	Map082.json	0	dialogue	ホノオ：
MAP82_e3_p1_152	Map082.json	0	dialogue	アンタとは正々堂々のマジバトルして、
MAP82_e3_p1_153	Map082.json	0	dialogue	その上で勝ったと思ってたのによーーー…
MAP82_e3_p1_155	Map082.json	0	dialogue	ホノオ：
MAP82_e3_p1_156	Map082.json	0	dialogue	アンタ実は本気じゃなかったんだもんなー…
MAP82_e3_p1_158	Map082.json	0	dialogue	ホノオ：
MAP82_e3_p1_159	Map082.json	0	dialogue	アンタは確かにマジメだけどよー
MAP82_e3_p1_16	Map082.json	0	dialogue	それならよー…
MAP82_e3_p1_160	Map082.json	0	dialogue	そういうところは逆に良くないと思うぜ？
MAP82_e3_p1_161	Map082.json	0	dialogue	オレ、結構キズ付いたからな！？
MAP82_e3_p1_163	Map082.json	0	dialogue	ナウー：
MAP82_e3_p1_164	Map082.json	0	dialogue	………。
MAP82_e3_p1_166	Map082.json	0	dialogue	ホノオ：
MAP82_e3_p1_167	Map082.json	0	dialogue	でも今回ばかりは…
MAP82_e3_p1_168	Map082.json	0	dialogue	さすがにマジでやってくれるよなー……
MAP82_e3_p1_169	Map082.json	0	dialogue	ナウ――――――よおおおおーーー！！！？
MAP82_e3_p1_171	Map082.json	0	dialogue	ナウー：
MAP82_e3_p1_172	Map082.json	0	dialogue	………コクリ
MAP82_e3_p1_174	Map082.json	0	dialogue	ホノオ：
MAP82_e3_p1_175	Map082.json	0	dialogue	これでアンタとの…
MAP82_e3_p1_176	Map082.json	0	dialogue	本当のマジで絶対最後のガチバトルだー！！
MAP82_e3_p1_178	Map082.json	0	dialogue	ホノオ：
MAP82_e3_p1_179	Map082.json	0	dialogue	いっくぜえええええええええーーー！！！！
MAP82_e3_p1_18	Map082.json	0	dialogue	ホノオ：
MAP82_e3_p1_19	Map082.json	0	dialogue	前にオレと戦ったときは…
MAP82_e3_p1_20	Map082.json	0	dialogue	いつも手ェ抜いてたってことかよーーーー！？
MAP82_e3_p1_22	Map082.json	0	dialogue	ホノオ：
MAP82_e3_p1_23	Map082.json	0	dialogue	ナァウゥーーーーーッ！！！！！
MAP82_e3_p1_25	Map082.json	0	dialogue	ナウー：
MAP82_e3_p1_26	Map082.json	0	dialogue	………。
MAP82_e3_p1_30	Map082.json	0	dialogue	ホノオ：
MAP82_e3_p1_31	Map082.json	0	dialogue	…ウィン！！　頼みがある…
MAP82_e3_p1_32	Map082.json	0	dialogue	…って、言わなくても分かると思うけどよー…
MAP82_e3_p1_34	Map082.json	0	dialogue	ホノオ：
MAP82_e3_p1_35	Map082.json	0	dialogue	コイツを…　ナウーをオレに任せて…
MAP82_e3_p1_36	Map082.json	0	dialogue	ウィンは、先に進んでくれ！！
MAP82_e3_p1_38	Map082.json	0	dialogue	ウィン：
MAP82_e3_p1_39	Map082.json	0	dialogue	…！
MAP82_e3_p1_4	Map082.json	0	dialogue	ホノオ：
MAP82_e3_p1_41	Map082.json	0	dialogue	ホノオ：
MAP82_e3_p1_42	Map082.json	0	dialogue	この先は、もうダフィールとかって…
MAP82_e3_p1_43	Map082.json	0	dialogue	四天王最弱の奴しかいないだろ…？
MAP82_e3_p1_45	Map082.json	0	dialogue	ホノオ：
MAP82_e3_p1_46	Map082.json	0	dialogue	それならウィンだけでも…
MAP82_e3_p1_47	Map082.json	0	dialogue	闇なんとかだか魔王だかも防げると思うんだ…
MAP82_e3_p1_49	Map082.json	0	dialogue	ウィン：
MAP82_e3_p1_5	Map082.json	0	dialogue	…は？　…なんだよそれ…
MAP82_e3_p1_50	Map082.json	0	dialogue	…。
MAP82_e3_p1_52	Map082.json	0	dialogue	ホノオ：
MAP82_e3_p1_53	Map082.json	0	dialogue	ウィン、頼む…
MAP82_e3_p1_54	Map082.json	0	dialogue	オレは自分の弱気を…　克服したい…
MAP82_e3_p1_56	Map082.json	0	dialogue	ホノオ：
MAP82_e3_p1_57	Map082.json	0	dialogue	ナガレを信じないまま…　あそこに置いてきた
MAP82_e3_p1_58	Map082.json	0	dialogue	自分を…　こうでもしねえと許せねーんだ！！
MAP82_e3_p1_60	Map082.json	0	dialogue	ウィン：
MAP82_e3_p1_61	Map082.json	0	dialogue	…。
MAP82_e3_p1_63	Map082.json	0	dialogue	ホノオ：
MAP82_e3_p1_64	Map082.json	0	dialogue	ウィン、オレのことも信じてくれ…
MAP82_e3_p1_65	Map082.json	0	dialogue	オレはナウーに一度勝ってる、完勝でな！
MAP82_e3_p1_66	Map082.json	0	dialogue	デカくなってても…　負けるワケねえ！！
MAP82_e3_p1_68	Map082.json	0	dialogue	ホノオ：
MAP82_e3_p1_69	Map082.json	0	dialogue	ウィン！　何よりもう時間がねーんだ！！
MAP82_e3_p1_70	Map082.json	0	dialogue	…まあ、その時間のほとんども
MAP82_e3_p1_71	Map082.json	0	dialogue	オレが無駄口叩いて潰した気がするけどよー…
MAP82_e3_p1_73	Map082.json	0	dialogue	ホノオ：
MAP82_e3_p1_74	Map082.json	0	dialogue	なおのこと、ここでオレにも…
MAP82_e3_p1_75	Map082.json	0	dialogue	ナガレみてえにカッコつけさせてくれよ…
MAP82_e3_p1_76	Map082.json	0	dialogue	頼む…　ウィン！！
MAP82_e3_p1_8	Map082.json	0	dialogue	ナウー：
MAP82_e3_p1_80	Map082.json	0	dialogue	ホノオ：
MAP82_e3_p1_81	Map082.json	0	dialogue	…アンタもいいだろう？
MAP82_e3_p1_82	Map082.json	0	dialogue	オレとの本気での一騎打ち。
MAP82_e3_p1_83	Map082.json	0	dialogue	その為にウィンを行かせてやっても…
MAP82_e3_p1_85	Map082.json	0	dialogue	ホノオ：
MAP82_e3_p1_86	Map082.json	0	dialogue	オレの知ってるアンタなら行かせてくれるぜ？
MAP82_e3_p1_87	Map082.json	0	dialogue	それとも…　デカくなったらそんな心意気も、
MAP82_e3_p1_88	Map082.json	0	dialogue	アンタからは、なくなっちまうのかー？
MAP82_e3_p1_9	Map082.json	0	dialogue	………。
MAP82_e3_p1_90	Map082.json	0	dialogue	ナウー：
MAP82_e3_p1_91	Map082.json	0	dialogue	………。
MAP82_e3_p2_100	Map082.json	0	dialogue	ホノオ：
MAP82_e3_p2_101	Map082.json	0	dialogue	ウィン、行ってくれ…
MAP82_e3_p2_102	Map082.json	0	dialogue	すぐに、ナガレと一緒にオマエに追いつくぜ！
MAP82_e3_p2_104	Map082.json	0	dialogue	ウィン：
MAP82_e3_p2_105	Map082.json	0	dialogue	…。
MAP82_e3_p2_11	Map082.json	0	dialogue	ホノオ：
MAP82_e3_p2_12	Map082.json	0	dialogue	…そ、それが、アンタの本当の姿かよ…？
MAP82_e3_p2_120	Map082.json	0	dialogue	ホノオ：
MAP82_e3_p2_121	Map082.json	0	dialogue	ウィン…　またな！！
MAP82_e3_p2_123	Map082.json	0	dialogue	ウィン：
MAP82_e3_p2_124	Map082.json	0	dialogue	…。
MAP82_e3_p2_127	Map082.json	0	dialogue	　　　　　　　　　ウィンはうなずいた！
MAP82_e3_p2_139	Map082.json	0	dialogue	ホノオ：
MAP82_e3_p2_14	Map082.json	0	dialogue	ホノオ：
MAP82_e3_p2_140	Map082.json	0	dialogue	へへ…！
MAP82_e3_p2_141	Map082.json	0	dialogue	デカくなっても相変わらずみてえだな…
MAP82_e3_p2_142	Map082.json	0	dialogue	アンタはよー！！
MAP82_e3_p2_144	Map082.json	0	dialogue	ナウー：
MAP82_e3_p2_145	Map082.json	0	dialogue	………。
MAP82_e3_p2_147	Map082.json	0	dialogue	ホノオ：
MAP82_e3_p2_148	Map082.json	0	dialogue	心づかいマジサンキュだぜ…
MAP82_e3_p2_149	Map082.json	0	dialogue	でもよ…　オレは結構ドタマに来てんだぜー…
MAP82_e3_p2_15	Map082.json	0	dialogue	やたらデケーじゃねえか…　てことは、オイ…
MAP82_e3_p2_151	Map082.json	0	dialogue	ホノオ：
MAP82_e3_p2_152	Map082.json	0	dialogue	アンタとは正々堂々のマジバトルして、
MAP82_e3_p2_153	Map082.json	0	dialogue	その上で勝ったと思ってたのによーーー…
MAP82_e3_p2_155	Map082.json	0	dialogue	ホノオ：
MAP82_e3_p2_156	Map082.json	0	dialogue	アンタ実は本気じゃなかったんだもんなー…
MAP82_e3_p2_158	Map082.json	0	dialogue	ホノオ：
MAP82_e3_p2_159	Map082.json	0	dialogue	アンタは確かにマジメだけどよー
MAP82_e3_p2_16	Map082.json	0	dialogue	それならよー…
MAP82_e3_p2_160	Map082.json	0	dialogue	そういうところは逆に良くないと思うぜ？
MAP82_e3_p2_161	Map082.json	0	dialogue	オレ、結構キズ付いたからな！？
MAP82_e3_p2_163	Map082.json	0	dialogue	ナウー：
MAP82_e3_p2_164	Map082.json	0	dialogue	………。
MAP82_e3_p2_166	Map082.json	0	dialogue	ホノオ：
MAP82_e3_p2_167	Map082.json	0	dialogue	でも今回ばかりは…
MAP82_e3_p2_168	Map082.json	0	dialogue	さすがにマジでやってくれるよなー……
MAP82_e3_p2_169	Map082.json	0	dialogue	ナウ――――――よおおおおーーー！！！？
MAP82_e3_p2_171	Map082.json	0	dialogue	ナウー：
MAP82_e3_p2_172	Map082.json	0	dialogue	………コクリ
MAP82_e3_p2_174	Map082.json	0	dialogue	ホノオ：
MAP82_e3_p2_175	Map082.json	0	dialogue	これでアンタとの…
MAP82_e3_p2_176	Map082.json	0	dialogue	本当のマジで絶対最後のガチバトルだー！！
MAP82_e3_p2_178	Map082.json	0	dialogue	ホノオ：
MAP82_e3_p2_179	Map082.json	0	dialogue	いっくぜえええええええええーーー！！！！
MAP82_e3_p2_18	Map082.json	0	dialogue	ホノオ：
MAP82_e3_p2_19	Map082.json	0	dialogue	前にオレと戦ったときは…
MAP82_e3_p2_20	Map082.json	0	dialogue	いつも手ェ抜いてたってことかよーーーー！？
MAP82_e3_p2_22	Map082.json	0	dialogue	ホノオ：
MAP82_e3_p2_23	Map082.json	0	dialogue	ナァウゥーーーーーッ！！！！！
MAP82_e3_p2_25	Map082.json	0	dialogue	ナウー：
MAP82_e3_p2_26	Map082.json	0	dialogue	………。
MAP82_e3_p2_30	Map082.json	0	dialogue	ホノオ：
MAP82_e3_p2_31	Map082.json	0	dialogue	…ウィン！！　頼みがある…
MAP82_e3_p2_32	Map082.json	0	dialogue	…って、言わなくても分かると思うけどよー…
MAP82_e3_p2_34	Map082.json	0	dialogue	ホノオ：
MAP82_e3_p2_35	Map082.json	0	dialogue	コイツを…　ナウーをオレに任せて…
MAP82_e3_p2_36	Map082.json	0	dialogue	ウィンは、先に進んでくれ！！
MAP82_e3_p2_38	Map082.json	0	dialogue	ウィン：
MAP82_e3_p2_39	Map082.json	0	dialogue	…！
MAP82_e3_p2_4	Map082.json	0	dialogue	ホノオ：
MAP82_e3_p2_41	Map082.json	0	dialogue	ホノオ：
MAP82_e3_p2_42	Map082.json	0	dialogue	この先は、もうダフィールとかって…
MAP82_e3_p2_43	Map082.json	0	dialogue	四天王最弱の奴しかいないだろ…？
MAP82_e3_p2_45	Map082.json	0	dialogue	ホノオ：
MAP82_e3_p2_46	Map082.json	0	dialogue	それならウィンだけでも…
MAP82_e3_p2_47	Map082.json	0	dialogue	闇なんとかだか魔王だかも防げると思うんだ…
MAP82_e3_p2_49	Map082.json	0	dialogue	ウィン：
MAP82_e3_p2_5	Map082.json	0	dialogue	…は？　…なんだよそれ…
MAP82_e3_p2_50	Map082.json	0	dialogue	…。
MAP82_e3_p2_52	Map082.json	0	dialogue	ホノオ：
MAP82_e3_p2_53	Map082.json	0	dialogue	ウィン、頼む…
MAP82_e3_p2_54	Map082.json	0	dialogue	オレは自分の弱気を…　克服したい…
MAP82_e3_p2_56	Map082.json	0	dialogue	ホノオ：
MAP82_e3_p2_57	Map082.json	0	dialogue	ナガレを信じないまま…　あそこに置いてきた
MAP82_e3_p2_58	Map082.json	0	dialogue	自分を…　こうでもしねえと許せねーんだ！！
MAP82_e3_p2_60	Map082.json	0	dialogue	ウィン：
MAP82_e3_p2_61	Map082.json	0	dialogue	…。
MAP82_e3_p2_63	Map082.json	0	dialogue	ホノオ：
MAP82_e3_p2_64	Map082.json	0	dialogue	ウィン、オレのことも信じてくれ…
MAP82_e3_p2_65	Map082.json	0	dialogue	オレはナウーに一度勝ってる、完勝でな！
MAP82_e3_p2_66	Map082.json	0	dialogue	デカくなってても…　負けるワケねえ！！
MAP82_e3_p2_68	Map082.json	0	dialogue	ホノオ：
MAP82_e3_p2_69	Map082.json	0	dialogue	ウィン！　何よりもう時間がねーんだ！！
MAP82_e3_p2_70	Map082.json	0	dialogue	…まあ、その時間のほとんども
MAP82_e3_p2_71	Map082.json	0	dialogue	オレが無駄口叩いて潰した気がするけどよー…
MAP82_e3_p2_73	Map082.json	0	dialogue	ホノオ：
MAP82_e3_p2_74	Map082.json	0	dialogue	なおのこと、ここでオレにも…
MAP82_e3_p2_75	Map082.json	0	dialogue	ナガレみてえにカッコつけさせてくれよ…
MAP82_e3_p2_76	Map082.json	0	dialogue	頼む…　ウィン！！
MAP82_e3_p2_8	Map082.json	0	dialogue	ナウー：
MAP82_e3_p2_80	Map082.json	0	dialogue	ホノオ：
MAP82_e3_p2_81	Map082.json	0	dialogue	…アンタもいいだろう？
MAP82_e3_p2_82	Map082.json	0	dialogue	オレとの本気での一騎打ち。
MAP82_e3_p2_83	Map082.json	0	dialogue	その為にウィンを行かせてやっても…
MAP82_e3_p2_85	Map082.json	0	dialogue	ホノオ：
MAP82_e3_p2_86	Map082.json	0	dialogue	オレの知ってるアンタなら行かせてくれるぜ？
MAP82_e3_p2_87	Map082.json	0	dialogue	それとも…　デカくなったらそんな心意気も、
MAP82_e3_p2_88	Map082.json	0	dialogue	アンタからは、なくなっちまうのかー？
MAP82_e3_p2_9	Map082.json	0	dialogue	………。
MAP82_e3_p2_90	Map082.json	0	dialogue	ナウー：
MAP82_e3_p2_91	Map082.json	0	dialogue	………。
MAP82_e3_p3_10	Map082.json	0	dialogue	どの道すぐにくたばるだろうよ…　ナウー…
MAP82_e3_p3_12	Map082.json	0	dialogue	ナウー：
MAP82_e3_p3_13	Map082.json	0	dialogue	……ぐ…　ぐ…ふ…　
MAP82_e3_p3_2	Map082.json	0	dialogue	ホノオ：
MAP82_e3_p3_20	Map082.json	0	dialogue	ホノオ：
MAP82_e3_p3_21	Map082.json	0	dialogue	…オレは行くぜ。　じゃあな、ナウー…
MAP82_e3_p3_29	Map082.json	0	dialogue	ホノオ：
MAP82_e3_p3_3	Map082.json	0	dialogue	…勝ったのか？
MAP82_e3_p3_30	Map082.json	0	dialogue	…アンタは最後まで、正々堂々だった…
MAP82_e3_p3_31	Map082.json	0	dialogue	オレのわがまま…
MAP82_e3_p3_32	Map082.json	0	dialogue	一騎打ちにも応じてくれた…。
MAP82_e3_p3_37	Map082.json	0	dialogue	ホノオ：
MAP82_e3_p3_38	Map082.json	0	dialogue	敵ながら…
MAP82_e3_p3_39	Map082.json	0	dialogue	尊敬に値する戦士だったぜ…ナウー
MAP82_e3_p3_44	Map082.json	0	dialogue	ナウー：
MAP82_e3_p3_45	Map082.json	0	dialogue	…獄滅…石牢陣…！！
MAP82_e3_p3_5	Map082.json	0	dialogue	ナウー：
MAP82_e3_p3_53	Map082.json	0	dialogue	ホノオ：
MAP82_e3_p3_54	Map082.json	0	dialogue	な…何をした…？
MAP82_e3_p3_56	Map082.json	0	dialogue	ナウー：
MAP82_e3_p3_57	Map082.json	0	dialogue	…我の…最強魔法…　石牢陣…
MAP82_e3_p3_59	Map082.json	0	dialogue	ナウー：
MAP82_e3_p3_6	Map082.json	0	dialogue	……っ…　ぐはっ…！！
MAP82_e3_p3_60	Map082.json	0	dialogue	…ホノオ…
MAP82_e3_p3_61	Map082.json	0	dialogue	その陣の中に入ったオマエは…　もう動けぬ…
MAP82_e3_p3_62	Map082.json	0	dialogue	徐々に…　石となる…
MAP82_e3_p3_64	Map082.json	0	dialogue	ホノオ：
MAP82_e3_p3_65	Map082.json	0	dialogue	マジか…　動けねえ…　足が…
MAP82_e3_p3_66	Map082.json	0	dialogue	石になっちまってる…！！！！
MAP82_e3_p3_68	Map082.json	0	dialogue	ナウー：
MAP82_e3_p3_69	Map082.json	0	dialogue	…我の　勝ちだ　ぐふっ！！
MAP82_e3_p3_8	Map082.json	0	dialogue	ホノオ：
MAP82_e3_p3_9	Map082.json	0	dialogue	…さすがにその傷じゃあ…
MAP82_e3_p4_10	Map082.json	0	dialogue	だけどそれじゃあ強すぎるから…
MAP82_e3_p4_11	Map082.json	0	dialogue	卑怯だから…　自分で禁止してたんだな…
MAP82_e3_p4_12	Map082.json	0	dialogue	石化の魔法をよー…
MAP82_e3_p4_14	Map082.json	0	dialogue	ホノオ：
MAP82_e3_p4_15	Map082.json	0	dialogue	それでも最後には自分の美学よりも…
MAP82_e3_p4_16	Map082.json	0	dialogue	果たすべき使命の方を、選んだんだな…
MAP82_e3_p4_17	Map082.json	0	dialogue	ナウー…
MAP82_e3_p4_20	Map082.json	0	dialogue	ホノオ：
MAP82_e3_p4_21	Map082.json	0	dialogue	それに比べてオレは…　まただぜ…
MAP82_e3_p4_22	Map082.json	0	dialogue	使命を忘れて　トドメをさせずに…
MAP82_e3_p4_23	Map082.json	0	dialogue	このザマだ…
MAP82_e3_p4_25	Map082.json	0	dialogue	ホノオ：
MAP82_e3_p4_26	Map082.json	0	dialogue	もう身体の半分が石になっちまった…
MAP82_e3_p4_27	Map082.json	0	dialogue	どうしようも…ねえ……　くっそーーー…
MAP82_e3_p4_29	Map082.json	0	dialogue	ホノオ：
MAP82_e3_p4_30	Map082.json	0	dialogue	ナガレ…！　ウィン…！　すまねえ！！
MAP82_e3_p4_31	Map082.json	0	dialogue	オレはここまでっぽいぜ……　くっ…
MAP82_e3_p4_33	Map082.json	0	dialogue	ホノオ：
MAP82_e3_p4_34	Map082.json	0	dialogue	くっそおおおおーーーーッ！！！！！！
MAP82_e3_p4_4	Map082.json	0	dialogue	ホノオ：
MAP82_e3_p4_5	Map082.json	0	dialogue	こんなすげえ技があったなら…
MAP82_e3_p4_6	Map082.json	0	dialogue	しょっぱなに使えば、オレなんて相手にも
MAP82_e3_p4_7	Map082.json	0	dialogue	ならなかったろうによー…
MAP82_e3_p4_9	Map082.json	0	dialogue	ホノオ：
MAP82_e4_p0_10	Map082.json	0	dialogue	…………。
MAP82_e4_p0_14	Map082.json	0	dialogue	ホノオ：
MAP82_e4_p0_15	Map082.json	0	dialogue	アンタまで時間稼ぎに出て来ちゃってよー…
MAP82_e4_p0_17	Map082.json	0	dialogue	ホノオ：
MAP82_e4_p0_18	Map082.json	0	dialogue	そんなんで計画大丈夫なのかー？
MAP82_e4_p0_19	Map082.json	0	dialogue	もうほとんど失敗なんじゃねーのー？？
MAP82_e4_p0_21	Map082.json	0	dialogue	ナウー：
MAP82_e4_p0_22	Map082.json	0	dialogue	…………。
MAP82_e4_p0_24	Map082.json	0	dialogue	ホノオ：
MAP82_e4_p0_25	Map082.json	0	dialogue	アンタにはオレ、バシッと勝ってるし…
MAP82_e4_p0_26	Map082.json	0	dialogue	今更またやり合うこともないんじゃねーの？
MAP82_e4_p0_6	Map082.json	0	dialogue	ホノオ：
MAP82_e4_p0_7	Map082.json	0	dialogue	へへ…　アンタかい…　ナウーーー！！！！
MAP82_e4_p0_9	Map082.json	0	dialogue	ナウー：
MAP82_e5_p0_11	Map082.json	0	dialogue	　　　　　　　ヒールポーションを手に入れた！
MAP82_e5_p2_11	Map082.json	0	dialogue	　　　　　　　ヒールポーションを手に入れた！
MAP82_e6_name	Map082.json	event name	name	ウィン
MAP83_e14_name	Map083.json	event name	name	ダフィール
MAP83_e14_p0_10	Map083.json	0	dialogue	どんどんエレメントパワーが集まってるじゃーん！！
MAP83_e14_p0_109	Map083.json	0	dialogue	ダフィール：
MAP83_e14_p0_110	Map083.json	0	dialogue	ヤバッ！！　チョーやる気マンマン！！
MAP83_e14_p0_111	Map083.json	0	dialogue	気合いがハンパなーーーーーい！！！！
MAP83_e14_p0_113	Map083.json	0	dialogue	ダフィール：
MAP83_e14_p0_114	Map083.json	0	dialogue	てことは、あんれええええええええ？？？
MAP83_e14_p0_116	Map083.json	0	dialogue	ダフィール：
MAP83_e14_p0_117	Map083.json	0	dialogue	あっ　もしかしてキミさー……
MAP83_e14_p0_118	Map083.json	0	dialogue	めちゃくちゃ急いでる感じですかーー？？？
MAP83_e14_p0_120	Map083.json	0	dialogue	ウィン：
MAP83_e14_p0_121	Map083.json	0	dialogue	…！！
MAP83_e14_p0_123	Map083.json	0	dialogue	ダフィール：
MAP83_e14_p0_124	Map083.json	0	dialogue	あっ　そうなんだー
MAP83_e14_p0_125	Map083.json	0	dialogue	アレでしょ？　
MAP83_e14_p0_126	Map083.json	0	dialogue	ボクが闇のエレメントと一体になってー…
MAP83_e14_p0_128	Map083.json	0	dialogue	ダフィール：
MAP83_e14_p0_129	Map083.json	0	dialogue	魔王になっちゃうのをー
MAP83_e14_p0_130	Map083.json	0	dialogue	止めないとだから？？
MAP83_e14_p0_132	Map083.json	0	dialogue	ダフィール：
MAP83_e14_p0_133	Map083.json	0	dialogue	そんでそんでーーー
MAP83_e14_p0_134	Map083.json	0	dialogue	闇インフルエンザでみんなが死んじゃうのを
MAP83_e14_p0_135	Map083.json	0	dialogue	防がないとだからーーー
MAP83_e14_p0_137	Map083.json	0	dialogue	ダフィール：
MAP83_e14_p0_138	Map083.json	0	dialogue	コレ正解だわー！！
MAP83_e14_p0_139	Map083.json	0	dialogue	絶対に正解だとは思うんだけどーーーー
MAP83_e14_p0_140	Map083.json	0	dialogue	一応確認しまーーーーーーす！！
MAP83_e14_p0_142	Map083.json	0	dialogue	ダフィール：
MAP83_e14_p0_143	Map083.json	0	dialogue	正解ですかーーーー？？？？？
MAP83_e14_p0_145	Map083.json	0	dialogue	ウィン：
MAP83_e14_p0_146	Map083.json	0	dialogue	…！！
MAP83_e14_p0_149	Map083.json	0	dialogue	　　　　　　　　　　ウィンは頷いた
MAP83_e14_p0_15	Map083.json	0	dialogue	ダフィール：
MAP83_e14_p0_151	Map083.json	0	dialogue	ダフィール：
MAP83_e14_p0_152	Map083.json	0	dialogue	だはははははははは！！！！
MAP83_e14_p0_153	Map083.json	0	dialogue	やったーーーーーーだーいせーいかーい！！
MAP83_e14_p0_157	Map083.json	0	dialogue	ダフィール：
MAP83_e14_p0_158	Map083.json	0	dialogue	そう…
MAP83_e14_p0_159	Map083.json	0	dialogue	そういうことだったらー…
MAP83_e14_p0_16	Map083.json	0	dialogue	えーーー？　ホントにいいのーーー？？
MAP83_e14_p0_161	Map083.json	0	dialogue	ダフィール：
MAP83_e14_p0_162	Map083.json	0	dialogue	大変ホントに申し訳ないんですけどーーー…
MAP83_e14_p0_164	Map083.json	0	dialogue	ダフィール：
MAP83_e14_p0_165	Map083.json	0	dialogue	オマエ…　チョーマヌケだよーーん！！！！
MAP83_e14_p0_17	Map083.json	0	dialogue	このパワーをボクがぜーんぶもらっちゃって！！
MAP83_e14_p0_28	Map083.json	0	dialogue	ダフィール：
MAP83_e14_p0_29	Map083.json	0	dialogue	…チッ！　なんだよー　来ちゃったじゃないかー
MAP83_e14_p0_36	Map083.json	0	dialogue	ダフィール：
MAP83_e14_p0_37	Map083.json	0	dialogue	アイツら…　意外と使えない奴らだったのねー
MAP83_e14_p0_38	Map083.json	0	dialogue	…って、え？
MAP83_e14_p0_42	Map083.json	0	dialogue	ダフィール：
MAP83_e14_p0_43	Map083.json	0	dialogue	ハ？　もしかして、キミひとりなの…？？
MAP83_e14_p0_45	Map083.json	0	dialogue	ウィン：
MAP83_e14_p0_46	Map083.json	0	dialogue	………。
MAP83_e14_p0_48	Map083.json	0	dialogue	ダフィール：
MAP83_e14_p0_49	Map083.json	0	dialogue	いやいやいやいやいや…
MAP83_e14_p0_51	Map083.json	0	dialogue	ダフィール：
MAP83_e14_p0_52	Map083.json	0	dialogue	ハァ…！！？？？？？
MAP83_e14_p0_55	Map083.json	0	dialogue	ダフィール：
MAP83_e14_p0_56	Map083.json	0	dialogue	なになになになにー？？
MAP83_e14_p0_57	Map083.json	0	dialogue	えっ、どしたのんマジで！？
MAP83_e14_p0_59	Map083.json	0	dialogue	ダフィール：
MAP83_e14_p0_6	Map083.json	0	dialogue	？：
MAP83_e14_p0_60	Map083.json	0	dialogue	だははは！　キミひとり！！
MAP83_e14_p0_61	Map083.json	0	dialogue	他のコはやられちゃったんだー！？
MAP83_e14_p0_65	Map083.json	0	dialogue	ダフィール：
MAP83_e14_p0_66	Map083.json	0	dialogue	かわいそーーーーー！！
MAP83_e14_p0_67	Map083.json	0	dialogue	えっ、じゃあ何？　ひとりでボクを倒しに？？
MAP83_e14_p0_69	Map083.json	0	dialogue	ウィン：
MAP83_e14_p0_7	Map083.json	0	dialogue	だははは！！
MAP83_e14_p0_70	Map083.json	0	dialogue	…！！
MAP83_e14_p0_74	Map083.json	0	dialogue	　　　　　　　　　ウィンは武器を構えた！
MAP83_e14_p0_76	Map083.json	0	dialogue	ダフィール：
MAP83_e14_p0_77	Map083.json	0	dialogue	いやいやムリだから！！
MAP83_e14_p0_78	Map083.json	0	dialogue	ひとりっていくら何でも…　プププー！！
MAP83_e14_p0_80	Map083.json	0	dialogue	ダフィール：
MAP83_e14_p0_81	Map083.json	0	dialogue	しかもキミ、風の紋章のコじゃん…
MAP83_e14_p0_82	Map083.json	0	dialogue	前に会ったコじゃん…
MAP83_e14_p0_83	Map083.json	0	dialogue	ボクの火の魔法も防げないじゃーーん！！
MAP83_e14_p0_87	Map083.json	0	dialogue	ダフィール：
MAP83_e14_p0_88	Map083.json	0	dialogue	マジで何しに来たの？
MAP83_e14_p0_89	Map083.json	0	dialogue	理解に苦しむっていうか、いみふすぎーー！！
MAP83_e14_p0_9	Map083.json	0	dialogue	？：
MAP83_e14_p0_91	Map083.json	0	dialogue	ウィン：
MAP83_e14_p0_92	Map083.json	0	dialogue	…！！
MAP83_e14_p1_103	Map083.json	1	dialogue	ウィン：
MAP83_e14_p1_104	Map083.json	1	dialogue	…！！
MAP83_e14_p1_106	Map083.json	1	dialogue	魔王ダフィール：
MAP83_e14_p1_107	Map083.json	1	dialogue	ただのゴミじゃないか、継承者でさえ…
MAP83_e14_p1_109	Map083.json	1	dialogue	魔王ダフィール：
MAP83_e14_p1_110	Map083.json	1	dialogue	まあ、いっかー…
MAP83_e14_p1_111	Map083.json	1	dialogue	大魔王になったら、アッチに行けばいいや…
MAP83_e14_p1_113	Map083.json	1	dialogue	魔王ダフィール：
MAP83_e14_p1_114	Map083.json	1	dialogue	と、いうワケでーーー
MAP83_e14_p1_115	Map083.json	1	dialogue	風の継承者くん　キミはもう…
MAP83_e14_p1_119	Map083.json	1	dialogue	魔王ダフィール：
MAP83_e14_p1_12	Map083.json	0	dialogue	ウィン：
MAP83_e14_p1_120	Map083.json	1	dialogue	…用済み　じゃあねーーーーー！！！！
MAP83_e14_p1_122	Map083.json	1	dialogue	ウィン：
MAP83_e14_p1_123	Map083.json	1	dialogue	………………！！
MAP83_e14_p1_13	Map083.json	0	dialogue	…！！！！
MAP83_e14_p1_15	Map083.json	0	dialogue	魔王ダフィール：
MAP83_e14_p1_16	Map083.json	0	dialogue	そしてまだまだ闇のエレメントパワーは
MAP83_e14_p1_17	Map083.json	0	dialogue	ボクのところに集まり続けている…
MAP83_e14_p1_19	Map083.json	0	dialogue	魔王ダフィール：
MAP83_e14_p1_2	Map083.json	0	dialogue	魔王ダフィール：
MAP83_e14_p1_20	Map083.json	0	dialogue	このままでも十分にとんでもなく強いのに…
MAP83_e14_p1_21	Map083.json	0	dialogue	まだまだ強くなるんだよボクはーーー！！！
MAP83_e14_p1_23	Map083.json	0	dialogue	魔王ダフィール：
MAP83_e14_p1_24	Map083.json	0	dialogue	ちょうどいいからキミでボクの新しい力を
MAP83_e14_p1_25	Map083.json	0	dialogue	試してあげるよーーーー！！！
MAP83_e14_p1_26	Map083.json	0	dialogue	でも強過ぎてー…
MAP83_e14_p1_28	Map083.json	0	dialogue	魔王ダフィール：
MAP83_e14_p1_29	Map083.json	0	dialogue	うっかり１ターンで殺しちゃったら…
MAP83_e14_p1_3	Map083.json	0	dialogue	もう魔王になっちゃったよーーーーーーん！！
MAP83_e14_p1_30	Map083.json	0	dialogue	めんごねーーーーーー！！！！？
MAP83_e14_p1_43	Map083.json	1	dialogue	魔王ダフィール：
MAP83_e14_p1_44	Map083.json	1	dialogue	…と、いう夢を見た…　こわーーーー！！！
MAP83_e14_p1_58	Map083.json	1	dialogue	魔王ダフィール：
MAP83_e14_p1_59	Map083.json	1	dialogue	あー　やっぱりー？
MAP83_e14_p1_61	Map083.json	1	dialogue	魔王ダフィール：
MAP83_e14_p1_62	Map083.json	1	dialogue	これほどの闇のエレメントパワー相手だと…
MAP83_e14_p1_63	Map083.json	1	dialogue	継承者のキミでも全く歯が立たないんだねー？
MAP83_e14_p1_65	Map083.json	1	dialogue	ウィン：
MAP83_e14_p1_66	Map083.json	1	dialogue	………っ
MAP83_e14_p1_69	Map083.json	1	dialogue	魔王ダフィール：
MAP83_e14_p1_70	Map083.json	1	dialogue	一応生きてるみたいだけど…
MAP83_e14_p1_71	Map083.json	1	dialogue	さすがにもう戦えなさそうだなあ…
MAP83_e14_p1_75	Map083.json	1	dialogue	魔王ダフィール：
MAP83_e14_p1_76	Map083.json	1	dialogue	…つまんねーの！！
MAP83_e14_p1_85	Map083.json	1	dialogue	ウィン：
MAP83_e14_p1_86	Map083.json	1	dialogue	…！！
MAP83_e14_p1_88	Map083.json	1	dialogue	魔王ダフィール：
MAP83_e14_p1_89	Map083.json	1	dialogue	これからもっとパワーが増して…
MAP83_e14_p1_90	Map083.json	1	dialogue	本当の魔王に…
MAP83_e14_p1_92	Map083.json	1	dialogue	魔王ダフィール：
MAP83_e14_p1_93	Map083.json	1	dialogue	大魔王ダフィール様になるっていうのに…！！
MAP83_e14_p1_95	Map083.json	1	dialogue	魔王ダフィール：
MAP83_e14_p1_96	Map083.json	1	dialogue	カンタンにくたばりやがってえええええ！！！
MAP83_e14_p2_103	Map083.json	1	dialogue	ウィン：
MAP83_e14_p2_104	Map083.json	1	dialogue	…！！
MAP83_e14_p2_106	Map083.json	1	dialogue	魔王ダフィール：
MAP83_e14_p2_107	Map083.json	1	dialogue	ただのゴミじゃないか、継承者でさえ…
MAP83_e14_p2_109	Map083.json	1	dialogue	魔王ダフィール：
MAP83_e14_p2_110	Map083.json	1	dialogue	まあ、いっかー…
MAP83_e14_p2_111	Map083.json	1	dialogue	大魔王になったら、アッチに行けばいいや…
MAP83_e14_p2_113	Map083.json	1	dialogue	魔王ダフィール：
MAP83_e14_p2_114	Map083.json	1	dialogue	と、いうワケでーーー
MAP83_e14_p2_115	Map083.json	1	dialogue	風の継承者くん　キミはもう…
MAP83_e14_p2_119	Map083.json	1	dialogue	魔王ダフィール：
MAP83_e14_p2_12	Map083.json	0	dialogue	ウィン：
MAP83_e14_p2_120	Map083.json	1	dialogue	…用済み　じゃあねーーーーー！！！！
MAP83_e14_p2_122	Map083.json	1	dialogue	ウィン：
MAP83_e14_p2_123	Map083.json	1	dialogue	………………！！
MAP83_e14_p2_13	Map083.json	0	dialogue	…！！！！
MAP83_e14_p2_15	Map083.json	0	dialogue	魔王ダフィール：
MAP83_e14_p2_16	Map083.json	0	dialogue	そしてまだまだ闇のエレメントパワーは
MAP83_e14_p2_17	Map083.json	0	dialogue	ボクのところに集まり続けている…
MAP83_e14_p2_19	Map083.json	0	dialogue	魔王ダフィール：
MAP83_e14_p2_2	Map083.json	0	dialogue	魔王ダフィール：
MAP83_e14_p2_20	Map083.json	0	dialogue	このままでも十分にとんでもなく強いのに…
MAP83_e14_p2_21	Map083.json	0	dialogue	まだまだ強くなるんだよボクはーーー！！！
MAP83_e14_p2_23	Map083.json	0	dialogue	魔王ダフィール：
MAP83_e14_p2_24	Map083.json	0	dialogue	ちょうどいいからキミでボクの新しい力を
MAP83_e14_p2_25	Map083.json	0	dialogue	試してあげるよーーーー！！！
MAP83_e14_p2_26	Map083.json	0	dialogue	でも強過ぎてー…
MAP83_e14_p2_28	Map083.json	0	dialogue	魔王ダフィール：
MAP83_e14_p2_29	Map083.json	0	dialogue	うっかり１ターンで殺しちゃったら…
MAP83_e14_p2_3	Map083.json	0	dialogue	もう魔王になっちゃったよーーーーーーん！！
MAP83_e14_p2_30	Map083.json	0	dialogue	めんごねーーーーーー！！！！？
MAP83_e14_p2_43	Map083.json	1	dialogue	魔王ダフィール：
MAP83_e14_p2_44	Map083.json	1	dialogue	…と、いう夢を見た…　こわーーーー！！！
MAP83_e14_p2_58	Map083.json	1	dialogue	魔王ダフィール：
MAP83_e14_p2_59	Map083.json	1	dialogue	あー　やっぱりー？
MAP83_e14_p2_61	Map083.json	1	dialogue	魔王ダフィール：
MAP83_e14_p2_62	Map083.json	1	dialogue	これほどの闇のエレメントパワー相手だと…
MAP83_e14_p2_63	Map083.json	1	dialogue	継承者のキミでも全く歯が立たないんだねー？
MAP83_e14_p2_65	Map083.json	1	dialogue	ウィン：
MAP83_e14_p2_66	Map083.json	1	dialogue	………っ
MAP83_e14_p2_69	Map083.json	1	dialogue	魔王ダフィール：
MAP83_e14_p2_70	Map083.json	1	dialogue	一応生きてるみたいだけど…
MAP83_e14_p2_71	Map083.json	1	dialogue	さすがにもう戦えなさそうだなあ…
MAP83_e14_p2_75	Map083.json	1	dialogue	魔王ダフィール：
MAP83_e14_p2_76	Map083.json	1	dialogue	…つまんねーの！！
MAP83_e14_p2_85	Map083.json	1	dialogue	ウィン：
MAP83_e14_p2_86	Map083.json	1	dialogue	…！！
MAP83_e14_p2_88	Map083.json	1	dialogue	魔王ダフィール：
MAP83_e14_p2_89	Map083.json	1	dialogue	これからもっとパワーが増して…
MAP83_e14_p2_90	Map083.json	1	dialogue	本当の魔王に…
MAP83_e14_p2_92	Map083.json	1	dialogue	魔王ダフィール：
MAP83_e14_p2_93	Map083.json	1	dialogue	大魔王ダフィール様になるっていうのに…！！
MAP83_e14_p2_95	Map083.json	1	dialogue	魔王ダフィール：
MAP83_e14_p2_96	Map083.json	1	dialogue	カンタンにくたばりやがってえええええ！！！
MAP83_e14_p3_10	Map083.json	0	dialogue	魔王ダフィール：
MAP83_e14_p3_11	Map083.json	0	dialogue	ダフィ－－－ルッ…ファイアーーッ！！！！
MAP83_e14_p3_17	Map083.json	0	dialogue	？：
MAP83_e14_p3_18	Map083.json	0	dialogue	バクハツ！！
MAP83_e14_p3_6	Map083.json	0	dialogue	魔王ダフィール：
MAP83_e14_p3_7	Map083.json	0	dialogue	堕天の炎に焼かれて…
MAP83_e14_p3_8	Map083.json	0	dialogue	一瞬でホネになれ…
MAP83_e14_p4_1	Map083.json	0	dialogue	？：
MAP83_e14_p4_100	Map083.json	0	dialogue	まあいい…　まあ、いいさ！！
MAP83_e14_p4_101	Map083.json	0	dialogue	紋章が揃ったところで…
MAP83_e14_p4_103	Map083.json	0	dialogue	魔王ダフィール：
MAP83_e14_p4_104	Map083.json	0	dialogue	ボクが全ての闇のエレメンタルパワーを
MAP83_e14_p4_105	Map083.json	0	dialogue	手に入れれば同じこと…　
MAP83_e14_p4_106	Map083.json	0	dialogue	オマエらなんて相手じゃないんだよーー！！
MAP83_e14_p4_143	Map083.json	0	dialogue	ピピン：
MAP83_e14_p4_144	Map083.json	0	dialogue	そんな時間は与えない…！
MAP83_e14_p4_145	Map083.json	0	dialogue	お喋りに付き合うつもりもない！！
MAP83_e14_p4_147	Map083.json	0	dialogue	ピピン：
MAP83_e14_p4_148	Map083.json	0	dialogue	俺はガキの遊びに根気よく付き合ってやる
MAP83_e14_p4_149	Map083.json	0	dialogue	ような、オトナじゃないんでな…！
MAP83_e14_p4_151	Map083.json	0	dialogue	魔王ダフィール：
MAP83_e14_p4_152	Map083.json	0	dialogue	ボクの操りの術でケンカさせたのに…
MAP83_e14_p4_153	Map083.json	0	dialogue	キミたち随分と仲がいいじゃないか…
MAP83_e14_p4_155	Map083.json	0	dialogue	ピピン：
MAP83_e14_p4_156	Map083.json	0	dialogue	行くぞ、ウィン！！
MAP83_e14_p4_158	Map083.json	0	dialogue	ウィン：
MAP83_e14_p4_159	Map083.json	0	dialogue	…！
MAP83_e14_p4_18	Map083.json	0	dialogue	ピピン：
MAP83_e14_p4_19	Map083.json	0	dialogue	…久し振りだな。
MAP83_e14_p4_2	Map083.json	0	dialogue	ウィン！！　…生きているな？　　イヤシ！！
MAP83_e14_p4_22	Map083.json	0	dialogue	ウィン：
MAP83_e14_p4_23	Map083.json	0	dialogue	…！？
MAP83_e14_p4_30	Map083.json	0	dialogue	ウィン：
MAP83_e14_p4_31	Map083.json	0	dialogue	…！！
MAP83_e14_p4_33	Map083.json	0	dialogue	魔王ダフィール：
MAP83_e14_p4_34	Map083.json	0	dialogue	オマエは…　あのときの赤いの…だなー…？
MAP83_e14_p4_36	Map083.json	0	dialogue	ピピン：
MAP83_e14_p4_37	Map083.json	0	dialogue	…キサマにはいつか会いたいと思っていた。
MAP83_e14_p4_38	Map083.json	0	dialogue	まさか、こんな絶好の機会が来るとはな…
MAP83_e14_p4_40	Map083.json	0	dialogue	ピピン：
MAP83_e14_p4_41	Map083.json	0	dialogue	さすがの俺でも予想していなかったな。
MAP83_e14_p4_43	Map083.json	0	dialogue	魔王ダフィール：
MAP83_e14_p4_44	Map083.json	0	dialogue	赤いの…　てめええええ………！！
MAP83_e14_p4_46	Map083.json	0	dialogue	魔王ダフィール：
MAP83_e14_p4_47	Map083.json	0	dialogue	その両手の輝きは……　まさか…………！！
MAP83_e14_p4_63	Map083.json	0	dialogue	ウィン：
MAP83_e14_p4_64	Map083.json	0	dialogue	…！！
MAP83_e14_p4_67	Map083.json	0	dialogue	　　　　　　ピピンの右手には火の紋章が…
MAP83_e14_p4_68	Map083.json	0	dialogue	　　　　　左手には水の紋章が輝いている！！
MAP83_e14_p4_7	Map083.json	0	dialogue	魔王ダフィール：
MAP83_e14_p4_70	Map083.json	0	dialogue	ピピン：
MAP83_e14_p4_71	Map083.json	0	dialogue	…託された。
MAP83_e14_p4_73	Map083.json	0	dialogue	ピピン：
MAP83_e14_p4_74	Map083.json	0	dialogue	あいつらから託されたんだ…
MAP83_e14_p4_75	Map083.json	0	dialogue	ふたつの紋章を継承者から…　このオレがな。
MAP83_e14_p4_77	Map083.json	0	dialogue	魔王ダフィール：
MAP83_e14_p4_78	Map083.json	0	dialogue	チクショーーーー！！！！！
MAP83_e14_p4_8	Map083.json	0	dialogue	な、なななな…？
MAP83_e14_p4_80	Map083.json	0	dialogue	魔王ダフィール：
MAP83_e14_p4_81	Map083.json	0	dialogue	意味ねえじゃんかよアイツらーーーー！！！！
MAP83_e14_p4_82	Map083.json	0	dialogue	役立たずがああああああーー！！！！
MAP83_e14_p4_84	Map083.json	0	dialogue	ピピン：
MAP83_e14_p4_85	Map083.json	0	dialogue	ウィン…　俺は散々、お前に迷惑をかけた…
MAP83_e14_p4_87	Map083.json	0	dialogue	ピピン：
MAP83_e14_p4_88	Map083.json	0	dialogue	正直なところ、気まずいったらないんだが…、
MAP83_e14_p4_89	Map083.json	0	dialogue	…俺と一緒に戦えるな？
MAP83_e14_p4_9	Map083.json	0	dialogue	何が起こった…！！？？
MAP83_e14_p4_91	Map083.json	0	dialogue	ウィン：
MAP83_e14_p4_92	Map083.json	0	dialogue	…！
MAP83_e14_p4_95	Map083.json	0	dialogue	　　　　　　　　　ウィンは大きく頷いた！
MAP83_e14_p4_99	Map083.json	0	dialogue	魔王ダフィール：
MAP83_e14_p5_1	Map083.json	0	dialogue	？：
MAP83_e14_p5_100	Map083.json	0	dialogue	まあいい…　まあ、いいさ！！
MAP83_e14_p5_101	Map083.json	0	dialogue	紋章が揃ったところで…
MAP83_e14_p5_103	Map083.json	0	dialogue	魔王ダフィール：
MAP83_e14_p5_104	Map083.json	0	dialogue	ボクが全ての闇のエレメンタルパワーを
MAP83_e14_p5_105	Map083.json	0	dialogue	手に入れれば同じこと…　
MAP83_e14_p5_106	Map083.json	0	dialogue	オマエらなんて相手じゃないんだよーー！！
MAP83_e14_p5_143	Map083.json	0	dialogue	ピピン：
MAP83_e14_p5_144	Map083.json	0	dialogue	そんな時間は与えない…！
MAP83_e14_p5_145	Map083.json	0	dialogue	お喋りに付き合うつもりもない！！
MAP83_e14_p5_147	Map083.json	0	dialogue	ピピン：
MAP83_e14_p5_148	Map083.json	0	dialogue	俺はガキの遊びに根気よく付き合ってやる
MAP83_e14_p5_149	Map083.json	0	dialogue	ような、オトナじゃないんでな…！
MAP83_e14_p5_151	Map083.json	0	dialogue	魔王ダフィール：
MAP83_e14_p5_152	Map083.json	0	dialogue	ボクの操りの術でケンカさせたのに…
MAP83_e14_p5_153	Map083.json	0	dialogue	キミたち随分と仲がいいじゃないか…
MAP83_e14_p5_155	Map083.json	0	dialogue	ピピン：
MAP83_e14_p5_156	Map083.json	0	dialogue	一気に行くぞ、ウィン！！
MAP83_e14_p5_158	Map083.json	0	dialogue	ウィン：
MAP83_e14_p5_159	Map083.json	0	dialogue	…！
MAP83_e14_p5_18	Map083.json	0	dialogue	ピピン：
MAP83_e14_p5_19	Map083.json	0	dialogue	…久し振りだな。
MAP83_e14_p5_2	Map083.json	0	dialogue	ウィン！！　…生きているな？　　イヤシ！！
MAP83_e14_p5_22	Map083.json	0	dialogue	ウィン：
MAP83_e14_p5_23	Map083.json	0	dialogue	…！？
MAP83_e14_p5_30	Map083.json	0	dialogue	ウィン：
MAP83_e14_p5_31	Map083.json	0	dialogue	…！！
MAP83_e14_p5_33	Map083.json	0	dialogue	魔王ダフィール：
MAP83_e14_p5_34	Map083.json	0	dialogue	オマエは…　あのときの赤いの…だなー…？
MAP83_e14_p5_36	Map083.json	0	dialogue	ピピン：
MAP83_e14_p5_37	Map083.json	0	dialogue	…キサマにはいつか会いたいと思っていた。
MAP83_e14_p5_38	Map083.json	0	dialogue	まさか、こんな絶好の機会が来るとはな…
MAP83_e14_p5_40	Map083.json	0	dialogue	ピピン：
MAP83_e14_p5_41	Map083.json	0	dialogue	さすがの俺でも予想していなかったな。
MAP83_e14_p5_43	Map083.json	0	dialogue	魔王ダフィール：
MAP83_e14_p5_44	Map083.json	0	dialogue	赤いの…　てめええええ………！！
MAP83_e14_p5_46	Map083.json	0	dialogue	魔王ダフィール：
MAP83_e14_p5_47	Map083.json	0	dialogue	その両手の輝きは……　まさか…………！！
MAP83_e14_p5_63	Map083.json	0	dialogue	ウィン：
MAP83_e14_p5_64	Map083.json	0	dialogue	…！！
MAP83_e14_p5_67	Map083.json	0	dialogue	　　　　　　ピピンの右手には火の紋章が…
MAP83_e14_p5_68	Map083.json	0	dialogue	　　　　　左手には水の紋章が輝いている！！
MAP83_e14_p5_7	Map083.json	0	dialogue	魔王ダフィール：
MAP83_e14_p5_70	Map083.json	0	dialogue	ピピン：
MAP83_e14_p5_71	Map083.json	0	dialogue	…託された。
MAP83_e14_p5_73	Map083.json	0	dialogue	ピピン：
MAP83_e14_p5_74	Map083.json	0	dialogue	あいつらから託されたんだ…
MAP83_e14_p5_75	Map083.json	0	dialogue	ふたつの紋章を継承者から…　このオレがな。
MAP83_e14_p5_77	Map083.json	0	dialogue	魔王ダフィール：
MAP83_e14_p5_78	Map083.json	0	dialogue	チクショーーーー！！！！！
MAP83_e14_p5_8	Map083.json	0	dialogue	な、なななな…？
MAP83_e14_p5_80	Map083.json	0	dialogue	魔王ダフィール：
MAP83_e14_p5_81	Map083.json	0	dialogue	意味ねえじゃんかよアイツらーーーー！！！！
MAP83_e14_p5_82	Map083.json	0	dialogue	役立たずがああああああーー！！！！
MAP83_e14_p5_84	Map083.json	0	dialogue	ピピン：
MAP83_e14_p5_85	Map083.json	0	dialogue	ウィン…　俺は散々、お前に迷惑をかけた…
MAP83_e14_p5_87	Map083.json	0	dialogue	ピピン：
MAP83_e14_p5_88	Map083.json	0	dialogue	正直なところ、気まずいったらないんだが…、
MAP83_e14_p5_89	Map083.json	0	dialogue	…俺と一緒に戦えるな？
MAP83_e14_p5_9	Map083.json	0	dialogue	何が起こった…！！？？
MAP83_e14_p5_91	Map083.json	0	dialogue	ウィン：
MAP83_e14_p5_92	Map083.json	0	dialogue	…！
MAP83_e14_p5_95	Map083.json	0	dialogue	　　　　　　　　　ウィンは大きく頷いた！
MAP83_e14_p5_99	Map083.json	0	dialogue	魔王ダフィール：
MAP83_e17_name	Map083.json	event name	name	ピピン
MAP85_e1_name	Map085.json	event name	name	近衛兵クリス
MAP85_e1_p0_1	Map085.json	0	dialogue	近衛兵クリス：
MAP85_e1_p0_2	Map085.json	0	dialogue	ここから先は、ウィンダム王とお妃さまの
MAP85_e1_p0_3	Map085.json	0	dialogue	寝室だぜ　…って、
MAP85_e1_p0_4	Map085.json	0	dialogue	お前そんなこと知ってるだろ。あっち行った。
MAP85_e2_name	Map085.json	event name	name	ウィンダム王
MAP85_e3_name	Map085.json	event name	name	ロイ
MAP85_e4_p0_14	Map085.json	0	dialogue	近衛兵クリス：
MAP85_e4_p0_15	Map085.json	0	dialogue	も、申し上げます！！
MAP85_e4_p0_17	Map085.json	0	dialogue	近衛兵クリス：
MAP85_e4_p0_18	Map085.json	0	dialogue	暗黒大陸に…また光の柱が立ちました…！！
MAP85_e4_p0_22	Map085.json	0	dialogue	ウィンダム王：
MAP85_e4_p0_23	Map085.json	0	dialogue	…なに！？
MAP85_e4_p0_25	Map085.json	0	dialogue	ロイ：
MAP85_e4_p0_26	Map085.json	0	dialogue	…ウィン…！！
MAP85_e5_name	Map085.json	event name	name	玉座の護衛左
MAP85_e5_p0_1	Map085.json	0	dialogue	近衛兵ブロウニング：
MAP85_e5_p0_11	Map085.json	1	dialogue	ピピン：
MAP85_e5_p0_12	Map085.json	1	dialogue	どこの自称天才さんの話だ？おい？
MAP85_e5_p0_14	Map085.json	1	dialogue	近衛兵ブロウニング：
MAP85_e5_p0_15	Map085.json	1	dialogue	げっ！いたのかピピン！！
MAP85_e5_p0_16	Map085.json	1	dialogue	ま、とりあえず、ウィン！がんばれよ！
MAP85_e5_p0_17	Map085.json	1	dialogue	…ピピンもな。
MAP85_e5_p0_2	Map085.json	0	dialogue	よう、ウィン。最近どうだ？
MAP85_e5_p0_21	Map085.json	1	dialogue	近衛兵ブロウニング：
MAP85_e5_p0_22	Map085.json	1	dialogue	なんだなんだ、騎士学校トップで卒業した
MAP85_e5_p0_23	Map085.json	1	dialogue	お前が、そんなパッとしない顔して。
MAP85_e5_p0_24	Map085.json	1	dialogue	最近実家のパン食べてないのか？
MAP85_e5_p0_3_c0	Map085.json	choice	choice	いい感じ
MAP85_e5_p0_3_c1	Map085.json	choice	choice	ぼちぼち
MAP85_e5_p0_6	Map085.json	1	dialogue	近衛兵ブロウニング：
MAP85_e5_p0_7	Map085.json	1	dialogue	そりゃあよかった！俺はお前ならきっと
MAP85_e5_p0_8	Map085.json	1	dialogue	騎士団長になると思ってるんだ。
MAP85_e5_p0_9	Map085.json	1	dialogue	あんな性格の悪い自称天才でなく…
MAP85_e5_p1_1	Map085.json	0	dialogue	近衛兵ブロウニング：
MAP85_e5_p1_12	Map085.json	1	dialogue	近衛兵ブロウニング：
MAP85_e5_p1_13	Map085.json	1	dialogue	そうか…。
MAP85_e5_p1_14	Map085.json	1	dialogue	俺はてっきりケンカでもしたのかと。
MAP85_e5_p1_2	Map085.json	0	dialogue	よう、ウィン。あれ、ピピンは…
MAP85_e5_p1_3_c0	Map085.json	choice	choice	うん
MAP85_e5_p1_3_c1	Map085.json	choice	choice	別行動なんだ
MAP85_e5_p1_6	Map085.json	1	dialogue	近衛兵ブロウニング：
MAP85_e5_p1_7	Map085.json	1	dialogue	うんてウィン…
MAP85_e5_p1_8	Map085.json	1	dialogue	なんだお前ら、ケンカしたかー？
MAP85_e5_p2_1	Map085.json	0	dialogue	近衛兵ブロウニング：
MAP85_e5_p2_13	Map085.json	1	dialogue	近衛兵ブロウニング：
MAP85_e5_p2_14	Map085.json	1	dialogue	ちがうってなんだよ…
MAP85_e5_p2_15	Map085.json	1	dialogue	おい！手を隠すなって！
MAP85_e5_p2_2	Map085.json	0	dialogue	ウィン、聞いたぞ！
MAP85_e5_p2_3	Map085.json	0	dialogue	おまえ…　紋章を継承したって…！
MAP85_e5_p2_4_c0	Map085.json	choice	choice	うん
MAP85_e5_p2_4_c1	Map085.json	choice	choice	ちがうよ
MAP85_e5_p2_7	Map085.json	1	dialogue	近衛兵ブロウニング：
MAP85_e5_p2_8	Map085.json	1	dialogue	てことはお前…将来の騎士団長じゃねえか…
MAP85_e5_p2_9	Map085.json	1	dialogue	出世早すぎるだろ！すげえな！
MAP85_e6_name	Map085.json	event name	name	玉座の護衛右
MAP85_e6_p0_1	Map085.json	0	dialogue	近衛兵ライトニング：
MAP85_e6_p0_11	Map085.json	1	dialogue	ピピン：
MAP85_e6_p0_12	Map085.json	1	dialogue	ああ。
MAP85_e6_p0_14	Map085.json	1	dialogue	近衛兵ライトニング：
MAP85_e6_p0_15	Map085.json	1	dialogue	…それなら安心だ。
MAP85_e6_p0_16	Map085.json	1	dialogue	ピピンと一緒なら、ウィンも色々勉強に
MAP85_e6_p0_17	Map085.json	1	dialogue	なるだろう。ピピン、ウィンをよろしくな。
MAP85_e6_p0_2	Map085.json	0	dialogue	…仕事か？
MAP85_e6_p0_21	Map085.json	1	dialogue	ピピン：
MAP85_e6_p0_22	Map085.json	1	dialogue	なんでだ！仕事だろう！？
MAP85_e6_p0_23	Map085.json	1	dialogue	まさかウイン、
MAP85_e6_p0_24	Map085.json	1	dialogue	お前、陛下の話を聞いてなかったのか！？
MAP85_e6_p0_26	Map085.json	1	dialogue	近衛兵ライトニング：
MAP85_e6_p0_27	Map085.json	1	dialogue	俺も聞いていた、仕事だよな？ウィン。
MAP85_e6_p0_28	Map085.json	1	dialogue	知っていて聞いた俺が悪かったよ。
MAP85_e6_p0_29	Map085.json	1	dialogue	…しかしピピンは怒り過ぎだ。うるさい。
MAP85_e6_p0_31	Map085.json	1	dialogue	ピピン：
MAP85_e6_p0_32	Map085.json	1	dialogue	…クッ
MAP85_e6_p0_33	Map085.json	1	dialogue	どうして俺が怒られたんだ…
MAP85_e6_p0_3_c0	Map085.json	choice	choice	そうだよ
MAP85_e6_p0_3_c1	Map085.json	choice	choice	ちがうよ
MAP85_e6_p0_6	Map085.json	1	dialogue	近衛兵ライトニング：
MAP85_e6_p0_7	Map085.json	1	dialogue	人食いの獣が住み着いたっていう、
MAP85_e6_p0_8	Map085.json	1	dialogue	西の監視塔か。
MAP85_e6_p0_9	Map085.json	1	dialogue	ピピンも一緒なんだな？
MAP85_e6_p1_1	Map085.json	0	dialogue	近衛兵ライトニング：
MAP85_e6_p1_13	Map085.json	1	dialogue	近衛兵ライトニング：
MAP85_e6_p1_14	Map085.json	1	dialogue	なら、なんでそんな難しい顔をしてるんだ？
MAP85_e6_p1_15	Map085.json	1	dialogue	なあ、もしつらいことがあったら、
MAP85_e6_p1_16	Map085.json	1	dialogue	ひとりで抱え込むんじゃないぞ…？
MAP85_e6_p1_2	Map085.json	0	dialogue	…また仕事か？
MAP85_e6_p1_3_c0	Map085.json	choice	choice	そうだよ
MAP85_e6_p1_3_c1	Map085.json	choice	choice	ちがうよ
MAP85_e6_p1_6	Map085.json	1	dialogue	近衛兵ライトニング：
MAP85_e6_p1_7	Map085.json	1	dialogue	どんな仕事かはあえて聞かないさ。
MAP85_e6_p1_8	Map085.json	1	dialogue	しかし、ウィン、お前なんだか顔つきが
MAP85_e6_p1_9	Map085.json	1	dialogue	変わったな…。
MAP85_e6_p2_1	Map085.json	0	dialogue	近衛兵ライトニング：
MAP85_e6_p2_13	Map085.json	1	dialogue	近衛兵ライトニング：
MAP85_e6_p2_14	Map085.json	1	dialogue	すまん、冗談さ、ウィン。
MAP85_e6_p2_15	Map085.json	1	dialogue	闇のエレメントの復活…
MAP85_e6_p2_16	Map085.json	1	dialogue	止めてくれよ。お前なら、きっと出来るさ。
MAP85_e6_p2_2	Map085.json	0	dialogue	これはこれは次期騎士団長どの…
MAP85_e6_p2_3	Map085.json	0	dialogue	紋章の継承おめでとうございます
MAP85_e6_p2_4_c0	Map085.json	choice	choice	ありがとう
MAP85_e6_p2_4_c1	Map085.json	choice	choice	やめてよ
MAP85_e6_p2_7	Map085.json	1	dialogue	近衛兵ライトニング：
MAP85_e6_p2_8	Map085.json	1	dialogue	浮かれている場合か、若造。
MAP85_e6_p2_9	Map085.json	1	dialogue	…がんばれよ。
MAP86_e15_p1_1	Map086.json	0	dialogue	イヌ：
MAP86_e15_p1_2	Map086.json	0	dialogue	…ックーン！
MAP86_e15_p1_4	Map086.json	0	dialogue	ホノオ：
MAP86_e15_p1_5	Map086.json	0	dialogue	よしよし、ちゃんとメシもらってるみたいだな！
MAP86_e15_p2_1	Map086.json	0	dialogue	イヌ：
MAP86_e15_p2_2	Map086.json	0	dialogue	クッーン！ッっクーン！
MAP86_e15_p2_4	Map086.json	0	dialogue	ホノオ：
MAP86_e15_p2_5	Map086.json	0	dialogue	しかし変な鳴き声の犬だぜ…
MAP86_e15_p3_1	Map086.json	0	dialogue	イヌ：
MAP86_e15_p3_12	Map086.json	0	dialogue	ホノオ：
MAP86_e15_p3_13	Map086.json	0	dialogue	…ナイフ？
MAP86_e15_p3_14	Map086.json	0	dialogue	オマエ、一体どっからこんなモンを…？？
MAP86_e15_p3_16	Map086.json	0	dialogue	ホノオ：
MAP86_e15_p3_17	Map086.json	0	dialogue	まあいいや、コレはオレがもらっとくぜ！
MAP86_e15_p3_19	Map086.json	0	dialogue	イヌ：
MAP86_e15_p3_2	Map086.json	0	dialogue	フッーン！ッっフーン！
MAP86_e15_p3_20	Map086.json	0	dialogue	クーンックー！
MAP86_e15_p3_23	Map086.json	0	dialogue	　　　　ホノオはマンゴーシュを手に入れた！
MAP86_e15_p3_4	Map086.json	0	dialogue	ホノオ：
MAP86_e15_p3_5	Map086.json	0	dialogue	しかし変な鳴き声の犬…
MAP86_e15_p3_6	Map086.json	0	dialogue	って、オマエなんでそんなモン咥えてんだ！？
MAP86_e15_p3_9	Map086.json	0	dialogue	　　　　　　ホノオは犬からそれを奪い取った！
MAP86_e15_p4_1	Map086.json	0	dialogue	イヌ：
MAP86_e15_p4_2	Map086.json	0	dialogue	クッーン！ッっクーン！
MAP86_e15_p4_4	Map086.json	0	dialogue	ホノオ：
MAP86_e15_p4_5	Map086.json	0	dialogue	しかし変な鳴き声の犬だぜ…
MAP86_e33_name	Map086.json	event name	name	フレイム王　崩壊後
MAP86_e33_p1_1	Map086.json	0	dialogue	フレイム王：
MAP86_e33_p1_10	Map086.json	0	dialogue	無事に帰ってくれ…　ホノオ。
MAP86_e33_p1_12	Map086.json	0	dialogue	ホノオ：
MAP86_e33_p1_13	Map086.json	0	dialogue	当たり前だろ？　あ、それより、
MAP86_e33_p1_14	Map086.json	0	dialogue	アレ、あるか？
MAP86_e33_p1_16	Map086.json	0	dialogue	フレイム王：
MAP86_e33_p1_17	Map086.json	0	dialogue	む、なんのことだ？
MAP86_e33_p1_19	Map086.json	0	dialogue	ホノオ：
MAP86_e33_p1_2	Map086.json	0	dialogue	おお…　遂に継承者が揃ったか…。
MAP86_e33_p1_20	Map086.json	0	dialogue	王に代々受け継がれる、この国の宝剣だよ。
MAP86_e33_p1_21	Map086.json	0	dialogue	ちょっとばかし前倒しにして…
MAP86_e33_p1_22	Map086.json	0	dialogue	アレをオレにくれないか？
MAP86_e33_p1_24	Map086.json	0	dialogue	フレイム王：
MAP86_e33_p1_25	Map086.json	0	dialogue	無論かまわんが…
MAP86_e33_p1_26	Map086.json	0	dialogue	一応しきたりでは王になるときに渡すものだ。
MAP86_e33_p1_27	Map086.json	0	dialogue	しかし、なぜ急ごうと思った…？
MAP86_e33_p1_29	Map086.json	0	dialogue	ホノオ：
MAP86_e33_p1_3	Map086.json	0	dialogue	…暗黒大陸に渡るのだな？
MAP86_e33_p1_30	Map086.json	0	dialogue	オレ戦いだと夢中になっちまって、あと先を
MAP86_e33_p1_31	Map086.json	0	dialogue	考えなくなっちまうところがあるからよ…
MAP86_e33_p1_33	Map086.json	0	dialogue	ホノオ：
MAP86_e33_p1_34	Map086.json	0	dialogue	けど…　右手に王の剣があれば…
MAP86_e33_p1_35	Map086.json	0	dialogue	ソレを見る度に思い出せるんじゃねえかと
MAP86_e33_p1_36	Map086.json	0	dialogue	思ってな…　大事なことを。
MAP86_e33_p1_38	Map086.json	0	dialogue	フレイム王：
MAP86_e33_p1_39	Map086.json	0	dialogue	そうか…　よくわかった。
MAP86_e33_p1_42	Map086.json	0	dialogue	　　　　ホノオはゾモロドネガルを受け取った！
MAP86_e33_p1_45	Map086.json	0	dialogue	ホノオ：
MAP86_e33_p1_46	Map086.json	0	dialogue	ありがとよ、親父！
MAP86_e33_p1_47	Map086.json	0	dialogue	代わりに俺のシャムシールを親父に渡そうか？
MAP86_e33_p1_49	Map086.json	0	dialogue	フレイム王：
MAP86_e33_p1_5	Map086.json	0	dialogue	ホノオ：
MAP86_e33_p1_50	Map086.json	0	dialogue	それはやめておこう。形見にもらうようで…
MAP86_e33_p1_51	Map086.json	0	dialogue	弱気になりそうだからな…。
MAP86_e33_p1_53	Map086.json	0	dialogue	ホノオ：
MAP86_e33_p1_54	Map086.json	0	dialogue	あ、そう………
MAP86_e33_p1_55	Map086.json	0	dialogue	じゃあ親父、ちょっくら行ってくるぜ！
MAP86_e33_p1_57	Map086.json	0	dialogue	フレイム王：
MAP86_e33_p1_58	Map086.json	0	dialogue	うむ、我が息子に武運を！
MAP86_e33_p1_6	Map086.json	0	dialogue	ああ！　行ってくるぜ、親父！
MAP86_e33_p1_8	Map086.json	0	dialogue	フレイム王：
MAP86_e33_p1_9	Map086.json	0	dialogue	そうか…　
MAP86_e33_p2_1	Map086.json	0	dialogue	フレイム王：
MAP86_e33_p2_10	Map086.json	0	dialogue	ナガレ：
MAP86_e33_p2_11	Map086.json	0	dialogue	あたしは水の紋章の力を持つものとして、
MAP86_e33_p2_12	Map086.json	0	dialogue	当然のことをしただけです。
MAP86_e33_p2_14	Map086.json	0	dialogue	ナガレ：
MAP86_e33_p2_15	Map086.json	0	dialogue	しかしフレイム王は…
MAP86_e33_p2_16	Map086.json	0	dialogue	まだお身体の具合が優れぬ様子で…
MAP86_e33_p2_17	Map086.json	0	dialogue	心配です。
MAP86_e33_p2_19	Map086.json	0	dialogue	フレイム王：
MAP86_e33_p2_2	Map086.json	0	dialogue	ナガレ殿、　四天王の襲撃の際は、
MAP86_e33_p2_20	Map086.json	0	dialogue	わしのは寿命でしょうな。
MAP86_e33_p2_21	Map086.json	0	dialogue	ナガレ殿のおかげで傷はすっかり完治しておる
MAP86_e33_p2_23	Map086.json	0	dialogue	フレイム王：
MAP86_e33_p2_24	Map086.json	0	dialogue	ひとり残すホノオが心配です…
MAP86_e33_p2_25	Map086.json	0	dialogue	世継ぎどころか、あやつにはいまだ妻もなく…
MAP86_e33_p2_27	Map086.json	0	dialogue	フレイム王：
MAP86_e33_p2_28	Map086.json	0	dialogue	ナガレ殿のようなお強い方が、あやつの近くに
MAP86_e33_p2_29	Map086.json	0	dialogue	おってくれたなら、何の心配もないのだが…
MAP86_e33_p2_3	Map086.json	0	dialogue	本当にありがとうございました。
MAP86_e33_p2_31	Map086.json	0	dialogue	ナガレ：
MAP86_e33_p2_32	Map086.json	0	dialogue	あはは、そうですね。
MAP86_e33_p2_34	Map086.json	0	dialogue	ホノオ：
MAP86_e33_p2_35	Map086.json	0	dialogue	親父ー？　そういうのやめろな？
MAP86_e33_p2_5	Map086.json	0	dialogue	フレイム王：
MAP86_e33_p2_6	Map086.json	0	dialogue	ナガレ殿のおかげで、城の者たちの殆どが
MAP86_e33_p2_7	Map086.json	0	dialogue	いまは元気になりました。
MAP86_e33_p2_8	Map086.json	0	dialogue	このご恩、わしだけでなく皆忘れないでしょう
MAP86_e33_p3_1	Map086.json	0	dialogue	フレイム王：
MAP86_e33_p3_10	Map086.json	0	dialogue	ああ…　はい、わかりました。
MAP86_e33_p3_12	Map086.json	0	dialogue	ホノオ：
MAP86_e33_p3_13	Map086.json	0	dialogue	オレは？　一応次の王様なんだけど…？
MAP86_e33_p3_2	Map086.json	0	dialogue	我が兵たちにとって、ナガレ殿はいまや
MAP86_e33_p3_3	Map086.json	0	dialogue	皆の救世主、戦場の女神です。
MAP86_e33_p3_5	Map086.json	0	dialogue	フレイム王：
MAP86_e33_p3_6	Map086.json	0	dialogue	よかったら兵たちに声をかけてやって下され。
MAP86_e33_p3_7	Map086.json	0	dialogue	全軍の士気がおおいに上がると思います。
MAP86_e33_p3_9	Map086.json	0	dialogue	ナガレ：
MAP86_e37_p0_2	Map086.json	0	dialogue	　　　左　ホノオ王子の部屋　右　ホムラ王子の部屋
MAP86_e4_name	Map086.json	event name	name	リマル
MAP86_e4_p0_1	Map086.json	0	dialogue	フレイム王国大臣リマル：
MAP86_e4_p0_2	Map086.json	0	dialogue	本来次期国王は、紋章を継承したあとにすぐ
MAP86_e4_p0_3	Map086.json	0	dialogue	南の遺跡へひとりで赴き、試練を果たさねば
MAP86_e4_p0_4	Map086.json	0	dialogue	ならん…
MAP86_e4_p0_6	Map086.json	0	dialogue	しかし最近南の遺跡に魔物が増えたのと、
MAP86_e4_p0_7	Map086.json	0	dialogue	何より王子が死んでしまうのを恐れて、
MAP86_e4_p0_8	Map086.json	0	dialogue	王は今回の試練を見送るつもりだったのだ…
MAP86_e5_p0_18	Map086.json	0	dialogue	フレイム王国大臣リマル：
MAP86_e5_p0_19	Map086.json	0	dialogue	陛下…！！
MAP86_e5_p0_20	Map086.json	0	dialogue	お休み中失礼いたします…！
MAP86_e5_p0_22	Map086.json	0	dialogue	フレイム王国大臣リマル：
MAP86_e5_p0_23	Map086.json	0	dialogue	光の柱が…
MAP86_e5_p0_24	Map086.json	0	dialogue	ふたたび光の柱が観測されたとのことです！！
MAP86_e5_p0_26	Map086.json	0	dialogue	フレイム王：
MAP86_e5_p0_27	Map086.json	0	dialogue	おお…　あの地で一体何が起こっているのか…
MAP86_e5_p0_28	Map086.json	0	dialogue	ホノオ…　無事でいてくれ…！
MAP87_e10_p1_2	Map087.json	0	dialogue	　　　　ハヤテを使えば目的地にすぐに行けるな
MAP87_e10_p1_3	Map087.json	0	dialogue	　　　　　　　　…と、ウィンは思った
MAP87_e10_p1_4_c0	Map087.json	choice	choice	ハヤテを使おう
MAP87_e10_p1_4_c1	Map087.json	choice	choice	使わなくていいや
MAP87_e10_p1_6_c0	Map087.json	choice	choice	ウィンダム城
MAP87_e10_p1_6_c1	Map087.json	choice	choice	フレイム城
MAP87_e10_p1_6_c2	Map087.json	choice	choice	旅の宿屋
MAP87_e10_p1_6_c3	Map087.json	choice	choice	南の採石場
MAP87_e10_p2_2	Map087.json	0	dialogue	　　　　ハヤテを使えば目的地にすぐに行けるな
MAP87_e10_p2_3	Map087.json	0	dialogue	　　　　　　　　…と、ウィンは思った
MAP87_e10_p2_4_c0	Map087.json	choice	choice	ハヤテを使おう
MAP87_e10_p2_4_c1	Map087.json	choice	choice	使わなくていいや
MAP87_e10_p2_6_c0	Map087.json	choice	choice	ウィンダム城
MAP87_e10_p2_6_c1	Map087.json	choice	choice	フレイム城
MAP87_e10_p2_6_c2	Map087.json	choice	choice	旅の宿屋
MAP87_e10_p2_6_c3	Map087.json	choice	choice	南の採石場
MAP87_e10_p2_6_c4	Map087.json	choice	choice	暗黒大陸の廃墟
MAP87_e11_p1_2	Map087.json	0	dialogue	　　　　ハヤテを使えば目的地にすぐに行けるな
MAP87_e11_p1_3	Map087.json	0	dialogue	　　　　　　　　…と、ウィンは思った
MAP87_e11_p1_4_c0	Map087.json	choice	choice	ハヤテを使おう
MAP87_e11_p1_4_c1	Map087.json	choice	choice	使わなくていいや
MAP87_e11_p1_6_c0	Map087.json	choice	choice	ウィンダム城
MAP87_e11_p1_6_c1	Map087.json	choice	choice	フレイム城
MAP87_e11_p1_6_c2	Map087.json	choice	choice	旅の宿屋
MAP87_e11_p1_6_c3	Map087.json	choice	choice	南の採石場
MAP87_e11_p2_2	Map087.json	0	dialogue	　　　　ハヤテを使えば目的地にすぐに行けるな
MAP87_e11_p2_3	Map087.json	0	dialogue	　　　　　　　　…と、ウィンは思った
MAP87_e11_p2_4_c0	Map087.json	choice	choice	ハヤテを使おう
MAP87_e11_p2_4_c1	Map087.json	choice	choice	使わなくていいや
MAP87_e11_p2_6_c0	Map087.json	choice	choice	ウィンダム城
MAP87_e11_p2_6_c1	Map087.json	choice	choice	フレイム城
MAP87_e11_p2_6_c2	Map087.json	choice	choice	旅の宿屋
MAP87_e11_p2_6_c3	Map087.json	choice	choice	南の採石場
MAP87_e11_p2_6_c4	Map087.json	choice	choice	暗黒大陸の廃墟
MAP87_e12_p1_2	Map087.json	0	dialogue	　　　　ハヤテを使えば目的地にすぐに行けるな
MAP87_e12_p1_3	Map087.json	0	dialogue	　　　　　　　　…と、ウィンは思った
MAP87_e12_p1_4_c0	Map087.json	choice	choice	ハヤテを使おう
MAP87_e12_p1_4_c1	Map087.json	choice	choice	使わなくていいや
MAP87_e12_p1_6_c0	Map087.json	choice	choice	ウィンダム城
MAP87_e12_p1_6_c1	Map087.json	choice	choice	フレイム城
MAP87_e12_p1_6_c2	Map087.json	choice	choice	旅の宿屋
MAP87_e12_p1_6_c3	Map087.json	choice	choice	南の採石場
MAP87_e12_p2_2	Map087.json	0	dialogue	　　　　ハヤテを使えば目的地にすぐに行けるな
MAP87_e12_p2_3	Map087.json	0	dialogue	　　　　　　　　…と、ウィンは思った
MAP87_e12_p2_4_c0	Map087.json	choice	choice	ハヤテを使おう
MAP87_e12_p2_4_c1	Map087.json	choice	choice	使わなくていいや
MAP87_e12_p2_6_c0	Map087.json	choice	choice	ウィンダム城
MAP87_e12_p2_6_c1	Map087.json	choice	choice	フレイム城
MAP87_e12_p2_6_c2	Map087.json	choice	choice	旅の宿屋
MAP87_e12_p2_6_c3	Map087.json	choice	choice	南の採石場
MAP87_e12_p2_6_c4	Map087.json	choice	choice	暗黒大陸の廃墟
MAP87_e13_p1_2	Map087.json	0	dialogue	　　　　ハヤテを使えば目的地にすぐに行けるな
MAP87_e13_p1_3	Map087.json	0	dialogue	　　　　　　　　…と、ウィンは思った
MAP87_e13_p1_4_c0	Map087.json	choice	choice	ハヤテを使おう
MAP87_e13_p1_4_c1	Map087.json	choice	choice	使わなくていいや
MAP87_e13_p1_6_c0	Map087.json	choice	choice	ウィンダム城
MAP87_e13_p1_6_c1	Map087.json	choice	choice	フレイム城
MAP87_e13_p1_6_c2	Map087.json	choice	choice	旅の宿屋
MAP87_e13_p1_6_c3	Map087.json	choice	choice	南の採石場
MAP87_e13_p2_2	Map087.json	0	dialogue	　　　　ハヤテを使えば目的地にすぐに行けるな
MAP87_e13_p2_3	Map087.json	0	dialogue	　　　　　　　　…と、ウィンは思った
MAP87_e13_p2_4_c0	Map087.json	choice	choice	ハヤテを使おう
MAP87_e13_p2_4_c1	Map087.json	choice	choice	使わなくていいや
MAP87_e13_p2_6_c0	Map087.json	choice	choice	ウィンダム城
MAP87_e13_p2_6_c1	Map087.json	choice	choice	フレイム城
MAP87_e13_p2_6_c2	Map087.json	choice	choice	旅の宿屋
MAP87_e13_p2_6_c3	Map087.json	choice	choice	南の採石場
MAP87_e13_p2_6_c4	Map087.json	choice	choice	暗黒大陸の廃墟
MAP87_e14_p1_2	Map087.json	0	dialogue	　　　　ハヤテを使えば目的地にすぐに行けるな
MAP87_e14_p1_3	Map087.json	0	dialogue	　　　　　　　　…と、ウィンは思った
MAP87_e14_p1_4_c0	Map087.json	choice	choice	ハヤテを使おう
MAP87_e14_p1_4_c1	Map087.json	choice	choice	使わなくていいや
MAP87_e14_p1_6_c0	Map087.json	choice	choice	ウィンダム城
MAP87_e14_p1_6_c1	Map087.json	choice	choice	フレイム城
MAP87_e14_p1_6_c2	Map087.json	choice	choice	旅の宿屋
MAP87_e14_p1_6_c3	Map087.json	choice	choice	南の採石場
MAP87_e14_p2_2	Map087.json	0	dialogue	　　　　ハヤテを使えば目的地にすぐに行けるな
MAP87_e14_p2_3	Map087.json	0	dialogue	　　　　　　　　…と、ウィンは思った
MAP87_e14_p2_4_c0	Map087.json	choice	choice	ハヤテを使おう
MAP87_e14_p2_4_c1	Map087.json	choice	choice	使わなくていいや
MAP87_e14_p2_6_c0	Map087.json	choice	choice	ウィンダム城
MAP87_e14_p2_6_c1	Map087.json	choice	choice	フレイム城
MAP87_e14_p2_6_c2	Map087.json	choice	choice	旅の宿屋
MAP87_e14_p2_6_c3	Map087.json	choice	choice	南の採石場
MAP87_e14_p2_6_c4	Map087.json	choice	choice	暗黒大陸の廃墟
MAP87_e15_p1_2	Map087.json	0	dialogue	　　　　ハヤテを使えば目的地にすぐに行けるな
MAP87_e15_p1_3	Map087.json	0	dialogue	　　　　　　　　…と、ウィンは思った
MAP87_e15_p1_4_c0	Map087.json	choice	choice	ハヤテを使おう
MAP87_e15_p1_4_c1	Map087.json	choice	choice	使わなくていいや
MAP87_e15_p1_6_c0	Map087.json	choice	choice	ウィンダム城
MAP87_e15_p1_6_c1	Map087.json	choice	choice	フレイム城
MAP87_e15_p1_6_c2	Map087.json	choice	choice	旅の宿屋
MAP87_e15_p1_6_c3	Map087.json	choice	choice	南の採石場
MAP87_e15_p2_2	Map087.json	0	dialogue	　　　　ハヤテを使えば目的地にすぐに行けるな
MAP87_e15_p2_3	Map087.json	0	dialogue	　　　　　　　　…と、ウィンは思った
MAP87_e15_p2_4_c0	Map087.json	choice	choice	ハヤテを使おう
MAP87_e15_p2_4_c1	Map087.json	choice	choice	使わなくていいや
MAP87_e15_p2_6_c0	Map087.json	choice	choice	ウィンダム城
MAP87_e15_p2_6_c1	Map087.json	choice	choice	フレイム城
MAP87_e15_p2_6_c2	Map087.json	choice	choice	旅の宿屋
MAP87_e15_p2_6_c3	Map087.json	choice	choice	南の採石場
MAP87_e15_p2_6_c4	Map087.json	choice	choice	暗黒大陸の廃墟
MAP87_e16_p1_2	Map087.json	0	dialogue	　　　　ハヤテを使えば目的地にすぐに行けるな
MAP87_e16_p1_3	Map087.json	0	dialogue	　　　　　　　　…と、ウィンは思った
MAP87_e16_p1_4_c0	Map087.json	choice	choice	ハヤテを使おう
MAP87_e16_p1_4_c1	Map087.json	choice	choice	使わなくていいや
MAP87_e16_p1_6_c0	Map087.json	choice	choice	ウィンダム城
MAP87_e16_p1_6_c1	Map087.json	choice	choice	フレイム城
MAP87_e16_p1_6_c2	Map087.json	choice	choice	旅の宿屋
MAP87_e16_p1_6_c3	Map087.json	choice	choice	南の採石場
MAP87_e16_p2_2	Map087.json	0	dialogue	　　　　ハヤテを使えば目的地にすぐに行けるな
MAP87_e16_p2_3	Map087.json	0	dialogue	　　　　　　　　…と、ウィンは思った
MAP87_e16_p2_4_c0	Map087.json	choice	choice	ハヤテを使おう
MAP87_e16_p2_4_c1	Map087.json	choice	choice	使わなくていいや
MAP87_e16_p2_6_c0	Map087.json	choice	choice	ウィンダム城
MAP87_e16_p2_6_c1	Map087.json	choice	choice	フレイム城
MAP87_e16_p2_6_c2	Map087.json	choice	choice	旅の宿屋
MAP87_e16_p2_6_c3	Map087.json	choice	choice	南の採石場
MAP87_e16_p2_6_c4	Map087.json	choice	choice	暗黒大陸の廃墟
MAP87_e17_p1_2	Map087.json	0	dialogue	　　　　ハヤテを使えば目的地にすぐに行けるな
MAP87_e17_p1_3	Map087.json	0	dialogue	　　　　　　　　…と、ウィンは思った
MAP87_e17_p1_4_c0	Map087.json	choice	choice	ハヤテを使おう
MAP87_e17_p1_4_c1	Map087.json	choice	choice	使わなくていいや
MAP87_e17_p1_6_c0	Map087.json	choice	choice	ウィンダム城
MAP87_e17_p1_6_c1	Map087.json	choice	choice	フレイム城
MAP87_e17_p1_6_c2	Map087.json	choice	choice	旅の宿屋
MAP87_e17_p1_6_c3	Map087.json	choice	choice	南の採石場
MAP87_e17_p2_2	Map087.json	0	dialogue	　　　　ハヤテを使えば目的地にすぐに行けるな
MAP87_e17_p2_3	Map087.json	0	dialogue	　　　　　　　　…と、ウィンは思った
MAP87_e17_p2_4_c0	Map087.json	choice	choice	ハヤテを使おう
MAP87_e17_p2_4_c1	Map087.json	choice	choice	使わなくていいや
MAP87_e17_p2_6_c0	Map087.json	choice	choice	ウィンダム城
MAP87_e17_p2_6_c1	Map087.json	choice	choice	フレイム城
MAP87_e17_p2_6_c2	Map087.json	choice	choice	旅の宿屋
MAP87_e17_p2_6_c3	Map087.json	choice	choice	南の採石場
MAP87_e17_p2_6_c4	Map087.json	choice	choice	暗黒大陸の廃墟
MAP87_e18_name	Map087.json	event name	name	トリカゼ
MAP87_e19_name	Map087.json	event name	name	マハリ
MAP87_e20_p1_1	Map087.json	0	dialogue	ホノオ：
MAP87_e20_p1_11	Map087.json	1	dialogue	ホノオ：
MAP87_e20_p1_12	Map087.json	1	dialogue	よし…　じゃあ行くか！
MAP87_e20_p1_14	Map087.json	1	dialogue	ナガレ：
MAP87_e20_p1_15	Map087.json	1	dialogue	ウィン…　あんたには礼を言いたいが…
MAP87_e20_p1_16	Map087.json	1	dialogue	いまは言わないぞ。
MAP87_e20_p1_18	Map087.json	1	dialogue	ホノオ：
MAP87_e20_p1_19	Map087.json	1	dialogue	オレもだ、ウィン！
MAP87_e20_p1_2	Map087.json	0	dialogue	…ここからは、ウィンと、オレたちで別行動だ
MAP87_e20_p1_20	Map087.json	1	dialogue	だって、またすぐに集まって、
MAP87_e20_p1_21	Map087.json	1	dialogue	闇のエレメントを倒さないとだからな！
MAP87_e20_p1_23	Map087.json	1	dialogue	ウィン：
MAP87_e20_p1_24	Map087.json	1	dialogue	…。
MAP87_e20_p1_27	Map087.json	1	dialogue	　　　　　　　　　　ウィンは頷いた！
MAP87_e20_p1_29	Map087.json	1	dialogue	ナガレ：
MAP87_e20_p1_30	Map087.json	1	dialogue	よし、行こう！
MAP87_e20_p1_32	Map087.json	1	dialogue	ホノオ：
MAP87_e20_p1_33	Map087.json	1	dialogue	おう！！
MAP87_e20_p1_4	Map087.json	0	dialogue	ナガレ：
MAP87_e20_p1_5	Map087.json	0	dialogue	出発するなら、先にここで買い物を済ませて
MAP87_e20_p1_6	Map087.json	0	dialogue	おこう。向こうに着いたらそれどころじゃない
MAP87_e20_p1_7	Map087.json	0	dialogue	可能性もあるからな。
MAP87_e20_p1_8_c0	Map087.json	choice	choice	出発しよう
MAP87_e20_p1_8_c1	Map087.json	choice	choice	まだ準備しよう
MAP87_e21_name	Map087.json	event name	name	オタキ様
MAP87_e22_name	Map087.json	event name	name	シズク様
MAP87_e23_p0_10	Map087.json	0	dialogue	シズク様：
MAP87_e23_p0_11	Map087.json	0	dialogue	…ああ…　龍よ、お守りください…！
MAP87_e23_p0_15	Map087.json	0	dialogue	トリカゼ：
MAP87_e23_p0_16	Map087.json	0	dialogue	ナガレーーーーーッ！！！！
MAP87_e23_p0_4	Map087.json	0	dialogue	マハリ：
MAP87_e23_p0_5	Map087.json	0	dialogue	光の…柱だ…！！
MAP87_e23_p0_7	Map087.json	0	dialogue	オタキ様：
MAP87_e23_p0_8	Map087.json	0	dialogue	………。
MAP87_e53_name	Map087.json	event name	name	泥棒はずれ
MAP87_e53_p0_1	Map087.json	0	dialogue	持ち出して役に立つようなものは何も見つけられなかった…
MAP87_e54_name	Map087.json	event name	name	泥棒はずれ
MAP87_e54_p0_1	Map087.json	0	dialogue	持ち出して役に立つようなものは何も見つけられなかった…
MAP87_e60_p0_10	Map087.json	0	dialogue	トリカゼ：
MAP87_e60_p0_11	Map087.json	0	dialogue	おーい！！
MAP87_e60_p0_14	Map087.json	0	dialogue	トリカゼ：
MAP87_e60_p0_15	Map087.json	0	dialogue	あたしだけじゃちょっとキツイんだ…
MAP87_e60_p0_16	Map087.json	0	dialogue	助太刀してくれーーー！！
MAP87_e60_p0_19	Map087.json	0	dialogue	ホノオ：
MAP87_e60_p0_20	Map087.json	0	dialogue	なんかすげえヤバイ感じだな…！
MAP87_e60_p0_22	Map087.json	0	dialogue	ナガレ：
MAP87_e60_p0_23	Map087.json	0	dialogue	とにかくトリカゼに助太刀しよう！急げ！
MAP87_e60_p0_4	Map087.json	0	dialogue	ホノオ：
MAP87_e60_p0_5	Map087.json	0	dialogue	お、おい…　なんだこりゃあ…！
MAP87_e60_p0_7	Map087.json	0	dialogue	ナガレ：
MAP87_e60_p0_8	Map087.json	0	dialogue	川が氾濫した！？　みんなは大丈夫なのか！？
MAP87_e61_p1_1	Map087.json	0	dialogue	ホノオ：
MAP87_e61_p1_2	Map087.json	0	dialogue	いまここを離れるわけにはいかねえ！！
MAP87_e65_p0_11	Map087.json	0	dialogue	ホノオ：
MAP87_e65_p0_12	Map087.json	0	dialogue	いまいくぜー！！
MAP87_e65_p0_3	Map087.json	0	dialogue	ナガレ：
MAP87_e65_p0_4	Map087.json	0	dialogue	…マハリ！！
MAP87_e65_p0_6	Map087.json	0	dialogue	マハリ：
MAP87_e65_p0_7	Map087.json	0	dialogue	ナガレ！みなさん！
MAP87_e65_p0_8	Map087.json	0	dialogue	僕だけでは勝てそうにありません！！
MAP87_e65_p0_9	Map087.json	0	dialogue	助けてください！！
MAP87_e7_p1_2	Map087.json	0	dialogue	　　　　ハヤテを使えば目的地にすぐに行けるな
MAP87_e7_p1_3	Map087.json	0	dialogue	　　　　　　　　…と、ウィンは思った
MAP87_e7_p1_4_c0	Map087.json	choice	choice	ハヤテを使おう
MAP87_e7_p1_4_c1	Map087.json	choice	choice	使わなくていいや
MAP87_e7_p1_6_c0	Map087.json	choice	choice	ウィンダム城
MAP87_e7_p1_6_c1	Map087.json	choice	choice	フレイム城
MAP87_e7_p1_6_c2	Map087.json	choice	choice	旅の宿屋
MAP87_e7_p1_6_c3	Map087.json	choice	choice	南の採石場
MAP87_e7_p2_2	Map087.json	0	dialogue	　　　　ハヤテを使えば目的地にすぐに行けるな
MAP87_e7_p2_3	Map087.json	0	dialogue	　　　　　　　　…と、ウィンは思った
MAP87_e7_p2_4_c0	Map087.json	choice	choice	ハヤテを使おう
MAP87_e7_p2_4_c1	Map087.json	choice	choice	使わなくていいや
MAP87_e7_p2_6_c0	Map087.json	choice	choice	ウィンダム城
MAP87_e7_p2_6_c1	Map087.json	choice	choice	フレイム城
MAP87_e7_p2_6_c2	Map087.json	choice	choice	旅の宿屋
MAP87_e7_p2_6_c3	Map087.json	choice	choice	南の採石場
MAP87_e7_p2_6_c4	Map087.json	choice	choice	暗黒大陸の廃墟
MAP87_e8_p1_2	Map087.json	0	dialogue	　　　　ハヤテを使えば目的地にすぐに行けるな
MAP87_e8_p1_3	Map087.json	0	dialogue	　　　　　　　　…と、ウィンは思った
MAP87_e8_p1_4_c0	Map087.json	choice	choice	ハヤテを使おう
MAP87_e8_p1_4_c1	Map087.json	choice	choice	使わなくていいや
MAP87_e8_p1_6_c0	Map087.json	choice	choice	ウィンダム城
MAP87_e8_p1_6_c1	Map087.json	choice	choice	フレイム城
MAP87_e8_p1_6_c2	Map087.json	choice	choice	旅の宿屋
MAP87_e8_p1_6_c3	Map087.json	choice	choice	南の採石場
MAP87_e8_p2_2	Map087.json	0	dialogue	　　　　ハヤテを使えば目的地にすぐに行けるな
MAP87_e8_p2_3	Map087.json	0	dialogue	　　　　　　　　…と、ウィンは思った
MAP87_e8_p2_4_c0	Map087.json	choice	choice	ハヤテを使おう
MAP87_e8_p2_4_c1	Map087.json	choice	choice	使わなくていいや
MAP87_e8_p2_6_c0	Map087.json	choice	choice	ウィンダム城
MAP87_e8_p2_6_c1	Map087.json	choice	choice	フレイム城
MAP87_e8_p2_6_c2	Map087.json	choice	choice	旅の宿屋
MAP87_e8_p2_6_c3	Map087.json	choice	choice	南の採石場
MAP87_e8_p2_6_c4	Map087.json	choice	choice	暗黒大陸の廃墟
MAP87_e9_p1_2	Map087.json	0	dialogue	　　　　ハヤテを使えば目的地にすぐに行けるな
MAP87_e9_p1_3	Map087.json	0	dialogue	　　　　　　　　…と、ウィンは思った
MAP87_e9_p1_4_c0	Map087.json	choice	choice	ハヤテを使おう
MAP87_e9_p1_4_c1	Map087.json	choice	choice	使わなくていいや
MAP87_e9_p1_6_c0	Map087.json	choice	choice	ウィンダム城
MAP87_e9_p1_6_c1	Map087.json	choice	choice	フレイム城
MAP87_e9_p1_6_c2	Map087.json	choice	choice	旅の宿屋
MAP87_e9_p1_6_c3	Map087.json	choice	choice	南の採石場
MAP87_e9_p2_2	Map087.json	0	dialogue	　　　　ハヤテを使えば目的地にすぐに行けるな
MAP87_e9_p2_3	Map087.json	0	dialogue	　　　　　　　　…と、ウィンは思った
MAP87_e9_p2_4_c0	Map087.json	choice	choice	ハヤテを使おう
MAP87_e9_p2_4_c1	Map087.json	choice	choice	使わなくていいや
MAP87_e9_p2_6_c0	Map087.json	choice	choice	ウィンダム城
MAP87_e9_p2_6_c1	Map087.json	choice	choice	フレイム城
MAP87_e9_p2_6_c2	Map087.json	choice	choice	旅の宿屋
MAP87_e9_p2_6_c3	Map087.json	choice	choice	南の採石場
MAP87_e9_p2_6_c4	Map087.json	choice	choice	暗黒大陸の廃墟
MAP88_e14_name	Map088.json	event name	name	ピピン
MAP88_e15_name	Map088.json	event name	name	大魔王ダフィール
MAP88_e15_p0_10	Map088.json	0	dialogue	大魔王ダフィール：
MAP88_e15_p0_11	Map088.json	0	dialogue	ダハハハハハハハハーーーッ！！！！
MAP88_e15_p0_13	Map088.json	0	dialogue	大魔王ダフィール：
MAP88_e15_p0_14	Map088.json	0	dialogue	なーんだ…
MAP88_e15_p0_15	Map088.json	0	dialogue	全然、自我…？　保てちゃってるんですケド…
MAP88_e15_p0_17	Map088.json	0	dialogue	ピピン：
MAP88_e15_p0_18	Map088.json	0	dialogue	…チッ！！
MAP88_e15_p0_20	Map088.json	0	dialogue	ウィン：
MAP88_e15_p0_21	Map088.json	0	dialogue	…！！
MAP88_e15_p0_23	Map088.json	0	dialogue	大魔王ダフィール：
MAP88_e15_p0_24	Map088.json	0	dialogue	あああぁぁぁぁアアアァァーーッ…！！！
MAP88_e15_p0_25	Map088.json	0	dialogue	キ…モチ…ィイー……ッ！！！！！
MAP88_e15_p0_27	Map088.json	0	dialogue	大魔王ダフィール：
MAP88_e15_p0_28	Map088.json	0	dialogue	コレはもう明らかに…
MAP88_e15_p0_29	Map088.json	0	dialogue	ボクは最強の存在になってしまったァーッ！！
MAP88_e15_p0_31	Map088.json	0	dialogue	大魔王ダフィール：
MAP88_e15_p0_32	Map088.json	0	dialogue	ザーンネーーーンッ！！
MAP88_e15_p0_33	Map088.json	0	dialogue	闇インフルエンザでオマエら人間は滅び…
MAP88_e15_p0_35	Map088.json	0	dialogue	大魔王ダフィール：
MAP88_e15_p0_36	Map088.json	0	dialogue	この大陸に闇の王国を築きまーーーす！！
MAP88_e15_p0_37	Map088.json	0	dialogue	そしてこの地に溢れ…満ち続ける闇の力を
MAP88_e15_p0_38	Map088.json	0	dialogue	もとに……
MAP88_e15_p0_40	Map088.json	0	dialogue	大魔王ダフィール：
MAP88_e15_p0_41	Map088.json	0	dialogue	すべての世界を僕にひざまずかせる時代が
MAP88_e15_p0_42	Map088.json	0	dialogue	決定しましたーーーーー確定でーーす！！！！
MAP88_e15_p0_44	Map088.json	0	dialogue	ピピン：
MAP88_e15_p0_45	Map088.json	0	dialogue	…闇インフルエンザ…？
MAP88_e15_p0_46	Map088.json	0	dialogue	すべての人間が滅びるだと…！？
MAP88_e15_p0_48	Map088.json	0	dialogue	ウィン：
MAP88_e15_p0_49	Map088.json	0	dialogue	………。
MAP88_e15_p0_51	Map088.json	0	dialogue	ピピン：
MAP88_e15_p0_52	Map088.json	0	dialogue	…ウィン！！　まだ終わっていない！！
MAP88_e15_p0_53	Map088.json	0	dialogue	顔をあげろ！！
MAP88_e15_p0_55	Map088.json	0	dialogue	ウィン：
MAP88_e15_p0_56	Map088.json	0	dialogue	………。
MAP88_e15_p0_58	Map088.json	0	dialogue	ピピン：
MAP88_e15_p0_59	Map088.json	0	dialogue	このガキンチョはいまや…
MAP88_e15_p0_60	Map088.json	0	dialogue	全ての闇のエレメントパワーと一体なんだろ？
MAP88_e15_p0_62	Map088.json	0	dialogue	ピピン：
MAP88_e15_p0_63	Map088.json	0	dialogue	それなら…　闇のエレメントパワーから生じた
MAP88_e15_p0_64	Map088.json	0	dialogue	災厄のすべても…　コイツを倒せば消えるかも
MAP88_e15_p0_65	Map088.json	0	dialogue	しれん…
MAP88_e15_p0_67	Map088.json	0	dialogue	ウィン：
MAP88_e15_p0_68	Map088.json	0	dialogue	………！！
MAP88_e15_p0_7	Map088.json	0	dialogue	大魔王ダフィール：
MAP88_e15_p0_70	Map088.json	0	dialogue	大魔王ダフィール：
MAP88_e15_p0_71	Map088.json	0	dialogue	ダハハハハハ！！！！そうかもーーー！！！！
MAP88_e15_p0_73	Map088.json	0	dialogue	大魔王ダフィール：
MAP88_e15_p0_74	Map088.json	0	dialogue	いまのボクは勝手に…　
MAP88_e15_p0_75	Map088.json	0	dialogue	闇のエレメントパワーを全て吸い込んでしまう
MAP88_e15_p0_76	Map088.json	0	dialogue	いわばブラックホール状態！！
MAP88_e15_p0_78	Map088.json	0	dialogue	大魔王ダフィール：
MAP88_e15_p0_79	Map088.json	0	dialogue	そのボクがいなくなれば、集まったパワー…
MAP88_e15_p0_8	Map088.json	0	dialogue	フシュルウウウウゥゥゥゥゥアアーッ！！！！
MAP88_e15_p0_80	Map088.json	0	dialogue	そして集まろうとしていたパワーも…
MAP88_e15_p0_81	Map088.json	0	dialogue	全て別次元に吹き飛んでしまうと思うよ？
MAP88_e15_p0_83	Map088.json	0	dialogue	大魔王ダフィール：
MAP88_e15_p0_84	Map088.json	0	dialogue	だけど無理だなあああああ！！！！
MAP88_e15_p0_85	Map088.json	0	dialogue	だって…ボクがもっとも究極の存在だから…
MAP88_e15_p0_86	Map088.json	0	dialogue	溢れるダークパワーそのものだからねーー！！
MAP88_e15_p0_88	Map088.json	0	dialogue	ピピン：
MAP88_e15_p0_89	Map088.json	0	dialogue	お喋りの時間はないと言ったろう？
MAP88_e15_p0_90	Map088.json	0	dialogue	ダフィール…　本当のラストバトルを始めよう
MAP88_e15_p0_92	Map088.json	0	dialogue	大魔王ダフィール：
MAP88_e15_p0_93	Map088.json	0	dialogue	バトルになるかも怪しいなーーーー
MAP88_e15_p0_94	Map088.json	0	dialogue	そんなに時間が惜しいなら………
MAP88_e15_p0_96	Map088.json	0	dialogue	大魔王ダフィール：
MAP88_e15_p0_97	Map088.json	0	dialogue	一瞬で終りにしてやルォォァァーーアア！！
MAP88_e15_p1_10	Map088.json	0	dialogue	大魔王ダフィール：
MAP88_e15_p1_11	Map088.json	0	dialogue	ダハハハハハハハハーーーッ！！！！
MAP88_e15_p1_13	Map088.json	0	dialogue	大魔王ダフィール：
MAP88_e15_p1_14	Map088.json	0	dialogue	なーんだ…
MAP88_e15_p1_15	Map088.json	0	dialogue	全然、自我…？　保てちゃってるんですケド…
MAP88_e15_p1_17	Map088.json	0	dialogue	ピピン：
MAP88_e15_p1_18	Map088.json	0	dialogue	…チッ！！
MAP88_e15_p1_20	Map088.json	0	dialogue	ウィン：
MAP88_e15_p1_21	Map088.json	0	dialogue	…！！
MAP88_e15_p1_23	Map088.json	0	dialogue	大魔王ダフィール：
MAP88_e15_p1_24	Map088.json	0	dialogue	あああぁぁぁぁアアアァァーーッ…！！！
MAP88_e15_p1_25	Map088.json	0	dialogue	キ…モチ…ィイー……ッ！！！！！
MAP88_e15_p1_27	Map088.json	0	dialogue	大魔王ダフィール：
MAP88_e15_p1_28	Map088.json	0	dialogue	コレはもう明らかに…
MAP88_e15_p1_29	Map088.json	0	dialogue	ボクは最強の存在になってしまったァーッ！！
MAP88_e15_p1_31	Map088.json	0	dialogue	大魔王ダフィール：
MAP88_e15_p1_32	Map088.json	0	dialogue	ザーンネーーーンッ！！
MAP88_e15_p1_33	Map088.json	0	dialogue	闇インフルエンザでオマエら人間は滅び…
MAP88_e15_p1_35	Map088.json	0	dialogue	大魔王ダフィール：
MAP88_e15_p1_36	Map088.json	0	dialogue	この大陸に闇の王国を築きまーーーす！！
MAP88_e15_p1_37	Map088.json	0	dialogue	そしてこの地に溢れ…満ち続ける闇の力を
MAP88_e15_p1_38	Map088.json	0	dialogue	もとに……
MAP88_e15_p1_40	Map088.json	0	dialogue	大魔王ダフィール：
MAP88_e15_p1_41	Map088.json	0	dialogue	すべての世界を僕にひざまずかせる時代が
MAP88_e15_p1_42	Map088.json	0	dialogue	決定しましたーーーーー確定でーーす！！！！
MAP88_e15_p1_44	Map088.json	0	dialogue	ピピン：
MAP88_e15_p1_45	Map088.json	0	dialogue	…闇インフルエンザ…？
MAP88_e15_p1_46	Map088.json	0	dialogue	すべての人間が滅びるだと…！？
MAP88_e15_p1_48	Map088.json	0	dialogue	ウィン：
MAP88_e15_p1_49	Map088.json	0	dialogue	………。
MAP88_e15_p1_51	Map088.json	0	dialogue	ピピン：
MAP88_e15_p1_52	Map088.json	0	dialogue	…ウィン！！　まだ終わっていない！！
MAP88_e15_p1_53	Map088.json	0	dialogue	顔をあげろ！！
MAP88_e15_p1_55	Map088.json	0	dialogue	ウィン：
MAP88_e15_p1_56	Map088.json	0	dialogue	………。
MAP88_e15_p1_58	Map088.json	0	dialogue	ピピン：
MAP88_e15_p1_59	Map088.json	0	dialogue	このガキンチョはいまや…
MAP88_e15_p1_60	Map088.json	0	dialogue	全ての闇のエレメントパワーと一体なんだろ？
MAP88_e15_p1_62	Map088.json	0	dialogue	ピピン：
MAP88_e15_p1_63	Map088.json	0	dialogue	それなら…　闇のエレメントパワーから生じた
MAP88_e15_p1_64	Map088.json	0	dialogue	災厄のすべても…　コイツを倒せば消えるかも
MAP88_e15_p1_65	Map088.json	0	dialogue	しれん…
MAP88_e15_p1_67	Map088.json	0	dialogue	ウィン：
MAP88_e15_p1_68	Map088.json	0	dialogue	………！！
MAP88_e15_p1_7	Map088.json	0	dialogue	大魔王ダフィール：
MAP88_e15_p1_70	Map088.json	0	dialogue	大魔王ダフィール：
MAP88_e15_p1_71	Map088.json	0	dialogue	ダハハハハハ！！！！そうかもーーー！！！！
MAP88_e15_p1_73	Map088.json	0	dialogue	大魔王ダフィール：
MAP88_e15_p1_74	Map088.json	0	dialogue	いまのボクは勝手に…　
MAP88_e15_p1_75	Map088.json	0	dialogue	闇のエレメントパワーを全て吸い込んでしまう
MAP88_e15_p1_76	Map088.json	0	dialogue	いわばブラックホール状態！！
MAP88_e15_p1_78	Map088.json	0	dialogue	大魔王ダフィール：
MAP88_e15_p1_79	Map088.json	0	dialogue	そのボクがいなくなれば、集まったパワー…
MAP88_e15_p1_8	Map088.json	0	dialogue	フシュルウウウウゥゥゥゥゥアアーッ！！！！
MAP88_e15_p1_80	Map088.json	0	dialogue	そして集まろうとしていたパワーも…
MAP88_e15_p1_81	Map088.json	0	dialogue	全て別次元に吹き飛んでしまうと思うよ？
MAP88_e15_p1_83	Map088.json	0	dialogue	大魔王ダフィール：
MAP88_e15_p1_84	Map088.json	0	dialogue	だけど無理だなあああああ！！！！
MAP88_e15_p1_85	Map088.json	0	dialogue	だって…ボクがもっとも究極の存在だから…
MAP88_e15_p1_86	Map088.json	0	dialogue	溢れるダークパワーそのものだからねーー！！
MAP88_e15_p1_88	Map088.json	0	dialogue	ピピン：
MAP88_e15_p1_89	Map088.json	0	dialogue	お喋りの時間はないと言ったろう？
MAP88_e15_p1_90	Map088.json	0	dialogue	ダフィール…　本当のラストバトルを始めよう
MAP88_e15_p1_92	Map088.json	0	dialogue	大魔王ダフィール：
MAP88_e15_p1_93	Map088.json	0	dialogue	バトルになるかも怪しいなーーーー
MAP88_e15_p1_94	Map088.json	0	dialogue	そんなに時間が惜しいなら………
MAP88_e15_p1_96	Map088.json	0	dialogue	大魔王ダフィール：
MAP88_e15_p1_97	Map088.json	0	dialogue	一瞬で終りにしてやルォォァァーーアア！！
MAP88_e15_p2_3	Map088.json	0	dialogue	ウィン：
MAP88_e15_p2_4	Map088.json	0	dialogue	……。
MAP88_e15_p2_6	Map088.json	0	dialogue	ピピン：
MAP88_e15_p2_7	Map088.json	0	dialogue	…お前の負けだな、ダフィール。
MAP88_e15_p3_16	Map088.json	0	dialogue	ピケピケ：
MAP88_e15_p3_17	Map088.json	0	dialogue	愚かなことを…！！
MAP88_e15_p3_20	Map088.json	0	dialogue	ウィン：
MAP88_e15_p3_21	Map088.json	0	dialogue	…！
MAP88_e15_p3_23	Map088.json	0	dialogue	ピピン：
MAP88_e15_p3_24	Map088.json	0	dialogue	何っ…　四天王が…！？
MAP88_e15_p3_26	Map088.json	0	dialogue	ミケーネ：
MAP88_e15_p3_27	Map088.json	0	dialogue	安心なさい、あたしらはもう消えるわ…
MAP88_e15_p3_28	Map088.json	0	dialogue	そうねえ…　今回は千年くらいかしら？
MAP88_e15_p3_30	Map088.json	0	dialogue	ナウー：
MAP88_e15_p3_31	Map088.json	0	dialogue	………。
MAP88_e15_p3_33	Map088.json	0	dialogue	ピケピケ：
MAP88_e15_p3_34	Map088.json	0	dialogue	ダフィ夫君が完全に闇のエレメントパワーと
MAP88_e15_p3_35	Map088.json	0	dialogue	一体にならなかったことで………
MAP88_e15_p3_37	Map088.json	0	dialogue	ピケピケ：
MAP88_e15_p3_38	Map088.json	0	dialogue	我々もまた、一体にはなれなかった…
MAP88_e15_p3_39	Map088.json	0	dialogue	そしてまた、散り散りに飛び散って…
MAP88_e15_p3_40	Map088.json	0	dialogue	またまた復活まで長い封印状態に陥る…
MAP88_e15_p3_42	Map088.json	0	dialogue	ピピン：
MAP88_e15_p3_43	Map088.json	0	dialogue	………なら、俺たちの勝ちってことで、
MAP88_e15_p3_44	Map088.json	0	dialogue	いいんだな、四天王！！
MAP88_e15_p3_48	Map088.json	0	dialogue	ミケーネ：
MAP88_e15_p3_49	Map088.json	0	dialogue	そうなるわ…
MAP88_e15_p3_50	Map088.json	0	dialogue	ダフィールがここまで自分を失うことを
MAP88_e15_p3_51	Map088.json	0	dialogue	嫌がっていると知らなかった……
MAP88_e15_p3_53	Map088.json	0	dialogue	ミケーネ：
MAP88_e15_p3_54	Map088.json	0	dialogue	それがあたしたちの敗因かしら…
MAP88_e15_p3_56	Map088.json	0	dialogue	ピケピケ：
MAP88_e15_p3_57	Map088.json	0	dialogue	そう…だなあ。
MAP88_e15_p3_59	Map088.json	0	dialogue	ナウー：
MAP88_e15_p3_60	Map088.json	0	dialogue	………。
MAP88_e15_p3_62	Map088.json	0	dialogue	ピピン：
MAP88_e15_p3_63	Map088.json	0	dialogue	あんたらは、またしばらくしたら復活する…
MAP88_e15_p3_64	Map088.json	0	dialogue	しかし、こいつ…
MAP88_e15_p3_65	Map088.json	0	dialogue	ダフィールはどうなんだ…？
MAP88_e15_p3_69	Map088.json	0	dialogue	ミケーネ：
MAP88_e15_p3_70	Map088.json	0	dialogue	さあ…　大丈夫じゃないかしら。
MAP88_e15_p3_71	Map088.json	0	dialogue	あたしたちを自分から追い出すほどに…
MAP88_e15_p3_72	Map088.json	0	dialogue	自分大好きちゃんなんだから…
MAP88_e15_p3_74	Map088.json	0	dialogue	ピケピケ：
MAP88_e15_p3_75	Map088.json	0	dialogue	いやーーーー！？
MAP88_e15_p3_76	Map088.json	0	dialogue	もしかしたら千年後には、ダフィ夫君こそが
MAP88_e15_p3_77	Map088.json	0	dialogue	最強の四天王になっているかも知れんぞー！？
MAP88_e15_p3_79	Map088.json	0	dialogue	ピケピケ：
MAP88_e15_p3_80	Map088.json	0	dialogue	私とは全く違うな、このコは。
MAP88_e15_p3_81	Map088.json	0	dialogue	こんな素直でまっすぐなコでも、
MAP88_e15_p3_82	Map088.json	0	dialogue	四天王やれるなんて知らなかったなあ！！
MAP88_e15_p3_84	Map088.json	0	dialogue	ミケーネ：
MAP88_e15_p3_85	Map088.json	0	dialogue	ピケピケ、あなたかなり薄くなってるわよ？
MAP88_e15_p3_86	Map088.json	0	dialogue	千年後までもつの、それ…？
MAP88_e15_p4_10	Map088.json	0	dialogue	ピケピケ？：
MAP88_e15_p4_11	Map088.json	0	dialogue	ああ…　じゃあさすがに今回で卒業かも知れんなあ…
MAP88_e15_p4_12	Map088.json	0	dialogue	残念だけど、どのみち今回最後のつもりでいたし…
MAP88_e15_p4_13	Map088.json	0	dialogue	仕方ないなあ。
MAP88_e15_p4_15	Map088.json	0	dialogue	ナウー：
MAP88_e15_p4_16	Map088.json	0	dialogue	………。
MAP88_e15_p4_18	Map088.json	0	dialogue	ミケーネ：
MAP88_e15_p4_19	Map088.json	0	dialogue	…そのようね。
MAP88_e15_p4_20	Map088.json	0	dialogue	なんか透けてるって段階も過ぎちゃってるし…
MAP88_e15_p4_22	Map088.json	0	dialogue	ピピン：
MAP88_e15_p4_23	Map088.json	0	dialogue	おい、あんたらのコトはどうでもいい。
MAP88_e15_p4_24	Map088.json	0	dialogue	…闇インフルエンザとかいう病気は？
MAP88_e15_p4_25	Map088.json	0	dialogue	この大陸の人間は、いまどうなっている？
MAP88_e15_p4_31	Map088.json	0	dialogue	ピケピケ？：
MAP88_e15_p4_32	Map088.json	0	dialogue	集めた闇のエレメントパワーは飛び散って、また薄れた！！
MAP88_e15_p4_33	Map088.json	0	dialogue	ゆえに、闇の瘴気も薄まって、広まって、飛び散る！！
MAP88_e15_p4_35	Map088.json	0	dialogue	ピケピケ？：
MAP88_e15_p4_36	Map088.json	0	dialogue	お…らく、何…問題…ない…！
MAP88_e15_p4_37	Map088.json	0	dialogue	キミ…ちは助かった……よ！　おめ……う！…！…
MAP88_e15_p4_39	Map088.json	0	dialogue	ピピン：
MAP88_e15_p4_40	Map088.json	0	dialogue	声も、あまり聞こえなくなって来ている…
MAP88_e15_p4_41	Map088.json	0	dialogue	分かりやすい死んで行き方だな…
MAP88_e15_p4_43	Map088.json	0	dialogue	ミケーネ：
MAP88_e15_p4_44	Map088.json	0	dialogue	あんたらこそ、急ぎなさいよ。
MAP88_e15_p4_45	Map088.json	0	dialogue	闇のエレメントパワーは急速に弱まってる。
MAP88_e15_p4_46	Map088.json	0	dialogue	つまり、紋章の力もどんどん弱まってる。
MAP88_e15_p4_48	Map088.json	0	dialogue	ミケーネ：
MAP88_e15_p4_49	Map088.json	0	dialogue	あのナガレとかいうサムライと…
MAP88_e15_p4_50	Map088.json	0	dialogue	火の紋章の継承者だった子…
MAP88_e15_p4_51	Map088.json	0	dialogue	いまなら助けられるわ。
MAP88_e15_p4_53	Map088.json	0	dialogue	ウィン：
MAP88_e15_p4_54	Map088.json	0	dialogue	……！！！！
MAP88_e15_p4_56	Map088.json	0	dialogue	ピピン：
MAP88_e15_p4_57	Map088.json	0	dialogue	…本当か！？
MAP88_e15_p4_59	Map088.json	0	dialogue	ピケピケ？：
MAP88_e15_p4_6	Map088.json	0	dialogue	ピケピケ？：
MAP88_e15_p4_60	Map088.json	0	dialogue	本………！…　…々の魔力…元は……レメ…トパワー…
MAP88_e15_p4_61	Map088.json	0	dialogue	…れ…弱ま…ば、…々の残し……法…効果も消…る…
MAP88_e15_p4_63	Map088.json	0	dialogue	ピピン：
MAP88_e15_p4_64	Map088.json	0	dialogue	…他の奴が説明してくれないか？
MAP88_e15_p4_66	Map088.json	0	dialogue	ナウー：
MAP88_e15_p4_67	Map088.json	0	dialogue	我々の魔法…　元は闇のエレメントパワー…
MAP88_e15_p4_68	Map088.json	0	dialogue	闇弱まれば…　我々の魔法の効果も消えるのだ
MAP88_e15_p4_7	Map088.json	0	dialogue	えっ！？
MAP88_e15_p4_70	Map088.json	0	dialogue	ピピン：
MAP88_e15_p4_71	Map088.json	0	dialogue	あ、あんたが説明してくれるとは思わなかったが…
MAP88_e15_p4_73	Map088.json	0	dialogue	ピピン：
MAP88_e15_p4_74	Map088.json	0	dialogue	とにかく分かった…
MAP88_e15_p4_75	Map088.json	0	dialogue	それなら…
MAP88_e15_p4_8	Map088.json	0	dialogue	そんなに透けてる…！！！？？？
MAP88_e15_p4_80	Map088.json	0	dialogue	ピピン：
MAP88_e15_p4_81	Map088.json	0	dialogue	ウィン、いくぞ！！
MAP88_e15_p4_85	Map088.json	0	dialogue	ウィン：
MAP88_e15_p4_86	Map088.json	0	dialogue	…！！
MAP88_e15_p4_89	Map088.json	0	dialogue	　　　　　　　　　　ウィンは頷いた！！
MAP88_e15_p5_2	Map088.json	0	dialogue	　　　　　ダフィールはぐったりと倒れて動かない
MAP88_e15_p6_10_c0	Map088.json	choice	choice	取り出してみる
MAP88_e15_p6_10_c1	Map088.json	choice	choice	そのままにしておく
MAP88_e15_p6_13	Map088.json	1	dialogue	ピケピケの声：
MAP88_e15_p6_14	Map088.json	1	dialogue	そのままにしておけ…　オススメできないよ…
MAP88_e15_p6_15	Map088.json	1	dialogue	何が起こるか…　わたしにもわからん…
MAP88_e15_p6_17	Map088.json	1	dialogue	ピケピケの声：
MAP88_e15_p6_18	Map088.json	1	dialogue	アドバイスはしたからな…？
MAP88_e15_p6_19	Map088.json	1	dialogue	後で文句言われても…知らないよーーーーーん
MAP88_e15_p6_2	Map088.json	0	dialogue	　　　　　ダフィールはぐったりと倒れて動かない
MAP88_e15_p6_21	Map088.json	1	dialogue	ウィン：
MAP88_e15_p6_22	Map088.json	1	dialogue	………。
MAP88_e15_p6_23_c0	Map088.json	choice	choice	取り出してみる
MAP88_e15_p6_23_c1	Map088.json	choice	choice	そのままにしておく
MAP88_e15_p6_35	Map088.json	2	dialogue	ピケピケの声：
MAP88_e15_p6_36	Map088.json	2	dialogue	あっちゃー…　だから言ったのにいいいい…
MAP88_e15_p6_40	Map088.json	2	dialogue	　　闇が膨らみ　　　　　　　闇が閉じ
MAP88_e15_p6_41	Map088.json	2	dialogue	　　　　　　　　次元が　　　　　　　　　　歪んでいく
MAP88_e15_p6_5	Map088.json	0	dialogue	　　　しかしよく見ると、ダフィールの口の中から
MAP88_e15_p6_52	Map088.json	2	dialogue	　　　　　　　　闇は開き　　　　闇は広がり
MAP88_e15_p6_53	Map088.json	2	dialogue	　　　　次元が　　　　　　戻る
MAP88_e15_p6_6	Map088.json	0	dialogue	　　　　黒いイモ虫のようなものがはみ出ている…
MAP88_e15_p6_8	Map088.json	0	dialogue	ウィン：
MAP88_e15_p6_9	Map088.json	0	dialogue	………。
MAP88_e15_p7_101	Map088.json	2	dialogue	？？？
MAP88_e15_p7_102	Map088.json	2	dialogue	「何度も会ってるだろ！俺とお前らは！！！！
MAP88_e15_p7_104	Map088.json	2	dialogue	ウィン
MAP88_e15_p7_105	Map088.json	2	dialogue	「……………誰ですか？
MAP88_e15_p7_107	Map088.json	2	dialogue	？？？
MAP88_e15_p7_108	Map088.json	2	dialogue	「お前まで分からないのか……
MAP88_e15_p7_109	Map088.json	2	dialogue	　それはなんか、ちょっとショックだろ………
MAP88_e15_p7_10_c0	Map088.json	choice	choice	引っ張ってみる
MAP88_e15_p7_10_c1	Map088.json	choice	choice	そのままにしておく
MAP88_e15_p7_111	Map088.json	2	dialogue	ピピン
MAP88_e15_p7_112	Map088.json	2	dialogue	「この際なにが出てきても驚かん…
MAP88_e15_p7_113	Map088.json	2	dialogue	　何でもいい　さっさとかかってこい！
MAP88_e15_p7_115	Map088.json	2	dialogue	？？？
MAP88_e15_p7_116	Map088.json	2	dialogue	「クソ―! ムカつく奴らだぜ！
MAP88_e15_p7_117	Map088.json	2	dialogue	　ああ！もういい！！
MAP88_e15_p7_118	Map088.json	2	dialogue	　俺はバンデッドだ！！
MAP88_e15_p7_120	Map088.json	2	dialogue	バンデッド
MAP88_e15_p7_121	Map088.json	2	dialogue	「最初は新米だったが、その後熟練に至り…
MAP88_e15_p7_122	Map088.json	2	dialogue	　遂には伝説のバンデッドとなった！！
MAP88_e15_p7_124	Map088.json	2	dialogue	バンデッド
MAP88_e15_p7_125	Map088.json	2	dialogue	「いまの俺なら、もうお前たちも負けん！！
MAP88_e15_p7_126	Map088.json	2	dialogue	　伝説級の俺の強さに震えるがいい！！
MAP88_e15_p7_13	Map088.json	1	dialogue	ピケピケの声：
MAP88_e15_p7_132	Map088.json	2	dialogue	バンデッド
MAP88_e15_p7_133	Map088.json	2	dialogue	「いいか…　終わりじゃない…
MAP88_e15_p7_134	Map088.json	2	dialogue	　俺は何度でも蘇って…お前らの前に現れる！
MAP88_e15_p7_135	Map088.json	2	dialogue	　何度でもだ…　　　　　ぐはあッ！！！！
MAP88_e15_p7_14	Map088.json	1	dialogue	えーと…　それはちょっと面白そうだなあ
MAP88_e15_p7_144	Map088.json	2	dialogue	　　　　　　　　闇は開き　　　　闇は広がり
MAP88_e15_p7_145	Map088.json	2	dialogue	　　　　次元が　　　　　　戻る
MAP88_e15_p7_15	Map088.json	1	dialogue	いや！　でもオススメはできないぞ！！　キケンだ！！
MAP88_e15_p7_17	Map088.json	1	dialogue	ピケピケの声：
MAP88_e15_p7_18	Map088.json	1	dialogue	忠告はしたぞ　最低限の親切はしたからな？
MAP88_e15_p7_19	Map088.json	1	dialogue	おそらく伝説のバトルが待っている事だろう…
MAP88_e15_p7_2	Map088.json	0	dialogue	　　　　　ダフィールはぐったりと倒れて動かない
MAP88_e15_p7_21	Map088.json	1	dialogue	ウィン：
MAP88_e15_p7_22	Map088.json	1	dialogue	………。
MAP88_e15_p7_23_c0	Map088.json	choice	choice	引っ張ってみる
MAP88_e15_p7_23_c1	Map088.json	choice	choice	そのままにしておく
MAP88_e15_p7_35	Map088.json	2	dialogue	ピケピケの声：
MAP88_e15_p7_36	Map088.json	2	dialogue	どっちが勝つんだろう…　ちょっと楽しみ…
MAP88_e15_p7_37	Map088.json	2	dialogue	それではいってらっしゃーーーーーーい！！
MAP88_e15_p7_41	Map088.json	2	dialogue	　　闇が膨らみ　　　　　　　闇が閉じ
MAP88_e15_p7_42	Map088.json	2	dialogue	　　　　　　　　次元が　　　　　　　　　　歪んでいく
MAP88_e15_p7_5	Map088.json	0	dialogue	　　　しかしよく見ると、ダフィールの口の中から
MAP88_e15_p7_53	Map088.json	2	dialogue	ホノオ
MAP88_e15_p7_54	Map088.json	2	dialogue	「あれ？　どこだよ、ここ…？
MAP88_e15_p7_56	Map088.json	2	dialogue	ピピン
MAP88_e15_p7_57	Map088.json	2	dialogue	「おまえら…　どうしてここにいる？
MAP88_e15_p7_59	Map088.json	2	dialogue	ナガレ
MAP88_e15_p7_6	Map088.json	0	dialogue	　　　　黒い蛇のようなものがはみ出ている…
MAP88_e15_p7_60	Map088.json	2	dialogue	「わからないよ…　一体全体何が起こって…
MAP88_e15_p7_62	Map088.json	2	dialogue	？？？
MAP88_e15_p7_63	Map088.json	2	dialogue	「ックックックッ…　
MAP88_e15_p7_65	Map088.json	2	dialogue	？？？
MAP88_e15_p7_66	Map088.json	2	dialogue	「やっぱりな…
MAP88_e15_p7_67	Map088.json	2	dialogue	　俺だけじゃなかったみたいだ…
MAP88_e15_p7_68	Map088.json	2	dialogue	　何度も戦い…　そしてここにたどり着いたのは…
MAP88_e15_p7_70	Map088.json	2	dialogue	ホノオ
MAP88_e15_p7_71	Map088.json	2	dialogue	「だ、誰だ…！？
MAP88_e15_p7_73	Map088.json	2	dialogue	ナガレ
MAP88_e15_p7_74	Map088.json	2	dialogue	「まだ他にもなんかいるのか！？
MAP88_e15_p7_76	Map088.json	2	dialogue	「こんなとこ　早く出たいのに！！
MAP88_e15_p7_78	Map088.json	2	dialogue	ピピン
MAP88_e15_p7_79	Map088.json	2	dialogue	「この際なにが出てきても驚かん…
MAP88_e15_p7_8	Map088.json	0	dialogue	ウィン：
MAP88_e15_p7_80	Map088.json	2	dialogue	　何でもいい　さっさと出てこい！！
MAP88_e15_p7_82	Map088.json	2	dialogue	？？？
MAP88_e15_p7_83	Map088.json	2	dialogue	「フッ…
MAP88_e15_p7_84	Map088.json	2	dialogue	　いいだろう…そろそろ俺も…
MAP88_e15_p7_88	Map088.json	2	dialogue	？？？
MAP88_e15_p7_89	Map088.json	2	dialogue	「おまえらに勝てるだろうからな！！
MAP88_e15_p7_9	Map088.json	0	dialogue	………。
MAP88_e15_p7_92	Map088.json	2	dialogue	ホノオ
MAP88_e15_p7_93	Map088.json	2	dialogue	「だ、誰だ…！？
MAP88_e15_p7_95	Map088.json	2	dialogue	？？？
MAP88_e15_p7_96	Map088.json	2	dialogue	「お前それ最初のセリフと同じじゃねえか！
MAP88_e15_p7_98	Map088.json	2	dialogue	ナガレ
MAP88_e15_p7_99	Map088.json	2	dialogue	「誰だっオマエは！？
MAP88_e15_p8_100	Map088.json	2	dialogue	ウィン
MAP88_e15_p8_101	Map088.json	2	dialogue	「……………誰ですか？
MAP88_e15_p8_103	Map088.json	2	dialogue	？？？
MAP88_e15_p8_104	Map088.json	2	dialogue	「お前まで分からないのか……
MAP88_e15_p8_105	Map088.json	2	dialogue	　それはなんか、ちょっとショックだろ………
MAP88_e15_p8_107	Map088.json	2	dialogue	ピピン
MAP88_e15_p8_108	Map088.json	2	dialogue	「この際なにが出てきても驚かん…
MAP88_e15_p8_109	Map088.json	2	dialogue	　何でもいい　さっさとかかってこい！
MAP88_e15_p8_10_c0	Map088.json	choice	choice	引っ張ってみる
MAP88_e15_p8_10_c1	Map088.json	choice	choice	そのままにしておく
MAP88_e15_p8_111	Map088.json	2	dialogue	？？？
MAP88_e15_p8_112	Map088.json	2	dialogue	「クソ―! ムカつく奴らだぜ！
MAP88_e15_p8_113	Map088.json	2	dialogue	　ああ！もういい！！
MAP88_e15_p8_114	Map088.json	2	dialogue	　俺はバンデッドだ！！
MAP88_e15_p8_116	Map088.json	2	dialogue	バンデッド
MAP88_e15_p8_117	Map088.json	2	dialogue	「最初は新米だったが、その後熟練に至り…
MAP88_e15_p8_118	Map088.json	2	dialogue	　遂には伝説のバンデッドとなった！！
MAP88_e15_p8_120	Map088.json	2	dialogue	バンデッド
MAP88_e15_p8_121	Map088.json	2	dialogue	「いまの俺なら、もうお前たちも負けん！！
MAP88_e15_p8_122	Map088.json	2	dialogue	　伝説級の俺の強さに震えるがいい！！
MAP88_e15_p8_128	Map088.json	2	dialogue	バンデッド
MAP88_e15_p8_129	Map088.json	2	dialogue	「いいか…　終わりじゃない…
MAP88_e15_p8_13	Map088.json	1	dialogue	ピケピケの声：
MAP88_e15_p8_130	Map088.json	2	dialogue	　俺は何度でも蘇って…お前らの前に現れる！
MAP88_e15_p8_131	Map088.json	2	dialogue	　何度でもだ…　　　　　ぐはあッ！！！！
MAP88_e15_p8_14	Map088.json	1	dialogue	えーと…　まだやってるの…？
MAP88_e15_p8_140	Map088.json	2	dialogue	　　　　　　　　闇は開き　　　　闇は広がり
MAP88_e15_p8_141	Map088.json	2	dialogue	　　　　次元が　　　　　　戻る
MAP88_e15_p8_15	Map088.json	1	dialogue	さすがにもう何も用意してないんだけど…
MAP88_e15_p8_17	Map088.json	1	dialogue	ピケピケの声：
MAP88_e15_p8_18	Map088.json	1	dialogue	ではでは伝説のバトルへどうぞ…
MAP88_e15_p8_19	Map088.json	1	dialogue	もうよくない？
MAP88_e15_p8_2	Map088.json	0	dialogue	　　　　　ダフィールはぐったりと倒れて動かない
MAP88_e15_p8_21	Map088.json	1	dialogue	ウィン：
MAP88_e15_p8_22	Map088.json	1	dialogue	………。
MAP88_e15_p8_23_c0	Map088.json	choice	choice	引っ張ってみる
MAP88_e15_p8_23_c1	Map088.json	choice	choice	そのままにしておく
MAP88_e15_p8_37	Map088.json	2	dialogue	　　闇が膨らみ　　　　　　　闇が閉じ
MAP88_e15_p8_38	Map088.json	2	dialogue	　　　　　　　　次元が　　　　　　　　　　歪んでいく
MAP88_e15_p8_49	Map088.json	2	dialogue	ホノオ
MAP88_e15_p8_5	Map088.json	0	dialogue	　　　しかしよく見ると、ダフィールの口の中から
MAP88_e15_p8_50	Map088.json	2	dialogue	「あれ？　どこだよ、ここ…？
MAP88_e15_p8_52	Map088.json	2	dialogue	ピピン
MAP88_e15_p8_53	Map088.json	2	dialogue	「おまえら…　どうしてここにいる？
MAP88_e15_p8_55	Map088.json	2	dialogue	ナガレ
MAP88_e15_p8_56	Map088.json	2	dialogue	「わからないよ…　一体全体何が起こって…
MAP88_e15_p8_58	Map088.json	2	dialogue	？？？
MAP88_e15_p8_59	Map088.json	2	dialogue	「ックックックッ…　
MAP88_e15_p8_6	Map088.json	0	dialogue	　　　　黒い蛇のようなものがはみ出ている…
MAP88_e15_p8_61	Map088.json	2	dialogue	？？？
MAP88_e15_p8_62	Map088.json	2	dialogue	「やっぱりな…
MAP88_e15_p8_63	Map088.json	2	dialogue	　俺だけじゃなかったみたいだ…
MAP88_e15_p8_64	Map088.json	2	dialogue	　何度も戦い…　そしてここにたどり着いたのは…
MAP88_e15_p8_66	Map088.json	2	dialogue	ホノオ
MAP88_e15_p8_67	Map088.json	2	dialogue	「だ、誰だ…！？
MAP88_e15_p8_69	Map088.json	2	dialogue	ナガレ
MAP88_e15_p8_70	Map088.json	2	dialogue	「まだ他にもなんかいるのか！？
MAP88_e15_p8_72	Map088.json	2	dialogue	「こんなとこ　早く出たいのに！！
MAP88_e15_p8_74	Map088.json	2	dialogue	ピピン
MAP88_e15_p8_75	Map088.json	2	dialogue	「この際なにが出てきても驚かん…
MAP88_e15_p8_76	Map088.json	2	dialogue	　何でもいい　さっさと出てこい！！
MAP88_e15_p8_78	Map088.json	2	dialogue	？？？
MAP88_e15_p8_79	Map088.json	2	dialogue	「フッ…
MAP88_e15_p8_8	Map088.json	0	dialogue	ウィン：
MAP88_e15_p8_80	Map088.json	2	dialogue	　いいだろう…そろそろ俺も…
MAP88_e15_p8_84	Map088.json	2	dialogue	？？？
MAP88_e15_p8_85	Map088.json	2	dialogue	「おまえらに勝てるだろうからな！！
MAP88_e15_p8_88	Map088.json	2	dialogue	ホノオ
MAP88_e15_p8_89	Map088.json	2	dialogue	「だ、誰だ…！？
MAP88_e15_p8_9	Map088.json	0	dialogue	………。
MAP88_e15_p8_91	Map088.json	2	dialogue	？？？
MAP88_e15_p8_92	Map088.json	2	dialogue	「お前それ最初のセリフと同じじゃねえか！
MAP88_e15_p8_94	Map088.json	2	dialogue	ナガレ
MAP88_e15_p8_95	Map088.json	2	dialogue	「誰だっオマエは！？
MAP88_e15_p8_97	Map088.json	2	dialogue	？？？
MAP88_e15_p8_98	Map088.json	2	dialogue	「何度も会ってるだろ！俺とお前らは！！！！
MAP88_e15_p9_2	Map088.json	0	dialogue	　　　　　ダフィールはぐったりと倒れて動かない
MAP88_e16_name	Map088.json	event name	name	ナウー
MAP88_e16_p1_1	Map088.json	0	dialogue	ナウー：
MAP88_e16_p1_11	Map088.json	0	dialogue	　　　　　　　ナウーは小さく頷いた
MAP88_e16_p1_13	Map088.json	0	dialogue	ウィン：
MAP88_e16_p1_14	Map088.json	0	dialogue	…………。
MAP88_e16_p1_17	Map088.json	0	dialogue	　　　　　　　ウィンも小さく頷いた
MAP88_e16_p1_2	Map088.json	0	dialogue	…………。
MAP88_e16_p1_4	Map088.json	0	dialogue	ウィン：
MAP88_e16_p1_5	Map088.json	0	dialogue	…………。
MAP88_e16_p1_7	Map088.json	0	dialogue	ナウー：
MAP88_e16_p1_8	Map088.json	0	dialogue	…………。
MAP88_e17_name	Map088.json	event name	name	ピケピケ
MAP88_e17_p2_1	Map088.json	0	dialogue	ピケピケ？：
MAP88_e17_p2_2	Map088.json	0	dialogue	…さようなら、ウィン君、ピピン君！！
MAP88_e18_p0_14	Map088.json	0	dialogue	　　　　　　　　　制作・開発　　ＷＧＴ
MAP88_e1_name	Map088.json	event name	name	ミケーネ
MAP88_e1_p1_1	Map088.json	0	dialogue	ミケーネ：
MAP88_e1_p1_10	Map088.json	0	dialogue	なんだか、また会える気がする…
MAP88_e1_p1_11	Map088.json	0	dialogue	だからさよならは言わないわ。
MAP88_e1_p1_12	Map088.json	0	dialogue	さあ、早く行きなさいよ？
MAP88_e1_p1_2	Map088.json	0	dialogue	…早く行きなさいよ、何してるの？
MAP88_e1_p1_3	Map088.json	0	dialogue	心配しなくてもあたしたちは直ぐに消えるわ。
MAP88_e1_p1_5	Map088.json	0	dialogue	ミケーネ：
MAP88_e1_p1_6	Map088.json	0	dialogue	次に復活するときに、
MAP88_e1_p1_7	Map088.json	0	dialogue	あなたたちはもういないけれど…
MAP88_e1_p1_9	Map088.json	0	dialogue	ミケーネ：
MAP89_e2_p0_1	Map089.json	0	dialogue	ウィン：
MAP89_e2_p0_2	Map089.json	0	dialogue	…。
MAP89_e2_p0_5	Map089.json	0	dialogue	　　　　　もう進むしかないとウィンは思った
MAP89_e3_p0_10	Map089.json	0	dialogue	キュアポーションを手に入れた！
MAP89_e3_p2_10	Map089.json	0	dialogue	キュアポーションを手に入れた！
MAP89_e4_p0_10	Map089.json	0	dialogue	ショックポーションを手に入れた！
MAP89_e4_p2_10	Map089.json	0	dialogue	ショックポーションを手に入れた！
MAP89_e5_p0_11	Map089.json	0	dialogue	　　　　　　　ヒールポーションを手に入れた！
MAP89_e5_p2_11	Map089.json	0	dialogue	　　　　　　　ヒールポーションを手に入れた！
MAP90_e24_name	Map090.json	event name	name	左ピロシキン
MAP90_e24_p0_1	Map090.json	0	dialogue	警備兵ピロシキン：
MAP90_e24_p0_2	Map090.json	0	dialogue	俺は歴戦の勇士なんで、こんな任務軽いっすよ
MAP90_e25_name	Map090.json	event name	name	右カメマル
MAP90_e25_p0_1	Map090.json	0	dialogue	警備兵カメマル：
MAP90_e25_p0_2	Map090.json	0	dialogue	どうも状態異常使ってくる魔物が多いね。
MAP90_e25_p0_3	Map090.json	0	dialogue	万金丹を多めに買っておいた方がよさそっす。
MAP90_e26_name	Map090.json	event name	name	正面真ん中ヘヴィ
MAP90_e26_p0_1	Map090.json	0	dialogue	武者修行帰りの騎士ヘヴィ：
MAP90_e26_p0_2	Map090.json	0	dialogue	ライスボールとか万金丹とか、売っている街で
MAP90_e26_p0_3	Map090.json	0	dialogue	微妙に値段違うの知ってるか？
MAP90_e26_p0_4	Map090.json	0	dialogue	びっくりしたよー
MAP90_e28_name	Map090.json	event name	name	たきびした
MAP90_e28_p0_1	Map090.json	0	dialogue	休憩中の警備兵ワステッド：
MAP90_e28_p0_2	Map090.json	0	dialogue	この前セイリューの錬金術師の店に行ったら、
MAP90_e28_p0_3	Map090.json	0	dialogue	ちょっと割引してましたよ？
MAP90_e28_p0_4	Map090.json	0	dialogue	行ってみてくださいっす。
MAP90_e29_name	Map090.json	event name	name	たきびみぎ
MAP90_e29_p0_1	Map090.json	0	dialogue	休憩中の警備兵ノックス：
MAP90_e29_p0_2	Map090.json	0	dialogue	紋章の継承者だと、暗黒大陸の病気が効かない
MAP90_e29_p0_3	Map090.json	0	dialogue	って本当か？　羨ましいな…
MAP90_e29_p0_4	Map090.json	0	dialogue	誰も見たことのない土地へ行けるんだからな。
MAP90_e4_name	Map090.json	event name	name	サクソン
MAP90_e5_p0_102	Map090.json	0	dialogue	　　　　　　シナリオライター　西園寺ハムカツ
MAP90_e5_p0_84	Map090.json	0	dialogue	騎士団長代行サクソン：
MAP90_e5_p0_85	Map090.json	0	dialogue	おお！！　全員生きて帰ったのか…！！
MAP90_e5_p0_86	Map090.json	0	dialogue	なんとめでたいのだあああああああああ！！！
MAP90_e5_p0_88	Map090.json	0	dialogue	ホノオ：
MAP90_e5_p0_89	Map090.json	0	dialogue	よう、サクソンのおっさん！！
MAP90_e5_p0_90	Map090.json	0	dialogue	橋の守り、ご苦労様だったぜー！！
MAP90_e5_p0_92	Map090.json	0	dialogue	ナガレ：
MAP90_e5_p0_93	Map090.json	0	dialogue	良かった、ここのみんなも無事みたいだな。
MAP90_e5_p0_95	Map090.json	0	dialogue	ピピン：
MAP90_e5_p0_96	Map090.json	0	dialogue	………。
MAP90_e7_name	Map090.json	event name	name	正面左スカイ
MAP90_e7_p0_1	Map090.json	0	dialogue	城門係スカイ：
MAP90_e7_p0_12	Map090.json	1	dialogue	ナガレ：
MAP90_e7_p0_13	Map090.json	1	dialogue	騎士団のみんな、橋の警備よろしくな！
MAP90_e7_p0_2	Map090.json	0	dialogue	け、継承者の皆様に…敬礼！
MAP90_e7_p0_3_c0	Map090.json	choice	choice	敬礼を返す
MAP90_e7_p0_3_c1	Map090.json	choice	choice	おじぎをする
MAP90_e7_p0_6	Map090.json	1	dialogue	ホノオ：
MAP90_e7_p0_7	Map090.json	1	dialogue	おっ！　なんだそれ！
MAP90_e7_p0_8	Map090.json	1	dialogue	騎士団はそうやってあいさつすんのか！？
MAP90_e8_name	Map090.json	event name	name	正面右クロウ
MAP90_e8_p0_1	Map090.json	0	dialogue	城門係クロウ：
MAP90_e8_p0_2	Map090.json	0	dialogue	継承者御一行様、お通りー！
MAP91_e10_p1_2	Map091.json	0	dialogue	　　　　ハヤテを使えば目的地にすぐに行けるな
MAP91_e10_p1_3	Map091.json	0	dialogue	　　　　　　　　…と、ウィンは思った
MAP91_e10_p1_4_c0	Map091.json	choice	choice	ハヤテを使おう
MAP91_e10_p1_4_c1	Map091.json	choice	choice	使わなくていいや
MAP91_e10_p1_6_c0	Map091.json	choice	choice	ウィンダム城
MAP91_e10_p1_6_c1	Map091.json	choice	choice	フレイム城
MAP91_e10_p1_6_c2	Map091.json	choice	choice	旅の宿屋
MAP91_e10_p1_6_c3	Map091.json	choice	choice	南の採石場
MAP91_e10_p2_2	Map091.json	0	dialogue	　　　　ハヤテを使えば目的地にすぐに行けるな
MAP91_e10_p2_3	Map091.json	0	dialogue	　　　　　　　　…と、ウィンは思った
MAP91_e10_p2_4_c0	Map091.json	choice	choice	ハヤテを使おう
MAP91_e10_p2_4_c1	Map091.json	choice	choice	使わなくていいや
MAP91_e10_p2_6_c0	Map091.json	choice	choice	ウィンダム城
MAP91_e10_p2_6_c1	Map091.json	choice	choice	フレイム城
MAP91_e10_p2_6_c2	Map091.json	choice	choice	旅の宿屋
MAP91_e10_p2_6_c3	Map091.json	choice	choice	南の採石場
MAP91_e10_p2_6_c4	Map091.json	choice	choice	暗黒大陸の廃墟
MAP91_e11_p1_2	Map091.json	0	dialogue	　　　　ハヤテを使えば目的地にすぐに行けるな
MAP91_e11_p1_3	Map091.json	0	dialogue	　　　　　　　　…と、ウィンは思った
MAP91_e11_p1_4_c0	Map091.json	choice	choice	ハヤテを使おう
MAP91_e11_p1_4_c1	Map091.json	choice	choice	使わなくていいや
MAP91_e11_p1_6_c0	Map091.json	choice	choice	ウィンダム城
MAP91_e11_p1_6_c1	Map091.json	choice	choice	フレイム城
MAP91_e11_p1_6_c2	Map091.json	choice	choice	旅の宿屋
MAP91_e11_p1_6_c3	Map091.json	choice	choice	南の採石場
MAP91_e11_p2_2	Map091.json	0	dialogue	　　　　ハヤテを使えば目的地にすぐに行けるな
MAP91_e11_p2_3	Map091.json	0	dialogue	　　　　　　　　…と、ウィンは思った
MAP91_e11_p2_4_c0	Map091.json	choice	choice	ハヤテを使おう
MAP91_e11_p2_4_c1	Map091.json	choice	choice	使わなくていいや
MAP91_e11_p2_6_c0	Map091.json	choice	choice	ウィンダム城
MAP91_e11_p2_6_c1	Map091.json	choice	choice	フレイム城
MAP91_e11_p2_6_c2	Map091.json	choice	choice	旅の宿屋
MAP91_e11_p2_6_c3	Map091.json	choice	choice	南の採石場
MAP91_e11_p2_6_c4	Map091.json	choice	choice	暗黒大陸の廃墟
MAP91_e12_p1_2	Map091.json	0	dialogue	　　　　ハヤテを使えば目的地にすぐに行けるな
MAP91_e12_p1_3	Map091.json	0	dialogue	　　　　　　　　…と、ウィンは思った
MAP91_e12_p1_4_c0	Map091.json	choice	choice	ハヤテを使おう
MAP91_e12_p1_4_c1	Map091.json	choice	choice	使わなくていいや
MAP91_e12_p1_6_c0	Map091.json	choice	choice	ウィンダム城
MAP91_e12_p1_6_c1	Map091.json	choice	choice	フレイム城
MAP91_e12_p1_6_c2	Map091.json	choice	choice	旅の宿屋
MAP91_e12_p1_6_c3	Map091.json	choice	choice	南の採石場
MAP91_e12_p2_2	Map091.json	0	dialogue	　　　　ハヤテを使えば目的地にすぐに行けるな
MAP91_e12_p2_3	Map091.json	0	dialogue	　　　　　　　　…と、ウィンは思った
MAP91_e12_p2_4_c0	Map091.json	choice	choice	ハヤテを使おう
MAP91_e12_p2_4_c1	Map091.json	choice	choice	使わなくていいや
MAP91_e12_p2_6_c0	Map091.json	choice	choice	ウィンダム城
MAP91_e12_p2_6_c1	Map091.json	choice	choice	フレイム城
MAP91_e12_p2_6_c2	Map091.json	choice	choice	旅の宿屋
MAP91_e12_p2_6_c3	Map091.json	choice	choice	南の採石場
MAP91_e12_p2_6_c4	Map091.json	choice	choice	暗黒大陸の廃墟
MAP91_e13_p1_2	Map091.json	0	dialogue	　　　　ハヤテを使えば目的地にすぐに行けるな
MAP91_e13_p1_3	Map091.json	0	dialogue	　　　　　　　　…と、ウィンは思った
MAP91_e13_p1_4_c0	Map091.json	choice	choice	ハヤテを使おう
MAP91_e13_p1_4_c1	Map091.json	choice	choice	使わなくていいや
MAP91_e13_p1_6_c0	Map091.json	choice	choice	ウィンダム城
MAP91_e13_p1_6_c1	Map091.json	choice	choice	フレイム城
MAP91_e13_p1_6_c2	Map091.json	choice	choice	旅の宿屋
MAP91_e13_p1_6_c3	Map091.json	choice	choice	南の採石場
MAP91_e13_p2_2	Map091.json	0	dialogue	　　　　ハヤテを使えば目的地にすぐに行けるな
MAP91_e13_p2_3	Map091.json	0	dialogue	　　　　　　　　…と、ウィンは思った
MAP91_e13_p2_4_c0	Map091.json	choice	choice	ハヤテを使おう
MAP91_e13_p2_4_c1	Map091.json	choice	choice	使わなくていいや
MAP91_e13_p2_6_c0	Map091.json	choice	choice	ウィンダム城
MAP91_e13_p2_6_c1	Map091.json	choice	choice	フレイム城
MAP91_e13_p2_6_c2	Map091.json	choice	choice	旅の宿屋
MAP91_e13_p2_6_c3	Map091.json	choice	choice	南の採石場
MAP91_e13_p2_6_c4	Map091.json	choice	choice	暗黒大陸の廃墟
MAP91_e14_p1_2	Map091.json	0	dialogue	　　　　ハヤテを使えば目的地にすぐに行けるな
MAP91_e14_p1_3	Map091.json	0	dialogue	　　　　　　　　…と、ウィンは思った
MAP91_e14_p1_4_c0	Map091.json	choice	choice	ハヤテを使おう
MAP91_e14_p1_4_c1	Map091.json	choice	choice	使わなくていいや
MAP91_e14_p1_6_c0	Map091.json	choice	choice	ウィンダム城
MAP91_e14_p1_6_c1	Map091.json	choice	choice	フレイム城
MAP91_e14_p1_6_c2	Map091.json	choice	choice	旅の宿屋
MAP91_e14_p1_6_c3	Map091.json	choice	choice	南の採石場
MAP91_e14_p2_2	Map091.json	0	dialogue	　　　　ハヤテを使えば目的地にすぐに行けるな
MAP91_e14_p2_3	Map091.json	0	dialogue	　　　　　　　　…と、ウィンは思った
MAP91_e14_p2_4_c0	Map091.json	choice	choice	ハヤテを使おう
MAP91_e14_p2_4_c1	Map091.json	choice	choice	使わなくていいや
MAP91_e14_p2_6_c0	Map091.json	choice	choice	ウィンダム城
MAP91_e14_p2_6_c1	Map091.json	choice	choice	フレイム城
MAP91_e14_p2_6_c2	Map091.json	choice	choice	旅の宿屋
MAP91_e14_p2_6_c3	Map091.json	choice	choice	南の採石場
MAP91_e14_p2_6_c4	Map091.json	choice	choice	暗黒大陸の廃墟
MAP91_e15_p1_2	Map091.json	0	dialogue	　　　　ハヤテを使えば目的地にすぐに行けるな
MAP91_e15_p1_3	Map091.json	0	dialogue	　　　　　　　　…と、ウィンは思った
MAP91_e15_p1_4_c0	Map091.json	choice	choice	ハヤテを使おう
MAP91_e15_p1_4_c1	Map091.json	choice	choice	使わなくていいや
MAP91_e15_p1_6_c0	Map091.json	choice	choice	ウィンダム城
MAP91_e15_p1_6_c1	Map091.json	choice	choice	フレイム城
MAP91_e15_p1_6_c2	Map091.json	choice	choice	旅の宿屋
MAP91_e15_p1_6_c3	Map091.json	choice	choice	南の採石場
MAP91_e15_p2_2	Map091.json	0	dialogue	　　　　ハヤテを使えば目的地にすぐに行けるな
MAP91_e15_p2_3	Map091.json	0	dialogue	　　　　　　　　…と、ウィンは思った
MAP91_e15_p2_4_c0	Map091.json	choice	choice	ハヤテを使おう
MAP91_e15_p2_4_c1	Map091.json	choice	choice	使わなくていいや
MAP91_e15_p2_6_c0	Map091.json	choice	choice	ウィンダム城
MAP91_e15_p2_6_c1	Map091.json	choice	choice	フレイム城
MAP91_e15_p2_6_c2	Map091.json	choice	choice	旅の宿屋
MAP91_e15_p2_6_c3	Map091.json	choice	choice	南の採石場
MAP91_e15_p2_6_c4	Map091.json	choice	choice	暗黒大陸の廃墟
MAP91_e16_p1_2	Map091.json	0	dialogue	　　　　ハヤテを使えば目的地にすぐに行けるな
MAP91_e16_p1_3	Map091.json	0	dialogue	　　　　　　　　…と、ウィンは思った
MAP91_e16_p1_4_c0	Map091.json	choice	choice	ハヤテを使おう
MAP91_e16_p1_4_c1	Map091.json	choice	choice	使わなくていいや
MAP91_e16_p1_6_c0	Map091.json	choice	choice	ウィンダム城
MAP91_e16_p1_6_c1	Map091.json	choice	choice	フレイム城
MAP91_e16_p1_6_c2	Map091.json	choice	choice	旅の宿屋
MAP91_e16_p1_6_c3	Map091.json	choice	choice	南の採石場
MAP91_e16_p2_2	Map091.json	0	dialogue	　　　　ハヤテを使えば目的地にすぐに行けるな
MAP91_e16_p2_3	Map091.json	0	dialogue	　　　　　　　　…と、ウィンは思った
MAP91_e16_p2_4_c0	Map091.json	choice	choice	ハヤテを使おう
MAP91_e16_p2_4_c1	Map091.json	choice	choice	使わなくていいや
MAP91_e16_p2_6_c0	Map091.json	choice	choice	ウィンダム城
MAP91_e16_p2_6_c1	Map091.json	choice	choice	フレイム城
MAP91_e16_p2_6_c2	Map091.json	choice	choice	旅の宿屋
MAP91_e16_p2_6_c3	Map091.json	choice	choice	南の採石場
MAP91_e16_p2_6_c4	Map091.json	choice	choice	暗黒大陸の廃墟
MAP91_e17_p1_2	Map091.json	0	dialogue	　　　　ハヤテを使えば目的地にすぐに行けるな
MAP91_e17_p1_3	Map091.json	0	dialogue	　　　　　　　　…と、ウィンは思った
MAP91_e17_p1_4_c0	Map091.json	choice	choice	ハヤテを使おう
MAP91_e17_p1_4_c1	Map091.json	choice	choice	使わなくていいや
MAP91_e17_p1_6_c0	Map091.json	choice	choice	ウィンダム城
MAP91_e17_p1_6_c1	Map091.json	choice	choice	フレイム城
MAP91_e17_p1_6_c2	Map091.json	choice	choice	旅の宿屋
MAP91_e17_p1_6_c3	Map091.json	choice	choice	南の採石場
MAP91_e17_p2_2	Map091.json	0	dialogue	　　　　ハヤテを使えば目的地にすぐに行けるな
MAP91_e17_p2_3	Map091.json	0	dialogue	　　　　　　　　…と、ウィンは思った
MAP91_e17_p2_4_c0	Map091.json	choice	choice	ハヤテを使おう
MAP91_e17_p2_4_c1	Map091.json	choice	choice	使わなくていいや
MAP91_e17_p2_6_c0	Map091.json	choice	choice	ウィンダム城
MAP91_e17_p2_6_c1	Map091.json	choice	choice	フレイム城
MAP91_e17_p2_6_c2	Map091.json	choice	choice	旅の宿屋
MAP91_e17_p2_6_c3	Map091.json	choice	choice	南の採石場
MAP91_e17_p2_6_c4	Map091.json	choice	choice	暗黒大陸の廃墟
MAP91_e18_name	Map091.json	event name	name	トリカゼ
MAP91_e19_name	Map091.json	event name	name	マハリ
MAP91_e20_name	Map091.json	event name	name	ナガレ
MAP91_e21_name	Map091.json	event name	name	オタキ様
MAP91_e22_name	Map091.json	event name	name	シズク様
MAP91_e23_p0_100	Map091.json	0	dialogue	ピピン：
MAP91_e23_p0_101	Map091.json	0	dialogue	クッ………
MAP91_e23_p0_102	Map091.json	0	dialogue	じゃあ、そこのピンクのやムラサキの…
MAP91_e23_p0_104	Map091.json	0	dialogue	トリカゼ：
MAP91_e23_p0_105	Map091.json	0	dialogue	あたしのこと言ってんのかい？
MAP91_e23_p0_106	Map091.json	0	dialogue	ふざけんな、あたしは鍛冶屋の娘だよ！
MAP91_e23_p0_108	Map091.json	0	dialogue	マハリ：
MAP91_e23_p0_109	Map091.json	0	dialogue	セイリューでは当主の一族しか継承しては
MAP91_e23_p0_11	Map091.json	0	dialogue	オタキ様：
MAP91_e23_p0_110	Map091.json	0	dialogue	いけない決まりです。ピピンさんの場合は
MAP91_e23_p0_111	Map091.json	0	dialogue	非常時ですから仕方ないとしても…
MAP91_e23_p0_113	Map091.json	0	dialogue	マハリ：
MAP91_e23_p0_114	Map091.json	0	dialogue	次の継承者となるとやはり…
MAP91_e23_p0_115	Map091.json	0	dialogue	ナガレの子どもになりますかねえ…。
MAP91_e23_p0_117	Map091.json	0	dialogue	ピピン：
MAP91_e23_p0_118	Map091.json	0	dialogue	じゃ、じゃあナガレ、早く子どもを作れ…
MAP91_e23_p0_119	Map091.json	0	dialogue	一刻も早くこの紋章を…
MAP91_e23_p0_12	Map091.json	0	dialogue	よう…帰った…　よう帰ったな、ナガレ！
MAP91_e23_p0_121	Map091.json	0	dialogue	ナガレ：
MAP91_e23_p0_122	Map091.json	0	dialogue	バカ！　まだ相手もいないってのに、
MAP91_e23_p0_123	Map091.json	0	dialogue	どうやって作るんだよ！？
MAP91_e23_p0_125	Map091.json	0	dialogue	ナガレ：
MAP91_e23_p0_126	Map091.json	0	dialogue	まあ、しばらくはあんたが持っていてくれ。
MAP91_e23_p0_127	Map091.json	0	dialogue	その間、こっちでも色々考えてみるからさ！
MAP91_e23_p0_129	Map091.json	0	dialogue	オタキ様：
MAP91_e23_p0_130	Map091.json	0	dialogue	水の紋章…いましばらくお預け致しますぞ、
MAP91_e23_p0_131	Map091.json	0	dialogue	ピピン殿！！
MAP91_e23_p0_133	Map091.json	0	dialogue	ピピン：
MAP91_e23_p0_134	Map091.json	0	dialogue	クッ………！！
MAP91_e23_p0_139	Map091.json	0	dialogue	　　　　　　　ゲームデザイン　西園寺ハムカツ
MAP91_e23_p0_14	Map091.json	0	dialogue	シズク様：
MAP91_e23_p0_15	Map091.json	0	dialogue	おかえりなさい！
MAP91_e23_p0_19	Map091.json	0	dialogue	トリカゼ：
MAP91_e23_p0_20	Map091.json	0	dialogue	ナガレ―！！　心配したんだぞー！！
MAP91_e23_p0_21	Map091.json	0	dialogue	よかったー！！　よかったナガレー！！
MAP91_e23_p0_25	Map091.json	0	dialogue	マハリ：
MAP91_e23_p0_26	Map091.json	0	dialogue	すごいよ…　すごいよナガレ！！
MAP91_e23_p0_27	Map091.json	0	dialogue	やっぱりナガレはすごいよ！！
MAP91_e23_p0_29	Map091.json	0	dialogue	ホノオ：
MAP91_e23_p0_30	Map091.json	0	dialogue	お、オレたちも結構がんばったぜ…！！
MAP91_e23_p0_38	Map091.json	0	dialogue	オタキ様：
MAP91_e23_p0_39	Map091.json	0	dialogue	もちろんですじゃ！
MAP91_e23_p0_40	Map091.json	0	dialogue	継承者の方々、皆さまもご苦労様じゃった！
MAP91_e23_p0_42	Map091.json	0	dialogue	ホノオ：
MAP91_e23_p0_43	Map091.json	0	dialogue	へへへ、サンキュー！！
MAP91_e23_p0_45	Map091.json	0	dialogue	ピピン：
MAP91_e23_p0_46	Map091.json	0	dialogue	…感動の再会中に悪いが…
MAP91_e23_p0_48	Map091.json	0	dialogue	ピピン：
MAP91_e23_p0_49	Map091.json	0	dialogue	…ナガレ。別れる前に、水の紋章を返したい。
MAP91_e23_p0_50	Map091.json	0	dialogue	左手を出せ。
MAP91_e23_p0_55	Map091.json	0	dialogue	ナガレ：
MAP91_e23_p0_56	Map091.json	0	dialogue	…え？　ああ、でも…
MAP91_e23_p0_58	Map091.json	0	dialogue	ウィン：
MAP91_e23_p0_59	Map091.json	0	dialogue	…………。
MAP91_e23_p0_61	Map091.json	0	dialogue	ホノオ：
MAP91_e23_p0_62	Map091.json	0	dialogue	おい、ちょっと待て！
MAP91_e23_p0_64	Map091.json	0	dialogue	ホノオ：
MAP91_e23_p0_65	Map091.json	0	dialogue	…もしかして、あんた知らないのか？
MAP91_e23_p0_67	Map091.json	0	dialogue	ピピン：
MAP91_e23_p0_68	Map091.json	0	dialogue	ハ…？　…何をだ？
MAP91_e23_p0_7	Map091.json	0	dialogue	ナガレ：
MAP91_e23_p0_70	Map091.json	0	dialogue	ホノオ：
MAP91_e23_p0_71	Map091.json	0	dialogue	一度継承者になった奴は、ふたたび紋章を
MAP91_e23_p0_72	Map091.json	0	dialogue	継承出来ないんだよ。
MAP91_e23_p0_74	Map091.json	0	dialogue	ナガレ：
MAP91_e23_p0_75	Map091.json	0	dialogue	ああ、やっぱりそうなのか。
MAP91_e23_p0_76	Map091.json	0	dialogue	セイリューの言い伝えでもそうなんだよ。
MAP91_e23_p0_78	Map091.json	0	dialogue	ピピン：
MAP91_e23_p0_79	Map091.json	0	dialogue	な…んだと…？
MAP91_e23_p0_8	Map091.json	0	dialogue	オタキ様、姉さま、みんな…
MAP91_e23_p0_80	Map091.json	0	dialogue	本当なのか…！？
MAP91_e23_p0_82	Map091.json	0	dialogue	ホノオ：
MAP91_e23_p0_83	Map091.json	0	dialogue	ああ。
MAP91_e23_p0_85	Map091.json	0	dialogue	ピピン：
MAP91_e23_p0_86	Map091.json	0	dialogue	そ、そんなのは困るぞ…。
MAP91_e23_p0_87	Map091.json	0	dialogue	おい、ナガレ！　お前のばあさんや姉さん…
MAP91_e23_p0_88	Map091.json	0	dialogue	なんでもいい…　ほかに家族はいないのか！？
MAP91_e23_p0_9	Map091.json	0	dialogue	…ただいま帰りました！！
MAP91_e23_p0_90	Map091.json	0	dialogue	ナガレ：
MAP91_e23_p0_91	Map091.json	0	dialogue	オタキ様もシズク様も、既に元継承者だし…
MAP91_e23_p0_92	Map091.json	0	dialogue	そもそもふたりの年齢と病気があったから、
MAP91_e23_p0_93	Map091.json	0	dialogue	あたしが継承したんだぞ？
MAP91_e23_p0_95	Map091.json	0	dialogue	ナガレ：
MAP91_e23_p0_96	Map091.json	0	dialogue	もしふたりが紋章を継承できるのだとしても…
MAP91_e23_p0_97	Map091.json	0	dialogue	無暗に負担を強いる事になる。
MAP91_e23_p0_98	Map091.json	0	dialogue	だから、あたしは許可しない。
MAP91_e60_p0_10	Map091.json	0	dialogue	トリカゼ：
MAP91_e60_p0_11	Map091.json	0	dialogue	おーい！！
MAP91_e60_p0_14	Map091.json	0	dialogue	トリカゼ：
MAP91_e60_p0_15	Map091.json	0	dialogue	あたしだけじゃちょっとキツイんだ…
MAP91_e60_p0_16	Map091.json	0	dialogue	助太刀してくれーーー！！
MAP91_e60_p0_19	Map091.json	0	dialogue	ホノオ：
MAP91_e60_p0_20	Map091.json	0	dialogue	なんかすげえヤバイ感じだな…！
MAP91_e60_p0_22	Map091.json	0	dialogue	ナガレ：
MAP91_e60_p0_23	Map091.json	0	dialogue	とにかくトリカゼに助太刀しよう！急げ！
MAP91_e60_p0_4	Map091.json	0	dialogue	ホノオ：
MAP91_e60_p0_5	Map091.json	0	dialogue	お、おい…　なんだこりゃあ…！
MAP91_e60_p0_7	Map091.json	0	dialogue	ナガレ：
MAP91_e60_p0_8	Map091.json	0	dialogue	川が氾濫した！？　みんなは大丈夫なのか！？
MAP91_e61_p1_1	Map091.json	0	dialogue	ホノオ：
MAP91_e61_p1_2	Map091.json	0	dialogue	いまここを離れるわけにはいかねえ！！
MAP91_e7_p1_2	Map091.json	0	dialogue	　　　　ハヤテを使えば目的地にすぐに行けるな
MAP91_e7_p1_3	Map091.json	0	dialogue	　　　　　　　　…と、ウィンは思った
MAP91_e7_p1_4_c0	Map091.json	choice	choice	ハヤテを使おう
MAP91_e7_p1_4_c1	Map091.json	choice	choice	使わなくていいや
MAP91_e7_p1_6_c0	Map091.json	choice	choice	ウィンダム城
MAP91_e7_p1_6_c1	Map091.json	choice	choice	フレイム城
MAP91_e7_p1_6_c2	Map091.json	choice	choice	旅の宿屋
MAP91_e7_p1_6_c3	Map091.json	choice	choice	南の採石場
MAP91_e7_p2_2	Map091.json	0	dialogue	　　　　ハヤテを使えば目的地にすぐに行けるな
MAP91_e7_p2_3	Map091.json	0	dialogue	　　　　　　　　…と、ウィンは思った
MAP91_e7_p2_4_c0	Map091.json	choice	choice	ハヤテを使おう
MAP91_e7_p2_4_c1	Map091.json	choice	choice	使わなくていいや
MAP91_e7_p2_6_c0	Map091.json	choice	choice	ウィンダム城
MAP91_e7_p2_6_c1	Map091.json	choice	choice	フレイム城
MAP91_e7_p2_6_c2	Map091.json	choice	choice	旅の宿屋
MAP91_e7_p2_6_c3	Map091.json	choice	choice	南の採石場
MAP91_e7_p2_6_c4	Map091.json	choice	choice	暗黒大陸の廃墟
MAP91_e8_p1_2	Map091.json	0	dialogue	　　　　ハヤテを使えば目的地にすぐに行けるな
MAP91_e8_p1_3	Map091.json	0	dialogue	　　　　　　　　…と、ウィンは思った
MAP91_e8_p1_4_c0	Map091.json	choice	choice	ハヤテを使おう
MAP91_e8_p1_4_c1	Map091.json	choice	choice	使わなくていいや
MAP91_e8_p1_6_c0	Map091.json	choice	choice	ウィンダム城
MAP91_e8_p1_6_c1	Map091.json	choice	choice	フレイム城
MAP91_e8_p1_6_c2	Map091.json	choice	choice	旅の宿屋
MAP91_e8_p1_6_c3	Map091.json	choice	choice	南の採石場
MAP91_e8_p2_2	Map091.json	0	dialogue	　　　　ハヤテを使えば目的地にすぐに行けるな
MAP91_e8_p2_3	Map091.json	0	dialogue	　　　　　　　　…と、ウィンは思った
MAP91_e8_p2_4_c0	Map091.json	choice	choice	ハヤテを使おう
MAP91_e8_p2_4_c1	Map091.json	choice	choice	使わなくていいや
MAP91_e8_p2_6_c0	Map091.json	choice	choice	ウィンダム城
MAP91_e8_p2_6_c1	Map091.json	choice	choice	フレイム城
MAP91_e8_p2_6_c2	Map091.json	choice	choice	旅の宿屋
MAP91_e8_p2_6_c3	Map091.json	choice	choice	南の採石場
MAP91_e8_p2_6_c4	Map091.json	choice	choice	暗黒大陸の廃墟
MAP91_e9_p1_2	Map091.json	0	dialogue	　　　　ハヤテを使えば目的地にすぐに行けるな
MAP91_e9_p1_3	Map091.json	0	dialogue	　　　　　　　　…と、ウィンは思った
MAP91_e9_p1_4_c0	Map091.json	choice	choice	ハヤテを使おう
MAP91_e9_p1_4_c1	Map091.json	choice	choice	使わなくていいや
MAP91_e9_p1_6_c0	Map091.json	choice	choice	ウィンダム城
MAP91_e9_p1_6_c1	Map091.json	choice	choice	フレイム城
MAP91_e9_p1_6_c2	Map091.json	choice	choice	旅の宿屋
MAP91_e9_p1_6_c3	Map091.json	choice	choice	南の採石場
MAP91_e9_p2_2	Map091.json	0	dialogue	　　　　ハヤテを使えば目的地にすぐに行けるな
MAP91_e9_p2_3	Map091.json	0	dialogue	　　　　　　　　…と、ウィンは思った
MAP91_e9_p2_4_c0	Map091.json	choice	choice	ハヤテを使おう
MAP91_e9_p2_4_c1	Map091.json	choice	choice	使わなくていいや
MAP91_e9_p2_6_c0	Map091.json	choice	choice	ウィンダム城
MAP91_e9_p2_6_c1	Map091.json	choice	choice	フレイム城
MAP91_e9_p2_6_c2	Map091.json	choice	choice	旅の宿屋
MAP91_e9_p2_6_c3	Map091.json	choice	choice	南の採石場
MAP91_e9_p2_6_c4	Map091.json	choice	choice	暗黒大陸の廃墟
MAP92_e15_p1_1	Map092.json	0	dialogue	イヌ：
MAP92_e15_p1_2	Map092.json	0	dialogue	…ックーン！
MAP92_e15_p1_4	Map092.json	0	dialogue	ホノオ：
MAP92_e15_p1_5	Map092.json	0	dialogue	よしよし、ちゃんとメシもらってるみたいだな！
MAP92_e15_p2_1	Map092.json	0	dialogue	イヌ：
MAP92_e15_p2_2	Map092.json	0	dialogue	クッーン！ッっクーン！
MAP92_e15_p2_4	Map092.json	0	dialogue	ホノオ：
MAP92_e15_p2_5	Map092.json	0	dialogue	しかし変な鳴き声の犬だぜ…
MAP92_e15_p3_1	Map092.json	0	dialogue	イヌ：
MAP92_e15_p3_12	Map092.json	0	dialogue	ホノオ：
MAP92_e15_p3_13	Map092.json	0	dialogue	…ナイフ？
MAP92_e15_p3_14	Map092.json	0	dialogue	オマエ、一体どっからこんなモンを…？？
MAP92_e15_p3_16	Map092.json	0	dialogue	ホノオ：
MAP92_e15_p3_17	Map092.json	0	dialogue	まあいいや、コレはオレがもらっとくぜ！
MAP92_e15_p3_19	Map092.json	0	dialogue	イヌ：
MAP92_e15_p3_2	Map092.json	0	dialogue	フッーン！ッっフーン！
MAP92_e15_p3_20	Map092.json	0	dialogue	クーンックー！
MAP92_e15_p3_23	Map092.json	0	dialogue	　　　　ホノオはマンゴーシュを手に入れた！
MAP92_e15_p3_4	Map092.json	0	dialogue	ホノオ：
MAP92_e15_p3_5	Map092.json	0	dialogue	しかし変な鳴き声の犬…
MAP92_e15_p3_6	Map092.json	0	dialogue	って、オマエなんでそんなモン咥えてんだ！？
MAP92_e15_p3_9	Map092.json	0	dialogue	　　　　　　ホノオは犬からそれを奪い取った！
MAP92_e15_p4_1	Map092.json	0	dialogue	イヌ：
MAP92_e15_p4_2	Map092.json	0	dialogue	クッーン！ッっクーン！
MAP92_e15_p4_4	Map092.json	0	dialogue	ホノオ：
MAP92_e15_p4_5	Map092.json	0	dialogue	しかし変な鳴き声の犬だぜ…
MAP92_e1_name	Map092.json	event name	name	リマル
MAP92_e1_p0_1	Map092.json	0	dialogue	フレイム王国大臣リマル：
MAP92_e1_p0_2	Map092.json	0	dialogue	本来次期国王は、紋章を継承したあとにすぐ
MAP92_e1_p0_3	Map092.json	0	dialogue	南の遺跡へひとりで赴き、試練を果たさねば
MAP92_e1_p0_4	Map092.json	0	dialogue	ならん…
MAP92_e1_p0_6	Map092.json	0	dialogue	しかし最近南の遺跡に魔物が増えたのと、
MAP92_e1_p0_7	Map092.json	0	dialogue	何より王子が死んでしまうのを恐れて、
MAP92_e1_p0_8	Map092.json	0	dialogue	王は今回の試練を見送るつもりだったのだ…
MAP92_e1_p1_1	Map092.json	0	dialogue	フレイム王国大臣リマル：
MAP92_e1_p1_10	Map092.json	0	dialogue	王子、必ず生きてお帰り下さい。
MAP92_e1_p1_12	Map092.json	0	dialogue	ホノオ：
MAP92_e1_p1_13	Map092.json	0	dialogue	お、おい…急になんかそういうの、よそうよ…
MAP92_e1_p1_14	Map092.json	0	dialogue	ちょっと、キツイ…
MAP92_e1_p1_2	Map092.json	0	dialogue	ホノオ王子、行かれるのですな。
MAP92_e1_p1_4	Map092.json	0	dialogue	ホノオ：
MAP92_e1_p1_5	Map092.json	0	dialogue	当たり前だろ！オレは火の紋章の勇者様だぜ！
MAP92_e1_p1_7	Map092.json	0	dialogue	大臣リマル：
MAP92_e1_p1_8	Map092.json	0	dialogue	とても、誇らしく、胸高鳴る思いです。
MAP92_e1_p1_9	Map092.json	0	dialogue	しかし…同時につらくてたまりません…。
MAP92_e1_p2_1	Map092.json	0	dialogue	フレイム王国大臣リマル：
MAP92_e1_p2_10	Map092.json	0	dialogue	よかったら世話は私にお任せください！
MAP92_e1_p2_12	Map092.json	0	dialogue	ホノオ：
MAP92_e1_p2_13	Map092.json	0	dialogue	犬を見たことなかったのか…
MAP92_e1_p2_2	Map092.json	0	dialogue	ホノオ王子！あの犬は一体なんですか！？
MAP92_e1_p2_4	Map092.json	0	dialogue	ホノオ：
MAP92_e1_p2_5	Map092.json	0	dialogue	なにって…　犬は犬だろ？
MAP92_e1_p2_7	Map092.json	0	dialogue	大臣リマル：
MAP92_e1_p2_8	Map092.json	0	dialogue	とてもふさふさですし…
MAP92_e1_p2_9	Map092.json	0	dialogue	しかも賢いんですね…。
MAP92_e2_name	Map092.json	event name	name	しだるた
MAP92_e2_p0_1	Map092.json	0	dialogue	フレイム王国行政官シダルタ：
MAP92_e2_p0_2	Map092.json	0	dialogue	私も試練には反対したのだが…
MAP92_e2_p0_3	Map092.json	0	dialogue	ホノオ王子は勝手に行ってしまった。
MAP92_e2_p0_4	Map092.json	0	dialogue	まったく…思慮の浅いお方で頭が痛い…。
MAP92_e2_p1_1	Map092.json	0	dialogue	フレイム王国行政官シダルタ：
MAP92_e2_p1_2	Map092.json	0	dialogue	王子…ウィン殿たちお仲間の言うことを
MAP92_e2_p1_3	Map092.json	0	dialogue	よく聞いて…あと…決してひとりで勝手な
MAP92_e2_p1_4	Map092.json	0	dialogue	行動をしないように。いいですね？
MAP92_e2_p1_6	Map092.json	0	dialogue	ホノオ：
MAP92_e2_p1_7	Map092.json	0	dialogue	おいおい、他に言うことないか？
MAP92_e2_p1_8	Map092.json	0	dialogue	オレはこどもか！？
MAP92_e37_p0_2	Map092.json	0	dialogue	　　　左　ホノオ王子の部屋　右　ホムラ王子の部屋
MAP92_e3_name	Map092.json	event name	name	おうさま
MAP92_e5_name	Map092.json	event name	name	ホノオ
MAP92_e6_p0_10	Map092.json	0	dialogue	ホノオ：
MAP92_e6_p0_101	Map092.json	0	dialogue	ピピン：
MAP92_e6_p0_102	Map092.json	0	dialogue	…俺が信頼している人間なんて、いないぞ…？
MAP92_e6_p0_103	Map092.json	0	dialogue	せいぜいウィンや…あんたらくらいだ…
MAP92_e6_p0_105	Map092.json	0	dialogue	ピピン：
MAP92_e6_p0_106	Map092.json	0	dialogue	…お、俺はどうすればいいんだ…
MAP92_e6_p0_107	Map092.json	0	dialogue	何かいい案はないのか！？
MAP92_e6_p0_109	Map092.json	0	dialogue	ホノオ：
MAP92_e6_p0_11	Map092.json	0	dialogue	帰ったぜ！　親父！！
MAP92_e6_p0_110	Map092.json	0	dialogue	…んなこと言われてもな…
MAP92_e6_p0_112	Map092.json	0	dialogue	ホノオ：
MAP92_e6_p0_113	Map092.json	0	dialogue	だからよ…　悪いとは思うんだが…
MAP92_e6_p0_114	Map092.json	0	dialogue	あんた、結構長いこと、継承者のままだぜ！！
MAP92_e6_p0_116	Map092.json	0	dialogue	ピピン：
MAP92_e6_p0_117	Map092.json	0	dialogue	………ッ
MAP92_e6_p0_119	Map092.json	0	dialogue	フレイム王：
MAP92_e6_p0_120	Map092.json	0	dialogue	ピピン殿…　どうかホノオに世継ぎが誕生し…
MAP92_e6_p0_121	Map092.json	0	dialogue	育つまで、火の紋章をお預かりいただきたい。
MAP92_e6_p0_123	Map092.json	0	dialogue	ピピン：
MAP92_e6_p0_124	Map092.json	0	dialogue	困るんだがな…。
MAP92_e6_p0_126	Map092.json	0	dialogue	フレイム王：
MAP92_e6_p0_127	Map092.json	0	dialogue	もし…！　ピピン殿がどうしても紋章を
MAP92_e6_p0_128	Map092.json	0	dialogue	手放したいとお思いであれば…、他の者に継承
MAP92_e6_p0_129	Map092.json	0	dialogue	してもらっても構わん。
MAP92_e6_p0_131	Map092.json	0	dialogue	ピピン：
MAP92_e6_p0_132	Map092.json	0	dialogue	なっ…
MAP92_e6_p0_136	Map092.json	0	dialogue	ホノオ：
MAP92_e6_p0_137	Map092.json	0	dialogue	お、親父！？
MAP92_e6_p0_139	Map092.json	0	dialogue	フレイム王：
MAP92_e6_p0_140	Map092.json	0	dialogue	ホノオ…お前も継承者になり、今回の戦いを
MAP92_e6_p0_141	Map092.json	0	dialogue	終えたなら、分かるはず…
MAP92_e6_p0_143	Map092.json	0	dialogue	フレイム王：
MAP92_e6_p0_144	Map092.json	0	dialogue	紋章を継承するということは…
MAP92_e6_p0_145	Map092.json	0	dialogue	重い使命を負うこと。
MAP92_e6_p0_146	Map092.json	0	dialogue	王の責務と同時に負えるような軽い物ではない
MAP92_e6_p0_148	Map092.json	0	dialogue	ホノオ：
MAP92_e6_p0_149	Map092.json	0	dialogue	…そう…　かも知れねえ。
MAP92_e6_p0_150	Map092.json	0	dialogue	俺はたまたま戦士だったから何とかなった…。
MAP92_e6_p0_151	Map092.json	0	dialogue	もしアニキが継承していたらと考えると…
MAP92_e6_p0_153	Map092.json	0	dialogue	フレイム王：
MAP92_e6_p0_154	Map092.json	0	dialogue	………。
MAP92_e6_p0_156	Map092.json	0	dialogue	フレイム王：
MAP92_e6_p0_157	Map092.json	0	dialogue	紋章は、最も優れた戦士にこそ継承しなければ
MAP92_e6_p0_158	Map092.json	0	dialogue	ならん…　わしはそれがこの度よくわかった。
MAP92_e6_p0_16	Map092.json	0	dialogue	フレイム王：
MAP92_e6_p0_160	Map092.json	0	dialogue	フレイム王：
MAP92_e6_p0_161	Map092.json	0	dialogue	そしてピピン殿…
MAP92_e6_p0_162	Map092.json	0	dialogue	あなたはまさに、最も優れた戦士だ。
MAP92_e6_p0_164	Map092.json	0	dialogue	フレイム王：
MAP92_e6_p0_165	Map092.json	0	dialogue	本来、我々ではなく、あなたにこそ…
MAP92_e6_p0_166	Map092.json	0	dialogue	紋章の未来を決める資格があるのだ。
MAP92_e6_p0_168	Map092.json	0	dialogue	ピピン：
MAP92_e6_p0_169	Map092.json	0	dialogue	…………。
MAP92_e6_p0_17	Map092.json	0	dialogue	おお…！！　ホノオ！！
MAP92_e6_p0_171	Map092.json	0	dialogue	フレイム王：
MAP92_e6_p0_172	Map092.json	0	dialogue	すぐに、その決心をつけろとは言わん…。
MAP92_e6_p0_173	Map092.json	0	dialogue	時間はたっぷりとあるのだ。
MAP92_e6_p0_174	Map092.json	0	dialogue	考えてもらえまいか…？
MAP92_e6_p0_176	Map092.json	0	dialogue	ピピン：
MAP92_e6_p0_177	Map092.json	0	dialogue	……はあ…
MAP92_e6_p0_18	Map092.json	0	dialogue	よくぞ帰った！！
MAP92_e6_p0_182	Map092.json	0	dialogue	　       　　　　　総監督　　　まりも
MAP92_e6_p0_20	Map092.json	0	dialogue	フレイム王国大臣リマル：
MAP92_e6_p0_21	Map092.json	0	dialogue	お帰りなさいませ、ホノオ王子！！
MAP92_e6_p0_22	Map092.json	0	dialogue	いやあ、立派になられましたな！！
MAP92_e6_p0_26	Map092.json	0	dialogue	ホノオ：
MAP92_e6_p0_27	Map092.json	0	dialogue	元々立派だっつーの！！
MAP92_e6_p0_29	Map092.json	0	dialogue	フレイム王国行政官シダルタ：
MAP92_e6_p0_30	Map092.json	0	dialogue	それには同意できませんが…
MAP92_e6_p0_31	Map092.json	0	dialogue	以前とは違う風格のようなものを、
MAP92_e6_p0_32	Map092.json	0	dialogue	確かに備えられましたな…。
MAP92_e6_p0_36	Map092.json	0	dialogue	ホノオ：
MAP92_e6_p0_37	Map092.json	0	dialogue	今日くらい悪口入れずに褒めてくれよ…
MAP92_e6_p0_39	Map092.json	0	dialogue	フレイム王：
MAP92_e6_p0_40	Map092.json	0	dialogue	いや、ホノオ！
MAP92_e6_p0_41	Map092.json	0	dialogue	お前は既に、フレイム王に相応しい男だ！
MAP92_e6_p0_45	Map092.json	0	dialogue	ホノオ：
MAP92_e6_p0_46	Map092.json	0	dialogue	へへ、親父はちっと褒めすぎだな！
MAP92_e6_p0_48	Map092.json	0	dialogue	フレイム王：
MAP92_e6_p0_49	Map092.json	0	dialogue	わしもそろそろ身体が言うことを聞かん…
MAP92_e6_p0_50	Map092.json	0	dialogue	ならばこれを機に、お前に王位を継承したいと
MAP92_e6_p0_51	Map092.json	0	dialogue	考えているのだ…
MAP92_e6_p0_53	Map092.json	0	dialogue	ホノオ：
MAP92_e6_p0_54	Map092.json	0	dialogue	ちょ、ちょっと待ってくれよ親父！
MAP92_e6_p0_55	Map092.json	0	dialogue	そんなに具合が悪いのか！？
MAP92_e6_p0_57	Map092.json	0	dialogue	フレイム王：
MAP92_e6_p0_58	Map092.json	0	dialogue	今日は調子がよく、こうして立っているが…
MAP92_e6_p0_59	Map092.json	0	dialogue	昨日まではずっと寝たきりだった…
MAP92_e6_p0_60	Map092.json	0	dialogue	いまのわしに王の仕事は務まらんのだ。
MAP92_e6_p0_62	Map092.json	0	dialogue	ホノオ：
MAP92_e6_p0_63	Map092.json	0	dialogue	そ、そうだったのか…
MAP92_e6_p0_64	Map092.json	0	dialogue	スマン、親父…　オレ全然気づかなかったぜ…
MAP92_e6_p0_66	Map092.json	0	dialogue	ピピン：
MAP92_e6_p0_67	Map092.json	0	dialogue	…大事な話をしているところ悪いが…
MAP92_e6_p0_71	Map092.json	0	dialogue	ピピン：
MAP92_e6_p0_72	Map092.json	0	dialogue	…俺の火の紋章をフレイムに返したい。
MAP92_e6_p0_73	Map092.json	0	dialogue	しかしどうも…　
MAP92_e6_p0_75	Map092.json	0	dialogue	フレイム王：
MAP92_e6_p0_76	Map092.json	0	dialogue	うむ…。わしは勿論一度継承しておる…
MAP92_e6_p0_77	Map092.json	0	dialogue	そして一族もわしとホノオしかおらぬのでな。
MAP92_e6_p0_79	Map092.json	0	dialogue	ピピン：
MAP92_e6_p0_80	Map092.json	0	dialogue	…どうすれば…？
MAP92_e6_p0_82	Map092.json	0	dialogue	ホノオ：
MAP92_e6_p0_83	Map092.json	0	dialogue	オレの子どもが出来るまで持っていてくれ！
MAP92_e6_p0_85	Map092.json	0	dialogue	ピピン：
MAP92_e6_p0_86	Map092.json	0	dialogue	…クッ！　やっぱりか…！
MAP92_e6_p0_88	Map092.json	0	dialogue	ホノオ：
MAP92_e6_p0_89	Map092.json	0	dialogue	ていうかよー…
MAP92_e6_p0_90	Map092.json	0	dialogue	もしオレに、ナガレでも同じだけどさ、
MAP92_e6_p0_91	Map092.json	0	dialogue	子どもが出来たとしても…
MAP92_e6_p0_93	Map092.json	0	dialogue	ホノオ：
MAP92_e6_p0_94	Map092.json	0	dialogue	すぐには継承できないぞ？
MAP92_e6_p0_95	Map092.json	0	dialogue	だって、継承はこころから信頼している相手に
MAP92_e6_p0_96	Map092.json	0	dialogue	しか出来ないからな。
MAP92_e6_p0_98	Map092.json	0	dialogue	ピピン：
MAP92_e6_p0_99	Map092.json	0	dialogue	…な、んだと…！！！？
MAP93_e10_p0_100	Map093.json	0	dialogue	申せ！　ピピン！
MAP93_e10_p0_102	Map093.json	0	dialogue	ピピン：
MAP93_e10_p0_103	Map093.json	0	dialogue	…俺は前から思っていた。
MAP93_e10_p0_104	Map093.json	0	dialogue	なぜ、継承者は必ず騎士団長にならねば
MAP93_e10_p0_105	Map093.json	0	dialogue	ならないのか…。
MAP93_e10_p0_107	Map093.json	0	dialogue	ピピン：
MAP93_e10_p0_108	Map093.json	0	dialogue	騎士団長は、兵たち全てをまとめあげ、
MAP93_e10_p0_109	Map093.json	0	dialogue	城や街の守りを日々管理、監督せねばならん…
MAP93_e10_p0_11	Map093.json	0	dialogue	ピピン：
MAP93_e10_p0_110	Map093.json	0	dialogue	身体よりも頭を使う仕事だ。
MAP93_e10_p0_112	Map093.json	0	dialogue	ピピン：
MAP93_e10_p0_113	Map093.json	0	dialogue	その点、継承者は、戦士であればいい。
MAP93_e10_p0_114	Map093.json	0	dialogue	いざとなったときに、闇の力と戦う為に、
MAP93_e10_p0_115	Map093.json	0	dialogue	強いものがならねばならん…それなら…
MAP93_e10_p0_117	Map093.json	0	dialogue	ピピン：
MAP93_e10_p0_118	Map093.json	0	dialogue	騎士団長と継承者は…求められる能力が違う
MAP93_e10_p0_119	Map093.json	0	dialogue	のだから、別々の者がやればいいと俺は思う。
MAP93_e10_p0_12	Map093.json	0	dialogue	………。
MAP93_e10_p0_121	Map093.json	0	dialogue	ピピン：
MAP93_e10_p0_122	Map093.json	0	dialogue	ウィンはこのままで問題ない…。
MAP93_e10_p0_123	Map093.json	0	dialogue	頭もよく経験豊富なロイ…
MAP93_e10_p0_124	Map093.json	0	dialogue	あんたが騎士団長のままでいいだろう。
MAP93_e10_p0_126	Map093.json	0	dialogue	ロイ：
MAP93_e10_p0_127	Map093.json	0	dialogue	…ほう。
MAP93_e10_p0_129	Map093.json	0	dialogue	ウィンダム王：
MAP93_e10_p0_130	Map093.json	0	dialogue	確かに…
MAP93_e10_p0_131	Map093.json	0	dialogue	騎士団長の仕事だけを考えれば、
MAP93_e10_p0_132	Map093.json	0	dialogue	継承者を無理に団長に据える必要はない！
MAP93_e10_p0_136	Map093.json	0	dialogue	ロイ：
MAP93_e10_p0_137	Map093.json	0	dialogue	…陛下
MAP93_e10_p0_139	Map093.json	0	dialogue	ピピン：
MAP93_e10_p0_14	Map093.json	0	dialogue	ロイ：
MAP93_e10_p0_140	Map093.json	0	dialogue	ちなみに、これはフレイム王も
MAP93_e10_p0_141	Map093.json	0	dialogue	言っていたことだ。
MAP93_e10_p0_145	Map093.json	0	dialogue	ウィンダム王：
MAP93_e10_p0_146	Map093.json	0	dialogue	なに！？　フレイムの王が！？
MAP93_e10_p0_148	Map093.json	0	dialogue	ピピン：
MAP93_e10_p0_149	Map093.json	0	dialogue	フレイム王は俺に、火の紋章の継承者選びを
MAP93_e10_p0_15	Map093.json	0	dialogue	ウィンをはじめ、継承者の者たちの働きにより
MAP93_e10_p0_150	Map093.json	0	dialogue	俺に任せると言った…。
MAP93_e10_p0_151	Map093.json	0	dialogue	必ずしも王族が継承する必要はないと…。
MAP93_e10_p0_153	Map093.json	0	dialogue	ピピン：
MAP93_e10_p0_154	Map093.json	0	dialogue	つまり…いまや紋章は権力の象徴ではない…
MAP93_e10_p0_155	Map093.json	0	dialogue	本当に強く、持ち主が信頼できる者に受けつぐ
MAP93_e10_p0_156	Map093.json	0	dialogue	べきものだとな…。
MAP93_e10_p0_159	Map093.json	0	dialogue	ロイ：
MAP93_e10_p0_16	Map093.json	0	dialogue	見事、闇の復活は阻止された…
MAP93_e10_p0_160	Map093.json	0	dialogue	なるほどな…　お前の話、よくわかった。
MAP93_e10_p0_165	Map093.json	0	dialogue	ロイ：
MAP93_e10_p0_166	Map093.json	0	dialogue	こうなれば…陛下、よろしいですな。
MAP93_e10_p0_168	Map093.json	0	dialogue	ウィンダム王：
MAP93_e10_p0_169	Map093.json	0	dialogue	うむ…　最早お前の好きにするがいい！
MAP93_e10_p0_174	Map093.json	0	dialogue	ロイ：
MAP93_e10_p0_175	Map093.json	0	dialogue	では、ウィンよ。
MAP93_e10_p0_176	Map093.json	0	dialogue	お前はいまのまま、継承者でありながら、
MAP93_e10_p0_177	Map093.json	0	dialogue	一般の騎士として勤めるがいい。
MAP93_e10_p0_179	Map093.json	0	dialogue	ロイ：
MAP93_e10_p0_18	Map093.json	0	dialogue	ロイ：
MAP93_e10_p0_180	Map093.json	0	dialogue	しかし、ピピンの担当していた騎士隊長の座が
MAP93_e10_p0_181	Map093.json	0	dialogue	空いている…　それをお前に任せる！
MAP93_e10_p0_183	Map093.json	0	dialogue	ウィン：
MAP93_e10_p0_184	Map093.json	0	dialogue	………。
MAP93_e10_p0_187	Map093.json	0	dialogue	　　　　　　　　　　ウィンは頷いた
MAP93_e10_p0_19	Map093.json	0	dialogue	よくやってくれたぞ！！
MAP93_e10_p0_191	Map093.json	0	dialogue	ピピン：
MAP93_e10_p0_192	Map093.json	0	dialogue	………よかったな、ウィン。
MAP93_e10_p0_196	Map093.json	0	dialogue	ウィン：
MAP93_e10_p0_197	Map093.json	0	dialogue	………。
MAP93_e10_p0_199	Map093.json	0	dialogue	ピピン：
MAP93_e10_p0_20	Map093.json	0	dialogue	ウィン、ピピン！！
MAP93_e10_p0_200	Map093.json	0	dialogue	…話はついたようだな。
MAP93_e10_p0_201	Map093.json	0	dialogue	なら、俺はこれで失礼する。
MAP93_e10_p0_202	Map093.json	0	dialogue	陛下…　騎士団長…　色々世話になりました…
MAP93_e10_p0_204	Map093.json	0	dialogue	ウィン：
MAP93_e10_p0_205	Map093.json	0	dialogue	………。
MAP93_e10_p0_207	Map093.json	0	dialogue	ピピン：
MAP93_e10_p0_208	Map093.json	0	dialogue	…がんばれよ、騎士隊長殿。
MAP93_e10_p0_209	Map093.json	0	dialogue	ん？…これからの俺について、気になるのか？
MAP93_e10_p0_211	Map093.json	0	dialogue	ピピン：
MAP93_e10_p0_212	Map093.json	0	dialogue	…暗黒大陸に行こうと思っている。
MAP93_e10_p0_213	Map093.json	0	dialogue	俺なら、闇の瘴気の影響も受けないしな。
MAP93_e10_p0_214	Map093.json	0	dialogue	あそこに他に何があるのかを調べたいんだ。
MAP93_e10_p0_216	Map093.json	0	dialogue	ウィン：
MAP93_e10_p0_217	Map093.json	0	dialogue	………。
MAP93_e10_p0_219	Map093.json	0	dialogue	ピピン：
MAP93_e10_p0_22	Map093.json	0	dialogue	ウィン：
MAP93_e10_p0_220	Map093.json	0	dialogue	おいおい…心配するなよ…
MAP93_e10_p0_221	Map093.json	0	dialogue	俺を誰だと思ってるんだ？
MAP93_e10_p0_223	Map093.json	0	dialogue	ウィン：
MAP93_e10_p0_224	Map093.json	0	dialogue	………。
MAP93_e10_p0_226	Map093.json	0	dialogue	ピピン：
MAP93_e10_p0_227	Map093.json	0	dialogue	じゃあな、ウィン。
MAP93_e10_p0_23	Map093.json	0	dialogue	…。
MAP93_e10_p0_238	Map093.json	0	dialogue	ロイ：
MAP93_e10_p0_239	Map093.json	0	dialogue	どこへ行くつもりだ、騎士ピピン？
MAP93_e10_p0_246	Map093.json	0	dialogue	ピピン：
MAP93_e10_p0_247	Map093.json	0	dialogue	…なんだって？
MAP93_e10_p0_249	Map093.json	0	dialogue	ロイ：
MAP93_e10_p0_25	Map093.json	0	dialogue	ピピン：
MAP93_e10_p0_250	Map093.json	0	dialogue	話は終わっていない…
MAP93_e10_p0_251	Map093.json	0	dialogue	これは、お前の始めた話だ。
MAP93_e10_p0_253	Map093.json	0	dialogue	ロイ：
MAP93_e10_p0_254	Map093.json	0	dialogue	戦士である継承者と…頭脳を使う騎士団長は、
MAP93_e10_p0_255	Map093.json	0	dialogue	別のものが務める方がいいのだろう？
MAP93_e10_p0_26	Map093.json	0	dialogue	………。
MAP93_e10_p0_261	Map093.json	0	dialogue	ピピン：
MAP93_e10_p0_262	Map093.json	0	dialogue	…ああ。
MAP93_e10_p0_264	Map093.json	0	dialogue	ロイ：
MAP93_e10_p0_265	Map093.json	0	dialogue	であれば…　俺と同じか…それ以上に
MAP93_e10_p0_266	Map093.json	0	dialogue	頭の切れる騎士がいる…
MAP93_e10_p0_268	Map093.json	0	dialogue	ロイ：
MAP93_e10_p0_269	Map093.json	0	dialogue	その者は頭がいいだけではなく、暗黒大陸に
MAP93_e10_p0_270	Map093.json	0	dialogue	ひとりで向かい、窮地の継承者たちを救い、
MAP93_e10_p0_271	Map093.json	0	dialogue	闇の復活を阻止した…実績も申し分ない騎士だ
MAP93_e10_p0_273	Map093.json	0	dialogue	ピピン：
MAP93_e10_p0_274	Map093.json	0	dialogue	…あんた、まさか…
MAP93_e10_p0_276	Map093.json	0	dialogue	ロイ：
MAP93_e10_p0_277	Map093.json	0	dialogue	…まさか？
MAP93_e10_p0_278	Map093.json	0	dialogue	何を言う…　お前の言葉に従えば、俺の判断も
MAP93_e10_p0_279	Map093.json	0	dialogue	至極当然のものだろう。
MAP93_e10_p0_28	Map093.json	0	dialogue	ウィンダム王：
MAP93_e10_p0_283	Map093.json	0	dialogue	ロイ：
MAP93_e10_p0_284	Map093.json	0	dialogue	では…　陛下、お願いします。
MAP93_e10_p0_286	Map093.json	0	dialogue	ウィンダム王：
MAP93_e10_p0_287	Map093.json	0	dialogue	うむ！！！！
MAP93_e10_p0_29	Map093.json	0	dialogue	闇の復活を阻止した継承者であるウィン！！
MAP93_e10_p0_30	Map093.json	0	dialogue	そなたの功績を称え、それに応えるには…
MAP93_e10_p0_300	Map093.json	0	dialogue	ウィンダム王：
MAP93_e10_p0_301	Map093.json	0	dialogue	騎士ピピンを、ウィンダム騎士団長に命ずる！
MAP93_e10_p0_305	Map093.json	0	dialogue	ピピン：
MAP93_e10_p0_306	Map093.json	0	dialogue	…な…んだと…！？
MAP93_e10_p0_308	Map093.json	0	dialogue	ウィン：
MAP93_e10_p0_309	Map093.json	0	dialogue	…！！！！！
MAP93_e10_p0_311	Map093.json	0	dialogue	ロイ：
MAP93_e10_p0_312	Map093.json	0	dialogue	ピピン…やってくれるな？
MAP93_e10_p0_314	Map093.json	0	dialogue	ピピン：
MAP93_e10_p0_315	Map093.json	0	dialogue	…いや、本当にいいのか…？
MAP93_e10_p0_316	Map093.json	0	dialogue	だって、俺は………
MAP93_e10_p0_32	Map093.json	0	dialogue	ウィンダム王：
MAP93_e10_p0_320	Map093.json	0	dialogue	ウィン：
MAP93_e10_p0_321	Map093.json	0	dialogue	…！！
MAP93_e10_p0_326	Map093.json	0	dialogue	ピピン：
MAP93_e10_p0_327	Map093.json	0	dialogue	ウィン…
MAP93_e10_p0_329	Map093.json	0	dialogue	ウィンダム王：
MAP93_e10_p0_33	Map093.json	0	dialogue	お前を騎士団長に任命せねばなるまい！
MAP93_e10_p0_330	Map093.json	0	dialogue	騎士団長ピピン！！　継承者ウィン！！
MAP93_e10_p0_331	Map093.json	0	dialogue	ふたりでこれからも我がウィンダム王国を
MAP93_e10_p0_332	Map093.json	0	dialogue	支えてくれ！！
MAP93_e10_p0_338	Map093.json	0	dialogue	ウィン：
MAP93_e10_p0_339	Map093.json	0	dialogue	…！！
MAP93_e10_p0_34	Map093.json	0	dialogue	ウィンをこれより、ウィンダム騎士団長に
MAP93_e10_p0_342	Map093.json	0	dialogue	　　　　　　　　ウィンは大きく頷いた！！
MAP93_e10_p0_344	Map093.json	0	dialogue	ピピン：
MAP93_e10_p0_345	Map093.json	0	dialogue	…どうしてお前は…
MAP93_e10_p0_346	Map093.json	0	dialogue	そんなに嬉しそうなんだ…？　ウィン…
MAP93_e10_p0_35	Map093.json	0	dialogue	任命する！！
MAP93_e10_p0_356	Map093.json	scrolling text	dialogue	　　　　　　　制作ツール　ＲＰＧツクールＭＶ
MAP93_e10_p0_360	Map093.json	scrolling text	dialogue	　　　　　　　　　　使用プラグイン作者様
MAP93_e10_p0_363	Map093.json	scrolling text	dialogue	　　　　　   EnemyBreathing        Yana様
MAP93_e10_p0_365	Map093.json	scrolling text	dialogue	　　　　　　　  TurnWindow         Yana様
MAP93_e10_p0_367	Map093.json	scrolling text	dialogue	　　　　KZR_WindowStatusInBattle   ぶちょー様
MAP93_e10_p0_369	Map093.json	scrolling text	dialogue	　　　　　　BattleBalaneCustom   　木星ペンギン様
MAP93_e10_p0_37	Map093.json	0	dialogue	ウィン：
MAP93_e10_p0_371	Map093.json	scrolling text	dialogue	　　　　　PD_AdjustCharaSprite     しおいぬ様
MAP93_e10_p0_373	Map093.json	scrolling text	dialogue	　　　　　　　MakeScreenCapture　　トリアコンタン様
MAP93_e10_p0_375	Map093.json	scrolling text	dialogue	　　　　　　　　　　RetryBattle　　トリアコンタン様
MAP93_e10_p0_377	Map093.json	scrolling text	dialogue	           UCHU_MobileOperation    uchuzine様
MAP93_e10_p0_38	Map093.json	0	dialogue	…！？
MAP93_e10_p0_380	Map093.json	scrolling text	dialogue	　　　　　　　　　使用タイルセット作者様
MAP93_e10_p0_382	Map093.json	scrolling text	dialogue	　　　　　　　　MV_hc_tilesets　　　リクドウ様
MAP93_e10_p0_384	Map093.json	scrolling text	dialogue	　　　　　　　　　　和風素材　　　　コミュ将様
MAP93_e10_p0_387	Map093.json	scrolling text	dialogue	　　　　主人公たちの顔グラフィック　文目ゆうき様
MAP93_e10_p0_393	Map093.json	scrolling text	dialogue	　　　　　　　　　　　【エレサガ大王】
MAP93_e10_p0_394	Map093.json	scrolling text	dialogue	　　　　　　　　　　　　むにゃ　様
MAP93_e10_p0_395	Map093.json	scrolling text	dialogue	　　　　　　(はじまりの二周目裏ボス撃破したもの)
MAP93_e10_p0_4	Map093.json	0	dialogue	ウィンダム王：
MAP93_e10_p0_40	Map093.json	0	dialogue	ロイ：
MAP93_e10_p0_404	Map093.json	scrolling text	dialogue	　　　　　　　　　　　オリジナル版
MAP93_e10_p0_406	Map093.json	scrolling text	dialogue	　　　　　　　2002年　エレメンタルストーリー
MAP93_e10_p0_408	Map093.json	scrolling text	dialogue	　　　　　　　　制作ツール　RPGツクール5
MAP93_e10_p0_41	Map093.json	0	dialogue	…急ですまんな、ウィン。
MAP93_e10_p0_413	Map093.json	scrolling text	dialogue	　　　　　　　　　　　　リメイク版
MAP93_e10_p0_415	Map093.json	scrolling text	dialogue	　　　　　　2019年　エレサガ　Elemental Saga　
MAP93_e10_p0_417	Map093.json	scrolling text	dialogue	　　　　　　　　制作ツール　RPGツクールMV
MAP93_e10_p0_42	Map093.json	0	dialogue	しかし陛下からのどうしてもとのお達しだ。
MAP93_e10_p0_421	Map093.json	scrolling text	dialogue	　　　　　　　　製作総指揮　西園寺ハムカツ
MAP93_e10_p0_423	Map093.json	scrolling text	dialogue	　　　　　　　　　2019　エレサガ制作委員会
MAP93_e10_p0_428	Map093.json	0	dialogue	ピケピケ：
MAP93_e10_p0_429	Map093.json	0	dialogue	サンキューフォープレイング！！！！！！！！
MAP93_e10_p0_431	Map093.json	0	dialogue	ピケピケ：
MAP93_e10_p0_432	Map093.json	0	dialogue	このお話はこれでおしまいおしまい、だ！！！
MAP93_e10_p0_434	Map093.json	0	dialogue	ピケピケ：
MAP93_e10_p0_435	Map093.json	0	dialogue	しかし、二周目も用意した！！
MAP93_e10_p0_436	Map093.json	0	dialogue	基本的には一周目と同じなんだが…
MAP93_e10_p0_437	Map093.json	0	dialogue	難易度その他、幾つかイベントの変更もある！
MAP93_e10_p0_439	Map093.json	0	dialogue	ピケピケ：
MAP93_e10_p0_44	Map093.json	0	dialogue	ロイ：
MAP93_e10_p0_440	Map093.json	0	dialogue	いい意味でも、悪い意味でも何かが起こる！！
MAP93_e10_p0_441	Map093.json	0	dialogue	ふつーに読み逃した本や手に入れそこなった
MAP93_e10_p0_442	Map093.json	0	dialogue	アイテムを探してもいいかもね！！！
MAP93_e10_p0_444	Map093.json	0	dialogue	ピケピケ：
MAP93_e10_p0_445	Map093.json	0	dialogue	ではでは本当にこれで終わりーーー
MAP93_e10_p0_446	Map093.json	0	dialogue	もう一回始めちゃう？？
MAP93_e10_p0_447	Map093.json	0	dialogue	それとも終わりにしちゃう？？？？
MAP93_e10_p0_449	Map093.json	0	dialogue	ピケピケ：
MAP93_e10_p0_45	Map093.json	0	dialogue	お前の実績と…そしてこの戦いをくぐり抜けた
MAP93_e10_p0_450	Map093.json	0	dialogue	ここで終りにしてももう何も起こらないので、
MAP93_e10_p0_451	Map093.json	0	dialogue	どうせなら、一応二周目をはじめてセーブする
MAP93_e10_p0_452	Map093.json	0	dialogue	のを、オススメしておくぞ！！
MAP93_e10_p0_453_c0	Map093.json	choice	choice	一応二周目をはじめる
MAP93_e10_p0_453_c1	Map093.json	choice	choice	これで終りにする
MAP93_e10_p0_46	Map093.json	0	dialogue	その実力、お前の就任に誰も反対する者はない。
MAP93_e10_p0_48	Map093.json	0	dialogue	近衛兵ブロウニング：
MAP93_e10_p0_49	Map093.json	0	dialogue	もちろんであります！！
MAP93_e10_p0_492	Map093.json	1	dialogue	ピケピケ：
MAP93_e10_p0_493	Map093.json	1	dialogue	そうか…　ざんねんだな………
MAP93_e10_p0_494	Map093.json	1	dialogue	残念だなあああああああああああ…………
MAP93_e10_p0_496	Map093.json	1	dialogue	ピケピケ：
MAP93_e10_p0_497	Map093.json	1	dialogue	でも、もしも気が変わったら…
MAP93_e10_p0_498	Map093.json	1	dialogue	クリア前のデータからまたクリアして…
MAP93_e10_p0_499	Map093.json	1	dialogue	二周目してくれてもいいんだからね！！
MAP93_e10_p0_5	Map093.json	0	dialogue	よくぞ戻った！　騎士ウィン！！
MAP93_e10_p0_501	Map093.json	1	dialogue	ピケピケ：
MAP93_e10_p0_502	Map093.json	1	dialogue	遊んでくれてありがとう！！！！！！！
MAP93_e10_p0_503	Map093.json	1	dialogue	ではでは………さらば！！
MAP93_e10_p0_506	Map093.json	1	dialogue	　　　　    エレサガ　Elemental Saga　完　！！
MAP93_e10_p0_51	Map093.json	0	dialogue	近衛兵ライトニング：
MAP93_e10_p0_52	Map093.json	0	dialogue	異論ありません！
MAP93_e10_p0_54	Map093.json	0	dialogue	近衛兵クリス：
MAP93_e10_p0_55	Map093.json	0	dialogue	ウィンなら誰も反対する奴なんていません！！
MAP93_e10_p0_6	Map093.json	0	dialogue	そして…　ピピン！！
MAP93_e10_p0_60	Map093.json	0	dialogue	ウィン：
MAP93_e10_p0_61	Map093.json	0	dialogue	…　…　…　。
MAP93_e10_p0_63	Map093.json	0	dialogue	ピピン：
MAP93_e10_p0_64	Map093.json	0	dialogue	…お、おい、何て顔をしているんだ、ウィン。
MAP93_e10_p0_66	Map093.json	0	dialogue	ピピン：
MAP93_e10_p0_67	Map093.json	0	dialogue	お前なら立派な騎士団長になる…
MAP93_e10_p0_68	Map093.json	0	dialogue	俺が保証する。
MAP93_e10_p0_70	Map093.json	0	dialogue	ウィン：
MAP93_e10_p0_71	Map093.json	0	dialogue	…！　…！！
MAP93_e10_p0_73	Map093.json	0	dialogue	ピピン：
MAP93_e10_p0_74	Map093.json	0	dialogue	…お前、泣きそうな顔しているぞ…。
MAP93_e10_p0_75	Map093.json	0	dialogue	そんなに騎士団長になるのが嫌なのか…？
MAP93_e10_p0_77	Map093.json	0	dialogue	ウィン：
MAP93_e10_p0_78	Map093.json	0	dialogue	…！
MAP93_e10_p0_8	Map093.json	0	dialogue	ウィン：
MAP93_e10_p0_81	Map093.json	0	dialogue	　　　　　　　　　　ウィンは頷いた！
MAP93_e10_p0_83	Map093.json	0	dialogue	ピピン：
MAP93_e10_p0_84	Map093.json	0	dialogue	フン…　ったく………
MAP93_e10_p0_9	Map093.json	0	dialogue	…！
MAP93_e10_p0_92	Map093.json	0	dialogue	ピピン：
MAP93_e10_p0_93	Map093.json	0	dialogue	…陛下、ロイ騎士団長…
MAP93_e10_p0_94	Map093.json	0	dialogue	騎士ではない俺が、意見を言ってもいいか…？
MAP93_e10_p0_96	Map093.json	0	dialogue	ロイ：
MAP93_e10_p0_97	Map093.json	0	dialogue	…なんだ、ピピン？
MAP93_e10_p0_99	Map093.json	0	dialogue	ウィンダム王：
MAP93_e10_p1_100	Map093.json	0	dialogue	申せ！　ピピン！
MAP93_e10_p1_102	Map093.json	0	dialogue	ピピン：
MAP93_e10_p1_103	Map093.json	0	dialogue	…俺は前から思っていた。
MAP93_e10_p1_104	Map093.json	0	dialogue	なぜ、継承者は必ず騎士団長にならねば
MAP93_e10_p1_105	Map093.json	0	dialogue	ならないのか…。
MAP93_e10_p1_107	Map093.json	0	dialogue	ピピン：
MAP93_e10_p1_108	Map093.json	0	dialogue	騎士団長は、兵たち全てをまとめあげ、
MAP93_e10_p1_109	Map093.json	0	dialogue	城や街の守りを日々管理、監督せねばならん…
MAP93_e10_p1_11	Map093.json	0	dialogue	ピピン：
MAP93_e10_p1_110	Map093.json	0	dialogue	身体よりも頭を使う仕事だ。
MAP93_e10_p1_112	Map093.json	0	dialogue	ピピン：
MAP93_e10_p1_113	Map093.json	0	dialogue	その点、継承者は、戦士であればいい。
MAP93_e10_p1_114	Map093.json	0	dialogue	いざとなったときに、闇の力と戦う為に、
MAP93_e10_p1_115	Map093.json	0	dialogue	強いものがならねばならん…それなら…
MAP93_e10_p1_117	Map093.json	0	dialogue	ピピン：
MAP93_e10_p1_118	Map093.json	0	dialogue	騎士団長と継承者は…求められる能力が違う
MAP93_e10_p1_119	Map093.json	0	dialogue	のだから、別々の者がやればいいと俺は思う。
MAP93_e10_p1_12	Map093.json	0	dialogue	………。
MAP93_e10_p1_121	Map093.json	0	dialogue	ピピン：
MAP93_e10_p1_122	Map093.json	0	dialogue	ウィンはこのままで問題ない…。
MAP93_e10_p1_123	Map093.json	0	dialogue	頭もよく経験豊富なロイ…
MAP93_e10_p1_124	Map093.json	0	dialogue	あんたが騎士団長のままでいいだろう。
MAP93_e10_p1_126	Map093.json	0	dialogue	ロイ：
MAP93_e10_p1_127	Map093.json	0	dialogue	…ほう。
MAP93_e10_p1_129	Map093.json	0	dialogue	ウィンダム王：
MAP93_e10_p1_130	Map093.json	0	dialogue	確かに…
MAP93_e10_p1_131	Map093.json	0	dialogue	騎士団長の仕事だけを考えれば、
MAP93_e10_p1_132	Map093.json	0	dialogue	継承者を無理に団長に据える必要はない！
MAP93_e10_p1_136	Map093.json	0	dialogue	ロイ：
MAP93_e10_p1_137	Map093.json	0	dialogue	…陛下
MAP93_e10_p1_139	Map093.json	0	dialogue	ピピン：
MAP93_e10_p1_14	Map093.json	0	dialogue	ロイ：
MAP93_e10_p1_140	Map093.json	0	dialogue	ちなみに、これはフレイム王も
MAP93_e10_p1_141	Map093.json	0	dialogue	言っていたことだ。
MAP93_e10_p1_145	Map093.json	0	dialogue	ウィンダム王：
MAP93_e10_p1_146	Map093.json	0	dialogue	なに！？　フレイムの王が！？
MAP93_e10_p1_148	Map093.json	0	dialogue	ピピン：
MAP93_e10_p1_149	Map093.json	0	dialogue	フレイム王は俺に、火の紋章の継承者選びを
MAP93_e10_p1_15	Map093.json	0	dialogue	ウィンをはじめ、継承者の者たちの働きにより
MAP93_e10_p1_150	Map093.json	0	dialogue	俺に任せると言った…。
MAP93_e10_p1_151	Map093.json	0	dialogue	必ずしも王族が継承する必要はないと…。
MAP93_e10_p1_153	Map093.json	0	dialogue	ピピン：
MAP93_e10_p1_154	Map093.json	0	dialogue	つまり…いまや紋章は権力の象徴ではない…
MAP93_e10_p1_155	Map093.json	0	dialogue	本当に強く、持ち主が信頼できる者に受けつぐ
MAP93_e10_p1_156	Map093.json	0	dialogue	べきものだとな…。
MAP93_e10_p1_159	Map093.json	0	dialogue	ロイ：
MAP93_e10_p1_16	Map093.json	0	dialogue	見事、闇の復活は阻止された…
MAP93_e10_p1_160	Map093.json	0	dialogue	なるほどな…　お前の話、よくわかった。
MAP93_e10_p1_165	Map093.json	0	dialogue	ロイ：
MAP93_e10_p1_166	Map093.json	0	dialogue	こうなれば…陛下、よろしいですな。
MAP93_e10_p1_168	Map093.json	0	dialogue	ウィンダム王：
MAP93_e10_p1_169	Map093.json	0	dialogue	うむ…　最早お前の好きにするがいい！
MAP93_e10_p1_174	Map093.json	0	dialogue	ロイ：
MAP93_e10_p1_175	Map093.json	0	dialogue	では、ウィンよ。
MAP93_e10_p1_176	Map093.json	0	dialogue	お前はいまのまま、継承者でありながら、
MAP93_e10_p1_177	Map093.json	0	dialogue	一般の騎士として勤めるがいい。
MAP93_e10_p1_179	Map093.json	0	dialogue	ロイ：
MAP93_e10_p1_18	Map093.json	0	dialogue	ロイ：
MAP93_e10_p1_180	Map093.json	0	dialogue	しかし、ピピンの担当していた騎士隊長の座が
MAP93_e10_p1_181	Map093.json	0	dialogue	空いている…　それをお前に任せる！
MAP93_e10_p1_183	Map093.json	0	dialogue	ウィン：
MAP93_e10_p1_184	Map093.json	0	dialogue	………。
MAP93_e10_p1_187	Map093.json	0	dialogue	　　　　　　　　　　ウィンは頷いた
MAP93_e10_p1_19	Map093.json	0	dialogue	よくやってくれたぞ！！
MAP93_e10_p1_191	Map093.json	0	dialogue	ピピン：
MAP93_e10_p1_192	Map093.json	0	dialogue	………よかったな、ウィン。
MAP93_e10_p1_196	Map093.json	0	dialogue	ウィン：
MAP93_e10_p1_197	Map093.json	0	dialogue	………。
MAP93_e10_p1_199	Map093.json	0	dialogue	ピピン：
MAP93_e10_p1_20	Map093.json	0	dialogue	ウィン、ピピン！！
MAP93_e10_p1_200	Map093.json	0	dialogue	…話はついたようだな。
MAP93_e10_p1_201	Map093.json	0	dialogue	なら、俺はこれで失礼する。
MAP93_e10_p1_202	Map093.json	0	dialogue	陛下…　騎士団長…　色々世話になりました…
MAP93_e10_p1_204	Map093.json	0	dialogue	ウィン：
MAP93_e10_p1_205	Map093.json	0	dialogue	………。
MAP93_e10_p1_207	Map093.json	0	dialogue	ピピン：
MAP93_e10_p1_208	Map093.json	0	dialogue	…がんばれよ、騎士隊長殿。
MAP93_e10_p1_209	Map093.json	0	dialogue	ん？…これからの俺について、気になるのか？
MAP93_e10_p1_211	Map093.json	0	dialogue	ピピン：
MAP93_e10_p1_212	Map093.json	0	dialogue	…暗黒大陸に行こうと思っている。
MAP93_e10_p1_213	Map093.json	0	dialogue	俺なら、闇の瘴気の影響も受けないしな。
MAP93_e10_p1_214	Map093.json	0	dialogue	あそこに他に何があるのかを調べたいんだ。
MAP93_e10_p1_216	Map093.json	0	dialogue	ウィン：
MAP93_e10_p1_217	Map093.json	0	dialogue	………。
MAP93_e10_p1_219	Map093.json	0	dialogue	ピピン：
MAP93_e10_p1_22	Map093.json	0	dialogue	ウィン：
MAP93_e10_p1_220	Map093.json	0	dialogue	おいおい…心配するなよ…
MAP93_e10_p1_221	Map093.json	0	dialogue	俺を誰だと思ってるんだ？
MAP93_e10_p1_223	Map093.json	0	dialogue	ウィン：
MAP93_e10_p1_224	Map093.json	0	dialogue	………。
MAP93_e10_p1_226	Map093.json	0	dialogue	ピピン：
MAP93_e10_p1_227	Map093.json	0	dialogue	じゃあな、ウィン。
MAP93_e10_p1_23	Map093.json	0	dialogue	…。
MAP93_e10_p1_238	Map093.json	0	dialogue	ロイ：
MAP93_e10_p1_239	Map093.json	0	dialogue	どこへ行くつもりだ、騎士ピピン？
MAP93_e10_p1_246	Map093.json	0	dialogue	ピピン：
MAP93_e10_p1_247	Map093.json	0	dialogue	…なんだって？
MAP93_e10_p1_249	Map093.json	0	dialogue	ロイ：
MAP93_e10_p1_25	Map093.json	0	dialogue	ピピン：
MAP93_e10_p1_250	Map093.json	0	dialogue	話は終わっていない…
MAP93_e10_p1_251	Map093.json	0	dialogue	これは、お前の始めた話だ。
MAP93_e10_p1_253	Map093.json	0	dialogue	ロイ：
MAP93_e10_p1_254	Map093.json	0	dialogue	戦士である継承者と…頭脳を使う騎士団長は、
MAP93_e10_p1_255	Map093.json	0	dialogue	別のものが務める方がいいのだろう？
MAP93_e10_p1_26	Map093.json	0	dialogue	………。
MAP93_e10_p1_261	Map093.json	0	dialogue	ピピン：
MAP93_e10_p1_262	Map093.json	0	dialogue	…ああ。
MAP93_e10_p1_264	Map093.json	0	dialogue	ロイ：
MAP93_e10_p1_265	Map093.json	0	dialogue	であれば…　俺と同じか…それ以上に
MAP93_e10_p1_266	Map093.json	0	dialogue	頭の切れる騎士がいる…
MAP93_e10_p1_268	Map093.json	0	dialogue	ロイ：
MAP93_e10_p1_269	Map093.json	0	dialogue	その者は頭がいいだけではなく、暗黒大陸に
MAP93_e10_p1_270	Map093.json	0	dialogue	ひとりで向かい、窮地の継承者たちを救い、
MAP93_e10_p1_271	Map093.json	0	dialogue	闇の復活を阻止した…実績も申し分ない騎士だ
MAP93_e10_p1_273	Map093.json	0	dialogue	ピピン：
MAP93_e10_p1_274	Map093.json	0	dialogue	…あんた、まさか…
MAP93_e10_p1_276	Map093.json	0	dialogue	ロイ：
MAP93_e10_p1_277	Map093.json	0	dialogue	…まさか？
MAP93_e10_p1_278	Map093.json	0	dialogue	何を言う…　お前の言葉に従えば、俺の判断も
MAP93_e10_p1_279	Map093.json	0	dialogue	至極当然のものだろう。
MAP93_e10_p1_28	Map093.json	0	dialogue	ウィンダム王：
MAP93_e10_p1_283	Map093.json	0	dialogue	ロイ：
MAP93_e10_p1_284	Map093.json	0	dialogue	では…　陛下、お願いします。
MAP93_e10_p1_286	Map093.json	0	dialogue	ウィンダム王：
MAP93_e10_p1_287	Map093.json	0	dialogue	うむ！！！！
MAP93_e10_p1_29	Map093.json	0	dialogue	闇の復活を阻止した継承者であるウィン！！
MAP93_e10_p1_30	Map093.json	0	dialogue	そなたの功績を称え、それに応えるには…
MAP93_e10_p1_300	Map093.json	0	dialogue	ウィンダム王：
MAP93_e10_p1_301	Map093.json	0	dialogue	騎士ピピンを、ウィンダム騎士団長に命ずる！
MAP93_e10_p1_305	Map093.json	0	dialogue	ピピン：
MAP93_e10_p1_306	Map093.json	0	dialogue	…な…んだと…！？
MAP93_e10_p1_308	Map093.json	0	dialogue	ウィン：
MAP93_e10_p1_309	Map093.json	0	dialogue	…！！！！！
MAP93_e10_p1_311	Map093.json	0	dialogue	ロイ：
MAP93_e10_p1_312	Map093.json	0	dialogue	ピピン…やってくれるな？
MAP93_e10_p1_314	Map093.json	0	dialogue	ピピン：
MAP93_e10_p1_315	Map093.json	0	dialogue	…いや、本当にいいのか…？
MAP93_e10_p1_316	Map093.json	0	dialogue	だって、俺は………
MAP93_e10_p1_32	Map093.json	0	dialogue	ウィンダム王：
MAP93_e10_p1_320	Map093.json	0	dialogue	ウィン：
MAP93_e10_p1_321	Map093.json	0	dialogue	…！！
MAP93_e10_p1_326	Map093.json	0	dialogue	ピピン：
MAP93_e10_p1_327	Map093.json	0	dialogue	ウィン…
MAP93_e10_p1_329	Map093.json	0	dialogue	ウィンダム王：
MAP93_e10_p1_33	Map093.json	0	dialogue	お前を騎士団長に任命せねばなるまい！
MAP93_e10_p1_330	Map093.json	0	dialogue	騎士団長ピピン！！　継承者ウィン！！
MAP93_e10_p1_331	Map093.json	0	dialogue	ふたりでこれからも我がウィンダム王国を
MAP93_e10_p1_332	Map093.json	0	dialogue	支えてくれ！！
MAP93_e10_p1_338	Map093.json	0	dialogue	ウィン：
MAP93_e10_p1_339	Map093.json	0	dialogue	…！！
MAP93_e10_p1_34	Map093.json	0	dialogue	ウィンをこれより、ウィンダム騎士団長に
MAP93_e10_p1_342	Map093.json	0	dialogue	　　　　　　　　ウィンは大きく頷いた！！
MAP93_e10_p1_344	Map093.json	0	dialogue	ピピン：
MAP93_e10_p1_345	Map093.json	0	dialogue	…どうしてお前は…
MAP93_e10_p1_346	Map093.json	0	dialogue	そんなに嬉しそうなんだ…？　ウィン…
MAP93_e10_p1_35	Map093.json	0	dialogue	任命する！！
MAP93_e10_p1_356	Map093.json	scrolling text	dialogue	　　　　　　　制作ツール　ＲＰＧツクールＭＶ
MAP93_e10_p1_360	Map093.json	scrolling text	dialogue	　　　　　　　　　　使用プラグイン作者様
MAP93_e10_p1_363	Map093.json	scrolling text	dialogue	　　　　　   EnemyBreathing        Yana様
MAP93_e10_p1_365	Map093.json	scrolling text	dialogue	　　　　　　　  TurnWindow         Yana様
MAP93_e10_p1_367	Map093.json	scrolling text	dialogue	　　　　KZR_WindowStatusInBattle   ぶちょー様
MAP93_e10_p1_369	Map093.json	scrolling text	dialogue	　　　　　　BattleBalaneCustom   　木星ペンギン様
MAP93_e10_p1_37	Map093.json	0	dialogue	ウィン：
MAP93_e10_p1_371	Map093.json	scrolling text	dialogue	　　　　　PD_AdjustCharaSprite     しおいぬ様
MAP93_e10_p1_373	Map093.json	scrolling text	dialogue	　　　　　　　MakeScreenCapture　　トリアコンタン様
MAP93_e10_p1_375	Map093.json	scrolling text	dialogue	　　　　　　　　　　RetryBattle　　トリアコンタン様
MAP93_e10_p1_377	Map093.json	scrolling text	dialogue	           UCHU_MobileOperation    uchuzine様
MAP93_e10_p1_38	Map093.json	0	dialogue	…！？
MAP93_e10_p1_380	Map093.json	scrolling text	dialogue	　　　　　　　　　使用タイルセット作者様
MAP93_e10_p1_382	Map093.json	scrolling text	dialogue	　　　　　　　　MV_hc_tilesets　　　リクドウ様
MAP93_e10_p1_384	Map093.json	scrolling text	dialogue	　　　　　　　　　　和風素材　　　　コミュ将様
MAP93_e10_p1_387	Map093.json	scrolling text	dialogue	　　　　主人公たちの顔グラフィック　文目ゆうき様
MAP93_e10_p1_393	Map093.json	scrolling text	dialogue	　　　　　　　　　　　【エレサガ大王】
MAP93_e10_p1_394	Map093.json	scrolling text	dialogue	　　　　　　　　　　　　むにゃ　様
MAP93_e10_p1_395	Map093.json	scrolling text	dialogue	　　　　　　(はじまりの二周目裏ボス撃破したもの)
MAP93_e10_p1_4	Map093.json	0	dialogue	ウィンダム王：
MAP93_e10_p1_40	Map093.json	0	dialogue	ロイ：
MAP93_e10_p1_404	Map093.json	scrolling text	dialogue	　　　　　　　　　　　オリジナル版
MAP93_e10_p1_406	Map093.json	scrolling text	dialogue	　　　　　　　2002年　エレメンタルストーリー
MAP93_e10_p1_408	Map093.json	scrolling text	dialogue	　　　　　　　　制作ツール　RPGツクール5
MAP93_e10_p1_41	Map093.json	0	dialogue	…急ですまんな、ウィン。
MAP93_e10_p1_413	Map093.json	scrolling text	dialogue	　　　　　　　　　　　　リメイク版
MAP93_e10_p1_415	Map093.json	scrolling text	dialogue	　　　　　　2019年　エレサガ　Elemental Saga　
MAP93_e10_p1_417	Map093.json	scrolling text	dialogue	　　　　　　　　制作ツール　RPGツクールMV
MAP93_e10_p1_42	Map093.json	0	dialogue	しかし陛下からのどうしてもとのお達しだ。
MAP93_e10_p1_421	Map093.json	scrolling text	dialogue	　　　　　　　　製作総指揮　西園寺ハムカツ
MAP93_e10_p1_423	Map093.json	scrolling text	dialogue	　　　　　　　　　2019　エレサガ制作委員会
MAP93_e10_p1_428	Map093.json	0	dialogue	ピケピケ：
MAP93_e10_p1_429	Map093.json	0	dialogue	サンキューフォープレイング！！！！！！！！
MAP93_e10_p1_431	Map093.json	0	dialogue	ピケピケ：
MAP93_e10_p1_432	Map093.json	0	dialogue	このお話はこれでおしまいおしまい、だ！！！
MAP93_e10_p1_434	Map093.json	0	dialogue	ピケピケ：
MAP93_e10_p1_435	Map093.json	0	dialogue	しかし、実は３周目も用意した！！
MAP93_e10_p1_436	Map093.json	0	dialogue	でも今度は変更はない！！はず！！！！
MAP93_e10_p1_438	Map093.json	0	dialogue	ピケピケ：
MAP93_e10_p1_439	Map093.json	0	dialogue	レベル９９にして作者にすくしょを見せよう！
MAP93_e10_p1_44	Map093.json	0	dialogue	ロイ：
MAP93_e10_p1_440	Map093.json	0	dialogue	とかを本気にしちゃったちょっとおかしなひと
MAP93_e10_p1_441	Map093.json	0	dialogue	向け…かも知れない…
MAP93_e10_p1_443	Map093.json	0	dialogue	ピケピケ：
MAP93_e10_p1_444	Map093.json	0	dialogue	ではではまたまたこれで終わりーーー
MAP93_e10_p1_445	Map093.json	0	dialogue	もう一回始めちゃう？？
MAP93_e10_p1_446	Map093.json	0	dialogue	それとも終わりにしちゃう？？？？
MAP93_e10_p1_448	Map093.json	0	dialogue	ピケピケ：
MAP93_e10_p1_449	Map093.json	0	dialogue	ここで終りにしてももう何も起こらないので、
MAP93_e10_p1_45	Map093.json	0	dialogue	お前の実績と…そしてこの戦いをくぐり抜けた
MAP93_e10_p1_450	Map093.json	0	dialogue	どうせなら、一応三周目をはじめてセーブする
MAP93_e10_p1_451	Map093.json	0	dialogue	のを、オススメしておくぞ！！
MAP93_e10_p1_452_c0	Map093.json	choice	choice	一応３周目をはじめる
MAP93_e10_p1_452_c1	Map093.json	choice	choice	これで終りにする
MAP93_e10_p1_46	Map093.json	0	dialogue	その実力、お前の就任に誰も反対する者はない。
MAP93_e10_p1_48	Map093.json	0	dialogue	近衛兵ブロウニング：
MAP93_e10_p1_49	Map093.json	0	dialogue	もちろんであります！！
MAP93_e10_p1_491	Map093.json	1	dialogue	ピケピケ：
MAP93_e10_p1_492	Map093.json	1	dialogue	そうか…　ざんねんだな………
MAP93_e10_p1_493	Map093.json	1	dialogue	残念だなあああああああああああ…………
MAP93_e10_p1_495	Map093.json	1	dialogue	ピケピケ：
MAP93_e10_p1_496	Map093.json	1	dialogue	でも、もしも気が変わったら…
MAP93_e10_p1_497	Map093.json	1	dialogue	クリア前のデータからまたクリアして…
MAP93_e10_p1_498	Map093.json	1	dialogue	３周目してくれてもいいんだからね！！
MAP93_e10_p1_5	Map093.json	0	dialogue	よくぞ戻った！　騎士ウィン！！
MAP93_e10_p1_500	Map093.json	1	dialogue	ピケピケ：
MAP93_e10_p1_501	Map093.json	1	dialogue	遊んでくれてありがとう！！！！！！！
MAP93_e10_p1_502	Map093.json	1	dialogue	ではでは………さらば！！
MAP93_e10_p1_505	Map093.json	1	dialogue	　　　　    エレサガ　Elemental Saga　完　！！
MAP93_e10_p1_51	Map093.json	0	dialogue	近衛兵ライトニング：
MAP93_e10_p1_52	Map093.json	0	dialogue	異論ありません！
MAP93_e10_p1_54	Map093.json	0	dialogue	近衛兵クリス：
MAP93_e10_p1_55	Map093.json	0	dialogue	ウィンなら誰も反対する奴なんていません！！
MAP93_e10_p1_6	Map093.json	0	dialogue	そして…　ピピン！！
MAP93_e10_p1_60	Map093.json	0	dialogue	ウィン：
MAP93_e10_p1_61	Map093.json	0	dialogue	…　…　…　。
MAP93_e10_p1_63	Map093.json	0	dialogue	ピピン：
MAP93_e10_p1_64	Map093.json	0	dialogue	…お、おい、何て顔をしているんだ、ウィン。
MAP93_e10_p1_66	Map093.json	0	dialogue	ピピン：
MAP93_e10_p1_67	Map093.json	0	dialogue	お前なら立派な騎士団長になる…
MAP93_e10_p1_68	Map093.json	0	dialogue	俺が保証する。
MAP93_e10_p1_70	Map093.json	0	dialogue	ウィン：
MAP93_e10_p1_71	Map093.json	0	dialogue	…！　…！！
MAP93_e10_p1_73	Map093.json	0	dialogue	ピピン：
MAP93_e10_p1_74	Map093.json	0	dialogue	…お前、泣きそうな顔しているぞ…。
MAP93_e10_p1_75	Map093.json	0	dialogue	そんなに騎士団長になるのが嫌なのか…？
MAP93_e10_p1_77	Map093.json	0	dialogue	ウィン：
MAP93_e10_p1_78	Map093.json	0	dialogue	…！
MAP93_e10_p1_8	Map093.json	0	dialogue	ウィン：
MAP93_e10_p1_81	Map093.json	0	dialogue	　　　　　　　　　　ウィンは頷いた！
MAP93_e10_p1_83	Map093.json	0	dialogue	ピピン：
MAP93_e10_p1_84	Map093.json	0	dialogue	フン…　ったく………
MAP93_e10_p1_9	Map093.json	0	dialogue	…！
MAP93_e10_p1_92	Map093.json	0	dialogue	ピピン：
MAP93_e10_p1_93	Map093.json	0	dialogue	…陛下、ロイ騎士団長…
MAP93_e10_p1_94	Map093.json	0	dialogue	騎士ではない俺が、意見を言ってもいいか…？
MAP93_e10_p1_96	Map093.json	0	dialogue	ロイ：
MAP93_e10_p1_97	Map093.json	0	dialogue	…なんだ、ピピン？
MAP93_e10_p1_99	Map093.json	0	dialogue	ウィンダム王：
MAP93_e12_name	Map093.json	event name	name	近衛兵クリス
MAP93_e12_p0_1	Map093.json	0	dialogue	近衛兵クリス：
MAP93_e12_p0_2	Map093.json	0	dialogue	ここから先は、ウィンダム王とお妃さまの
MAP93_e12_p0_3	Map093.json	0	dialogue	寝室だぜ　…って、
MAP93_e12_p0_4	Map093.json	0	dialogue	お前そんなこと知ってるだろ。あっち行った。
MAP93_e1_name	Map093.json	event name	name	近衛兵クリス
MAP93_e1_p0_1	Map093.json	0	dialogue	近衛兵クリス：
MAP93_e1_p0_2	Map093.json	0	dialogue	ここから先は、ウィンダム王とお妃さまの
MAP93_e1_p0_3	Map093.json	0	dialogue	寝室だぜ　…って、
MAP93_e1_p0_4	Map093.json	0	dialogue	お前そんなこと知ってるだろ。あっち行った。
MAP93_e2_name	Map093.json	event name	name	ウィンダム王
MAP93_e3_name	Map093.json	event name	name	ロイ
MAP93_e4_name	Map093.json	event name	name	近衛兵クリス
MAP93_e4_p0_1	Map093.json	0	dialogue	近衛兵クリス：
MAP93_e4_p0_2	Map093.json	0	dialogue	ここから先は、ウィンダム王とお妃さまの
MAP93_e4_p0_3	Map093.json	0	dialogue	寝室だぜ　…って、
MAP93_e4_p0_4	Map093.json	0	dialogue	お前そんなこと知ってるだろ。あっち行った。
MAP93_e5_name	Map093.json	event name	name	玉座の護衛左
MAP93_e5_p0_1	Map093.json	0	dialogue	近衛兵ブロウニング：
MAP93_e5_p0_11	Map093.json	1	dialogue	ピピン：
MAP93_e5_p0_12	Map093.json	1	dialogue	どこの自称天才さんの話だ？おい？
MAP93_e5_p0_14	Map093.json	1	dialogue	近衛兵ブロウニング：
MAP93_e5_p0_15	Map093.json	1	dialogue	げっ！いたのかピピン！！
MAP93_e5_p0_16	Map093.json	1	dialogue	ま、とりあえず、ウィン！がんばれよ！
MAP93_e5_p0_17	Map093.json	1	dialogue	…ピピンもな。
MAP93_e5_p0_2	Map093.json	0	dialogue	よう、ウィン。最近どうだ？
MAP93_e5_p0_21	Map093.json	1	dialogue	近衛兵ブロウニング：
MAP93_e5_p0_22	Map093.json	1	dialogue	なんだなんだ、騎士学校トップで卒業した
MAP93_e5_p0_23	Map093.json	1	dialogue	お前が、そんなパッとしない顔して。
MAP93_e5_p0_24	Map093.json	1	dialogue	最近実家のパン食べてないのか？
MAP93_e5_p0_3_c0	Map093.json	choice	choice	いい感じ
MAP93_e5_p0_3_c1	Map093.json	choice	choice	ぼちぼち
MAP93_e5_p0_6	Map093.json	1	dialogue	近衛兵ブロウニング：
MAP93_e5_p0_7	Map093.json	1	dialogue	そりゃあよかった！俺はお前ならきっと
MAP93_e5_p0_8	Map093.json	1	dialogue	騎士団長になると思ってるんだ。
MAP93_e5_p0_9	Map093.json	1	dialogue	あんな性格の悪い自称天才でなく…
MAP93_e5_p1_1	Map093.json	0	dialogue	近衛兵ブロウニング：
MAP93_e5_p1_12	Map093.json	1	dialogue	近衛兵ブロウニング：
MAP93_e5_p1_13	Map093.json	1	dialogue	そうか…。
MAP93_e5_p1_14	Map093.json	1	dialogue	俺はてっきりケンカでもしたのかと。
MAP93_e5_p1_2	Map093.json	0	dialogue	よう、ウィン。あれ、ピピンは…
MAP93_e5_p1_3_c0	Map093.json	choice	choice	うん
MAP93_e5_p1_3_c1	Map093.json	choice	choice	別行動なんだ
MAP93_e5_p1_6	Map093.json	1	dialogue	近衛兵ブロウニング：
MAP93_e5_p1_7	Map093.json	1	dialogue	うんてウィン…
MAP93_e5_p1_8	Map093.json	1	dialogue	なんだお前ら、ケンカしたかー？
MAP93_e5_p2_1	Map093.json	0	dialogue	近衛兵ブロウニング：
MAP93_e5_p2_13	Map093.json	1	dialogue	近衛兵ブロウニング：
MAP93_e5_p2_14	Map093.json	1	dialogue	ちがうってなんだよ…
MAP93_e5_p2_15	Map093.json	1	dialogue	おい！手を隠すなって！
MAP93_e5_p2_2	Map093.json	0	dialogue	ウィン、聞いたぞ！
MAP93_e5_p2_3	Map093.json	0	dialogue	おまえ…　紋章を継承したって…！
MAP93_e5_p2_4_c0	Map093.json	choice	choice	うん
MAP93_e5_p2_4_c1	Map093.json	choice	choice	ちがうよ
MAP93_e5_p2_7	Map093.json	1	dialogue	近衛兵ブロウニング：
MAP93_e5_p2_8	Map093.json	1	dialogue	てことはお前…将来の騎士団長じゃねえか…
MAP93_e5_p2_9	Map093.json	1	dialogue	出世早すぎるだろ！すげえな！
MAP93_e6_name	Map093.json	event name	name	玉座の護衛右
MAP93_e6_p0_1	Map093.json	0	dialogue	近衛兵ライトニング：
MAP93_e6_p0_11	Map093.json	1	dialogue	ピピン：
MAP93_e6_p0_12	Map093.json	1	dialogue	ああ。
MAP93_e6_p0_14	Map093.json	1	dialogue	近衛兵ライトニング：
MAP93_e6_p0_15	Map093.json	1	dialogue	…それなら安心だ。
MAP93_e6_p0_16	Map093.json	1	dialogue	ピピンと一緒なら、ウィンも色々勉強に
MAP93_e6_p0_17	Map093.json	1	dialogue	なるだろう。ピピン、ウィンをよろしくな。
MAP93_e6_p0_2	Map093.json	0	dialogue	…仕事か？
MAP93_e6_p0_21	Map093.json	1	dialogue	ピピン：
MAP93_e6_p0_22	Map093.json	1	dialogue	なんでだ！仕事だろう！？
MAP93_e6_p0_23	Map093.json	1	dialogue	まさかウイン、
MAP93_e6_p0_24	Map093.json	1	dialogue	お前、陛下の話を聞いてなかったのか！？
MAP93_e6_p0_26	Map093.json	1	dialogue	近衛兵ライトニング：
MAP93_e6_p0_27	Map093.json	1	dialogue	俺も聞いていた、仕事だよな？ウィン。
MAP93_e6_p0_28	Map093.json	1	dialogue	知っていて聞いた俺が悪かったよ。
MAP93_e6_p0_29	Map093.json	1	dialogue	…しかしピピンは怒り過ぎだ。うるさい。
MAP93_e6_p0_31	Map093.json	1	dialogue	ピピン：
MAP93_e6_p0_32	Map093.json	1	dialogue	…クッ
MAP93_e6_p0_33	Map093.json	1	dialogue	どうして俺が怒られたんだ…
MAP93_e6_p0_3_c0	Map093.json	choice	choice	そうだよ
MAP93_e6_p0_3_c1	Map093.json	choice	choice	ちがうよ
MAP93_e6_p0_6	Map093.json	1	dialogue	近衛兵ライトニング：
MAP93_e6_p0_7	Map093.json	1	dialogue	人食いの獣が住み着いたっていう、
MAP93_e6_p0_8	Map093.json	1	dialogue	西の監視塔か。
MAP93_e6_p0_9	Map093.json	1	dialogue	ピピンも一緒なんだな？
MAP93_e6_p1_1	Map093.json	0	dialogue	近衛兵ライトニング：
MAP93_e6_p1_13	Map093.json	1	dialogue	近衛兵ライトニング：
MAP93_e6_p1_14	Map093.json	1	dialogue	なら、なんでそんな難しい顔をしてるんだ？
MAP93_e6_p1_15	Map093.json	1	dialogue	なあ、もしつらいことがあったら、
MAP93_e6_p1_16	Map093.json	1	dialogue	ひとりで抱え込むんじゃないぞ…？
MAP93_e6_p1_2	Map093.json	0	dialogue	…また仕事か？
MAP93_e6_p1_3_c0	Map093.json	choice	choice	そうだよ
MAP93_e6_p1_3_c1	Map093.json	choice	choice	ちがうよ
MAP93_e6_p1_6	Map093.json	1	dialogue	近衛兵ライトニング：
MAP93_e6_p1_7	Map093.json	1	dialogue	どんな仕事かはあえて聞かないさ。
MAP93_e6_p1_8	Map093.json	1	dialogue	しかし、ウィン、お前なんだか顔つきが
MAP93_e6_p1_9	Map093.json	1	dialogue	変わったな…。
MAP93_e6_p2_1	Map093.json	0	dialogue	近衛兵ライトニング：
MAP93_e6_p2_13	Map093.json	1	dialogue	近衛兵ライトニング：
MAP93_e6_p2_14	Map093.json	1	dialogue	すまん、冗談さ、ウィン。
MAP93_e6_p2_15	Map093.json	1	dialogue	闇のエレメントの復活…
MAP93_e6_p2_16	Map093.json	1	dialogue	止めてくれよ。お前なら、きっと出来るさ。
MAP93_e6_p2_2	Map093.json	0	dialogue	これはこれは次期騎士団長どの…
MAP93_e6_p2_3	Map093.json	0	dialogue	紋章の継承おめでとうございます
MAP93_e6_p2_4_c0	Map093.json	choice	choice	ありがとう
MAP93_e6_p2_4_c1	Map093.json	choice	choice	やめてよ
MAP93_e6_p2_7	Map093.json	1	dialogue	近衛兵ライトニング：
MAP93_e6_p2_8	Map093.json	1	dialogue	浮かれている場合か、若造。
MAP93_e6_p2_9	Map093.json	1	dialogue	…がんばれよ。
MAP93_e8_name	Map093.json	event name	name	玉座の護衛右
MAP93_e8_p0_1	Map093.json	0	dialogue	近衛兵ライトニング：
MAP93_e8_p0_11	Map093.json	1	dialogue	ピピン：
MAP93_e8_p0_12	Map093.json	1	dialogue	ああ。
MAP93_e8_p0_14	Map093.json	1	dialogue	近衛兵ライトニング：
MAP93_e8_p0_15	Map093.json	1	dialogue	…それなら安心だ。
MAP93_e8_p0_16	Map093.json	1	dialogue	ピピンと一緒なら、ウィンも色々勉強に
MAP93_e8_p0_17	Map093.json	1	dialogue	なるだろう。ピピン、ウィンをよろしくな。
MAP93_e8_p0_2	Map093.json	0	dialogue	…仕事か？
MAP93_e8_p0_21	Map093.json	1	dialogue	ピピン：
MAP93_e8_p0_22	Map093.json	1	dialogue	なんでだ！仕事だろう！？
MAP93_e8_p0_23	Map093.json	1	dialogue	まさかウイン、
MAP93_e8_p0_24	Map093.json	1	dialogue	お前、陛下の話を聞いてなかったのか！？
MAP93_e8_p0_26	Map093.json	1	dialogue	近衛兵ライトニング：
MAP93_e8_p0_27	Map093.json	1	dialogue	俺も聞いていた、仕事だよな？ウィン。
MAP93_e8_p0_28	Map093.json	1	dialogue	知っていて聞いた俺が悪かったよ。
MAP93_e8_p0_29	Map093.json	1	dialogue	…しかしピピンは怒り過ぎだ。うるさい。
MAP93_e8_p0_31	Map093.json	1	dialogue	ピピン：
MAP93_e8_p0_32	Map093.json	1	dialogue	…クッ
MAP93_e8_p0_33	Map093.json	1	dialogue	どうして俺が怒られたんだ…
MAP93_e8_p0_3_c0	Map093.json	choice	choice	そうだよ
MAP93_e8_p0_3_c1	Map093.json	choice	choice	ちがうよ
MAP93_e8_p0_6	Map093.json	1	dialogue	近衛兵ライトニング：
MAP93_e8_p0_7	Map093.json	1	dialogue	人食いの獣が住み着いたっていう、
MAP93_e8_p0_8	Map093.json	1	dialogue	西の監視塔か。
MAP93_e8_p0_9	Map093.json	1	dialogue	ピピンも一緒なんだな？
MAP93_e8_p1_1	Map093.json	0	dialogue	近衛兵ライトニング：
MAP93_e8_p1_13	Map093.json	1	dialogue	近衛兵ライトニング：
MAP93_e8_p1_14	Map093.json	1	dialogue	なら、なんでそんな難しい顔をしてるんだ？
MAP93_e8_p1_15	Map093.json	1	dialogue	なあ、もしつらいことがあったら、
MAP93_e8_p1_16	Map093.json	1	dialogue	ひとりで抱え込むんじゃないぞ…？
MAP93_e8_p1_2	Map093.json	0	dialogue	…また仕事か？
MAP93_e8_p1_3_c0	Map093.json	choice	choice	そうだよ
MAP93_e8_p1_3_c1	Map093.json	choice	choice	ちがうよ
MAP93_e8_p1_6	Map093.json	1	dialogue	近衛兵ライトニング：
MAP93_e8_p1_7	Map093.json	1	dialogue	どんな仕事かはあえて聞かないさ。
MAP93_e8_p1_8	Map093.json	1	dialogue	しかし、ウィン、お前なんだか顔つきが
MAP93_e8_p1_9	Map093.json	1	dialogue	変わったな…。
MAP93_e8_p2_1	Map093.json	0	dialogue	近衛兵ライトニング：
MAP93_e8_p2_13	Map093.json	1	dialogue	近衛兵ライトニング：
MAP93_e8_p2_14	Map093.json	1	dialogue	すまん、冗談さ、ウィン。
MAP93_e8_p2_15	Map093.json	1	dialogue	闇のエレメントの復活…
MAP93_e8_p2_16	Map093.json	1	dialogue	止めてくれよ。お前なら、きっと出来るさ。
MAP93_e8_p2_2	Map093.json	0	dialogue	これはこれは次期騎士団長どの…
MAP93_e8_p2_3	Map093.json	0	dialogue	紋章の継承おめでとうございます
MAP93_e8_p2_4_c0	Map093.json	choice	choice	ありがとう
MAP93_e8_p2_4_c1	Map093.json	choice	choice	やめてよ
MAP93_e8_p2_7	Map093.json	1	dialogue	近衛兵ライトニング：
MAP93_e8_p2_8	Map093.json	1	dialogue	浮かれている場合か、若造。
MAP93_e8_p2_9	Map093.json	1	dialogue	…がんばれよ。
MAP93_e9_name	Map093.json	event name	name	玉座の護衛右
MAP93_e9_p0_1	Map093.json	0	dialogue	近衛兵ライトニング：
MAP93_e9_p0_11	Map093.json	1	dialogue	ピピン：
MAP93_e9_p0_12	Map093.json	1	dialogue	ああ。
MAP93_e9_p0_14	Map093.json	1	dialogue	近衛兵ライトニング：
MAP93_e9_p0_15	Map093.json	1	dialogue	…それなら安心だ。
MAP93_e9_p0_16	Map093.json	1	dialogue	ピピンと一緒なら、ウィンも色々勉強に
MAP93_e9_p0_17	Map093.json	1	dialogue	なるだろう。ピピン、ウィンをよろしくな。
MAP93_e9_p0_2	Map093.json	0	dialogue	…仕事か？
MAP93_e9_p0_21	Map093.json	1	dialogue	ピピン：
MAP93_e9_p0_22	Map093.json	1	dialogue	なんでだ！仕事だろう！？
MAP93_e9_p0_23	Map093.json	1	dialogue	まさかウイン、
MAP93_e9_p0_24	Map093.json	1	dialogue	お前、陛下の話を聞いてなかったのか！？
MAP93_e9_p0_26	Map093.json	1	dialogue	近衛兵ライトニング：
MAP93_e9_p0_27	Map093.json	1	dialogue	俺も聞いていた、仕事だよな？ウィン。
MAP93_e9_p0_28	Map093.json	1	dialogue	知っていて聞いた俺が悪かったよ。
MAP93_e9_p0_29	Map093.json	1	dialogue	…しかしピピンは怒り過ぎだ。うるさい。
MAP93_e9_p0_31	Map093.json	1	dialogue	ピピン：
MAP93_e9_p0_32	Map093.json	1	dialogue	…クッ
MAP93_e9_p0_33	Map093.json	1	dialogue	どうして俺が怒られたんだ…
MAP93_e9_p0_3_c0	Map093.json	choice	choice	そうだよ
MAP93_e9_p0_3_c1	Map093.json	choice	choice	ちがうよ
MAP93_e9_p0_6	Map093.json	1	dialogue	近衛兵ライトニング：
MAP93_e9_p0_7	Map093.json	1	dialogue	人食いの獣が住み着いたっていう、
MAP93_e9_p0_8	Map093.json	1	dialogue	西の監視塔か。
MAP93_e9_p0_9	Map093.json	1	dialogue	ピピンも一緒なんだな？
MAP93_e9_p1_1	Map093.json	0	dialogue	近衛兵ライトニング：
MAP93_e9_p1_13	Map093.json	1	dialogue	近衛兵ライトニング：
MAP93_e9_p1_14	Map093.json	1	dialogue	なら、なんでそんな難しい顔をしてるんだ？
MAP93_e9_p1_15	Map093.json	1	dialogue	なあ、もしつらいことがあったら、
MAP93_e9_p1_16	Map093.json	1	dialogue	ひとりで抱え込むんじゃないぞ…？
MAP93_e9_p1_2	Map093.json	0	dialogue	…また仕事か？
MAP93_e9_p1_3_c0	Map093.json	choice	choice	そうだよ
MAP93_e9_p1_3_c1	Map093.json	choice	choice	ちがうよ
MAP93_e9_p1_6	Map093.json	1	dialogue	近衛兵ライトニング：
MAP93_e9_p1_7	Map093.json	1	dialogue	どんな仕事かはあえて聞かないさ。
MAP93_e9_p1_8	Map093.json	1	dialogue	しかし、ウィン、お前なんだか顔つきが
MAP93_e9_p1_9	Map093.json	1	dialogue	変わったな…。
MAP93_e9_p2_1	Map093.json	0	dialogue	近衛兵ライトニング：
MAP93_e9_p2_13	Map093.json	1	dialogue	近衛兵ライトニング：
MAP93_e9_p2_14	Map093.json	1	dialogue	すまん、冗談さ、ウィン。
MAP93_e9_p2_15	Map093.json	1	dialogue	闇のエレメントの復活…
MAP93_e9_p2_16	Map093.json	1	dialogue	止めてくれよ。お前なら、きっと出来るさ。
MAP93_e9_p2_2	Map093.json	0	dialogue	これはこれは次期騎士団長どの…
MAP93_e9_p2_3	Map093.json	0	dialogue	紋章の継承おめでとうございます
MAP93_e9_p2_4_c0	Map093.json	choice	choice	ありがとう
MAP93_e9_p2_4_c1	Map093.json	choice	choice	やめてよ
MAP93_e9_p2_7	Map093.json	1	dialogue	近衛兵ライトニング：
MAP93_e9_p2_8	Map093.json	1	dialogue	浮かれている場合か、若造。
MAP93_e9_p2_9	Map093.json	1	dialogue	…がんばれよ。
MAP94_displayName	Map094.json	display name	mapname	どこかの大陸
MAP96_e1_p0_1	Map096.json	0	dialogue	　　　　　ここからは正体不明の世界の
MAP96_e1_p0_10	Map096.json	0	dialogue	　　　　　　　まず火の紋章の継承者を
MAP96_e1_p0_11	Map096.json	0	dialogue	　　　　　　　　選んでください
MAP96_e1_p0_13	Map096.json	0	dialogue	ホノオ　　…　バランス型　素早さと力がやや高め
MAP96_e1_p0_14	Map096.json	0	dialogue	フレイム王…　パワー型　力と体力多め
MAP96_e1_p0_15	Map096.json	0	dialogue	ホムラ　　…　魔力型　魔力高め　他低め
MAP96_e1_p0_16_c0	Map096.json	choice	choice	ホノオ
MAP96_e1_p0_16_c1	Map096.json	choice	choice	フレイム王
MAP96_e1_p0_16_c2	Map096.json	choice	choice	ホムラ
MAP96_e1_p0_2	Map096.json	0	dialogue	　　　不可思議なダンジョンをひたすら進む
MAP96_e1_p0_26	Map096.json	0	dialogue	　　　　　　次に水の紋章の継承者を選んでください
MAP96_e1_p0_28	Map096.json	0	dialogue	ナガレ　…　パワー型　力とぼうぎょ高め
MAP96_e1_p0_29	Map096.json	0	dialogue	シズク　…　魔力型　魔力高め　他低め　
MAP96_e1_p0_3	Map096.json	0	dialogue	　　　　　　　　ことになります
MAP96_e1_p0_30	Map096.json	0	dialogue	オタキ　…　バランス型　力と魔力高め
MAP96_e1_p0_31_c0	Map096.json	choice	choice	ナガレ
MAP96_e1_p0_31_c1	Map096.json	choice	choice	シズク
MAP96_e1_p0_31_c2	Map096.json	choice	choice	オタキ
MAP96_e1_p0_41	Map096.json	0	dialogue	　　　　次に風の紋章の継承者を選んでください
MAP96_e1_p0_43	Map096.json	0	dialogue	ウィン　…　スピード型　素早さと会心率、回避率高め
MAP96_e1_p0_44	Map096.json	0	dialogue	ロイ　　…　バランス型　力と魔力高め
MAP96_e1_p0_45	Map096.json	0	dialogue	サクソン…　パワー型　力と体力多め
MAP96_e1_p0_46_c0	Map096.json	choice	choice	ウィン
MAP96_e1_p0_46_c1	Map096.json	choice	choice	若かりし頃のロイ
MAP96_e1_p0_46_c2	Map096.json	choice	choice	サクソン
MAP96_e1_p0_56	Map096.json	0	dialogue	　　　最後に継承者ではないメンバーを選んでください
MAP96_e1_p0_58	Map096.json	0	dialogue	ピピン　…　バランス型　力素早さ魔力など高め
MAP96_e1_p0_59	Map096.json	0	dialogue	ウィンダム王…　パワー型　力と体力高め
MAP96_e1_p0_6	Map096.json	0	dialogue	　　　　　　攻略メンバー４人を選んでください
MAP96_e1_p0_60	Map096.json	0	dialogue	トリカゼ　…　スピード型　力と素早さ高め
MAP96_e1_p0_61	Map096.json	0	dialogue	マハリ　…　魔力型　魔力と素早さ高め
MAP96_e1_p0_62_c0	Map096.json	choice	choice	ピピン
MAP96_e1_p0_62_c1	Map096.json	choice	choice	ウィンダム王
MAP96_e1_p0_62_c2	Map096.json	choice	choice	トリカゼ
MAP96_e1_p0_62_c3	Map096.json	choice	choice	マハリ
MAP96_e1_p0_7	Map096.json	0	dialogue	　　　　　　　メンバーは途中で変更できません
MAP97_displayName	Map097.json	display name	mapname	西の監視塔　一階
MAP97_e1_name	Map097.json	event name	name	ウィンダム城下町
MAP97_e1_note	Map097.json	event note	note	入り口
MAP97_e2_name	Map097.json	event name	name	ウィンダム城下町
MAP97_e2_note	Map097.json	event note	note	入り口
MAP97_e3_name	Map097.json	event name	name	ウィンダム城下町
MAP97_e3_note	Map097.json	event note	note	入り口
MAP97_e4_name	Map097.json	event name	name	ウィンダム城下町
MAP97_e4_note	Map097.json	event note	note	入り口
MAP97_e5_name	Map097.json	event name	name	固いパン１個
MAP97_e5_p0_1	Map097.json	0	dialogue	傷薬を　１個　手に入れた！
MAP97_e5_p1_1	Map097.json	0	dialogue	持ち出して役に立つようなものは何も見つけられなかった…
MAP97_e6_p0_4	Map097.json	0	dialogue	ピピン：
MAP97_e6_p0_5	Map097.json	0	dialogue	なんちゅう荒れっぷりだ…
MAP97_e6_p0_6	Map097.json	0	dialogue	放置してから数カ月どころじゃないぞ、これは
MAP97_e7_p0_10	Map097.json	0	dialogue	1000\\G 手に入れた！
MAP98_displayName	Map098.json	display name	mapname	西の監視塔　二階
MAP98_e1_name	Map098.json	event name	name	ウィンダム城下町
MAP98_e1_note	Map098.json	event note	note	入り口
MAP98_e2_name	Map098.json	event name	name	ウィンダム城下町
MAP98_e2_note	Map098.json	event note	note	入り口
MAP99_displayName	Map099.json	display name	mapname	西の監視塔　三階
MAP99_e1_name	Map099.json	event name	name	ウィンダム城下町
MAP99_e1_note	Map099.json	event note	note	入り口
MAP99_e2_name	Map099.json	event name	name	ウィンダム城下町
MAP99_e2_note	Map099.json	event note	note	入り口
MAP99_e3_name	Map099.json	event name	name	泥棒はずれ
MAP99_e3_p0_1	Map099.json	0	dialogue	持ち出して役に立つようなものは何も見つけられなかった…
MAP100_displayName	Map100.json	display name	mapname	西の監視塔　四階
MAP100_e1_name	Map100.json	event name	name	ウィンダム城下町
MAP100_e1_note	Map100.json	event note	note	入り口
MAP100_e2_name	Map100.json	event name	name	ウィンダム城下町
MAP100_e2_note	Map100.json	event note	note	入り口
MAP100_e3_name	Map100.json	event name	name	人食いドッグ
MAP100_e3_p0_10	Map100.json	0	dialogue	ピピン：
MAP100_e3_p0_11	Map100.json	0	dialogue	…なんだいまの化け物は…
MAP100_e3_p0_12	Map100.json	0	dialogue	ぜんぜんドッグじゃなかったぞ…！？
MAP100_e3_p0_14	Map100.json	0	dialogue	ピピン：
MAP100_e3_p0_15	Map100.json	0	dialogue	ウィン、中々やるじゃないか…お前。
MAP100_e3_p0_16_c0	Map100.json	choice	choice	ありがとう
MAP100_e3_p0_16_c1	Map100.json	choice	choice	そんなことはない
MAP100_e3_p0_19	Map100.json	1	dialogue	ピピン：
MAP100_e3_p0_20	Map100.json	1	dialogue	それよりも…　最上階から物音がする。
MAP100_e3_p0_21	Map100.json	1	dialogue	誰かいるかも知れない。調査するぞ。
MAP100_e3_p0_27	Map100.json	1	dialogue	ピピン：
MAP100_e3_p0_28	Map100.json	1	dialogue	おい、お前、本気で言っているのか？
MAP100_e3_p0_29	Map100.json	1	dialogue	自分の力の程度も把握できていないとはな…。
MAP100_e3_p0_30	Map100.json	1	dialogue	先が思いやられる奴だぜ…。
MAP100_e3_p0_32	Map100.json	1	dialogue	ピピン：
MAP100_e3_p0_33	Map100.json	1	dialogue	それよりも…　最上階から物音がする。
MAP100_e3_p0_34	Map100.json	1	dialogue	誰かいるかも知れない。調査するぞ。
MAP100_e3_p0_5	Map100.json	0	dialogue	ピピン：
MAP100_e3_p0_6	Map100.json	0	dialogue	…犬の声？
MAP100_e3_p0_7	Map100.json	0	dialogue	どこにいるんだ？　　　うわっ！
MAP100_e4_name	Map100.json	event name	name	固いパン１個
MAP100_e4_p0_1	Map100.json	0	dialogue	万金丹を　１個　手に入れた！
MAP100_e4_p1_1	Map100.json	0	dialogue	持ち出して役に立つようなものは何も見つけられなかった…
MAP100_e5_p0_10	Map100.json	0	dialogue	力のエレメントを手に入れた！
MAP101_displayName	Map101.json	display name	mapname	お社の洞窟
MAP101_e10_p0_10	Map101.json	0	dialogue	水のエレメントを手に入れた！
MAP101_e11_p0_10	Map101.json	0	dialogue	守りのエレメントを手に入れた！
MAP101_e6_p0_12	Map101.json	0	dialogue	ナガレ：
MAP101_e6_p0_13	Map101.json	0	dialogue	おい、なんでこんなに明るいんだ。
MAP101_e6_p0_14	Map101.json	0	dialogue	真っ暗闇って話だったはずだが…。
MAP101_e6_p0_16	Map101.json	0	dialogue	ホノオ：
MAP101_e6_p0_17	Map101.json	0	dialogue	ああ、それならオレとウィンの紋章を
MAP101_e6_p0_18	Map101.json	0	dialogue	光らせてるからだ。
MAP101_e6_p0_20	Map101.json	0	dialogue	ナガレ：
MAP101_e6_p0_21	Map101.json	0	dialogue	え…？
MAP101_e6_p0_23	Map101.json	0	dialogue	…そうなのか？
MAP101_e6_p0_25	Map101.json	0	dialogue	ウィン：
MAP101_e6_p0_26	Map101.json	0	dialogue	…。
MAP101_e6_p0_29	Map101.json	0	dialogue	　　　　　　　　　　　ウィンは頷いた
MAP101_e6_p0_31	Map101.json	0	dialogue	ナガレ：
MAP101_e6_p0_32	Map101.json	0	dialogue	あ、そう…　べ、便利だな…
MAP101_e6_p1_12	Map101.json	0	dialogue	ナガレ：
MAP101_e6_p1_13	Map101.json	0	dialogue	おい、なんでこんなに明るいんだ。
MAP101_e6_p1_14	Map101.json	0	dialogue	真っ暗闇って話だったはずだが…。
MAP101_e6_p1_16	Map101.json	0	dialogue	ホノオ：
MAP101_e6_p1_17	Map101.json	0	dialogue	ああ、それならオレとウィンの紋章を
MAP101_e6_p1_18	Map101.json	0	dialogue	光らせてるからだ。
MAP101_e6_p1_20	Map101.json	0	dialogue	ナガレ：
MAP101_e6_p1_21	Map101.json	0	dialogue	え…？
MAP101_e6_p1_23	Map101.json	0	dialogue	…そうなのか？
MAP101_e6_p1_25	Map101.json	0	dialogue	ウィン：
MAP101_e6_p1_26	Map101.json	0	dialogue	…。
MAP101_e6_p1_29	Map101.json	0	dialogue	　　　　　　　　　　　ウィンは頷いた
MAP101_e6_p1_31	Map101.json	0	dialogue	ナガレ：
MAP101_e6_p1_32	Map101.json	0	dialogue	あ、そう…　べ、便利だな…
MAP101_e6_p1_34	Map101.json	0	dialogue	ホノオ：
MAP101_e6_p1_35	Map101.json	0	dialogue	しっかし…　かなり魔物の気配がするぜ…
MAP101_e6_p1_36	Map101.json	0	dialogue	明るいからって油断すんなよー…
MAP101_e7_p0_1	Map101.json	0	dialogue	ホノオ：
MAP101_e7_p0_10	Map101.json	0	dialogue	ホノオ：
MAP101_e7_p0_11	Map101.json	0	dialogue	で…　どうすんだこれ…。
MAP101_e7_p0_12	Map101.json	0	dialogue	落っこちるのかよ…？
MAP101_e7_p0_14	Map101.json	0	dialogue	ナガレ：
MAP101_e7_p0_15	Map101.json	0	dialogue	当たり前だろう？
MAP101_e7_p0_16	Map101.json	0	dialogue	落っこちながら龍の頭に、
MAP101_e7_p0_17	Map101.json	0	dialogue	みんなで剣をぶっ刺すのさ！
MAP101_e7_p0_19	Map101.json	0	dialogue	ホノオ：
MAP101_e7_p0_2	Map101.json	0	dialogue	例の落っこちると龍がいるって穴…
MAP101_e7_p0_20	Map101.json	0	dialogue	いやいやいやいや…
MAP101_e7_p0_21	Map101.json	0	dialogue	本気で言ってるのか冗談なのか分からんから…
MAP101_e7_p0_23	Map101.json	0	dialogue	ナガレ：
MAP101_e7_p0_24	Map101.json	0	dialogue	…もちろん冗談だよ。
MAP101_e7_p0_25	Map101.json	0	dialogue	屋敷から長い縄を持ってきてる。
MAP101_e7_p0_26	Map101.json	0	dialogue	これを伝って降りるぞ。
MAP101_e7_p0_28	Map101.json	0	dialogue	ホノオ：
MAP101_e7_p0_29	Map101.json	0	dialogue	あ、そうですか…。
MAP101_e7_p0_3	Map101.json	0	dialogue	これだろうな…。
MAP101_e7_p0_30	Map101.json	0	dialogue	しかしそれだって、十分におっかねえなー…。
MAP101_e7_p0_36	Map101.json	0	dialogue	ホノオ：
MAP101_e7_p0_37	Map101.json	0	dialogue	…結構降りたが…まだ全然下が見えねえぞ。
MAP101_e7_p0_39	Map101.json	0	dialogue	ナガレ：
MAP101_e7_p0_40	Map101.json	0	dialogue	…水の者だかなんだかも、
MAP101_e7_p0_41	Map101.json	0	dialogue	落っこちながら考え事をしていたらしいから、
MAP101_e7_p0_42	Map101.json	0	dialogue	相当に深い穴なんだろうな。
MAP101_e7_p0_46	Map101.json	0	dialogue	ナガレ：
MAP101_e7_p0_47	Map101.json	0	dialogue	少しひかりが見えてきた…！
MAP101_e7_p0_48	Map101.json	0	dialogue	そろそろ着くみたいだぞ！
MAP101_e7_p0_5	Map101.json	0	dialogue	ナガレ：
MAP101_e7_p0_50	Map101.json	0	dialogue	ホノオ：
MAP101_e7_p0_51	Map101.json	0	dialogue	…やっとかー
MAP101_e7_p0_52	Map101.json	0	dialogue	ちょっと待て…　
MAP101_e7_p0_53	Map101.json	0	dialogue	…なんか下から話し声がしねえか…？
MAP101_e7_p0_55	Map101.json	0	dialogue	ナガレ：
MAP101_e7_p0_56	Map101.json	0	dialogue	………本当だ。
MAP101_e7_p0_57	Map101.json	0	dialogue	…龍じゃなくてひとがいる？
MAP101_e7_p0_58	Map101.json	0	dialogue	龍が話す？そうだとしても、誰と…？
MAP101_e7_p0_6	Map101.json	0	dialogue	そうだろうな。
MAP101_e7_p0_60	Map101.json	0	dialogue	ナガレ：
MAP101_e7_p0_61	Map101.json	0	dialogue	あっ！！
MAP101_e7_p0_63	Map101.json	0	dialogue	ホノオ：
MAP101_e7_p0_64	Map101.json	0	dialogue	おわーーーっ！？
MAP101_e7_p0_65	Map101.json	0	dialogue	お、おちるーーーー！！！！
MAP101_e7_p0_7	Map101.json	0	dialogue	他にそれらしい穴はなかった…
MAP101_e7_p0_8	Map101.json	0	dialogue	間違いないだろう。
MAP101_e8_p0_1	Map101.json	0	dialogue	ナガレ：
MAP101_e8_p0_2	Map101.json	0	dialogue	穴が見えてきた…
MAP101_e8_p0_3	Map101.json	0	dialogue	きっとあれに落ちたら龍がいる…。
MAP101_e8_p0_4	Map101.json	0	dialogue	みんな、気を引き締めた方がいい。
MAP101_e9_p0_10	Map101.json	0	dialogue	にっかり青江を手に入れた！
MAP102_displayName	Map102.json	display name	mapname	暗黒大陸の廃墟
MAP102_e10_p1_10	Map102.json	0	dialogue	ナガレ
MAP102_e10_p1_11	Map102.json	0	dialogue	「誰だっオマエは！？
MAP102_e10_p1_13	Map102.json	0	dialogue	「うるさい！！問答無用だああああああ
MAP102_e10_p1_15	Map102.json	0	dialogue	バンデッド
MAP102_e10_p1_16	Map102.json	0	dialogue	「いまの俺なら、もうお前たちには負けん！！
MAP102_e10_p1_17	Map102.json	0	dialogue	　かかってこい！！！
MAP102_e10_p1_2	Map102.json	0	dialogue	バンデッド
MAP102_e10_p1_22	Map102.json	0	dialogue	バンデッド
MAP102_e10_p1_23	Map102.json	0	dialogue	「いいか…　終わりじゃない…
MAP102_e10_p1_24	Map102.json	0	dialogue	　俺は何度でも蘇って…お前らの前に現れる！
MAP102_e10_p1_25	Map102.json	0	dialogue	　何度でもだ…　　　　　ぐはあッ！！！！
MAP102_e10_p1_3	Map102.json	0	dialogue	「待っていたぞ！！
MAP102_e10_p1_4	Map102.json	0	dialogue	　俺は何度でも蘇る！！
MAP102_e10_p1_7	Map102.json	0	dialogue	ホノオ
MAP102_e10_p1_8	Map102.json	0	dialogue	「だ、誰だ…！？
MAP102_e11_p0_10	Map102.json	0	dialogue	ドラゴンバスターを手に入れた！
MAP102_e12_p0_11	Map102.json	0	dialogue	藤四郎（大業物）を手に入れた！
MAP102_e13_p0_11	Map102.json	0	dialogue	村雨を手に入れた！
MAP102_e14_p0_10	Map102.json	0	dialogue	50000\\G 手に入れた！
MAP102_e1_p0_10	Map102.json	0	dialogue	ロングソード（匠）を手に入れた！
MAP102_e2_p0_11	Map102.json	0	dialogue	骨喰みを手に入れた！
MAP102_e3_name	Map102.json	event name	name	ウィンダム城下町
MAP102_e3_note	Map102.json	event note	note	入り口
MAP102_e3_p0_2	Map102.json	0	dialogue	　　　　ハヤテを使えば目的地にすぐに行けるな
MAP102_e3_p0_3	Map102.json	0	dialogue	　　　　　　　　…と、ウィンは思った
MAP102_e3_p0_4_c0	Map102.json	choice	choice	ハヤテを使おう
MAP102_e3_p0_4_c1	Map102.json	choice	choice	使わなくていいや
MAP102_e3_p0_6_c0	Map102.json	choice	choice	フレイム城
MAP102_e3_p0_6_c1	Map102.json	choice	choice	セイリュー
MAP102_e3_p0_6_c2	Map102.json	choice	choice	旅の宿屋
MAP102_e3_p0_6_c3	Map102.json	choice	choice	南の採石場
MAP102_e3_p0_6_c4	Map102.json	choice	choice	ウィンダム城
MAP102_e4_name	Map102.json	event name	name	ウィンダム城下町
MAP102_e4_note	Map102.json	event note	note	入り口
MAP102_e4_p0_2	Map102.json	0	dialogue	　　　　ハヤテを使えば目的地にすぐに行けるな
MAP102_e4_p0_3	Map102.json	0	dialogue	　　　　　　　　…と、ウィンは思った
MAP102_e4_p0_4_c0	Map102.json	choice	choice	ハヤテを使おう
MAP102_e4_p0_4_c1	Map102.json	choice	choice	使わなくていいや
MAP102_e4_p0_6_c0	Map102.json	choice	choice	フレイム城
MAP102_e4_p0_6_c1	Map102.json	choice	choice	セイリュー
MAP102_e4_p0_6_c2	Map102.json	choice	choice	旅の宿屋
MAP102_e4_p0_6_c3	Map102.json	choice	choice	南の採石場
MAP102_e4_p0_6_c4	Map102.json	choice	choice	ウィンダム城
MAP102_e5_name	Map102.json	event name	name	ウィンダム城下町
MAP102_e5_note	Map102.json	event note	note	入り口
MAP102_e5_p0_2	Map102.json	0	dialogue	　　　　ハヤテを使えば目的地にすぐに行けるな
MAP102_e5_p0_3	Map102.json	0	dialogue	　　　　　　　　…と、ウィンは思った
MAP102_e5_p0_4_c0	Map102.json	choice	choice	ハヤテを使おう
MAP102_e5_p0_4_c1	Map102.json	choice	choice	使わなくていいや
MAP102_e5_p0_6_c0	Map102.json	choice	choice	フレイム城
MAP102_e5_p0_6_c1	Map102.json	choice	choice	セイリュー
MAP102_e5_p0_6_c2	Map102.json	choice	choice	旅の宿屋
MAP102_e5_p0_6_c3	Map102.json	choice	choice	南の採石場
MAP102_e5_p0_6_c4	Map102.json	choice	choice	ウィンダム城
MAP102_e6_p0_1	Map102.json	0	dialogue	ナガレ：
MAP102_e6_p0_11	Map102.json	0	dialogue	ホノオ：
MAP102_e6_p0_12	Map102.json	0	dialogue	まー、どのみちここまで来といて、
MAP102_e6_p0_13	Map102.json	0	dialogue	今更引き返すつもりはねーけど。
MAP102_e6_p0_15	Map102.json	0	dialogue	ホノオ：
MAP102_e6_p0_16	Map102.json	0	dialogue	ウィン、どうする？
MAP102_e6_p0_17	Map102.json	0	dialogue	入っちまってもいいかー？
MAP102_e6_p0_18_c0	Map102.json	choice	choice	入ろう
MAP102_e6_p0_18_c1	Map102.json	choice	choice	引き返そう
MAP102_e6_p0_2	Map102.json	0	dialogue	…ここから先は、進んだら全てが終わるまで、
MAP102_e6_p0_21	Map102.json	1	dialogue	ホノオ：
MAP102_e6_p0_22	Map102.json	1	dialogue	よっしゃー！
MAP102_e6_p0_23	Map102.json	1	dialogue	じゃあいくかーーーー！
MAP102_e6_p0_29	Map102.json	1	dialogue	ナガレ：
MAP102_e6_p0_3	Map102.json	0	dialogue	もう戻れない気がするな…。
MAP102_e6_p0_30	Map102.json	1	dialogue	確かに…　薬とか、もっと買っておいた方が
MAP102_e6_p0_31	Map102.json	1	dialogue	いいかも。
MAP102_e6_p0_5	Map102.json	0	dialogue	ホノオ：
MAP102_e6_p0_6	Map102.json	0	dialogue	なんだよそれ、カンか？
MAP102_e6_p0_8	Map102.json	0	dialogue	ナガレ：
MAP102_e6_p0_9	Map102.json	0	dialogue	そうだよ。
MAP102_e6_p1_1	Map102.json	0	dialogue	ホノオ：
MAP102_e6_p1_2	Map102.json	0	dialogue	よっしゃー！
MAP102_e6_p1_3	Map102.json	0	dialogue	じゃあいくかーーーー！
MAP102_e7_name	Map102.json	event name	name	廃墟
MAP102_e7_p0_12	Map102.json	0	dialogue	ホノオ：
MAP102_e7_p0_13	Map102.json	0	dialogue	おいおい…　なんだよココは！
MAP102_e7_p0_14	Map102.json	0	dialogue	街…？　いや、城…？　があったのか…？
MAP102_e7_p0_16	Map102.json	0	dialogue	ナガレ：
MAP102_e7_p0_17	Map102.json	0	dialogue	この地は未開の、無人の地のはずだ…
MAP102_e7_p0_18	Map102.json	0	dialogue	もっと大昔にはここにひとが住んでいたのか？
MAP102_e7_p0_20	Map102.json	0	dialogue	ホノオ：
MAP102_e7_p0_21	Map102.json	0	dialogue	なんか建物とかも…見た事ねえ感じだ。
MAP102_e7_p0_22	Map102.json	0	dialogue	オレらもしかして、歴史上の大発見してる…？
MAP102_e7_p0_24	Map102.json	0	dialogue	ナガレ：
MAP102_e7_p0_25	Map102.json	0	dialogue	そうかもな。
MAP102_e8_p0_11	Map102.json	0	dialogue	藤四郎を手に入れた！
MAP102_e9_p0_10	Map102.json	0	dialogue	グレートソード（匠）を手に入れた！
MAPINFO_100_name	MapInfos.json	map name	mapname	西の監視塔四階　裏
MAPINFO_101_name	MapInfos.json	map name	mapname	お社の洞窟　裏
MAPINFO_102_name	MapInfos.json	map name	mapname	暗黒大陸の廃墟　裏
MAPINFO_11_name	MapInfos.json	map name	mapname	バルコニー
MAPINFO_12_name	MapInfos.json	map name	mapname	パン屋
MAPINFO_13_name	MapInfos.json	map name	mapname	ウィンダム道具屋
MAPINFO_14_name	MapInfos.json	map name	mapname	ウィンダム民家1
MAPINFO_15_name	MapInfos.json	map name	mapname	ウィンダム民家2
MAPINFO_16_name	MapInfos.json	map name	mapname	ウィンダム錬金術
MAPINFO_17_name	MapInfos.json	map name	mapname	ウィンダム民家3
MAPINFO_18_name	MapInfos.json	map name	mapname	ウィンダムレストラン
MAPINFO_19_name	MapInfos.json	map name	mapname	騎士団駐屯本部
MAPINFO_20_name	MapInfos.json	map name	mapname	ウィンダム武器屋
MAPINFO_21_name	MapInfos.json	map name	mapname	ロイの家
MAPINFO_22_name	MapInfos.json	map name	mapname	西の監視塔一階
MAPINFO_23_name	MapInfos.json	map name	mapname	西の監視塔　二階
MAPINFO_24_name	MapInfos.json	map name	mapname	西の監視塔四階
MAPINFO_25_name	MapInfos.json	map name	mapname	西の監視塔　三階
MAPINFO_26_name	MapInfos.json	map name	mapname	フレイムへの関所
MAPINFO_27_name	MapInfos.json	map name	mapname	西の監視塔最上階
MAPINFO_28_name	MapInfos.json	map name	mapname	南の関所の宿屋
MAPINFO_29_name	MapInfos.json	map name	mapname	南の関所の道具屋
MAPINFO_30_name	MapInfos.json	map name	mapname	旅人の宿
MAPINFO_31_name	MapInfos.json	map name	mapname	フレイム城下町
MAPINFO_32_name	MapInfos.json	map name	mapname	フレイム城　一階
MAPINFO_33_name	MapInfos.json	map name	mapname	フレイム城　二階
MAPINFO_34_name	MapInfos.json	map name	mapname	南の旧坑道
MAPINFO_35_name	MapInfos.json	map name	mapname	ロイの家オープニング
MAPINFO_36_name	MapInfos.json	map name	mapname	オープニング
MAPINFO_37_name	MapInfos.json	map name	mapname	城3Fオープニング
MAPINFO_38_name	MapInfos.json	map name	mapname	バルコニーオープニング
MAPINFO_39_name	MapInfos.json	map name	mapname	ロイの家　回想
MAPINFO_40_name	MapInfos.json	map name	mapname	西の監視塔　回想
MAPINFO_41_name	MapInfos.json	map name	mapname	ロイの家　回想2
MAPINFO_42_name	MapInfos.json	map name	mapname	フレイムレストラン
MAPINFO_43_name	MapInfos.json	map name	mapname	フレイム錬金術
MAPINFO_44_name	MapInfos.json	map name	mapname	フレイム道具屋
MAPINFO_45_name	MapInfos.json	map name	mapname	フレイム宿屋
MAPINFO_46_name	MapInfos.json	map name	mapname	フレイム武器屋
MAPINFO_47_name	MapInfos.json	map name	mapname	フレイム民家
MAPINFO_48_name	MapInfos.json	map name	mapname	砂漠の廃墟
MAPINFO_49_name	MapInfos.json	map name	mapname	南の遺跡
MAPINFO_4_name	MapInfos.json	map name	mapname	エレメント大陸
MAPINFO_50_name	MapInfos.json	map name	mapname	セイリュー領主の村　
MAPINFO_51_name	MapInfos.json	map name	mapname	セイリュー宿屋
MAPINFO_52_name	MapInfos.json	map name	mapname	南の採石場
MAPINFO_53_name	MapInfos.json	map name	mapname	採石場の家
MAPINFO_54_name	MapInfos.json	map name	mapname	農家の家
MAPINFO_55_name	MapInfos.json	map name	mapname	セイリュー当主の家
MAPINFO_56_name	MapInfos.json	map name	mapname	セイリュー武器屋
MAPINFO_57_name	MapInfos.json	map name	mapname	セイリュー錬金術
MAPINFO_58_name	MapInfos.json	map name	mapname	龍のお社
MAPINFO_59_name	MapInfos.json	map name	mapname	お社の洞窟
MAPINFO_5_name	MapInfos.json	map name	mapname	ウィンダム城下町
MAPINFO_60_name	MapInfos.json	map name	mapname	龍の穴
MAPINFO_61_name	MapInfos.json	map name	mapname	セイリュー領主の村 崩壊
MAPINFO_62_name	MapInfos.json	map name	mapname	ウィンダム城下町　崩壊
MAPINFO_63_name	MapInfos.json	map name	mapname	フレイム城　一階　崩壊
MAPINFO_64_name	MapInfos.json	map name	mapname	フレイム城　二階　崩壊
MAPINFO_65_name	MapInfos.json	map name	mapname	ウィンダム城　3F　崩壊
MAPINFO_66_name	MapInfos.json	map name	mapname	ウィンダム城　1F　崩壊
MAPINFO_67_name	MapInfos.json	map name	mapname	ウィンダム城　2F　崩壊
MAPINFO_68_name	MapInfos.json	map name	mapname	バルコニー　崩壊
MAPINFO_69_name	MapInfos.json	map name	mapname	光の柱
MAPINFO_6_name	MapInfos.json	map name	mapname	城1F
MAPINFO_70_name	MapInfos.json	map name	mapname	エレメント大陸　崩壊
MAPINFO_71_name	MapInfos.json	map name	mapname	フレイムへの関所　崩壊
MAPINFO_72_name	MapInfos.json	map name	mapname	旅人の宿　崩壊
MAPINFO_73_name	MapInfos.json	map name	mapname	南の採石場　崩壊
MAPINFO_74_name	MapInfos.json	map name	mapname	採石場の家　崩壊
MAPINFO_75_name	MapInfos.json	map name	mapname	騎士団駐屯本部　崩壊
MAPINFO_76_name	MapInfos.json	map name	mapname	暗黒大陸への橋
MAPINFO_77_name	MapInfos.json	map name	mapname	暗黒大陸警備所
MAPINFO_78_name	MapInfos.json	map name	mapname	暗黒大陸の廃墟
MAPINFO_79_name	MapInfos.json	map name	mapname	呪われた洞窟
MAPINFO_7_name	MapInfos.json	map name	mapname	城2F
MAPINFO_80_name	MapInfos.json	map name	mapname	呪われた洞窟2
MAPINFO_81_name	MapInfos.json	map name	mapname	呪われた洞窟2　氷
MAPINFO_82_name	MapInfos.json	map name	mapname	呪われた洞窟3
MAPINFO_83_name	MapInfos.json	map name	mapname	暗黒の塔
MAPINFO_84_name	MapInfos.json	map name	mapname	光の柱　二回目
MAPINFO_85_name	MapInfos.json	map name	mapname	光の柱ウィンダム
MAPINFO_86_name	MapInfos.json	map name	mapname	光の柱フレイム
MAPINFO_87_name	MapInfos.json	map name	mapname	光の柱セイリュー
MAPINFO_88_name	MapInfos.json	map name	mapname	暗黒の塔　大魔王戦
MAPINFO_89_name	MapInfos.json	map name	mapname	呪われた洞窟4
MAPINFO_8_name	MapInfos.json	map name	mapname	城3F
MAPINFO_90_name	MapInfos.json	map name	mapname	暗黒大陸への橋ＥＮＤ
MAPINFO_91_name	MapInfos.json	map name	mapname	セイリューＥＮＤ
MAPINFO_92_name	MapInfos.json	map name	mapname	フレイムＥＮＤ
MAPINFO_93_name	MapInfos.json	map name	mapname	ウィンダムEND
MAPINFO_94_name	MapInfos.json	map name	mapname	光の大陸
MAPINFO_95_name	MapInfos.json	map name	mapname	マーケット
MAPINFO_96_name	MapInfos.json	map name	mapname	寂れた民家
MAPINFO_97_name	MapInfos.json	map name	mapname	西の監視塔一階　裏
MAPINFO_98_name	MapInfos.json	map name	mapname	西の監視塔　二階　裏
MAPINFO_99_name	MapInfos.json	map name	mapname	西の監視塔　三階　裏
MAPINFO_9_name	MapInfos.json	map name	mapname	ウィンダム宿屋
DB_Skills_100_description	Skills.json	Skills.json #100	description	火の魔法。燃える闘志が奇跡を起こしHPを全回復する。\n味方ひとりのHPを完全回復。消費EPは30。
DB_Skills_100_message1	Skills.json	use message 1	battle	の燃える闘志が奇跡を起こす！
DB_Skills_100_message2	Skills.json	use message 2	battle	ドコンジョウの魔法が発動！
DB_Skills_100_name	Skills.json	Skills.json #100 (ドコンジョウ)	name	ドコンジョウ
DB_Skills_102_description	Skills.json	Skills.json #102	description	水の魔法。紋章の力で薬効のある水を作り出す。\n味方ひとりのHPを約800回復。消費EPは10。
DB_Skills_102_message1	Skills.json	use message 1	battle	はダークヒールの魔法を発動した！
DB_Skills_102_name	Skills.json	Skills.json #102 (ダークヒール)	name	ダークヒール
DB_Skills_103_message1	Skills.json	use message 1	battle	はダークバリアの魔法を発動した！
DB_Skills_103_message2	Skills.json	use message 2	battle	魔法を吸い込む穴が現れた！
DB_Skills_103_name	Skills.json	Skills.json #103 (ダークバリア)	name	ダークバリア
DB_Skills_104_message1	Skills.json	use message 1	battle	はダークウィングの魔法を発動した！
DB_Skills_104_message2	Skills.json	use message 2	battle	ピケピケの素早さが２倍になる！
DB_Skills_104_name	Skills.json	Skills.json #104 (ダークウィング)	name	ダークウィング
DB_Skills_105_message1	Skills.json	use message 1	battle	はダークブリザードを発動！
DB_Skills_105_message2	Skills.json	use message 2	battle	漆黒のふぶきが、ウィンたちを襲う！
DB_Skills_105_name	Skills.json	Skills.json #105 (ダークブリザード)	name	ダークブリザード
DB_Skills_106_message1	Skills.json	use message 1	battle	はダークファイアの魔法を発動！
DB_Skills_106_message2	Skills.json	use message 2	battle	暗く燃え盛る炎が　ウィンたちを襲う！
DB_Skills_106_name	Skills.json	Skills.json #106 (ダークファイア)	name	ダークファイア
DB_Skills_107_message1	Skills.json	use message 1	battle	はダークサンダーの魔法を発動！
DB_Skills_107_message2	Skills.json	use message 2	battle	黒いいなずまが　ウィンたちに降り注ぐ！
DB_Skills_107_name	Skills.json	Skills.json #107 (ダークサンダー)	name	ダークサンダー
DB_Skills_108_message1	Skills.json	use message 1	battle	はダークフレイムの魔法を発動！
DB_Skills_108_message2	Skills.json	use message 2	battle	目の前が何も見えないまま焼かれる！！
DB_Skills_108_name	Skills.json	Skills.json #108 (ダークフレイム)	name	ダークフレイム
DB_Skills_109_description	Skills.json	Skills.json #109	description	装備している武器で攻撃する。
DB_Skills_109_message1	Skills.json	use message 1	battle	は黒くかがやく光線を放った！
DB_Skills_109_name	Skills.json	Skills.json #109 (ダークビーム)	name	ダークビーム
DB_Skills_109_note	Skills.json	Skills.json #109	note	スキル１番は［攻撃］コマンドを\n選択したときに使用されます。
DB_Skills_10_message1	Skills.json	use message 1	battle	は%1を唱えた！
DB_Skills_10_name	Skills.json	Skills.json #10 (スパーク)	name	スパーク
DB_Skills_110_description	Skills.json	Skills.json #110	description	水の魔法。敵集団へ襲い掛かる津波を発生する…強大な魔法。\n敵全体に約1200ダメージ。消費EP30。
DB_Skills_110_message1	Skills.json	use message 1	battle	はツナミの魔法を発動した！
DB_Skills_110_message2	Skills.json	use message 2	battle	しかし、ミケーネブリザードで相殺される！！
DB_Skills_110_name	Skills.json	Skills.json #110 (ツナミ)	name	ツナミ
DB_Skills_111_description	Skills.json	Skills.json #111	description	装備している武器で攻撃する。
DB_Skills_111_message1	Skills.json	use message 1	battle	はミケーネビームを放った！！
DB_Skills_111_message2	Skills.json	use message 2	battle	ナガレは防いだが、すごい衝撃だ！！
DB_Skills_111_name	Skills.json	Skills.json #111 (ミケーネビーム)	name	ミケーネビーム
DB_Skills_111_note	Skills.json	Skills.json #111	note	スキル１番は［攻撃］コマンドを\n選択したときに使用されます。
DB_Skills_112_message1	Skills.json	use message 1	battle	がミケーネブリザードを発動！！
DB_Skills_112_message2	Skills.json	use message 2	battle	しかし、ナガレはツナミを放ち、相殺した！！
DB_Skills_112_name	Skills.json	Skills.json #112 (ミケーネブリザード)	name	ミケーネブリザード
DB_Skills_113_description	Skills.json	Skills.json #113	description	曲刀の持ち味である取り回しの良さを生かし、回転しながら\n敵に何度も切りつける。ランダム４回攻撃。消費SP18．
DB_Skills_113_message1	Skills.json	use message 1	battle	『はあああああ！！』
DB_Skills_113_message2	Skills.json	use message 2	battle	ミケーネは鉄のムチを振り回した！！
DB_Skills_113_name	Skills.json	Skills.json #113 (ミケーネムチ4回)	name	ミケーネムチ4回
DB_Skills_114_description	Skills.json	Skills.json #114	description	曲刀の持ち味である取り回しの良さを生かし、回転しながら\n敵に何度も切りつける。ランダム４回攻撃。消費SP18．
DB_Skills_114_message1	Skills.json	use message 1	battle	『そこーーッ！！』
DB_Skills_114_message2	Skills.json	use message 2	battle	ミケーネは鋭くムチをしならせた！！
DB_Skills_114_name	Skills.json	Skills.json #114 (ミケーネムチ2回)	name	ミケーネムチ2回
DB_Skills_115_description	Skills.json	Skills.json #115	description	曲刀の持ち味である取り回しの良さを生かし、回転しながら\n敵に何度も切りつける。ランダム４回攻撃。消費SP18．
DB_Skills_115_message1	Skills.json	use message 1	battle	『足元がお留守だよ！！』
DB_Skills_115_message2	Skills.json	use message 2	battle	鉄のムチが、ナガレの足元を狙う！！
DB_Skills_115_name	Skills.json	Skills.json #115 (ミケーネムチ転倒)	name	ミケーネムチ転倒
DB_Skills_116_message1	Skills.json	use message 1	battle	のミケーネバリア！！
DB_Skills_116_message2	Skills.json	use message 2	battle	ミケーネの身体を氷の鎧が包み込む！！
DB_Skills_116_name	Skills.json	Skills.json #116 (ミケーネバリア)	name	ミケーネバリア
DB_Skills_118_description	Skills.json	Skills.json #118	description	敵用
DB_Skills_118_message1	Skills.json	use message 1	battle	はホノオの足元を狙って振り回してきた！
DB_Skills_118_message2	Skills.json	use message 2	battle	ホノオはタイミング合わせてジャンプした！
DB_Skills_118_name	Skills.json	Skills.json #118 (足払いナウー最後)	name	足払いナウー最後
DB_Skills_119_description	Skills.json	Skills.json #119	description	装備している武器で攻撃する。
DB_Skills_119_message1	Skills.json	use message 1	battle	はホノオの頭部を狙った！！
DB_Skills_119_name	Skills.json	Skills.json #119 (気絶攻撃ナウー最後)	name	気絶攻撃ナウー最後
DB_Skills_119_note	Skills.json	Skills.json #119	note	スキル１番は［攻撃］コマンドを\n選択したときに使用されます。
DB_Skills_11_description	Skills.json	Skills.json #11	description	敵集団に走り込みながら武器を振り回す。通常の攻撃よりも\n威力は下がる。直剣と曲刀のスキル。SP9消費。
DB_Skills_11_message1	Skills.json	use message 1	battle	は走り込みながら剣を大きく薙ぎ払った！
DB_Skills_11_name	Skills.json	Skills.json #11 (なぎ払い)	name	なぎ払い
DB_Skills_120_message1	Skills.json	use message 1	battle	は素早く武器を振り回した！
DB_Skills_120_name	Skills.json	Skills.json #120 (２回攻撃ナウ―最後)	name	２回攻撃ナウ―最後
DB_Skills_121_description	Skills.json	Skills.json #121	description	気合を溜めて大剣を大きく振り下ろす。ミスすることも\nあるが、約２倍の威力。SP18消費。
DB_Skills_121_message1	Skills.json	use message 1	battle	は気合を溜めて武器を振り下ろした！
DB_Skills_121_name	Skills.json	Skills.json #121 (気合い斬りナウ―最後)	name	気合い斬りナウ―最後
DB_Skills_122_description	Skills.json	Skills.json #122	description	地面すれすれから一瞬で敵の急所へ向かって槍を突きあげる。\n敵は対応が遅れ防御力無視のダメージ。槍スキル。SP18消費
DB_Skills_122_message1	Skills.json	use message 1	battle	『隙あり…！！』
DB_Skills_122_message2	Skills.json	use message 2	battle	ホノオの反応が間に合わない！
DB_Skills_122_name	Skills.json	Skills.json #122 (突き上げナウー)	name	突き上げナウー
DB_Skills_124_message1	Skills.json	use message 1	battle	はダフィールファイアの魔法を発動！
DB_Skills_124_message2	Skills.json	use message 2	battle	巨大な火の玉が襲ってくる…！！
DB_Skills_124_name	Skills.json	Skills.json #124 (ダフィールファイア)	name	ダフィールファイア
DB_Skills_125_message1	Skills.json	use message 1	battle	はダフィールファイアストームを発動！
DB_Skills_125_message2	Skills.json	use message 2	battle	何もかもを焼き尽くす熱風が襲ってくる…！！
DB_Skills_125_name	Skills.json	Skills.json #125 (ダフィールファイアストーム)	name	ダフィールファイアストーム
DB_Skills_126_message1	Skills.json	use message 1	battle	は両手の燃える剣で攻撃した！
DB_Skills_126_name	Skills.json	Skills.json #126 (２回攻撃ダフィール)	name	２回攻撃ダフィール
DB_Skills_127_description	Skills.json	Skills.json #127	description	ふわりと宙に浮いたあと、地面に着地するまでの間に素早く\n４回切りつける。敵単体に４回攻撃。消費SP20．
DB_Skills_127_message1	Skills.json	use message 1	battle	はふわりとジャンプした！
DB_Skills_127_message2	Skills.json	use message 2	battle	そして怒涛の連続斬りを放った！！
DB_Skills_127_name	Skills.json	Skills.json #127 (浮雲渡り)	name	浮雲渡り
DB_Skills_128_description	Skills.json	Skills.json #128	description	巧みな剣さばきで敵を惑わし作り出した隙に突く、攻撃。\n防御力無視しつつ防御力を下げる。SP20。
DB_Skills_128_message1	Skills.json	use message 1	battle	はフェイントで敵を惑わして突いた！
DB_Skills_128_name	Skills.json	Skills.json #128 (フェイント突き)	name	フェイント突き
DB_Skills_129_description	Skills.json	Skills.json #129	description	完全に入れば一撃で相手を戦闘不能にする必殺剣。失敗すると\n魂を抜かれる逸話がある。約２倍ダメージ。SP25消費。
DB_Skills_129_message1	Skills.json	use message 1	battle	はこの一撃に賭けた…　『流し斬り！』
DB_Skills_129_name	Skills.json	Skills.json #129 (流し斬り)	name	流し斬り
DB_Skills_12_description	Skills.json	Skills.json #12	description	狙い澄ました突きで、敵の急所、装甲の隙間を貫く。\n防御力を無視して攻撃出来る。SP9消費
DB_Skills_12_message1	Skills.json	use message 1	battle	は一瞬の隙をついて敵の懐に飛び込んだ！
DB_Skills_12_name	Skills.json	Skills.json #12 (鎧貫き)	name	鎧貫き
DB_Skills_130_message1	Skills.json	use message 1	battle	はダフィールファイアの魔法を発動！
DB_Skills_130_message2	Skills.json	use message 2	battle	ピピン『バクハツ！！』　相殺で威力が弱まる！！
DB_Skills_130_name	Skills.json	Skills.json #130 (ダフィールファイア)	name	ダフィールファイア
DB_Skills_131_message1	Skills.json	use message 1	battle	はダフィールファイアストームを発動！
DB_Skills_131_message2	Skills.json	use message 2	battle	ピピン『ツナミ！！』　相殺で威力が弱まった！！
DB_Skills_131_name	Skills.json	Skills.json #131 (ダフィールファイアストーム)	name	ダフィールファイアストーム
DB_Skills_132_description	Skills.json	Skills.json #132	description	水の魔法。紋章の力で薬効のある水を作り出す。\n味方ひとりのHPを約800回復。消費EPは10。
DB_Skills_132_message1	Skills.json	use message 1	battle	はダークヒールの魔法を発動した！
DB_Skills_132_name	Skills.json	Skills.json #132 (ダークヒール)	name	ダークヒール
DB_Skills_133_description	Skills.json	Skills.json #133	description	水の魔法。目に見えない水流の壁が物理攻撃を受け流す。\n味方全体のぼうぎょ力50％アップ。消費EPは15．
DB_Skills_133_message1	Skills.json	use message 1	battle	は水の紋章を高くかかげた！
DB_Skills_133_message2	Skills.json	use message 2	battle	テッペキの魔法！見えない壁がピピンたちを守る！
DB_Skills_133_name	Skills.json	Skills.json #133 (テッペキ)	name	テッペキ
DB_Skills_134_description	Skills.json	Skills.json #134	description	水の魔法。紋章の力で万金丹を超える薬水を作り出す。\n味方ひとりの気絶と転倒以外の状態異常を完治。消費EPは10。
DB_Skills_134_message1	Skills.json	use message 1	battle	『マンキンタン！！』
DB_Skills_134_message2	Skills.json	use message 2	battle	マンキンタンの魔法が発動！！
DB_Skills_134_name	Skills.json	Skills.json #134 (マンキンタン)	name	マンキンタン
DB_Skills_135_description	Skills.json	Skills.json #135	description	水の魔法。紋章の力で薬効のある水を作り出す。\n味方ひとりのHPを約800回復。消費EPは10。
DB_Skills_135_message1	Skills.json	use message 1	battle	はダークヒールの魔法を発動した！
DB_Skills_135_name	Skills.json	Skills.json #135 (ダークヒール)	name	ダークヒール
DB_Skills_136_message1	Skills.json	use message 1	battle	がミケーネブリザードを発動！！
DB_Skills_136_message2	Skills.json	use message 2	battle	しかし、ピピンはツナミを放ち、相殺した！！
DB_Skills_136_name	Skills.json	Skills.json #136 (ミケーネブリザード)	name	ミケーネブリザード
DB_Skills_137_message1	Skills.json	use message 1	battle	のミケーネバリア！！
DB_Skills_137_message2	Skills.json	use message 2	battle	ダフィールの身体を氷の鎧が包み込む！！
DB_Skills_137_name	Skills.json	Skills.json #137 (ミケーネバリア)	name	ミケーネバリア
DB_Skills_138_message1	Skills.json	use message 1	battle	はダークサンダーの魔法を発動！
DB_Skills_138_message2	Skills.json	use message 2	battle	黒いいなずまが　ウィンたちに降り注ぐ！
DB_Skills_138_name	Skills.json	Skills.json #138 (ダークサンダー)	name	ダークサンダー
DB_Skills_139_message1	Skills.json	use message 1	battle	はダークバリアの魔法を発動した！
DB_Skills_139_message2	Skills.json	use message 2	battle	魔法を吸い込む穴が現れた！
DB_Skills_139_name	Skills.json	Skills.json #139 (ダークバリア)	name	ダークバリア
DB_Skills_13_description	Skills.json	Skills.json #13	description	敵集団に走り込みながら大きく武器を振り回す。\n通常の攻撃よりも威力は下がる。直剣と曲刀のスキル。
DB_Skills_13_message1	Skills.json	use message 1	battle	はウロチョロと周りを走り回った！
DB_Skills_13_name	Skills.json	Skills.json #13 (走り回る)	name	走り回る
DB_Skills_140_message1	Skills.json	use message 1	battle	はベノムシャワーを発動！
DB_Skills_140_message2	Skills.json	use message 2	battle	毒の液体が霧状になって襲い来る！！
DB_Skills_140_name	Skills.json	Skills.json #140 (ベノムシャワー)	name	ベノムシャワー
DB_Skills_141_message1	Skills.json	use message 1	battle	はダフィールフレアーを発動！
DB_Skills_141_message2	Skills.json	use message 2	battle	突然の爆発に防ぐ手段がない…！！
DB_Skills_141_name	Skills.json	Skills.json #141 (ダフィールフレアー)	name	ダフィールフレアー
DB_Skills_142_message1	Skills.json	use message 1	battle	はダークストームを発動！
DB_Skills_142_message2	Skills.json	use message 2	battle	何も見えないまま闇の刃に切り刻まれる…！！
DB_Skills_142_name	Skills.json	Skills.json #142 (ダークストーム)	name	ダークストーム
DB_Skills_143_message1	Skills.json	use message 1	battle	の凄まじい連続攻撃！！
DB_Skills_143_name	Skills.json	Skills.json #143 (２回攻撃大魔王ダフィール)	name	２回攻撃大魔王ダフィール
DB_Skills_144_description	Skills.json	Skills.json #144	description	装備している武器で攻撃する。
DB_Skills_144_message1	Skills.json	use message 1	battle	は巨大な尾で攻撃してきた！！
DB_Skills_144_message2	Skills.json	use message 2	battle	ガードの上から吹き飛ばされる…！！
DB_Skills_144_name	Skills.json	Skills.json #144 (ダフィール気絶攻撃)	name	ダフィール気絶攻撃
DB_Skills_144_note	Skills.json	Skills.json #144	note	スキル１番は［攻撃］コマンドを\n選択したときに使用されます。
DB_Skills_146_description	Skills.json	Skills.json #146	description	カマイタチとフェイント突きの同時攻撃。敵に防御無視の\nダメージとぼうぎょ力素早さのダウン。消費ＥＰ20。
DB_Skills_146_message1	Skills.json	use message 1	battle	はカマイタチを発動！さらに！
DB_Skills_146_message2	Skills.json	use message 2	battle	ピピンがフェイント突きで攻撃した！！！
DB_Skills_146_name	Skills.json	Skills.json #146 (カマカゼ（ウィン）)	name	カマカゼ（ウィン）
DB_Skills_147_description	Skills.json	Skills.json #147	description	カマイタチとフェイント突きの同時攻撃。敵に防御無視の\nダメージとぼうぎょ力素早さのダウン。消費ＳＰ20。
DB_Skills_147_message1	Skills.json	use message 1	battle	『ウィン！カマカゼだ！！』
DB_Skills_147_message2	Skills.json	use message 2	battle	カマイタチとピピンの同時攻撃！！
DB_Skills_147_name	Skills.json	Skills.json #147 (カマカゼ（ピピン）)	name	カマカゼ（ピピン）
DB_Skills_148_description	Skills.json	Skills.json #148	description	ふわりと宙に浮いたピピンの剣にイカヅチを落としてすぐに\n４回切りつける。敵単体に大ダメージ４回。消費ＥＰ30。
DB_Skills_148_message1	Skills.json	use message 1	battle	はピピンの剣にイカヅチを放った！！
DB_Skills_148_message2	Skills.json	use message 2	battle	ピピンの剣が稲妻の速度で敵を切り刻む！！
DB_Skills_148_name	Skills.json	Skills.json #148 (イヅナ（ウィン）)	name	イヅナ（ウィン）
DB_Skills_149_description	Skills.json	Skills.json #149	description	ふわりと宙に浮いたピピンの剣にイカヅチを落としすぐに\n４回切りつける。敵単体に大ダメージ４回。消費SP30。
DB_Skills_149_message1	Skills.json	use message 1	battle	がふわりと宙に浮いた！
DB_Skills_149_message2	Skills.json	use message 2	battle	イカヅチの剣が敵を切り刻む！！
DB_Skills_149_name	Skills.json	Skills.json #149 (イヅナ（ピピン）)	name	イヅナ（ピピン）
DB_Skills_14_description	Skills.json	Skills.json #14	description	装備している武器で攻撃する。
DB_Skills_14_message1	Skills.json	use message 1	battle	は勢いよく噛みついてきた！
DB_Skills_14_name	Skills.json	Skills.json #14 (かみつき)	name	かみつき
DB_Skills_14_note	Skills.json	Skills.json #14	note	スキル１番は［攻撃］コマンドを\n選択したときに使用されます。
DB_Skills_150_description	Skills.json	Skills.json #150	description	ツナミで水浸しにしてから巨大な稲妻を落とす合体魔法。\n敵全体に約5000ダメージと気絶。消費EP50。
DB_Skills_150_message1	Skills.json	use message 1	battle	は頭上に雷雲を呼び出した…！！
DB_Skills_150_message2	Skills.json	use message 2	battle	ツナミに合わせてイカヅチが落ちる！！
DB_Skills_150_name	Skills.json	Skills.json #150 (ミカヅチ（ウィン）)	name	ミカヅチ（ウィン）
DB_Skills_151_description	Skills.json	Skills.json #151	description	ツナミで水浸しにしてから巨大な稲妻を落とす合体魔法。\n敵全体に約5000ダメージと気絶。消費EP50。
DB_Skills_151_message1	Skills.json	use message 1	battle	『ツナミ…！』敵を水浸しにした！
DB_Skills_151_message2	Skills.json	use message 2	battle	そこへウィンのイカヅチが落ちる…！！
DB_Skills_151_name	Skills.json	Skills.json #151 (ミカヅチ（ピピン）)	name	ミカヅチ（ピピン）
DB_Skills_153_message1	Skills.json	use message 1	battle	はミケーネブリザードを発動した！！
DB_Skills_153_message2	Skills.json	use message 2	battle	とてつもない冷気が　ウィンたちを襲う！！
DB_Skills_153_name	Skills.json	Skills.json #153 (ミケーネブリザード)	name	ミケーネブリザード
DB_Skills_154_message1	Skills.json	use message 1	battle	「最大出力よ…ッ！！」
DB_Skills_154_message2	Skills.json	use message 2	battle	最大出力のミケーネブリザードが発動…！！
DB_Skills_154_name	Skills.json	Skills.json #154 (ミケーネブリザード最大)	name	ミケーネブリザード最大
DB_Skills_155_message1	Skills.json	use message 1	battle	はダフィールファイアの魔法を発動！
DB_Skills_155_message2	Skills.json	use message 2	battle	巨大な火の玉が飛んでくる…！！
DB_Skills_155_name	Skills.json	Skills.json #155 (ダフィールファイア)	name	ダフィールファイア
DB_Skills_156_message1	Skills.json	use message 1	battle	はダフィールファイアストームを発動！
DB_Skills_156_message2	Skills.json	use message 2	battle	猛烈な熱風がウィンたちを襲う…！！
DB_Skills_156_name	Skills.json	Skills.json #156 (ダフィールファイアストーム)	name	ダフィールファイアストーム
DB_Skills_157_message1	Skills.json	use message 1	battle	は鎌を振り回した！
DB_Skills_157_name	Skills.json	Skills.json #157 (２回攻撃ダフィール鎌)	name	２回攻撃ダフィール鎌
DB_Skills_158_description	Skills.json	Skills.json #158	description	敵用
DB_Skills_158_message1	Skills.json	use message 1	battle	は足元を狙って鎌を振り払ってきた！
DB_Skills_158_name	Skills.json	Skills.json #158 (足払いダフィール)	name	足払いダフィール
DB_Skills_159_description	Skills.json	Skills.json #159	description	水の魔法。敵集団へ襲い掛かる津波を発生する…強大な魔法。\n敵全体に約1200ダメージ。消費EP30。
DB_Skills_159_message1	Skills.json	use message 1	battle	はツナミの魔法を発動した！！
DB_Skills_159_message2	Skills.json	use message 2	battle	突然巨大な津波が現れた…！！
DB_Skills_159_name	Skills.json	Skills.json #159 (ツナミ敵用)	name	ツナミ敵用
DB_Skills_15_description	Skills.json	Skills.json #15	description	装備している武器で攻撃する。
DB_Skills_15_message1	Skills.json	use message 1	battle	は鋭い爪を振りかざした！
DB_Skills_15_name	Skills.json	Skills.json #15 (ひっかき)	name	ひっかき
DB_Skills_15_note	Skills.json	Skills.json #15	note	スキル１番は［攻撃］コマンドを\n選択したときに使用されます。
DB_Skills_160_description	Skills.json	Skills.json #160	description	風の魔法。体の周囲を疾風が包み素早さが２倍になり、\n超人的な速度で動けるようになる。消費EP9。
DB_Skills_160_message1	Skills.json	use message 1	battle	はハヤテの魔法を発動した！
DB_Skills_160_name	Skills.json	Skills.json #160 (ハヤテ適用)	name	ハヤテ適用
DB_Skills_161_description	Skills.json	Skills.json #161	description	風の魔法。鋭い真空の刃が敵の足元を切り裂く。\n敵単体に約800ダメージと素早さ低下。消費EP18。
DB_Skills_161_message1	Skills.json	use message 1	battle	はカマイタチの魔法を発動した！
DB_Skills_161_message2	Skills.json	use message 2	battle	足元をカマイタチが襲う！
DB_Skills_161_name	Skills.json	Skills.json #161 (カマイタチ適用)	name	カマイタチ適用
DB_Skills_162_description	Skills.json	Skills.json #162	description	風の魔法。巨大な稲妻を敵に落とす…強大な力。\n敵単体に約2000ダメージと気絶。消費EP40。
DB_Skills_162_message1	Skills.json	use message 1	battle	はイカヅチの魔法を発動した！！
DB_Skills_162_message2	Skills.json	use message 2	battle	巨大なイナズマが発生した…！！
DB_Skills_162_name	Skills.json	Skills.json #162 (イカヅチ適用)	name	イカヅチ適用
DB_Skills_163_description	Skills.json	Skills.json #163	description	装備している武器で攻撃する。
DB_Skills_163_message1	Skills.json	use message 1	battle	は猛毒の牙で噛みついてきた！
DB_Skills_163_name	Skills.json	Skills.json #163 (猛毒かみつき)	name	猛毒かみつき
DB_Skills_163_note	Skills.json	Skills.json #163	note	スキル１番は［攻撃］コマンドを\n選択したときに使用されます。
DB_Skills_164_description	Skills.json	Skills.json #164	description	巧みな槍さばきで敵を惑わし作り出した隙に突く、攻撃。\n防御力無視したダメージを与えつつ防御力を下げる。SP20。
DB_Skills_164_message1	Skills.json	use message 1	battle	はフェイントで敵を惑わして突いた！
DB_Skills_164_name	Skills.json	Skills.json #164 (フェイント突き)	name	フェイント突き
DB_Skills_165_description	Skills.json	Skills.json #165	description	敵集団に走り込みながら武器を振り回す。SP9消費。
DB_Skills_165_message1	Skills.json	use message 1	battle	は走り込みながら刀を大きく薙ぎ払った！
DB_Skills_165_name	Skills.json	Skills.json #165 (なぎ払い)	name	なぎ払い
DB_Skills_166_description	Skills.json	Skills.json #166	description	炎をまとった剣を振り回しながらの狂戦士の舞を踊る。\n味方全体にキョウセンシの効果。消費SPは50SP。
DB_Skills_166_message1	Skills.json	use message 1	battle	は狂戦士の舞を踊った！
DB_Skills_166_message2	Skills.json	use message 2	battle	味方全体の攻撃力が２倍にアップした！！
DB_Skills_166_name	Skills.json	Skills.json #166 (狂戦士の舞)	name	狂戦士の舞
DB_Skills_168_description	Skills.json	Skills.json #168	description	防御に特化したマンゴーシュの形状は敵の武器を破壊する\nことも可能。防御無視ダメージ＆攻撃力ダウン。消費EP20。
DB_Skills_168_message1	Skills.json	use message 1	battle	はソードブレイカーを発動！
DB_Skills_168_message2	Skills.json	use message 2	battle	短刀がこちらの武器を絡めとる！
DB_Skills_168_name	Skills.json	Skills.json #168 (ソードブレイカー適用)	name	ソードブレイカー適用
DB_Skills_169_description	Skills.json	Skills.json #169	description	装備している武器で攻撃する。
DB_Skills_169_message1	Skills.json	use message 1	battle	は懐に飛び込んできた！
DB_Skills_169_message2	Skills.json	use message 2	battle	腹部への攻撃だ！
DB_Skills_169_name	Skills.json	Skills.json #169 (気絶攻撃バンデッド)	name	気絶攻撃バンデッド
DB_Skills_169_note	Skills.json	Skills.json #169	note	スキル１番は［攻撃］コマンドを\n選択したときに使用されます。
DB_Skills_16_description	Skills.json	Skills.json #16	description	敵集団に走り込みながら大きく武器を振り回す。\n通常の攻撃よりも威力は下がる。直剣と曲刀のスキル。
DB_Skills_16_message1	Skills.json	use message 1	battle	はウロチョロと周りを飛び回った！
DB_Skills_16_name	Skills.json	Skills.json #16 (飛び回る)	name	飛び回る
DB_Skills_170_description	Skills.json	Skills.json #170	description	気合を溜めて大剣を大きく振り下ろす。ミスすることも\nあるが、約２倍の威力。SP18消費。
DB_Skills_170_message1	Skills.json	use message 1	battle	は走り込んできた！！
DB_Skills_170_message2	Skills.json	use message 2	battle	擦れ違いざま急所を狙ってくる！！
DB_Skills_170_name	Skills.json	Skills.json #170 (気合攻撃バンデッド)	name	気合攻撃バンデッド
DB_Skills_171_description	Skills.json	Skills.json #171	description	装備している武器で攻撃する。
DB_Skills_171_message1	Skills.json	use message 1	battle	は懐に飛び込んできた！
DB_Skills_171_message2	Skills.json	use message 2	battle	目くらまし攻撃だ！
DB_Skills_171_name	Skills.json	Skills.json #171 (暗闇攻撃バンデッド)	name	暗闇攻撃バンデッド
DB_Skills_171_note	Skills.json	Skills.json #171	note	スキル１番は［攻撃］コマンドを\n選択したときに使用されます。
DB_Skills_172_description	Skills.json	Skills.json #172	description	身を隠し敵集団の後ろに回ってから突然襲い掛かる。\n敵全体に防御無視ダメージ+混乱。SP30消費。
DB_Skills_172_message1	Skills.json	use message 1	battle	は身を隠した…　
DB_Skills_172_message2	Skills.json	use message 2	battle	そして背後から襲い掛かってきた！！
DB_Skills_172_name	Skills.json	Skills.json #172 (アンブッシュ適用)	name	アンブッシュ適用
DB_Skills_173_description	Skills.json	Skills.json #173	description	風の魔法。体の周囲を疾風が包み素早さが２倍になり、\n超人的な速度で動けるようになる。消費EP9。
DB_Skills_173_message1	Skills.json	use message 1	battle	は　黒い風を　その身体にまとった…！
DB_Skills_173_name	Skills.json	Skills.json #173 (ハヤテ適用バンデッド)	name	ハヤテ適用バンデッド
DB_Skills_174_description	Skills.json	Skills.json #174	description	水の魔法。紋章の力で薬効のある水を作り出す。\n味方ひとりのHPを約800回復。消費EPは10。
DB_Skills_174_message1	Skills.json	use message 1	battle	はヒールポーションを取り出した！
DB_Skills_174_message2	Skills.json	use message 2	battle	がぶ飲みしている！！
DB_Skills_174_name	Skills.json	Skills.json #174 (回復バンデッド)	name	回復バンデッド
DB_Skills_175_description	Skills.json	Skills.json #175	description	敵用
DB_Skills_175_message1	Skills.json	use message 1	battle	は懐に飛び込んできた！
DB_Skills_175_message2	Skills.json	use message 2	battle	狙いはこちらの足元だ！！
DB_Skills_175_name	Skills.json	Skills.json #175 (足払いバンデッド)	name	足払いバンデッド
DB_Skills_17_description	Skills.json	Skills.json #17	description	敵集団に走り込みながら大きく武器を振り回す。\n通常の攻撃よりも威力は下がる。直剣と曲刀のスキル。
DB_Skills_17_message1	Skills.json	use message 1	battle	は物凄い勢いで突進してきた！
DB_Skills_17_name	Skills.json	Skills.json #17 (体当たり)	name	体当たり
DB_Skills_18_description	Skills.json	Skills.json #18	description	装備している武器で攻撃する。
DB_Skills_18_message1	Skills.json	use message 1	battle	は毒の牙で噛みついてきた！
DB_Skills_18_name	Skills.json	Skills.json #18 (毒かみつき)	name	毒かみつき
DB_Skills_18_note	Skills.json	Skills.json #18	note	スキル１番は［攻撃］コマンドを\n選択したときに使用されます。
DB_Skills_19_message1	Skills.json	use message 1	battle	はネバネバした糸を吐き出した！
DB_Skills_19_name	Skills.json	Skills.json #19 (くものいと)	name	くものいと
DB_Skills_1_description	Skills.json	Skills.json #1	description	装備している武器で攻撃する。
DB_Skills_1_message1	Skills.json	use message 1	battle	は%1を放った！
DB_Skills_1_name	Skills.json	Skills.json #1 (攻撃)	name	攻撃
DB_Skills_1_note	Skills.json	Skills.json #1	note	スキル１番は［攻撃］コマンドを\n選択したときに使用されます。
DB_Skills_20_description	Skills.json	Skills.json #20	description	敵集団の足元を払う技。うまく行けば敵を転倒させる。\n転倒した敵は防御力が大きく下がる。槍のスキル。SP12消費。
DB_Skills_20_message1	Skills.json	use message 1	battle	は敵の足元を狙って槍を振り払った！
DB_Skills_20_name	Skills.json	Skills.json #20 (足払い)	name	足払い
DB_Skills_21_description	Skills.json	Skills.json #21	description	一太刀目で敵の防御を崩し、二太刀目で敵を切り裂く。\n敵の防御力の半分を無視した攻撃。刀のスキル。SP12消費。
DB_Skills_21_message1	Skills.json	use message 1	battle	『秘剣！つばめ返し！！』
DB_Skills_21_name	Skills.json	Skills.json #21 (つばめ返し)	name	つばめ返し
DB_Skills_21_note	Skills.json	Skills.json #21	note	スキル１番は［攻撃］コマンドを\n選択したときに使用されます。
DB_Skills_22_description	Skills.json	Skills.json #22	description	気合を溜めて大剣を大きく振り下ろす。ミスすることも\nあるが、約２倍の威力。SP18消費。
DB_Skills_22_message1	Skills.json	use message 1	battle	は気合を溜めて大剣を振り下ろした！
DB_Skills_22_name	Skills.json	Skills.json #22 (気合い斬り)	name	気合い斬り
DB_Skills_23_description	Skills.json	Skills.json #23	description	装備している武器で攻撃する。
DB_Skills_23_message1	Skills.json	use message 1	battle	は毒の針で突き刺してきた！
DB_Skills_23_name	Skills.json	Skills.json #23 (毒の針)	name	毒の針
DB_Skills_23_note	Skills.json	Skills.json #23	note	スキル１番は［攻撃］コマンドを\n選択したときに使用されます。
DB_Skills_24_message1	Skills.json	use message 1	battle	は眠りの花粉を吹き出した！
DB_Skills_24_name	Skills.json	Skills.json #24 (眠りの花粉)	name	眠りの花粉
DB_Skills_25_description	Skills.json	Skills.json #25	description	敵用
DB_Skills_25_message1	Skills.json	use message 1	battle	は隙をついて敵の懐に飛び込んできた！
DB_Skills_25_name	Skills.json	Skills.json #25 (鎧貫き)	name	鎧貫き
DB_Skills_26_description	Skills.json	Skills.json #26	description	敵用
DB_Skills_26_message1	Skills.json	use message 1	battle	は足元を狙って槍を振り払ってきた！
DB_Skills_26_name	Skills.json	Skills.json #26 (足払い)	name	足払い
DB_Skills_27_description	Skills.json	Skills.json #27	description	敵集団に走り込みながら大きく武器を振り回す。\n通常の攻撃よりも威力は下がる。直剣と曲刀のスキル。
DB_Skills_27_message1	Skills.json	use message 1	battle	は物凄い勢いで突進してきた！
DB_Skills_27_name	Skills.json	Skills.json #27 (体当たり)	name	体当たり
DB_Skills_27_note	Skills.json	Skills.json #27	note	いぬ
DB_Skills_28_description	Skills.json	Skills.json #28	description	地面すれすれから一瞬で敵の急所へ向かって突きあげる。\n敵は対応が遅れ防御力無視のダメージ。SP18消費。
DB_Skills_28_message1	Skills.json	use message 1	battle	は敵の急所へ鋭く突きあげた！
DB_Skills_28_message2	Skills.json	use message 2	battle	敵は防御が間に合わない！
DB_Skills_28_name	Skills.json	Skills.json #28 (突き上げ)	name	突き上げ
DB_Skills_29_description	Skills.json	Skills.json #29	description	巧みな剣さばきで敵を惑わし作り出した隙に突く、攻撃。\n防御力無視したダメージを与えつつ防御力を下げる。SP20。
DB_Skills_29_message1	Skills.json	use message 1	battle	はフェイントで敵を惑わして突いた！
DB_Skills_29_name	Skills.json	Skills.json #29 (フェイント突き)	name	フェイント突き
DB_Skills_2_message1	Skills.json	use message 1	battle	は身の守りを固めた！
DB_Skills_2_name	Skills.json	Skills.json #2 (防御)	name	防御
DB_Skills_2_note	Skills.json	Skills.json #2	note	スキル２番は［防御］コマンドを\n選択したときに使用されます。
DB_Skills_30_description	Skills.json	Skills.json #30	description	風の魔法。体の周囲を疾風が包み素早さが２倍になり、\n超人的な速度で動けるようになる。重ね掛け無効。消費EP9。
DB_Skills_30_message1	Skills.json	use message 1	battle	は風の紋章を高くかかげた！
DB_Skills_30_message2	Skills.json	use message 2	battle	ハヤテの魔法が発動！
DB_Skills_30_name	Skills.json	Skills.json #30 (ハヤテ)	name	ハヤテ
DB_Skills_31_description	Skills.json	Skills.json #31	description	風の魔法。鋭い真空の刃が敵の足元を切り裂く。\n敵単体に約800ダメージと素早さ低下。消費EP18。
DB_Skills_31_message1	Skills.json	use message 1	battle	は左腕を振り下ろした！
DB_Skills_31_message2	Skills.json	use message 2	battle	敵の足元をカマイタチが襲う！
DB_Skills_31_name	Skills.json	Skills.json #31 (カマイタチ)	name	カマイタチ
DB_Skills_32_description	Skills.json	Skills.json #32	description	敵用
DB_Skills_32_message1	Skills.json	use message 1	battle	は足元を狙って武器を振り回してきた！
DB_Skills_32_name	Skills.json	Skills.json #32 (足払いナウー)	name	足払いナウー
DB_Skills_33_description	Skills.json	Skills.json #33	description	装備している武器で攻撃する。
DB_Skills_33_message1	Skills.json	use message 1	battle	は大きく振りかぶって攻撃してきた！
DB_Skills_33_name	Skills.json	Skills.json #33 (気絶攻撃)	name	気絶攻撃
DB_Skills_33_note	Skills.json	Skills.json #33	note	スキル１番は［攻撃］コマンドを\n選択したときに使用されます。
DB_Skills_34_message1	Skills.json	use message 1	battle	は突然素早く攻撃してきた！
DB_Skills_34_name	Skills.json	Skills.json #34 (２回攻撃ナウ―)	name	２回攻撃ナウ―
DB_Skills_35_description	Skills.json	Skills.json #35	description	気合を溜めて大剣を大きく振り下ろす。ミスすることも\nあるが、約２倍の威力。SP18消費。
DB_Skills_35_message1	Skills.json	use message 1	battle	は気合を溜めて武器を振り下ろした！
DB_Skills_35_name	Skills.json	Skills.json #35 (気合い斬りナウ―)	name	気合い斬りナウ―
DB_Skills_36_description	Skills.json	Skills.json #36	description	火の魔法。突如敵の目の前で爆発を起こす。\n敵全体に約600ダメージ。消費EP15。
DB_Skills_36_message1	Skills.json	use message 1	battle	は左拳を眼前で握りしめた！
DB_Skills_36_message2	Skills.json	use message 2	battle	敵の中心で爆発が起こった！
DB_Skills_36_name	Skills.json	Skills.json #36 (バクハツ)	name	バクハツ
DB_Skills_37_description	Skills.json	Skills.json #37	description	火の魔法。身体の中に熱い闘志がみなぎる。攻撃力２倍。\n超人的腕力で攻撃可能になる。重ね掛け無効。消費EP9。
DB_Skills_37_message1	Skills.json	use message 1	battle	は火の紋章を高くかかげた！
DB_Skills_37_message2	Skills.json	use message 2	battle	狂戦士の魔法が発動！力が溢れてくる！
DB_Skills_37_name	Skills.json	Skills.json #37 (キョウセンシ)	name	キョウセンシ
DB_Skills_38_description	Skills.json	Skills.json #38	description	装備している武器で攻撃する。
DB_Skills_38_message1	Skills.json	use message 1	battle	は大きく振りかぶって攻撃してきた！
DB_Skills_38_name	Skills.json	Skills.json #38 (気絶攻撃)	name	気絶攻撃
DB_Skills_38_note	Skills.json	Skills.json #38	note	スキル１番は［攻撃］コマンドを\n選択したときに使用されます。
DB_Skills_39_description	Skills.json	Skills.json #39	description	敵の頭部を真上から叩き斬る。脳天への衝撃で1ターン気絶\nすることがある。直剣と刀のスキル。消費SP18．
DB_Skills_39_message1	Skills.json	use message 1	battle	は敵の脳天めがけて武器を振り下ろした！
DB_Skills_39_name	Skills.json	Skills.json #39 (兜割り)	name	兜割り
DB_Skills_39_note	Skills.json	Skills.json #39	note	スキル１番は［攻撃］コマンドを\n選択したときに使用されます。
DB_Skills_3_message1	Skills.json	use message 1	battle	のすばやい攻撃！
DB_Skills_3_name	Skills.json	Skills.json #3 (連続攻撃)	name	連続攻撃
DB_Skills_40_description	Skills.json	Skills.json #40	description	曲刀の持ち味である取り回しの良さを生かし、回転しながら\n敵に何度も切りつける。ランダム４回攻撃。消費SP18．
DB_Skills_40_message1	Skills.json	use message 1	battle	は踊るように回転して剣を振り回した！
DB_Skills_40_name	Skills.json	Skills.json #40 (ソードダンス)	name	ソードダンス
DB_Skills_41_description	Skills.json	Skills.json #41	description	装備している武器で攻撃する。
DB_Skills_41_message1	Skills.json	use message 1	battle	は炎をまとった刀を振りかざした！
DB_Skills_41_name	Skills.json	Skills.json #41 (火炎斬り)	name	火炎斬り
DB_Skills_41_note	Skills.json	Skills.json #41	note	スキル１番は［攻撃］コマンドを\n選択したときに使用されます。
DB_Skills_42_description	Skills.json	Skills.json #42	description	装備している武器で攻撃する。
DB_Skills_42_message1	Skills.json	use message 1	battle	は雷をまとった刀を振りかざした！
DB_Skills_42_name	Skills.json	Skills.json #42 (いなずま斬り)	name	いなずま斬り
DB_Skills_42_note	Skills.json	Skills.json #42	note	スキル１番は［攻撃］コマンドを\n選択したときに使用されます。
DB_Skills_43_description	Skills.json	Skills.json #43	description	装備している武器で攻撃する。
DB_Skills_43_message1	Skills.json	use message 1	battle	は氷をまとった刀を振りかざした！
DB_Skills_43_name	Skills.json	Skills.json #43 (つらら斬り)	name	つらら斬り
DB_Skills_43_note	Skills.json	Skills.json #43	note	スキル１番は［攻撃］コマンドを\n選択したときに使用されます。
DB_Skills_44_message1	Skills.json	use message 1	battle	はジンダイコの魔法を放った！
DB_Skills_44_name	Skills.json	Skills.json #44 (ジンダイコ)	name	ジンダイコ
DB_Skills_45_message1	Skills.json	use message 1	battle	はテッペキの魔法を放った！
DB_Skills_45_name	Skills.json	Skills.json #45 (テッペキ（適用)	name	テッペキ（適用
DB_Skills_46_message1	Skills.json	use message 1	battle	はシップウの魔法を放った！
DB_Skills_46_name	Skills.json	Skills.json #46 (シップウ（適用)	name	シップウ（適用
DB_Skills_47_description	Skills.json	Skills.json #47	description	敵集団に走り込みながら武器を振り回す。通常の攻撃よりも\n威力は下がる。直剣と曲刀のスキル。SP9消費。
DB_Skills_47_message1	Skills.json	use message 1	battle	は大きく薙ぎ払った！
DB_Skills_47_name	Skills.json	Skills.json #47 (なぎ払い適用)	name	なぎ払い適用
DB_Skills_48_description	Skills.json	Skills.json #48	description	水の魔法。紋章の力で薬効のある水を作り出す。\n味方ひとりのHPを約800回復。消費EPは10。
DB_Skills_48_message1	Skills.json	use message 1	battle	の手のひらに澄んだ薬水が湧き出た！
DB_Skills_48_message2	Skills.json	use message 2	battle	イヤシの魔法が発動！
DB_Skills_48_name	Skills.json	Skills.json #48 (イヤシ)	name	イヤシ
DB_Skills_49_description	Skills.json	Skills.json #49	description	水の魔法。紋章の力で倒れた味方ひとりを復活させる。\n消費EPは30。
DB_Skills_49_message1	Skills.json	use message 1	battle	はイノチの魔法を発動！
DB_Skills_49_message2	Skills.json	use message 2	battle	倒れた味方を優しい光が包み込む…
DB_Skills_49_name	Skills.json	Skills.json #49 (イノチ)	name	イノチ
DB_Skills_4_message1	Skills.json	use message 1	battle	の攻撃！
DB_Skills_4_name	Skills.json	Skills.json #4 (２回攻撃)	name	２回攻撃
DB_Skills_50_description	Skills.json	Skills.json #50	description	水の魔法。目に見えない水流の壁が物理攻撃を受け流す。\n全体のぼうぎょ力50％アップ。２回まで重複。消費EPは15。
DB_Skills_50_message1	Skills.json	use message 1	battle	は水の紋章を高くかかげた！
DB_Skills_50_message2	Skills.json	use message 2	battle	テッペキの魔法！見えない壁が現れた！
DB_Skills_50_name	Skills.json	Skills.json #50 (テッペキ)	name	テッペキ
DB_Skills_51_description	Skills.json	Skills.json #51	description	曲刀の持ち味である取り回しの良さを生かし、回転しながら\n敵に何度も切りつける。ランダム４回攻撃。消費SP18．
DB_Skills_51_message1	Skills.json	use message 1	battle	は鉄のムチを振り回した！
DB_Skills_51_name	Skills.json	Skills.json #51 (ミケーネムチ振り回し)	name	ミケーネムチ振り回し
DB_Skills_52_message1	Skills.json	use message 1	battle	はダークブリザードを発動！
DB_Skills_52_message2	Skills.json	use message 2	battle	黒いふぶきが、ウィンたちを襲う！
DB_Skills_52_name	Skills.json	Skills.json #52 (ダークブリザード)	name	ダークブリザード
DB_Skills_53_message1	Skills.json	use message 1	battle	はダークファイアの魔法を発動！
DB_Skills_53_message2	Skills.json	use message 2	battle	暗く燃え盛る炎が　ウィンたちを襲う！
DB_Skills_53_name	Skills.json	Skills.json #53 (ダークファイア)	name	ダークファイア
DB_Skills_54_message1	Skills.json	use message 1	battle	はダークサンダーの魔法を発動！
DB_Skills_54_message2	Skills.json	use message 2	battle	黒いいなずまが　ウィンたちに降り注ぐ！
DB_Skills_54_name	Skills.json	Skills.json #54 (ダークサンダー)	name	ダークサンダー
DB_Skills_55_message1	Skills.json	use message 1	battle	は砂煙を巻き上げた！
DB_Skills_55_message2	Skills.json	use message 2	battle	視界がふさがれていく…！
DB_Skills_55_name	Skills.json	Skills.json #55 (砂煙)	name	砂煙
DB_Skills_56_message1	Skills.json	use message 1	battle	は激しいふぶきを呼び出した！
DB_Skills_56_message2	Skills.json	use message 2	battle	とてつもない冷気が　ウィンたちを襲う！！
DB_Skills_56_name	Skills.json	Skills.json #56 (ミケーネブリザード)	name	ミケーネブリザード
DB_Skills_57_message1	Skills.json	use message 1	battle	『青龍よ！やっておしまい！！』
DB_Skills_57_message2	Skills.json	use message 2	battle	青龍はミケーネを攻撃した！
DB_Skills_57_name	Skills.json	Skills.json #57 (青龍やっておしまい)	name	青龍やっておしまい
DB_Skills_58_description	Skills.json	Skills.json #58	description	水の魔法。紋章の力で薬効のある水を作り出す。\n味方ひとりのHPを約800回復。消費EPは10。
DB_Skills_58_message1	Skills.json	use message 1	battle	の手のひらに澄んだ薬水が湧き出た！
DB_Skills_58_message2	Skills.json	use message 2	battle	イヤシの魔法が発動！
DB_Skills_58_name	Skills.json	Skills.json #58 (イヤシ青龍)	name	イヤシ青龍
DB_Skills_59_message1	Skills.json	use message 1	battle	『いきなさい！青龍よ！』
DB_Skills_59_message2	Skills.json	use message 2	battle	青龍はミケーネを攻撃した！
DB_Skills_59_name	Skills.json	Skills.json #59 (青龍やっておしまい)	name	青龍やっておしまい
DB_Skills_5_message1	Skills.json	use message 1	battle	の攻撃！
DB_Skills_5_name	Skills.json	Skills.json #5 (３回攻撃)	name	３回攻撃
DB_Skills_60_description	Skills.json	Skills.json #60	description	曲刀の持ち味である取り回しの良さを生かし、回転しながら\n敵に何度も切りつける。ランダム４回攻撃。消費SP18．
DB_Skills_60_message1	Skills.json	use message 1	battle	は剣としっぽを振り回した！
DB_Skills_60_name	Skills.json	Skills.json #60 (ミケーネ剣振り回し)	name	ミケーネ剣振り回し
DB_Skills_61_message1	Skills.json	use message 1	battle	は恐ろしい叫び声をあげた！
DB_Skills_61_name	Skills.json	Skills.json #61 (叫び声)	name	叫び声
DB_Skills_62_description	Skills.json	Skills.json #62	description	装備している武器で攻撃する。
DB_Skills_62_message1	Skills.json	use message 1	battle	は毒の牙で噛みついてきた！
DB_Skills_62_name	Skills.json	Skills.json #62 (毒かみつき)	name	毒かみつき
DB_Skills_62_note	Skills.json	Skills.json #62	note	スキル１番は［攻撃］コマンドを\n選択したときに使用されます。
DB_Skills_63_message1	Skills.json	use message 1	battle	は足にしがみついてきた！
DB_Skills_63_name	Skills.json	Skills.json #63 (しがみつき)	name	しがみつき
DB_Skills_65_message1	Skills.json	use message 1	battle	は凄まじい連続攻撃をしてきた！！
DB_Skills_65_message2	Skills.json	use message 2	battle	しかしホノオはその気配を感じ取っている！
DB_Skills_65_name	Skills.json	Skills.json #65 (２回攻撃ナウ―2回目)	name	２回攻撃ナウ―2回目
DB_Skills_66_description	Skills.json	Skills.json #66	description	装備している武器で攻撃する。
DB_Skills_66_message1	Skills.json	use message 1	battle	の気絶攻撃がホノオの頭部を襲う！
DB_Skills_66_message2	Skills.json	use message 2	battle	ホノオはすばやく身体の位置をずらした！
DB_Skills_66_name	Skills.json	Skills.json #66 (ナウ―気絶攻撃2回目)	name	ナウ―気絶攻撃2回目
DB_Skills_66_note	Skills.json	Skills.json #66	note	スキル１番は［攻撃］コマンドを\n選択したときに使用されます。
DB_Skills_67_description	Skills.json	Skills.json #67	description	敵用
DB_Skills_67_message1	Skills.json	use message 1	battle	はホノオの足元を狙って振り回してきた！
DB_Skills_67_message2	Skills.json	use message 2	battle	ホノオはタイミング合わせてジャンプした！
DB_Skills_67_name	Skills.json	Skills.json #67 (足払いナウー2回目)	name	足払いナウー2回目
DB_Skills_68_description	Skills.json	Skills.json #68	description	気合を溜めて大剣を大きく振り下ろす。ミスすることも\nあるが、約２倍の威力。SP18消費。
DB_Skills_68_message1	Skills.json	use message 1	battle	の気合を溜めた攻撃！
DB_Skills_68_message2	Skills.json	use message 2	battle	ホノオ『こっちも気合で避ける…！！』
DB_Skills_68_name	Skills.json	Skills.json #68 (気合い斬りナウ―)	name	気合い斬りナウ―
DB_Skills_69_message1	Skills.json	use message 1	battle	のすばやい攻撃！
DB_Skills_69_name	Skills.json	Skills.json #69 (ピピンの攻撃)	name	ピピンの攻撃
DB_Skills_6_message1	Skills.json	use message 1	battle	は逃げてしまった。
DB_Skills_6_name	Skills.json	Skills.json #6 (逃げる)	name	逃げる
DB_Skills_70_description	Skills.json	Skills.json #70	description	水の魔法。紋章の力で薬効のある水を作り出す。\n味方ひとりのHPを約800回復。消費EPは10。
DB_Skills_70_message1	Skills.json	use message 1	battle	は医療キットを取り出した！
DB_Skills_70_name	Skills.json	Skills.json #70 (回復ピピン)	name	回復ピピン
DB_Skills_71_description	Skills.json	Skills.json #71	description	巧みな剣さばきで敵を惑わし作り出した隙に突く、攻撃。\n防御力無視しつつ防御力を下げる短剣と刺剣のスキル。SP20。
DB_Skills_71_message1	Skills.json	use message 1	battle	はフェイントで敵を惑わして突いた！
DB_Skills_71_name	Skills.json	Skills.json #71 (フェイント突きピピン)	name	フェイント突きピピン
DB_Skills_72_description	Skills.json	Skills.json #72	description	水の魔法。紋章の力で薬効のある水を作り出す。\n味方ひとりのHPを約800回復。消費EPは10。
DB_Skills_72_message1	Skills.json	use message 1	battle	はショックポーションを取り出した！
DB_Skills_72_name	Skills.json	Skills.json #72 (蘇生ピピン)	name	蘇生ピピン
DB_Skills_73_description	Skills.json	Skills.json #73	description	巧みな剣さばきで敵を惑わし作り出した隙に突く、攻撃。\n防御力無視しつつ防御力を下げる短剣と刺剣のスキル。SP20。
DB_Skills_73_message1	Skills.json	use message 1	battle	はフェイントでウィンを惑わして突いた！
DB_Skills_73_message2	Skills.json	use message 2	battle	しかし、ウィンは惑わされない！
DB_Skills_73_name	Skills.json	Skills.json #73 (外れるフェイントピピン敵)	name	外れるフェイントピピン敵
DB_Skills_74_description	Skills.json	Skills.json #74	description	敵の頭部を真上から叩き斬る。脳天への衝撃で1ターン気絶\nすることがある。直剣と刀のスキル。消費SP18．
DB_Skills_74_message1	Skills.json	use message 1	battle	はウィンの脳天めがけて振り下ろした！
DB_Skills_74_message2	Skills.json	use message 2	battle	ウィンはすばやく身体の位置をずらした！
DB_Skills_74_name	Skills.json	Skills.json #74 (外れるピピン兜割り)	name	外れるピピン兜割り
DB_Skills_74_note	Skills.json	Skills.json #74	note	スキル１番は［攻撃］コマンドを\n選択したときに使用されます。
DB_Skills_75_description	Skills.json	Skills.json #75	description	風の魔法。鋭い真空の刃が敵の足元を切り裂く。\n敵単体に約800ダメージと素早さ低下。消費EP18。
DB_Skills_75_message1	Skills.json	use message 1	battle	はカマイタチの魔法を発動！
DB_Skills_75_message2	Skills.json	use message 2	battle	しかしウィンには迷いがある…！
DB_Skills_75_name	Skills.json	Skills.json #75 (カマイタチ)	name	カマイタチ
DB_Skills_76_message1	Skills.json	use message 1	battle	のすばやい攻撃！
DB_Skills_76_name	Skills.json	Skills.json #76 (必中ピピンの攻撃　敵用)	name	必中ピピンの攻撃　敵用
DB_Skills_77_description	Skills.json	Skills.json #77	description	巧みな剣さばきで敵を惑わし作り出した隙に突く、攻撃。\n防御力無視しつつ防御力を下げる短剣と刺剣のスキル。SP20。
DB_Skills_77_message1	Skills.json	use message 1	battle	はフェイントでウィンを惑わして突いた！
DB_Skills_77_name	Skills.json	Skills.json #77 (必中フェイントピピン)	name	必中フェイントピピン
DB_Skills_78_message1	Skills.json	use message 1	battle	のすばやい攻撃！
DB_Skills_78_name	Skills.json	Skills.json #78 (ピピンの攻撃　敵用)	name	ピピンの攻撃　敵用
DB_Skills_79_message1	Skills.json	use message 1	battle	は　自分自身を攻撃した…！
DB_Skills_79_name	Skills.json	Skills.json #79 (ピピン自爆)	name	ピピン自爆
DB_Skills_7_message1	Skills.json	use message 1	battle	は様子を見ている。
DB_Skills_7_name	Skills.json	Skills.json #7 (様子を見る)	name	様子を見る
DB_Skills_80_description	Skills.json	Skills.json #80	description	風の魔法。風が味方全体を包み込み素早さを50％アップ。\n２回重ねることでハヤテと同じ速さになる。消費EP15。
DB_Skills_80_message1	Skills.json	use message 1	battle	は左手を高くかかげた！
DB_Skills_80_message2	Skills.json	use message 2	battle	疾風がウィンたちの身体を包んだ！
DB_Skills_80_name	Skills.json	Skills.json #80 (シップウ)	name	シップウ
DB_Skills_81_description	Skills.json	Skills.json #81	description	風の魔法。巨大な稲妻を敵に落とす…強大な力。\n敵単体に約2000ダメージと気絶。消費EP40。
DB_Skills_81_message1	Skills.json	use message 1	battle	の風の紋章が頭上に雷雲を呼ぶ…！
DB_Skills_81_message2	Skills.json	use message 2	battle	巨大なイナズマが発生し敵に落ちた！
DB_Skills_81_name	Skills.json	Skills.json #81 (イカヅチ)	name	イカヅチ
DB_Skills_82_description	Skills.json	Skills.json #82	description	火の魔法。敵の中心で大きな爆発を起こす…強大な魔法。\n敵全体に約1800ダメージ。消費EP60。
DB_Skills_82_message1	Skills.json	use message 1	battle	は左拳を強く握りしめた…！
DB_Skills_82_message2	Skills.json	use message 2	battle	敵の中心で大爆発が起こる…！！
DB_Skills_82_name	Skills.json	Skills.json #82 (ダイバクハツ)	name	ダイバクハツ
DB_Skills_83_description	Skills.json	Skills.json #83	description	水の魔法。敵集団へ襲い掛かる津波を発生する…強大な魔法。\n敵全体に約1200ダメージ。消費EP30。
DB_Skills_83_message1	Skills.json	use message 1	battle	は敵に背を向け、左手を宙へかかげた…
DB_Skills_83_message2	Skills.json	use message 2	battle	突然巨大な津波が現れた…！！
DB_Skills_83_name	Skills.json	Skills.json #83 (ツナミ)	name	ツナミ
DB_Skills_84_description	Skills.json	Skills.json #84	description	水の魔法。紋章の力で味方全体に薬水の雨を降らせる。\n味方全体のHPを約800回復。消費EPは20。
DB_Skills_84_message1	Skills.json	use message 1	battle	たちの頭上から薬水の雨が降り注ぐ！
DB_Skills_84_message2	Skills.json	use message 2	battle	イヤシノアメの魔法が発動！
DB_Skills_84_name	Skills.json	Skills.json #84 (イヤシノアメ)	name	イヤシノアメ
DB_Skills_85_message1	Skills.json	use message 1	battle	は熱く燃える息を吐いた！
DB_Skills_85_name	Skills.json	Skills.json #85 (ホノオの息)	name	ホノオの息
DB_Skills_86_message1	Skills.json	use message 1	battle	は心地よい歌声で歌った！
DB_Skills_86_message2	Skills.json	use message 2	battle	眠くなってくる…！
DB_Skills_86_name	Skills.json	Skills.json #86 (眠りのうたごえ)	name	眠りのうたごえ
DB_Skills_87_description	Skills.json	Skills.json #87	description	装備している武器で攻撃する。
DB_Skills_87_message1	Skills.json	use message 1	battle	は弓で毒の矢を放ってきた！
DB_Skills_87_name	Skills.json	Skills.json #87 (毒の矢)	name	毒の矢
DB_Skills_87_note	Skills.json	Skills.json #87	note	スキル１番は［攻撃］コマンドを\n選択したときに使用されます。
DB_Skills_88_description	Skills.json	Skills.json #88	description	装備している武器で攻撃する。
DB_Skills_88_message1	Skills.json	use message 1	battle	は黒くかがやく光線を放った！
DB_Skills_88_name	Skills.json	Skills.json #88 (ダークビーム)	name	ダークビーム
DB_Skills_88_note	Skills.json	Skills.json #88	note	スキル１番は［攻撃］コマンドを\n選択したときに使用されます。
DB_Skills_89_description	Skills.json	Skills.json #89	description	水の魔法。紋章の力で万金丹を超える薬水を作り出す。\n味方ひとりの気絶と転倒以外の状態異常を完治。消費EPは10。
DB_Skills_89_message1	Skills.json	use message 1	battle	『まーんきーんたーん！！』
DB_Skills_89_message2	Skills.json	use message 2	battle	マンキンタンの魔法が発動！！
DB_Skills_89_name	Skills.json	Skills.json #89 (マンキンタン)	name	マンキンタン
DB_Skills_8_description	Skills.json	Skills.json #8	description	水の魔法。紋章の力で薬効のある水を作り出す。\n味方ひとりのHPを約800回復。消費EPは10。
DB_Skills_8_message1	Skills.json	use message 1	battle	の手のひらに澄んだ薬水が湧き出た！
DB_Skills_8_name	Skills.json	Skills.json #8 (イヤシ)	name	イヤシ
DB_Skills_90_description	Skills.json	Skills.json #90	description	とてつもなく恐ろしい叫び声を上げ、敵全体を挑発、威圧\nする。敵全体を混乱、激昂に陥れる。消費SP20。
DB_Skills_90_message1	Skills.json	use message 1	battle	は恐ろしい叫び声を上げた！！
DB_Skills_90_name	Skills.json	Skills.json #90 (ウォークライ)	name	ウォークライ
DB_Skills_91_description	Skills.json	Skills.json #91	description	防御に特化したマンゴーシュの形状は敵の武器を破壊する\nことも可能。防御無視ダメージ＆攻撃力ダウン。消費EP20。
DB_Skills_91_message1	Skills.json	use message 1	battle	は敵の武器を狙って突いた！
DB_Skills_91_message2	Skills.json	use message 2	battle	マンゴーシュが敵の武器を絡めとる！
DB_Skills_91_name	Skills.json	Skills.json #91 (ソードブレイカー)	name	ソードブレイカー
DB_Skills_92_description	Skills.json	Skills.json #92	description	超人的な速度で敵のみっつの急所を殆ど同時に貫く。\n防御力を無視した必中ダメージ×３回。消費SP30。
DB_Skills_92_message1	Skills.json	use message 1	battle	は剣を垂直に構え…　とつぜん突いた！
DB_Skills_92_message2	Skills.json	use message 2	battle	目にも止まらぬ速さで連続突きを繰り出す！！
DB_Skills_92_name	Skills.json	Skills.json #92 (三角突き)	name	三角突き
DB_Skills_93_description	Skills.json	Skills.json #93	description	武器を頭上で振り回しながら敵集団に突撃する。\n敵全体に大ダメージ。SP40消費。
DB_Skills_93_message1	Skills.json	use message 1	battle	は武器を頭上で大きく回転させた…
DB_Skills_93_message2	Skills.json	use message 2	battle	敵集団を凄まじい勢いで切り刻む！！
DB_Skills_93_name	Skills.json	Skills.json #93 (旋風斬り)	name	旋風斬り
DB_Skills_94_description	Skills.json	Skills.json #94	description	身を隠し敵集団の後ろに回ってから突然襲い掛かる。\n敵全体に防御無視ダメージ+混乱。SP30消費。
DB_Skills_94_message1	Skills.json	use message 1	battle	は身を隠して敵集団の裏に回った…
DB_Skills_94_message2	Skills.json	use message 2	battle	隙を突いて敵集団の背後から襲い掛かった！！
DB_Skills_94_name	Skills.json	Skills.json #94 (アンブッシュ)	name	アンブッシュ
DB_Skills_95_description	Skills.json	Skills.json #95	description	一太刀目で防御を崩し二太刀目で敵を切り裂く奥義。\n防御力半分無視ダメージ+防御力ダウン。SP40消費。
DB_Skills_95_message1	Skills.json	use message 1	battle	『真！つばめ返し！！』
DB_Skills_95_name	Skills.json	Skills.json #95 (真・つばめ返し)	name	真・つばめ返し
DB_Skills_95_note	Skills.json	Skills.json #95	note	スキル１番は［攻撃］コマンドを\n選択したときに使用されます。
DB_Skills_96_description	Skills.json	Skills.json #96	description	完全に入れば一撃で相手を戦闘不能にする必殺剣。失敗すると\n魂を抜かれる逸話がある。約２倍ダメージ。SP25消費。
DB_Skills_96_message1	Skills.json	use message 1	battle	はこの一撃に賭けた…　『流し斬り！』
DB_Skills_96_name	Skills.json	Skills.json #96 (流し斬り)	name	流し斬り
DB_Skills_97_message1	Skills.json	use message 1	battle	は回転する刃を振り回した！
DB_Skills_97_message2	Skills.json	use message 2	battle	戦場が激しい金属の擦れる音で満たされる！
DB_Skills_97_name	Skills.json	Skills.json #97 (チェーンソー)	name	チェーンソー
DB_Skills_98_message1	Skills.json	use message 1	battle	は恐ろしい叫び声をあげた！
DB_Skills_98_name	Skills.json	Skills.json #98 (叫び声)	name	叫び声
DB_Skills_99_message1	Skills.json	use message 1	battle	は暗くかがやくブレスを吐いた！
DB_Skills_99_message2	Skills.json	use message 2	battle	目の前が何も見えないまま焼かれる！！
DB_Skills_99_name	Skills.json	Skills.json #99 (暗くかがやくブレス)	name	暗くかがやくブレス
DB_Skills_9_message1	Skills.json	use message 1	battle	は%1を唱えた！
DB_Skills_9_name	Skills.json	Skills.json #9 (ファイア)	name	ファイア
DB_States_10_message1	States.json	state message 1	battle	は深い眠りに落ちた！
DB_States_10_message2	States.json	state message 2	battle	は深い眠りに落ちた！
DB_States_10_message3	States.json	state message 3	battle	は眠り続けている。
DB_States_10_message4	States.json	state message 4	battle	は目を覚ました！
DB_States_10_name	States.json	States.json #10 (睡眠)	name	睡眠
DB_States_11_message1	States.json	state message 1	battle	の身体は強力な毒におかされた！
DB_States_11_message2	States.json	state message 2	battle	の身体は強力な毒におかされた！
DB_States_11_message4	States.json	state message 4	battle	の身体から猛毒が消えさった！
DB_States_11_name	States.json	States.json #11 (猛毒)	name	猛毒
DB_States_12_message1	States.json	state message 1	battle	は転倒した！
DB_States_12_message2	States.json	state message 2	battle	は地面に倒れた！
DB_States_12_message3	States.json	state message 3	battle	は起き上がれない！
DB_States_12_message4	States.json	state message 4	battle	は起き上がった！
DB_States_12_name	States.json	States.json #12 (転倒)	name	転倒
DB_States_13_message1	States.json	state message 1	battle	は気絶してしまった！
DB_States_13_message2	States.json	state message 2	battle	は気絶した！
DB_States_13_message3	States.json	state message 3	battle	は気絶している！
DB_States_13_message4	States.json	state message 4	battle	は意識を回復した！
DB_States_13_name	States.json	States.json #13 (気絶)	name	気絶
DB_States_14_message2	States.json	state message 2	battle	の魔力が暴走！！魔力が二倍になった！！
DB_States_14_message3	States.json	state message 3	battle	の魔力は暴走している！！
DB_States_14_name	States.json	States.json #14 (魔力暴走)	name	魔力暴走
DB_States_15_message2	States.json	state message 2	battle	は反撃の構えを取った！！
DB_States_15_message3	States.json	state message 3	battle	は反撃の構えを取っている！！
DB_States_15_name	States.json	States.json #15 (反撃の構え)	name	反撃の構え
DB_States_16_message2	States.json	state message 2	battle	は反撃の構えを取った！！
DB_States_16_message3	States.json	state message 3	battle	はスキのない構えを取っている！！
DB_States_16_name	States.json	States.json #16 (ナウーの力)	name	ナウーの力
DB_States_1_message1	States.json	state message 1	battle	は倒れた！
DB_States_1_message2	States.json	state message 2	battle	を倒した！
DB_States_1_message4	States.json	state message 4	battle	は立ち上がった！
DB_States_1_name	States.json	States.json #1 (戦闘不能)	name	戦闘不能
DB_States_1_note	States.json	States.json #1	note	ステート１番はＨＰが０になったときに\n自動的に付加されます。
DB_States_2_name	States.json	States.json #2 (防御)	name	防御
DB_States_3_name	States.json	States.json #3 (不死身)	name	不死身
DB_States_4_message1	States.json	state message 1	battle	の身体は毒におかされた！
DB_States_4_message2	States.json	state message 2	battle	の身体は毒におかされた！
DB_States_4_message4	States.json	state message 4	battle	の身体から毒が消えさった！
DB_States_4_name	States.json	States.json #4 (毒)	name	毒
DB_States_5_message1	States.json	state message 1	battle	は暗闇に閉ざされた！
DB_States_5_message2	States.json	state message 2	battle	を暗闇に閉ざした！
DB_States_5_message4	States.json	state message 4	battle	の暗闇が消えた！
DB_States_5_name	States.json	States.json #5 (暗闇)	name	暗闇
DB_States_6_message1	States.json	state message 1	battle	は言葉を発せなくなった！
DB_States_6_message2	States.json	state message 2	battle	の魔法を封じた！
DB_States_6_message4	States.json	state message 4	battle	の沈黙が解けた！
DB_States_6_name	States.json	States.json #6 (沈黙)	name	沈黙
DB_States_7_message1	States.json	state message 1	battle	は怒りに我を忘れた！
DB_States_7_message2	States.json	state message 2	battle	を激しく怒らせた！
DB_States_7_message4	States.json	state message 4	battle	は我に返った！
DB_States_7_name	States.json	States.json #7 (激昂)	name	激昂
DB_States_8_message1	States.json	state message 1	battle	はパニック状態に陥った！
DB_States_8_message2	States.json	state message 2	battle	はパニック状態に陥った！
DB_States_8_message4	States.json	state message 4	battle	は冷静さを取り戻した！
DB_States_8_name	States.json	States.json #8 (混乱)	name	混乱
DB_States_9_message1	States.json	state message 1	battle	は操られてしまった！
DB_States_9_message2	States.json	state message 2	battle	を操った！
DB_States_9_message4	States.json	state message 4	battle	は我に返った！
DB_States_9_name	States.json	States.json #9 (魅了)	name	魅了
SYS_armorTypes_1	System.json	armorTypes	system	一般防具
SYS_armorTypes_2	System.json	armorTypes	system	魔法防具
SYS_armorTypes_3	System.json	armorTypes	system	軽装防具
SYS_armorTypes_4	System.json	armorTypes	system	重装防具
SYS_armorTypes_5	System.json	armorTypes	system	小型盾
SYS_armorTypes_6	System.json	armorTypes	system	大型盾
SYS_armorTypes_7	System.json	armorTypes	system	騎士防具
SYS_armorTypes_8	System.json	armorTypes	system	王族装備
SYS_armorTypes_9	System.json	armorTypes	system	サムライ防具
SYS_elements_1	System.json	elements	system	物理
SYS_elements_2	System.json	elements	system	火
SYS_elements_3	System.json	elements	system	水
SYS_elements_4	System.json	elements	system	風
SYS_elements_5	System.json	elements	system	闇
SYS_equipTypes_1	System.json	equipTypes	system	武器
SYS_equipTypes_2	System.json	equipTypes	system	盾
SYS_equipTypes_3	System.json	equipTypes	system	アクセサリ
SYS_equipTypes_4	System.json	equipTypes	system	身体
SYS_gameTitle	System.json	game title	system	紋章物語
SYS_skillTypes_1	System.json	skillTypes	system	魔法
SYS_skillTypes_2	System.json	skillTypes	system	スキル
SYS_switch_1	System.json	switch	switch	ポーションをもらう
SYS_switch_10	System.json	switch	switch	ロイを訪ねる
SYS_switch_100	System.json	switch	switch	不気味な洞窟
SYS_switch_101	System.json	switch	switch	廃墟
SYS_switch_102	System.json	switch	switch	ピケピケ変身
SYS_switch_103	System.json	switch	switch	ピケピケに会う
SYS_switch_104	System.json	switch	switch	出し切った
SYS_switch_105	System.json	switch	switch	ピＱＥ
SYS_switch_106	System.json	switch	switch	ミケーネへ
SYS_switch_107	System.json	switch	switch	いくぞ！
SYS_switch_108	System.json	switch	switch	ブリザード
SYS_switch_109	System.json	switch	switch	しぬなよ
SYS_switch_11	System.json	switch	switch	ピケピケ消える
SYS_switch_110	System.json	switch	switch	ミケーネにかつ
SYS_switch_111	System.json	switch	switch	いっきに
SYS_switch_112	System.json	switch	switch	ナウー変身
SYS_switch_113	System.json	switch	switch	ナウ―倒す
SYS_switch_114	System.json	switch	switch	ナウー死す
SYS_switch_115	System.json	switch	switch	くっそー
SYS_switch_116	System.json	switch	switch	魔王ダフィール
SYS_switch_117	System.json	switch	switch	じゃあねー
SYS_switch_118	System.json	switch	switch	ダフィールファイア
SYS_switch_119	System.json	switch	switch	大魔王倒した
SYS_switch_12	System.json	switch	switch	ピケピケと会った
SYS_switch_120	System.json	switch	switch	大魔王ダウン
SYS_switch_121	System.json	switch	switch	ピケピケ消える
SYS_switch_122	System.json	switch	switch	ウィンいくぞ
SYS_switch_123	System.json	switch	switch	二周目開始！！
SYS_switch_124	System.json	switch	switch	ホムラ消える
SYS_switch_125	System.json	switch	switch	ホムラおわり
SYS_switch_126	System.json	switch	switch	物干竿もらう
SYS_switch_127	System.json	switch	switch	次元戻る
SYS_switch_128	System.json	switch	switch	裏ボス撃破
SYS_switch_129	System.json	switch	switch	伝説撃破
SYS_switch_13	System.json	switch	switch	旧坑道でピピン外れる
SYS_switch_14	System.json	switch	switch	旧坑道クリア
SYS_switch_15	System.json	switch	switch	ピピン離脱
SYS_switch_16	System.json	switch	switch	キノコ解決
SYS_switch_17	System.json	switch	switch	ポーション貰う
SYS_switch_18	System.json	switch	switch	ジョセフ解決
SYS_switch_19	System.json	switch	switch	ロイに会え
SYS_switch_2	System.json	switch	switch	王様と話す
SYS_switch_20	System.json	switch	switch	ロイと話す
SYS_switch_21	System.json	switch	switch	ピピン歩く
SYS_switch_22	System.json	switch	switch	ピピン去った
SYS_switch_23	System.json	switch	switch	王に報告に行け
SYS_switch_24	System.json	switch	switch	オープニング終わり
SYS_switch_25	System.json	switch	switch	ロイの父倒れる
SYS_switch_26	System.json	switch	switch	伝令くる
SYS_switch_27	System.json	switch	switch	ロイ手を切る
SYS_switch_28	System.json	switch	switch	ロイの長話終わり！
SYS_switch_29	System.json	switch	switch	フレイムへ行け
SYS_switch_3	System.json	switch	switch	サクソンと話す
SYS_switch_30	System.json	switch	switch	傷薬一個
SYS_switch_31	System.json	switch	switch	万金丹一個
SYS_switch_32	System.json	switch	switch	南通れる
SYS_switch_33	System.json	switch	switch	通行手形あげた
SYS_switch_34	System.json	switch	switch	フレイムへ出た
SYS_switch_35	System.json	switch	switch	手形返った
SYS_switch_36	System.json	switch	switch	ダガー貰った
SYS_switch_37	System.json	switch	switch	ホノオに会え
SYS_switch_38	System.json	switch	switch	ナウ―倒す
SYS_switch_39	System.json	switch	switch	試練しよう
SYS_switch_4	System.json	switch	switch	サクソンの部屋出た
SYS_switch_40	System.json	switch	switch	試練開始
SYS_switch_41	System.json	switch	switch	ホムラ登場
SYS_switch_42	System.json	switch	switch	ホノオ考える
SYS_switch_43	System.json	switch	switch	ぐわーーー
SYS_switch_44	System.json	switch	switch	試練終り
SYS_switch_45	System.json	switch	switch	ホムラ語る
SYS_switch_46	System.json	switch	switch	王様ごめん
SYS_switch_47	System.json	switch	switch	いぬおっけー
SYS_switch_48	System.json	switch	switch	いぬかくにん
SYS_switch_49	System.json	switch	switch	火牛しぼう
SYS_switch_5	System.json	switch	switch	ストロングと話した
SYS_switch_50	System.json	switch	switch	ナガレあーーー
SYS_switch_51	System.json	switch	switch	当主の家へ
SYS_switch_52	System.json	switch	switch	オタキ長話おわり
SYS_switch_53	System.json	switch	switch	トリカゼおかね
SYS_switch_54	System.json	switch	switch	マハリお米
SYS_switch_55	System.json	switch	switch	お社ばくは
SYS_switch_56	System.json	switch	switch	ヒノタマげきは
SYS_switch_57	System.json	switch	switch	すきだからな
SYS_switch_58	System.json	switch	switch	便利だな
SYS_switch_59	System.json	switch	switch	落ちた
SYS_switch_6	System.json	switch	switch	ピピンに教えてもらう
SYS_switch_60	System.json	switch	switch	引き締める
SYS_switch_61	System.json	switch	switch	ちい！
SYS_switch_62	System.json	switch	switch	ミケーネきえる
SYS_switch_63	System.json	switch	switch	青龍死す
SYS_switch_64	System.json	switch	switch	村に帰る
SYS_switch_65	System.json	switch	switch	トリカゼ救出
SYS_switch_66	System.json	switch	switch	トリカゼ休め
SYS_switch_67	System.json	switch	switch	マハリ救出
SYS_switch_68	System.json	switch	switch	マハリ休め
SYS_switch_69	System.json	switch	switch	行って参ります
SYS_switch_7	System.json	switch	switch	固いパン１個
SYS_switch_70	System.json	switch	switch	別行動
SYS_switch_71	System.json	switch	switch	生きていてくれよ
SYS_switch_72	System.json	switch	switch	ああ
SYS_switch_73	System.json	switch	switch	ナガレたすけろ
SYS_switch_74	System.json	switch	switch	あたしが！
SYS_switch_75	System.json	switch	switch	連れていかれる
SYS_switch_76	System.json	switch	switch	フレイム終わり
SYS_switch_77	System.json	switch	switch	アクマ倒した
SYS_switch_78	System.json	switch	switch	パンもらった
SYS_switch_79	System.json	switch	switch	いったん休憩
SYS_switch_8	System.json	switch	switch	レザーコート１着
SYS_switch_80	System.json	switch	switch	ダフィール終わり
SYS_switch_81	System.json	switch	switch	突入する！
SYS_switch_82	System.json	switch	switch	ダフィール消える
SYS_switch_83	System.json	switch	switch	光の柱へ
SYS_switch_84	System.json	switch	switch	ロイが呼んでる
SYS_switch_85	System.json	switch	switch	ロイのところへ
SYS_switch_86	System.json	switch	switch	王の間にはいる
SYS_switch_87	System.json	switch	switch	レイモンド去る
SYS_switch_88	System.json	switch	switch	ないぜーーー
SYS_switch_89	System.json	switch	switch	三人集結
SYS_switch_9	System.json	switch	switch	イヌ倒した
SYS_switch_90	System.json	switch	switch	レイストックもらう
SYS_switch_91	System.json	switch	switch	蜻蛉斬もらう
SYS_switch_92	System.json	switch	switch	ソロモドネガルもらう
SYS_switch_93	System.json	switch	switch	そういうのやめろ
SYS_switch_94	System.json	switch	switch	マンゴーシュもらう
SYS_switch_95	System.json	switch	switch	奇書もらう
SYS_switch_96	System.json	switch	switch	奇書あげる
SYS_switch_97	System.json	switch	switch	ヤバミ倒した
SYS_switch_98	System.json	switch	switch	暗くかがやく倒した
SYS_switch_99	System.json	switch	switch	ラストダンジョン
SYS_terms_basic_0	System.json	terms.basic	system	レベル
SYS_terms_basic_8	System.json	terms.basic	system	経験値
SYS_terms_commands_0	System.json	terms.commands	system	バトル開始
SYS_terms_commands_1	System.json	terms.commands	system	逃げ出す
SYS_terms_commands_10	System.json	terms.commands	system	ゲーム終了
SYS_terms_commands_11	System.json	terms.commands	system	オプション
SYS_terms_commands_12	System.json	terms.commands	system	武器
SYS_terms_commands_13	System.json	terms.commands	system	防具
SYS_terms_commands_14	System.json	terms.commands	system	大事なもの
SYS_terms_commands_15	System.json	terms.commands	system	装備
SYS_terms_commands_16	System.json	terms.commands	system	おまかせ装備
SYS_terms_commands_17	System.json	terms.commands	system	全て外す
SYS_terms_commands_18	System.json	terms.commands	system	新しく始める
SYS_terms_commands_19	System.json	terms.commands	system	続きから
SYS_terms_commands_2	System.json	terms.commands	system	攻撃
SYS_terms_commands_21	System.json	terms.commands	system	タイトル画面へ
SYS_terms_commands_22	System.json	terms.commands	system	やめる
SYS_terms_commands_24	System.json	terms.commands	system	買う
SYS_terms_commands_25	System.json	terms.commands	system	売る
SYS_terms_commands_3	System.json	terms.commands	system	ぼうぎょ
SYS_terms_commands_4	System.json	terms.commands	system	アイテム
SYS_terms_commands_5	System.json	terms.commands	system	スキル
SYS_terms_commands_6	System.json	terms.commands	system	装備
SYS_terms_commands_7	System.json	terms.commands	system	ステータス
SYS_terms_commands_8	System.json	terms.commands	system	並び替え
SYS_terms_commands_9	System.json	terms.commands	system	セーブ
SYS_terms_messages_actionFailure	System.json	terms.messages	system	%1には効かなかった！
SYS_terms_messages_actorDamage	System.json	terms.messages	system	%1は %2 のダメージを受けた！
SYS_terms_messages_actorDrain	System.json	terms.messages	system	%1は%2を %3 奪われた！
SYS_terms_messages_actorGain	System.json	terms.messages	system	%1の%2が %3 増えた！
SYS_terms_messages_actorLoss	System.json	terms.messages	system	%1の%2が %3 減った！
SYS_terms_messages_actorNoDamage	System.json	terms.messages	system	%1はダメージを受けていない！
SYS_terms_messages_actorNoHit	System.json	terms.messages	system	ミス！　%1はダメージを受けていない！
SYS_terms_messages_actorRecovery	System.json	terms.messages	system	%1の%2が %3 回復した！
SYS_terms_messages_alwaysDash	System.json	terms.messages	system	常時ダッシュ
SYS_terms_messages_bgmVolume	System.json	terms.messages	system	BGM 音量
SYS_terms_messages_bgsVolume	System.json	terms.messages	system	BGS 音量
SYS_terms_messages_buffAdd	System.json	terms.messages	system	%1の%2がアップした！
SYS_terms_messages_buffRemove	System.json	terms.messages	system	%1の%2が元に戻った！
SYS_terms_messages_commandRemember	System.json	terms.messages	system	コマンド記憶
SYS_terms_messages_counterAttack	System.json	terms.messages	system	%1の反撃！
SYS_terms_messages_criticalToActor	System.json	terms.messages	system	痛恨の一撃！！
SYS_terms_messages_criticalToEnemy	System.json	terms.messages	system	会心の一撃！！
SYS_terms_messages_debuffAdd	System.json	terms.messages	system	%1の%2がダウンした！
SYS_terms_messages_defeat	System.json	terms.messages	system	%1はバトルに敗れてしまった…！！
SYS_terms_messages_emerge	System.json	terms.messages	system	%1が現れた！
SYS_terms_messages_enemyDamage	System.json	terms.messages	system	%1に %2 のダメージを与えた！
SYS_terms_messages_enemyDrain	System.json	terms.messages	system	%1の%2を %3 奪った！
SYS_terms_messages_enemyGain	System.json	terms.messages	system	%1の%2が %3 増えた！
SYS_terms_messages_enemyLoss	System.json	terms.messages	system	%1の%2が %3 減った！
SYS_terms_messages_enemyNoDamage	System.json	terms.messages	system	%1にダメージを与えられない！
SYS_terms_messages_enemyNoHit	System.json	terms.messages	system	ミス！　%1にダメージを与えられない！
SYS_terms_messages_enemyRecovery	System.json	terms.messages	system	%1の%2が %3 回復した！
SYS_terms_messages_escapeFailure	System.json	terms.messages	system	しかし逃げることはできなかった！
SYS_terms_messages_escapeStart	System.json	terms.messages	system	%1はバトルから逃げ出した！
SYS_terms_messages_evasion	System.json	terms.messages	system	%1は攻撃をかわした！
SYS_terms_messages_expNext	System.json	terms.messages	system	次の%1まで
SYS_terms_messages_expTotal	System.json	terms.messages	system	現在の%1
SYS_terms_messages_file	System.json	terms.messages	system	ファイル
SYS_terms_messages_levelUp	System.json	terms.messages	system	%1は%2 %3 に上がった！
SYS_terms_messages_loadMessage	System.json	terms.messages	system	どのファイルをロードしますか？
SYS_terms_messages_magicEvasion	System.json	terms.messages	system	%1は魔法を打ち消した！
SYS_terms_messages_magicReflection	System.json	terms.messages	system	%1は魔法を跳ね返した！
SYS_terms_messages_meVolume	System.json	terms.messages	system	ME 音量
SYS_terms_messages_obtainExp	System.json	terms.messages	system	%1 の%2を獲得！
SYS_terms_messages_obtainGold	System.json	terms.messages	system	お金を %1\\G 手に入れた！
SYS_terms_messages_obtainItem	System.json	terms.messages	system	%1を手に入れた！
SYS_terms_messages_obtainSkill	System.json	terms.messages	system	%1を覚えた！
SYS_terms_messages_partyName	System.json	terms.messages	system	%1たち
SYS_terms_messages_possession	System.json	terms.messages	system	持っている数
SYS_terms_messages_preemptive	System.json	terms.messages	system	%1は先手を取った！
SYS_terms_messages_saveMessage	System.json	terms.messages	system	どのファイルにセーブしますか？
SYS_terms_messages_seVolume	System.json	terms.messages	system	SE 音量
SYS_terms_messages_substitute	System.json	terms.messages	system	%1が%2をかばった！
SYS_terms_messages_surprise	System.json	terms.messages	system	%1は不意をつかれた！
SYS_terms_messages_useItem	System.json	terms.messages	system	%1は%2を使った！
SYS_terms_messages_victory	System.json	terms.messages	system	%1はバトルに勝利した！
SYS_terms_params_0	System.json	terms.params	system	最大ＨＰ
SYS_terms_params_1	System.json	terms.params	system	最大ＥＰ
SYS_terms_params_2	System.json	terms.params	system	攻撃力
SYS_terms_params_3	System.json	terms.params	system	ぼうぎょ力
SYS_terms_params_4	System.json	terms.params	system	魔法力
SYS_terms_params_5	System.json	terms.params	system	魔法ぼうぎょ
SYS_terms_params_6	System.json	terms.params	system	素早さ
SYS_terms_params_7	System.json	terms.params	system	運
SYS_terms_params_8	System.json	terms.params	system	命中率
SYS_terms_params_9	System.json	terms.params	system	回避率
SYS_variable_1	System.json	variable	variable	雑談の乱数
SYS_weaponTypes_1	System.json	weaponTypes	system	短剣
SYS_weaponTypes_12	System.json	weaponTypes	system	槍
SYS_weaponTypes_2	System.json	weaponTypes	system	刺剣
SYS_weaponTypes_3	System.json	weaponTypes	system	直剣
SYS_weaponTypes_4	System.json	weaponTypes	system	曲刀
SYS_weaponTypes_5	System.json	weaponTypes	system	大剣
SYS_weaponTypes_6	System.json	weaponTypes	system	刀
SYS_weaponTypes_7	System.json	weaponTypes	system	短刀
TROOP100_name	Troops.json	troop name	name	髪が伸びる人形
TROOP101_name	Troops.json	troop name	name	焔牛
TROOP102_name	Troops.json	troop name	name	サムライボス用
TROOP102_p0_1	Troops.json	0	dialogue	ホノオ：
TROOP102_p0_10	Troops.json	0	dialogue	刀ってことは…　
TROOP102_p0_11	Troops.json	0	dialogue	セイリューに関係する魔物なんじゃねえのか？
TROOP102_p0_13	Troops.json	0	dialogue	ナガレ：
TROOP102_p0_14	Troops.json	0	dialogue	分からないよ。
TROOP102_p0_15	Troops.json	0	dialogue	この前に村を襲った魔物もだけど、
TROOP102_p0_16	Troops.json	0	dialogue	最近見たこともない魔物ばっかりなのさ。
TROOP102_p0_2	Troops.json	0	dialogue	なんだこの魔物…？
TROOP102_p0_3	Troops.json	0	dialogue	なんか知らんけど、むちゃくちゃカッコいいぞ…
TROOP102_p0_5	Troops.json	0	dialogue	ナガレ：
TROOP102_p0_6	Troops.json	0	dialogue	見たこともない鎧を着ている…
TROOP102_p0_7	Troops.json	0	dialogue	でもあいつらが持っているのは、刀だ。
TROOP102_p0_9	Troops.json	0	dialogue	ホノオ：
TROOP103_name	Troops.json	troop name	name	火のサムライ, 氷のサムライ
TROOP104_name	Troops.json	troop name	name	氷のサムライ, 風のサムライ
TROOP105_name	Troops.json	troop name	name	髪が伸びる人形*3
TROOP106_name	Troops.json	troop name	name	ミケーネ裏
TROOP106_p0_1	Troops.json	0	dialogue	ミケーネ：
TROOP106_p0_10	Troops.json	0	dialogue	こいつはムチでの攻撃も強力だが、
TROOP106_p0_11	Troops.json	0	dialogue	魔法も使ってくる…　強敵だ。
TROOP106_p0_13	Troops.json	0	dialogue	ナガレ：
TROOP106_p0_14	Troops.json	0	dialogue	こっちも紋章の魔法をフル動員しなければ
TROOP106_p0_15	Troops.json	0	dialogue	勝てないだろう…。
TROOP106_p0_16	Troops.json	0	dialogue	みんな、魔法や回復アイテムを忘れるな！！
TROOP106_p0_18	Troops.json	0	dialogue	ホノオ：
TROOP106_p0_19	Troops.json	0	dialogue	おう！　わかったぜ！
TROOP106_p0_2	Troops.json	0	dialogue	てめえら…　青龍を失っただけでも、
TROOP106_p0_3	Troops.json	0	dialogue	こっちはもう後がねえんだ…
TROOP106_p0_5	Troops.json	0	dialogue	ミケーネ：
TROOP106_p0_6	Troops.json	0	dialogue	遊びは終わりだからなー…
TROOP106_p0_7	Troops.json	0	dialogue	てめえらの人生も終わりだからなーーーー！！
TROOP106_p0_9	Troops.json	0	dialogue	ナガレ：
TROOP106_p1_1	Troops.json	0	dialogue	ホノオ：
TROOP106_p1_2	Troops.json	0	dialogue	おい！　アンタ！
TROOP106_p1_3	Troops.json	0	dialogue	5ターン以内にオレらを倒すって言ってたよな？
TROOP106_p1_5	Troops.json	0	dialogue	ミケーネ：
TROOP106_p1_6	Troops.json	0	dialogue	ああん！！？？？
TROOP106_p1_8	Troops.json	0	dialogue	ホノオ：
TROOP106_p1_9	Troops.json	0	dialogue	やれるもんならやってみろよ！
TROOP106_p2_1	Troops.json	0	dialogue	ホノオ：
TROOP106_p2_11	Troops.json	0	dialogue	ホノオ：
TROOP106_p2_12	Troops.json	0	dialogue	セイリューの当主のナガレさーーーーん？
TROOP106_p2_14	Troops.json	0	dialogue	ナガレ：
TROOP106_p2_15	Troops.json	0	dialogue	はい、ナガレです。
TROOP106_p2_17	Troops.json	0	dialogue	ホノオ：
TROOP106_p2_18	Troops.json	0	dialogue	ナガレさんでしたらこの激しいバトルの
TROOP106_p2_19	Troops.json	0	dialogue	最中でも、きっとお分かりになると
TROOP106_p2_2	Troops.json	0	dialogue	あれ！？　あれれれれ？？
TROOP106_p2_20	Troops.json	0	dialogue	思うんですがー
TROOP106_p2_22	Troops.json	0	dialogue	ホノオ：
TROOP106_p2_23	Troops.json	0	dialogue	いま何ターン経過したでしょうかーーー？
TROOP106_p2_25	Troops.json	0	dialogue	ナガレ：
TROOP106_p2_26	Troops.json	0	dialogue	この会話をしている段階でちょうど
TROOP106_p2_27	Troops.json	0	dialogue	6ターンです。
TROOP106_p2_29	Troops.json	0	dialogue	ホノオ：
TROOP106_p2_30	Troops.json	0	dialogue	だとよーーーーーミケーネ！！
TROOP106_p2_32	Troops.json	0	dialogue	ミケーネ：
TROOP106_p2_33	Troops.json	0	dialogue	えーーーーーい、うるさい！！！！！！
TROOP106_p2_34	Troops.json	0	dialogue	ほんの少し寿命が延びたことに感謝しろ！！
TROOP106_p2_35	Troops.json	0	dialogue	すぐだ…もうすぐに終わらせてやる…！！！！
TROOP106_p2_37	Troops.json	0	dialogue	ホノオ：
TROOP106_p2_38	Troops.json	0	dialogue	あ、そう。へへへ…
TROOP106_p2_39	Troops.json	0	dialogue	バー――――――カ！！
TROOP106_p2_4	Troops.json	0	dialogue	ミケーネ：
TROOP106_p2_5	Troops.json	0	dialogue	あんだあ！？どうしたコラあ！！？？
TROOP106_p2_7	Troops.json	0	dialogue	ホノオ：
TROOP106_p2_8	Troops.json	0	dialogue	ちょっとここで、冷静にバトルを観察するのが
TROOP106_p2_9	Troops.json	0	dialogue	得意なナガレさんに聞いてみましょう…
TROOP106_p3_1	Troops.json	0	dialogue	ミケーネ：
TROOP106_p3_11	Troops.json	0	dialogue	ミケーネ：
TROOP106_p3_12	Troops.json	0	dialogue	最大出力のブリザード…　解禁するわ！！
TROOP106_p3_14	Troops.json	0	dialogue	ホノオ：
TROOP106_p3_15	Troops.json	0	dialogue	なんか奥の手がありやがるのか…？
TROOP106_p3_2	Troops.json	0	dialogue	………っ！！！！
TROOP106_p3_4	Troops.json	0	dialogue	ナガレ：
TROOP106_p3_5	Troops.json	0	dialogue	…効いてる！！
TROOP106_p3_6	Troops.json	0	dialogue	このまま一気にたたみかけろ！！
TROOP106_p3_8	Troops.json	0	dialogue	ミケーネ：
TROOP106_p3_9	Troops.json	0	dialogue	もう四の五の言ってられないわね…
TROOP107_name	Troops.json	troop name	name	ナウー, ミケーネ
TROOP107_p0_1	Troops.json	0	dialogue	ミケーネ：
TROOP107_p0_10	Troops.json	0	dialogue	………。
TROOP107_p0_12	Troops.json	0	dialogue	ホノオ：
TROOP107_p0_13	Troops.json	0	dialogue	…手を抜いている？　マジか…
TROOP107_p0_15	Troops.json	0	dialogue	ナガレ：
TROOP107_p0_16	Troops.json	0	dialogue	ホノオ！集中しろ！
TROOP107_p0_2	Troops.json	0	dialogue	ナウー…　この子たち、強いわ。
TROOP107_p0_3	Troops.json	0	dialogue	あたしたちの予想を超える力を持っている…
TROOP107_p0_5	Troops.json	0	dialogue	ミケーネ：
TROOP107_p0_6	Troops.json	0	dialogue	いつもみたいに手を抜かなくてもいいはずよ。
TROOP107_p0_7	Troops.json	0	dialogue	二対二なんだし、条件もフェアでしょう？
TROOP107_p0_9	Troops.json	0	dialogue	ナウー：
TROOP107_p1_1	Troops.json	0	dialogue	ミケーネ：
TROOP107_p1_10	Troops.json	0	dialogue	ナウー：
TROOP107_p1_11	Troops.json	0	dialogue	………。
TROOP107_p1_13	Troops.json	0	dialogue	ホノオ：
TROOP107_p1_14	Troops.json	0	dialogue	ま、待て！！
TROOP107_p1_15	Troops.json	0	dialogue	まだこれからってときに…逃げんじゃねー！！
TROOP107_p1_17	Troops.json	0	dialogue	ナガレ：
TROOP107_p1_18	Troops.json	0	dialogue	ホノオ！
TROOP107_p1_19	Troops.json	0	dialogue	喋ってるヒマがあるなら攻撃するんだ！！
TROOP107_p1_2	Troops.json	0	dialogue	ナウー…　やっぱり…
TROOP107_p1_21	Troops.json	0	dialogue	ナガレ：
TROOP107_p1_22	Troops.json	0	dialogue	思わせぶりな会話をして…
TROOP107_p1_23	Troops.json	0	dialogue	消えて脱出するスキを作ろうとしているんだ…
TROOP107_p1_24	Troops.json	0	dialogue	乗せられるなよ！
TROOP107_p1_26	Troops.json	0	dialogue	ミケーネ：
TROOP107_p1_27	Troops.json	0	dialogue	ふーん　相変わらず口の達者な子…
TROOP107_p1_28	Troops.json	0	dialogue	いいわ、もう少しだけ相手してあげる。
TROOP107_p1_29	Troops.json	0	dialogue	だけど…
TROOP107_p1_3	Troops.json	0	dialogue	あなた、一対一の決闘にしか興味ないのね…
TROOP107_p1_31	Troops.json	0	dialogue	ミケーネ：
TROOP107_p1_32	Troops.json	0	dialogue	ナウーが全然やる気ないのよ。
TROOP107_p1_33	Troops.json	0	dialogue	彼を本気にさせるくらいに…
TROOP107_p1_34	Troops.json	0	dialogue	あなたたちももっと頑張りなさい！？
TROOP107_p1_5	Troops.json	0	dialogue	ミケーネ：
TROOP107_p1_6	Troops.json	0	dialogue	時間がかかり過ぎたわ。
TROOP107_p1_7	Troops.json	0	dialogue	これ以上はただの消耗戦…
TROOP107_p1_8	Troops.json	0	dialogue	帰るわよ、ナウー！
TROOP108_name	Troops.json	troop name	name	ダフィール
TROOP108_p0_1	Troops.json	0	dialogue	ダフィール：
TROOP108_p0_10	Troops.json	0	dialogue	ちょっとだけ遊ばせてもらうよーー？
TROOP108_p0_11	Troops.json	0	dialogue	キミたちにはボクの炎を防ぐ手段が
TROOP108_p0_12	Troops.json	0	dialogue	ないから…
TROOP108_p0_14	Troops.json	0	dialogue	ダフィール：
TROOP108_p0_15	Troops.json	0	dialogue	よく燃えるだろうなーーーー！！？？
TROOP108_p0_17	Troops.json	0	dialogue	ピピン：
TROOP108_p0_18	Troops.json	0	dialogue	奴は自分でも散々言っているが…
TROOP108_p0_19	Troops.json	0	dialogue	火を使うらしい。
TROOP108_p0_2	Troops.json	0	dialogue	ホントはーーー　自分で戦うつもりなんて
TROOP108_p0_21	Troops.json	0	dialogue	ピピン：
TROOP108_p0_22	Troops.json	0	dialogue	これといって対策も思いつかんが…
TROOP108_p0_23	Troops.json	0	dialogue	とりあえず早めに回復をしながら戦うぞ…。
TROOP108_p0_25	Troops.json	0	dialogue	ウィン：
TROOP108_p0_26	Troops.json	0	dialogue	…！
TROOP108_p0_29	Troops.json	0	dialogue	　　　　　　　　　　　ウィンは頷いた！
TROOP108_p0_3	Troops.json	0	dialogue	なかったんだケドーーー
TROOP108_p0_5	Troops.json	0	dialogue	ダフィール：
TROOP108_p0_6	Troops.json	0	dialogue	来たのが風の紋章の継承者とーーー
TROOP108_p0_7	Troops.json	0	dialogue	よくわかんない赤いヒトだけだったんでーー
TROOP108_p0_9	Troops.json	0	dialogue	ダフィール：
TROOP108_p1_1	Troops.json	0	dialogue	ダフィール：
TROOP108_p1_10	Troops.json	0	dialogue	フン…さあな。
TROOP108_p1_11	Troops.json	0	dialogue	お前の力が自分で思っているよりも、
TROOP108_p1_12	Troops.json	0	dialogue	意外と大したことないんだろう。
TROOP108_p1_14	Troops.json	0	dialogue	ダフィール：
TROOP108_p1_15	Troops.json	0	dialogue	いやいやいやいやー
TROOP108_p1_16	Troops.json	0	dialogue	金髪の子は明らかにヤケドだらけだよー？
TROOP108_p1_18	Troops.json	0	dialogue	ウィン：
TROOP108_p1_19	Troops.json	0	dialogue	………。
TROOP108_p1_2	Troops.json	0	dialogue	………おかしいなーーー
TROOP108_p1_21	Troops.json	0	dialogue	ダフィール：
TROOP108_p1_22	Troops.json	0	dialogue	なんでーーー？
TROOP108_p1_23	Troops.json	0	dialogue	赤い服着てるからとか言うなよー？
TROOP108_p1_24	Troops.json	0	dialogue	面白くないからーーー
TROOP108_p1_26	Troops.json	0	dialogue	ピピン：
TROOP108_p1_27	Troops.json	0	dialogue	…本当にそうなのか…？
TROOP108_p1_28	Troops.json	0	dialogue	ウィン、お前から見ても…？
TROOP108_p1_30	Troops.json	0	dialogue	ウィン：
TROOP108_p1_31	Troops.json	0	dialogue	……。
TROOP108_p1_33	Troops.json	0	dialogue	ピピン：
TROOP108_p1_34	Troops.json	0	dialogue	まあ…、なんでもいいさ。
TROOP108_p1_35	Troops.json	0	dialogue	これで、お前に勝つ見込みもあると分かった…
TROOP108_p1_36	Troops.json	0	dialogue	そろそろ本気でいかせてもらう…！
TROOP108_p1_38	Troops.json	0	dialogue	ダフィール：
TROOP108_p1_39	Troops.json	0	dialogue	こわーーーーー！！！！！
TROOP108_p1_4	Troops.json	0	dialogue	ダフィール：
TROOP108_p1_40	Troops.json	0	dialogue	怖過ぎてムリーーーー！！！！
TROOP108_p1_42	Troops.json	0	dialogue	ダフィール：
TROOP108_p1_43	Troops.json	0	dialogue	怖過ぎるのであと5ターンで終りにしまーす
TROOP108_p1_44	Troops.json	0	dialogue	5ターン以内にボクを倒せるようにー…
TROOP108_p1_45	Troops.json	0	dialogue	せいぜいがんばってくださーーーい！！！？
TROOP108_p1_47	Troops.json	0	dialogue	ピピン：
TROOP108_p1_48	Troops.json	0	dialogue	ふざけやがって…！！
TROOP108_p1_5	Troops.json	0	dialogue	おい、赤いのさーーー
TROOP108_p1_6	Troops.json	0	dialogue	オマエ、継承者でもないのに…
TROOP108_p1_7	Troops.json	0	dialogue	ボクの炎にちょっと耐性あるよねーーー？
TROOP108_p1_9	Troops.json	0	dialogue	ピピン：
TROOP108_p2_1	Troops.json	0	dialogue	ダフィール：
TROOP108_p2_2	Troops.json	0	dialogue	ざんねんでしたーーーー！！！！
TROOP108_p2_3	Troops.json	0	dialogue	ここまででーーす　ガチバトルごっこ終わり！！
TROOP109_name	Troops.json	troop name	name	操られたピピン　裏
TROOP109_p0_1	Troops.json	0	dialogue	サクソン：
TROOP109_p0_10	Troops.json	0	dialogue	ちなみにピピンが剣ではなく、杖を持って
TROOP109_p0_11	Troops.json	0	dialogue	いるように見えるのだが…　これは…？
TROOP109_p0_13	Troops.json	0	dialogue	ロイ：
TROOP109_p0_14	Troops.json	0	dialogue	おそらくダフィールの魔力で見た目が変わって
TROOP109_p0_15	Troops.json	0	dialogue	いるのでしょう…　恐ろしい力だ…
TROOP109_p0_16	Troops.json	0	dialogue	しかしあれは剣なのです、サクソン殿！！
TROOP109_p0_2	Troops.json	0	dialogue	いけっ！　ウィン！！
TROOP109_p0_3	Troops.json	0	dialogue	ピピンなんか倒してしまえーい！！
TROOP109_p0_5	Troops.json	0	dialogue	ロイ：
TROOP109_p0_6	Troops.json	0	dialogue	ウィン！　ピピンは操られている！
TROOP109_p0_7	Troops.json	0	dialogue	何かがきっかけで正気に戻るかも知れん！
TROOP109_p0_9	Troops.json	0	dialogue	サクソン：
TROOP109_p1_1	Troops.json	0	dialogue	ピピン：
TROOP109_p1_10	Troops.json	0	dialogue	ウィン：
TROOP109_p1_11	Troops.json	0	dialogue	………。
TROOP109_p1_14	Troops.json	0	dialogue	　　　　　　　　ウィンは首を横に振った！
TROOP109_p1_2	Troops.json	0	dialogue	俺は…天才だ…
TROOP109_p1_3	Troops.json	0	dialogue	そう呼ぶのは俺だけじゃない、誰もが認める。
TROOP109_p1_5	Troops.json	0	dialogue	ピピン：
TROOP109_p1_6	Troops.json	0	dialogue	そんな俺が、貴様のような新米の小僧に、
TROOP109_p1_7	Troops.json	0	dialogue	すべてを奪われた…
TROOP109_p1_8	Troops.json	0	dialogue	その理由を、貴様は答えられるのか！？
TROOP109_p2_1	Troops.json	0	dialogue	ロイ：
TROOP109_p2_10	Troops.json	0	dialogue	ウィン：
TROOP109_p2_11	Troops.json	0	dialogue	…！
TROOP109_p2_16	Troops.json	0	dialogue	　　　　　　　ウィンは左手を高くかかげた！
TROOP109_p2_17	Troops.json	0	dialogue	　　ハヤテの魔法が発動！　ウィンの回避力がアップした！
TROOP109_p2_2	Troops.json	0	dialogue	ウィン！
TROOP109_p2_3	Troops.json	0	dialogue	風の紋章の力とお前の素早さがあれば…
TROOP109_p2_5	Troops.json	0	dialogue	ロイ：
TROOP109_p2_6	Troops.json	0	dialogue	ピピンの攻撃と言えども、
TROOP109_p2_7	Troops.json	0	dialogue	避け続けることができるはずだ！
TROOP109_p2_8	Troops.json	0	dialogue	避け続けろ！　ウィン！
TROOP109_p3_1	Troops.json	0	dialogue	ピピン：
TROOP109_p3_2	Troops.json	0	dialogue	…風の紋章の力か。
TROOP109_p3_4	Troops.json	0	dialogue	ピピン：
TROOP109_p3_5	Troops.json	0	dialogue	…俺から奪ったその力で、俺の攻撃をすべて
TROOP109_p3_6	Troops.json	0	dialogue	避け続けようと言うんだな…　ウィン！！
TROOP109_p3_8	Troops.json	0	dialogue	ウィン：
TROOP109_p3_9	Troops.json	0	dialogue	…！
TROOP109_p4_1	Troops.json	0	dialogue	ピピン：
TROOP109_p4_10	Troops.json	0	dialogue	ウィン…　手を抜いているのか…？
TROOP109_p4_12	Troops.json	0	dialogue	ウィン：
TROOP109_p4_13	Troops.json	0	dialogue	………！
TROOP109_p4_2	Troops.json	0	dialogue	ふざけているのか！　ウィン！！
TROOP109_p4_4	Troops.json	0	dialogue	サクソン：
TROOP109_p4_5	Troops.json	0	dialogue	えーい！　ウィンのやつ…
TROOP109_p4_6	Troops.json	0	dialogue	避けているばかりで、ちっともピピンに
TROOP109_p4_7	Troops.json	0	dialogue	ダメージを与えられぬではないか！
TROOP109_p4_9	Troops.json	0	dialogue	ロイ：
TROOP109_p5_1	Troops.json	0	dialogue	ピピン：
TROOP109_p5_11	Troops.json	0	dialogue	ウィン：
TROOP109_p5_12	Troops.json	0	dialogue	………。
TROOP109_p5_15	Troops.json	0	dialogue	　　　　　　ウィンは気合をこめて斬りかかった！
TROOP109_p5_18	Troops.json	0	dialogue	　　　　　　　　　…しかし力がはいらない
TROOP109_p5_2	Troops.json	0	dialogue	俺を憐れむというのか…ウィン……！！
TROOP109_p5_20	Troops.json	0	dialogue	ロイ：
TROOP109_p5_21	Troops.json	0	dialogue	ピピン！！　目を覚ませ！！
TROOP109_p5_22	Troops.json	0	dialogue	ウィンはお前を殺したくないのだ…
TROOP109_p5_23	Troops.json	0	dialogue	殺せないのだ……　ピピン…！
TROOP109_p5_25	Troops.json	0	dialogue	ピピン：
TROOP109_p5_26	Troops.json	0	dialogue	それが屈辱なんだろう…？
TROOP109_p5_27	Troops.json	0	dialogue	それが許せないんだよ…
TROOP109_p5_29	Troops.json	0	dialogue	ピピン：
TROOP109_p5_30	Troops.json	0	dialogue	俺を憐れむなと言っているだろうがああ！！！
TROOP109_p5_32	Troops.json	0	dialogue	ウィン：
TROOP109_p5_33	Troops.json	0	dialogue	………！
TROOP109_p5_35	Troops.json	0	dialogue	ウィンダム王：
TROOP109_p5_36	Troops.json	0	dialogue	もうよい！　ピピンを殺せ！
TROOP109_p5_37	Troops.json	0	dialogue	ウィンにできないのであれば…　我が斬る！！
TROOP109_p5_39	Troops.json	0	dialogue	サクソン：
TROOP109_p5_4	Troops.json	0	dialogue	ピピン：
TROOP109_p5_40	Troops.json	0	dialogue	な、ななな、なりませぬぞ陛下！！
TROOP109_p5_41	Troops.json	0	dialogue	いまのあやつに近付くなど…
TROOP109_p5_42	Troops.json	0	dialogue	ウィン以外には不可能です！！
TROOP109_p5_44	Troops.json	0	dialogue	ロイ：
TROOP109_p5_45	Troops.json	0	dialogue	サクソン殿の言う通りですぞ、陛下！
TROOP109_p5_46	Troops.json	0	dialogue	ここは、ウィンに任せてやって下さい！
TROOP109_p5_48	Troops.json	0	dialogue	ウィンダム王：
TROOP109_p5_49	Troops.json	0	dialogue	むう…
TROOP109_p5_5	Troops.json	0	dialogue	そんな風に扱われて…　俺が喜ぶと思うのか…
TROOP109_p5_7	Troops.json	0	dialogue	ピピン：
TROOP109_p5_8	Troops.json	0	dialogue	余計に情けなく…！　みじめになるだけだと…
TROOP109_p5_9	Troops.json	0	dialogue	わからないか！！　ウィン！！！
TROOP109_p6_1	Troops.json	0	dialogue	ピピン：
TROOP109_p6_11	Troops.json	0	dialogue	ピピン：
TROOP109_p6_12	Troops.json	0	dialogue	…違う　俺はこんなこと望んじゃいない…
TROOP109_p6_13	Troops.json	0	dialogue	ウィン、俺はこんなことをしたくはない…
TROOP109_p6_15	Troops.json	0	dialogue	ウィン：
TROOP109_p6_16	Troops.json	0	dialogue	…！
TROOP109_p6_18	Troops.json	0	dialogue	ロイ：
TROOP109_p6_19	Troops.json	0	dialogue	術が…　解けだしたのか…！？
TROOP109_p6_2	Troops.json	0	dialogue	…う、ううう……っ！！
TROOP109_p6_22	Troops.json	0	dialogue	ピピン：
TROOP109_p6_23	Troops.json	0	dialogue	…う、うおおおおおお…！！
TROOP109_p6_4	Troops.json	0	dialogue	サクソン：
TROOP109_p6_5	Troops.json	0	dialogue	なにやらピピンが苦しみだしたぞ…！？
TROOP109_p6_8	Troops.json	0	dialogue	ロイ：
TROOP109_p6_9	Troops.json	0	dialogue	………ピピン！
TROOP109_p7_1	Troops.json	0	dialogue	ピピン：
TROOP109_p7_11	Troops.json	0	dialogue	ピピン：
TROOP109_p7_12	Troops.json	0	dialogue	俺は死を…選ぶ…！！
TROOP109_p7_18	Troops.json	0	dialogue	　　　　　　ピピンは自らの体に斬りつけた！
TROOP109_p7_2	Troops.json	0	dialogue	クソッ　俺としたことが…
TROOP109_p7_20	Troops.json	0	dialogue	ウィン：
TROOP109_p7_21	Troops.json	0	dialogue	………！
TROOP109_p7_23	Troops.json	0	dialogue	サクソン：
TROOP109_p7_24	Troops.json	0	dialogue	なに！？
TROOP109_p7_26	Troops.json	0	dialogue	ロイ：
TROOP109_p7_27	Troops.json	0	dialogue	ああ…ピピン…！　やめろ！！
TROOP109_p7_3	Troops.json	0	dialogue	こんな術なんかに…！
TROOP109_p7_5	Troops.json	0	dialogue	ロイ：
TROOP109_p7_6	Troops.json	0	dialogue	ピピン！　正気に戻ったか！？
TROOP109_p7_8	Troops.json	0	dialogue	ピピン：
TROOP109_p7_9	Troops.json	0	dialogue	クッ…！　こんな醜態を晒すくらいなら…
TROOP109_p8_1	Troops.json	0	dialogue	ピピン：
TROOP109_p8_10	Troops.json	0	dialogue	ぐああ…！！
TROOP109_p8_12	Troops.json	0	dialogue	ウィン：
TROOP109_p8_13	Troops.json	0	dialogue	………！
TROOP109_p8_19	Troops.json	0	dialogue	　　　　　　ピピンは自らの体に斬りつけた！
TROOP109_p8_2	Troops.json	0	dialogue	…ううっ…！！
TROOP109_p8_21	Troops.json	0	dialogue	ウィン：
TROOP109_p8_22	Troops.json	0	dialogue	………！！
TROOP109_p8_24	Troops.json	0	dialogue	サクソン：
TROOP109_p8_25	Troops.json	0	dialogue	自分の身体を切り刻むことで…
TROOP109_p8_26	Troops.json	0	dialogue	術を…　術に操られた自分を封じようと
TROOP109_p8_27	Troops.json	0	dialogue	しているのか…！
TROOP109_p8_4	Troops.json	0	dialogue	ロイ：
TROOP109_p8_5	Troops.json	0	dialogue	操りの術は解けていない…
TROOP109_p8_6	Troops.json	0	dialogue	それなのに…　自らの精神力で…
TROOP109_p8_7	Troops.json	0	dialogue	術と戦っているのか…　ピピン…！
TROOP109_p8_9	Troops.json	0	dialogue	ピピン：
TROOP109_p9_1	Troops.json	0	dialogue	ピピン：
TROOP109_p9_11	Troops.json	0	dialogue	ウィン：
TROOP109_p9_12	Troops.json	0	dialogue	………！
TROOP109_p9_18	Troops.json	0	dialogue	　　　　　　ピピンは自らの体に斬りつけた！
TROOP109_p9_2	Troops.json	0	dialogue	…はぁ　…はぁ
TROOP109_p9_20	Troops.json	0	dialogue	ウィン：
TROOP109_p9_21	Troops.json	0	dialogue	………！！
TROOP109_p9_23	Troops.json	0	dialogue	サクソン：
TROOP109_p9_24	Troops.json	0	dialogue	ピピン…　なんという高潔な男…！！
TROOP109_p9_26	Troops.json	0	dialogue	ロイ：
TROOP109_p9_27	Troops.json	0	dialogue	ピピンやめろ！　もういい！！
TROOP109_p9_28	Troops.json	0	dialogue	お前の身体は　もう十分に傷付いている！！
TROOP109_p9_29	Troops.json	0	dialogue	それ以上の自傷は必要ない！！
TROOP109_p9_31	Troops.json	0	dialogue	ピピン：
TROOP109_p9_32	Troops.json	0	dialogue	……うるさいッ！！
TROOP109_p9_34	Troops.json	0	dialogue	ウィン：
TROOP109_p9_35	Troops.json	0	dialogue	…！！
TROOP109_p9_4	Troops.json	0	dialogue	ロイ：
TROOP109_p9_5	Troops.json	0	dialogue	ピピン！　死んでしまうぞ…　ピピン！
TROOP109_p9_7	Troops.json	0	dialogue	ピピン：
TROOP109_p9_8	Troops.json	0	dialogue	そろそろ…　お前らでも…
TROOP109_p9_9	Troops.json	0	dialogue	俺にトドメを刺せるだろう…
TROOP10_name	Troops.json	troop name	name	人食いハチ
TROOP110_name	Troops.json	troop name	name	雲ガメ　ボス
TROOP110_p0_1	Troops.json	0	dialogue	ナガレ：
TROOP110_p0_10	Troops.json	0	dialogue	あれは一体なんだ…　どういう構造なんだ…
TROOP110_p0_12	Troops.json	0	dialogue	ホノオ：
TROOP110_p0_13	Troops.json	0	dialogue	なんにしてもパッと見で強そうだ…
TROOP110_p0_14	Troops.json	0	dialogue	サポート系の魔法をしっかり使った方がいいな
TROOP110_p0_2	Troops.json	0	dialogue	気持ちわりいっ！！　なんだよこれ……っ！？
TROOP110_p0_4	Troops.json	0	dialogue	ホノオ：
TROOP110_p0_5	Troops.json	0	dialogue	何となくカメのようにも見えるが…
TROOP110_p0_6	Troops.json	0	dialogue	にしたってデカ過ぎんだろー！！！！
TROOP110_p0_8	Troops.json	0	dialogue	ナガレ：
TROOP110_p0_9	Troops.json	0	dialogue	そんであの甲羅から凄い勢いで出してる煙…？
TROOP110_p1_1	Troops.json	0	dialogue	ホノオ：
TROOP110_p1_2	Troops.json	0	dialogue	しっかしなんちゅーバケモンだよ…
TROOP110_p1_3	Troops.json	0	dialogue	闇のエレメントが復活すると、こんなのが
TROOP110_p1_4	Troops.json	0	dialogue	ウヨウヨする世界になっちまうのかーー！？
TROOP110_p1_6	Troops.json	0	dialogue	ナガレ：
TROOP110_p1_7	Troops.json	0	dialogue	そんな世の中になったら、とてもじゃないけど、
TROOP110_p1_8	Troops.json	0	dialogue	あたしたちが何人いても追いつかないだろうな
TROOP111_name	Troops.json	troop name	name	雷イヌ　ボス
TROOP111_p0_1	Troops.json	0	dialogue	ホノオ：
TROOP111_p0_10	Troops.json	0	dialogue	まさに異形のモノって感じだ…！
TROOP111_p0_2	Troops.json	0	dialogue	うおおおおおお！
TROOP111_p0_3	Troops.json	0	dialogue	近くで見ると、完全に…　イヌ…か？
TROOP111_p0_5	Troops.json	0	dialogue	ナガレ：
TROOP111_p0_6	Troops.json	0	dialogue	イヌ？はイヌ？でも、普通のイヌとは違う…
TROOP111_p0_7	Troops.json	0	dialogue	禍々しい殺気を周囲にばらまいてやがる…
TROOP111_p0_9	Troops.json	0	dialogue	ナガレ：
TROOP111_p1_1	Troops.json	0	dialogue	ホノオ：
TROOP111_p1_10	Troops.json	0	dialogue	…。
TROOP111_p1_2	Troops.json	0	dialogue	でけえぜーーーー！！
TROOP111_p1_3	Troops.json	0	dialogue	でもこんなのが相手でも負ける気がしねえ…　
TROOP111_p1_5	Troops.json	0	dialogue	ナガレ：
TROOP111_p1_6	Troops.json	0	dialogue	あたしらも紋章の力ですっかり異形のものに
TROOP111_p1_7	Troops.json	0	dialogue	なっちまった気がするな…
TROOP111_p1_9	Troops.json	0	dialogue	ウィン：
TROOP112_name	Troops.json	troop name	name	雲ガメ
TROOP113_name	Troops.json	troop name	name	雷イヌ
TROOP114_name	Troops.json	troop name	name	ひとつ目のアクマ
TROOP115_name	Troops.json	troop name	name	青い巨人
TROOP116_name	Troops.json	troop name	name	猛毒ヘビ*3
TROOP117_name	Troops.json	troop name	name	猛毒ヘビ*2
TROOP118_name	Troops.json	troop name	name	サヨコ
TROOP119_name	Troops.json	troop name	name	ダークフェアリー
TROOP11_name	Troops.json	troop name	name	人食いハチ*2
TROOP120_name	Troops.json	troop name	name	凍りついたヒノタマ
TROOP121_name	Troops.json	troop name	name	燃え盛るヒノタマ
TROOP122_name	Troops.json	troop name	name	サヨコ, ダークフェアリー, 猛毒ヘビ
TROOP123_name	Troops.json	troop name	name	燃え盛るヒノタマ, ダークフェアリー, 凍りついたヒノタマ
TROOP124_name	Troops.json	troop name	name	燃え盛るヒノタマ, 猛毒ヘビ, 凍りついたヒノタマ
TROOP125_name	Troops.json	troop name	name	ダークフェアリー, 燃え盛るヒノタマ, 猛毒ヘビ
TROOP126_name	Troops.json	troop name	name	ダークフェアリー, 青い巨人
TROOP127_name	Troops.json	troop name	name	燃え盛るヒノタマ, 青い巨人
TROOP128_name	Troops.json	troop name	name	青い巨人, 凍りついたヒノタマ
TROOP129_name	Troops.json	troop name	name	凄腕バンデッド
TROOP12_name	Troops.json	troop name	name	人食い草*2
TROOP130_name	Troops.json	troop name	name	凄腕バンデッド, 凍りついたヒノタマ
TROOP131_name	Troops.json	troop name	name	凄腕バンデッド, 燃え盛るヒノタマ
TROOP132_name	Troops.json	troop name	name	サヨコ, 凄腕バンデッド, 猛毒ヘビ
TROOP133_name	Troops.json	troop name	name	凄腕バンデッド, 青い巨人
TROOP135_name	Troops.json	troop name	name	大魔道士ピケピケ　裏
TROOP135_p0_1	Troops.json	0	dialogue	ホノオ：
TROOP135_p0_10	Troops.json	0	dialogue	さあああああ継承者たちよおおおおおお！！！
TROOP135_p0_12	Troops.json	0	dialogue	大魔道士ピケピケ：
TROOP135_p0_13	Troops.json	0	dialogue	私が長年…　研究！　開発！　発見！！
TROOP135_p0_14	Troops.json	0	dialogue	…してきた数々の大魔法を………
TROOP135_p0_16	Troops.json	0	dialogue	大魔道士ピケピケ：
TROOP135_p0_17	Troops.json	0	dialogue	惜しみなくすべて披露してやろう！！！！！
TROOP135_p0_2	Troops.json	0	dialogue	四天王最強の…　大魔道士…　だったよな？
TROOP135_p0_3	Troops.json	0	dialogue	ってことは当然、めちゃ強い魔法を使ってくる
TROOP135_p0_5	Troops.json	0	dialogue	ナガレ：
TROOP135_p0_6	Troops.json	0	dialogue	闇の力や魔法に耐性のあるあたし達でも、
TROOP135_p0_7	Troops.json	0	dialogue	どのくらい耐えられるのか…　わからない。
TROOP135_p0_9	Troops.json	0	dialogue	大魔道士ピケピケ：
TROOP135_p1_1	Troops.json	0	dialogue	大魔道士ピケピケ：
TROOP135_p1_11	Troops.json	0	dialogue	ホノオ：
TROOP135_p1_12	Troops.json	0	dialogue	これが四天王最強の魔法か…
TROOP135_p1_13	Troops.json	0	dialogue	なんつーか…　これといって対策がねえ！！！
TROOP135_p1_15	Troops.json	0	dialogue	大魔道士ピケピケ：
TROOP135_p1_16	Troops.json	0	dialogue	だーかーらー言ってるだろう！！？？
TROOP135_p1_17	Troops.json	0	dialogue	私は本来ラスボスポジション！！
TROOP135_p1_19	Troops.json	0	dialogue	大魔道士ピケピケ：
TROOP135_p1_2	Troops.json	0	dialogue	あー　気持ちいいいいいいいいいいいい！！！
TROOP135_p1_20	Troops.json	0	dialogue	お手軽な攻略などなあああああああいいい！！
TROOP135_p1_21	Troops.json	0	dialogue	真っ向勝負のガチバトルでしか私には勝てん！！
TROOP135_p1_4	Troops.json	0	dialogue	ナガレ：
TROOP135_p1_5	Troops.json	0	dialogue	ちょっといままで見てきた魔法とは違う…
TROOP135_p1_6	Troops.json	0	dialogue	きっと、まだ他の魔法も残しているだろうな…
TROOP135_p1_8	Troops.json	0	dialogue	大魔道士ピケピケ：
TROOP135_p1_9	Troops.json	0	dialogue	もちのローーーーーーーーーーーーン！！！！
TROOP135_p2_1	Troops.json	0	dialogue	ホノオ：
TROOP135_p2_10	Troops.json	0	dialogue	闇いんふるなんとかが広がって…
TROOP135_p2_11	Troops.json	0	dialogue	みんなが死んでしまう…！！
TROOP135_p2_13	Troops.json	0	dialogue	大魔道士ピケピケ：
TROOP135_p2_14	Troops.json	0	dialogue	闇インフルエンザについては…
TROOP135_p2_15	Troops.json	0	dialogue	正直スマンかったと思ってる。
TROOP135_p2_17	Troops.json	0	dialogue	ホノオ：
TROOP135_p2_18	Troops.json	0	dialogue	は…？
TROOP135_p2_2	Troops.json	0	dialogue	へっ…　結構戦える気がしてきたぜ…
TROOP135_p2_20	Troops.json	0	dialogue	大魔道士ピケピケ：
TROOP135_p2_21	Troops.json	0	dialogue	気に入らないものは全てを皆殺しにする…
TROOP135_p2_22	Troops.json	0	dialogue	それは、私たちが人間たちからされてきたこと
TROOP135_p2_23	Troops.json	0	dialogue	とまったく同じだ…
TROOP135_p2_25	Troops.json	0	dialogue	大魔道士ピケピケ：
TROOP135_p2_26	Troops.json	0	dialogue	だが…　もうここが限界…　ここが最後…！！
TROOP135_p2_27	Troops.json	0	dialogue	ここで大きな力を取り戻さねば…
TROOP135_p2_28	Troops.json	0	dialogue	我々が皆殺しにされてしまう…！！
TROOP135_p2_3	Troops.json	0	dialogue	なんとかなるかもな！
TROOP135_p2_30	Troops.json	0	dialogue	ナガレ：
TROOP135_p2_31	Troops.json	0	dialogue	何を言ってんだ…　こいつは…
TROOP135_p2_33	Troops.json	0	dialogue	大魔道士ピケピケ：
TROOP135_p2_34	Troops.json	0	dialogue	最後にキミたちのような楽しい人間に会えて…
TROOP135_p2_35	Troops.json	0	dialogue	うれしかったよおおおおおおおおおおお！！！
TROOP135_p2_5	Troops.json	0	dialogue	ナガレ：
TROOP135_p2_6	Troops.json	0	dialogue	ダメだ！　時間がかかり過ぎている…！
TROOP135_p2_7	Troops.json	0	dialogue	こうしている間にも…魔王とやらが誕生して…
TROOP135_p2_9	Troops.json	0	dialogue	ナガレ：
TROOP135_p3_1	Troops.json	0	dialogue	大魔道士ピケピケ：
TROOP135_p3_10	Troops.json	0	dialogue	なんもいえねええええええ！！！！！
TROOP135_p3_12	Troops.json	0	dialogue	ホノオ：
TROOP135_p3_13	Troops.json	0	dialogue	え…、いや、言いまくってるだろう……？
TROOP135_p3_15	Troops.json	0	dialogue	ナガレ：
TROOP135_p3_16	Troops.json	0	dialogue	さすがにホノオも突っ込んだ…！！
TROOP135_p3_2	Troops.json	0	dialogue	全能感…ッ！！
TROOP135_p3_3	Troops.json	0	dialogue	己の持つすべての力…感情を…！！！
TROOP135_p3_5	Troops.json	0	dialogue	大魔道士ピケピケ：
TROOP135_p3_6	Troops.json	0	dialogue	ありのまま垂れ流しに解き放つ解放感ッ！！
TROOP135_p3_8	Troops.json	0	dialogue	大魔道士ピケピケ：
TROOP135_p3_9	Troops.json	0	dialogue	きもちいいいいいいいいいいいい！！！！
TROOP135_p4_1	Troops.json	0	dialogue	大魔道士ピケピケ：
TROOP135_p4_11	Troops.json	0	dialogue	大魔道士ピケピケ：
TROOP135_p4_12	Troops.json	0	dialogue	やるじゃん　キミたちーーーーーーー！！！！
TROOP135_p4_14	Troops.json	0	dialogue	大魔道士ピケピケ：
TROOP135_p4_15	Troops.json	0	dialogue	私もちゃんと全ての力を使い切れるように…
TROOP135_p4_16	Troops.json	0	dialogue	頑張るよおおおおおおおお…ッ！！
TROOP135_p4_17	Troops.json	0	dialogue	かきゅごしりょよおおおおお！！！？？
TROOP135_p4_19	Troops.json	0	dialogue	ホノオ：
TROOP135_p4_2	Troops.json	0	dialogue	あー　これちょっとやばい…
TROOP135_p4_20	Troops.json	0	dialogue	くっ！！　すげえ気合だ！！
TROOP135_p4_22	Troops.json	0	dialogue	ナガレ：
TROOP135_p4_23	Troops.json	0	dialogue	噛みまくってんのに一切後悔していない！！
TROOP135_p4_4	Troops.json	0	dialogue	大魔道士ピケピケ：
TROOP135_p4_5	Troops.json	0	dialogue	えーいまちょうどですねー
TROOP135_p4_6	Troops.json	0	dialogue	私のＨＰが半分になりました！！！！！！！
TROOP135_p4_8	Troops.json	0	dialogue	ホノオ：
TROOP135_p4_9	Troops.json	0	dialogue	えー！！？？　なんだそれ、親切だな！！！？
TROOP135_p5_1	Troops.json	0	dialogue	大魔道士ピケピケ：
TROOP135_p5_10	Troops.json	0	dialogue	大魔道士ピケピケ：
TROOP135_p5_11	Troops.json	0	dialogue	私にもっとエレメントパワーを………
TROOP135_p5_13	Troops.json	0	dialogue	大魔道士ピケピケ：
TROOP135_p5_14	Troops.json	0	dialogue	もっと力おおおおおおおおおおおッ！！！！！
TROOP135_p5_2	Troops.json	0	dialogue	あっ　走馬灯………　お花畑見えてきた…
TROOP135_p5_21	Troops.json	0	dialogue	　　　　　大魔道士ピケピケの魔力が暴走した！！
TROOP135_p5_24	Troops.json	0	dialogue	　　　　　ピケピケから猛烈な闇の波動を感じる！！
TROOP135_p5_26	Troops.json	0	dialogue	ホノオ：
TROOP135_p5_27	Troops.json	0	dialogue	うおっ！？　マジかこいつ…！！
TROOP135_p5_29	Troops.json	0	dialogue	ナガレ：
TROOP135_p5_30	Troops.json	0	dialogue	くっ…！！　気圧されるな！！
TROOP135_p5_31	Troops.json	0	dialogue	いまのあたしたちなら、やれるはずだ！！
TROOP135_p5_4	Troops.json	0	dialogue	ホノオ：
TROOP135_p5_5	Troops.json	0	dialogue	おい…大丈夫か！？
TROOP135_p5_7	Troops.json	0	dialogue	ナガレ：
TROOP135_p5_8	Troops.json	0	dialogue	敵を心配なくていいんだよ！！
TROOP136_name	Troops.json	troop name	name	ミケーネ　裏
TROOP136_p0_1	Troops.json	0	dialogue	ナガレ：
TROOP136_p0_10	Troops.json	0	dialogue	…へえ。
TROOP136_p0_2	Troops.json	0	dialogue	…ほとんど魔法での攻撃なしの殴り合いなら、
TROOP136_p0_3	Troops.json	0	dialogue	テッペキを二回使えば有利に戦えるはず。
TROOP136_p0_5	Troops.json	0	dialogue	ミケーネ：
TROOP136_p0_6	Troops.json	0	dialogue	自分自身を強化する魔法を持っているのが、
TROOP136_p0_7	Troops.json	0	dialogue	あなただけだと思ったら間違いよ？
TROOP136_p0_9	Troops.json	0	dialogue	ナガレ：
TROOP136_p1_1	Troops.json	0	dialogue	ナガレ：
TROOP136_p1_10	Troops.json	0	dialogue	ナガレ：
TROOP136_p1_11	Troops.json	0	dialogue	そんなスキをあたしは晒さない！
TROOP136_p1_2	Troops.json	0	dialogue	氷の魔法はあたしに利かない！
TROOP136_p1_3	Troops.json	0	dialogue	無駄なことはやめるんだ！
TROOP136_p1_5	Troops.json	0	dialogue	ミケーネ：
TROOP136_p1_6	Troops.json	0	dialogue	どうかしら？
TROOP136_p1_7	Troops.json	0	dialogue	一瞬のスキを突いて、至近距離から放てば、
TROOP136_p1_8	Troops.json	0	dialogue	あなたでも無効化できないと思うけど…。
TROOP136_p2_1	Troops.json	0	dialogue	ミケーネ：
TROOP136_p2_10	Troops.json	0	dialogue	あなたたちのご先祖様じゃないの？
TROOP136_p2_12	Troops.json	0	dialogue	ナガレ：
TROOP136_p2_13	Troops.json	0	dialogue	…知らない！
TROOP136_p2_2	Troops.json	0	dialogue	あなたのつばめ返しって剣術…すごいわね。
TROOP136_p2_3	Troops.json	0	dialogue	まるでサムライの使う剣術だわ。
TROOP136_p2_5	Troops.json	0	dialogue	ナガレ：
TROOP136_p2_6	Troops.json	0	dialogue	…サムライ？　なんだそれは？
TROOP136_p2_8	Troops.json	0	dialogue	ミケーネ：
TROOP136_p2_9	Troops.json	0	dialogue	そういうひとたちがいたのよ…
TROOP136_p3_1	Troops.json	0	dialogue	ミケーネ：
TROOP136_p3_10	Troops.json	0	dialogue	ミケーネ：
TROOP136_p3_11	Troops.json	0	dialogue	自信があるのは結構だけれど、
TROOP136_p3_12	Troops.json	0	dialogue	その余裕が、突然あなたの足をすくうのよ。
TROOP136_p3_14	Troops.json	0	dialogue	ナガレ：
TROOP136_p3_15	Troops.json	0	dialogue	ご忠告感謝するよ、ミケーネ！！
TROOP136_p3_2	Troops.json	0	dialogue	油断しないことね…
TROOP136_p3_3	Troops.json	0	dialogue	あたしは絶対に勝つ気でいるわよ。
TROOP136_p3_5	Troops.json	0	dialogue	ナガレ：
TROOP136_p3_6	Troops.json	0	dialogue	大したもんだ…
TROOP136_p3_7	Troops.json	0	dialogue	あたしの剣をこんなに受けて立っている相手は
TROOP136_p3_8	Troops.json	0	dialogue	あんたで初めてだよ。
TROOP136_p4_1	Troops.json	0	dialogue	ミケーネ：
TROOP136_p4_2	Troops.json	0	dialogue	うっ…　あと少し…　あと少しで…！！
TROOP136_p4_4	Troops.json	0	dialogue	ナガレ：
TROOP136_p4_5	Troops.json	0	dialogue	ああ、あと少しだ…　
TROOP136_p4_6	Troops.json	0	dialogue	あと少しで…　あたしの勝ちだあああああ！！
TROOP137_name	Troops.json	troop name	name	ナウー　裏
TROOP137_p0_1	Troops.json	0	dialogue	ホノオ：
TROOP137_p0_10	Troops.json	0	dialogue	オレの方はバンバン使ってくからよー！！
TROOP137_p0_12	Troops.json	0	dialogue	ナウー：
TROOP137_p0_13	Troops.json	0	dialogue	……。
TROOP137_p0_2	Troops.json	0	dialogue	アンタって前のバトルまではよー…
TROOP137_p0_3	Troops.json	0	dialogue	魔法とか、全然使わなかったよなー？
TROOP137_p0_5	Troops.json	0	dialogue	ホノオ：
TROOP137_p0_6	Troops.json	0	dialogue	本当は使えたりするんだろー？
TROOP137_p0_7	Troops.json	0	dialogue	いいんだぜ、使ってくれて。
TROOP137_p0_9	Troops.json	0	dialogue	ホノオ：
TROOP137_p1_1	Troops.json	0	dialogue	ホノオ：
TROOP137_p1_10	Troops.json	0	dialogue	ホノオ：
TROOP137_p1_11	Troops.json	0	dialogue	それともオレが強くなり過ぎて…
TROOP137_p1_12	Troops.json	0	dialogue	本気のアンタの圧倒的パワーすら
TROOP137_p1_13	Troops.json	0	dialogue	怖くなくなっちまったってことかー？
TROOP137_p1_15	Troops.json	0	dialogue	ナウー：
TROOP137_p1_16	Troops.json	0	dialogue	…。
TROOP137_p1_2	Troops.json	0	dialogue	…なんだよ？
TROOP137_p1_3	Troops.json	0	dialogue	確かにデカくなって…
TROOP137_p1_4	Troops.json	0	dialogue	パワーは増してるみてーだけどよー
TROOP137_p1_6	Troops.json	0	dialogue	ホノオ：
TROOP137_p1_7	Troops.json	0	dialogue	変わり映えしねーぜ？
TROOP137_p1_8	Troops.json	0	dialogue	本当にこんなモンか、ナウー！？
TROOP137_p2_1	Troops.json	0	dialogue	ホノオ：
TROOP137_p2_10	Troops.json	0	dialogue	どっちなんだよ、本当は魔法があるのかよ！！
TROOP137_p2_11	Troops.json	0	dialogue	少しは喋ってくれーーーーー！！
TROOP137_p2_2	Troops.json	0	dialogue	だーかーらー…
TROOP137_p2_3	Troops.json	0	dialogue	前と同じパターンの攻撃ばっかじゃ、
TROOP137_p2_4	Troops.json	0	dialogue	いくらパワーがあっても通用しねーぜ！！
TROOP137_p2_6	Troops.json	0	dialogue	ナウー：
TROOP137_p2_7	Troops.json	0	dialogue	…。
TROOP137_p2_9	Troops.json	0	dialogue	ホノオ：
TROOP137_p3_1	Troops.json	0	dialogue	ホノオ：
TROOP137_p3_10	Troops.json	0	dialogue	ホノオ：
TROOP137_p3_11	Troops.json	0	dialogue	う…お………　　なんだって…？
TROOP137_p3_13	Troops.json	0	dialogue	ナウー：
TROOP137_p3_14	Troops.json	0	dialogue	…光の柱に　魔力を注ぎ込んだ　我らには…
TROOP137_p3_16	Troops.json	0	dialogue	ナウー：
TROOP137_p3_17	Troops.json	0	dialogue	…これで　本気なのだ　ホノオ…
TROOP137_p3_19	Troops.json	0	dialogue	ホノオ：
TROOP137_p3_2	Troops.json	0	dialogue	こんなモンか…　ナウー…
TROOP137_p3_20	Troops.json	0	dialogue	…くっ！　そうかよ…
TROOP137_p3_22	Troops.json	0	dialogue	ホノオ：
TROOP137_p3_23	Troops.json	0	dialogue	それならそれでしかたねえ…
TROOP137_p3_24	Troops.json	0	dialogue	でもこっちは本気で行かせてもらうぜ…
TROOP137_p3_26	Troops.json	0	dialogue	ホノオ：
TROOP137_p3_27	Troops.json	0	dialogue	急いでるんだ…　使命があるんだオレには！！
TROOP137_p3_29	Troops.json	0	dialogue	ナウー：
TROOP137_p3_30	Troops.json	0	dialogue	………コクリ
TROOP137_p3_4	Troops.json	0	dialogue	ホノオ：
TROOP137_p3_5	Troops.json	0	dialogue	アンタの力が、こんなモンなワケがねえだろ！
TROOP137_p3_7	Troops.json	0	dialogue	ナウー：
TROOP137_p3_8	Troops.json	0	dialogue	…我は本気だ　ホノオよ
TROOP137_p4_1	Troops.json	0	dialogue	ホノオ：
TROOP137_p4_14	Troops.json	0	dialogue	　　　　　　ナウーは不思議な構えを取った！
TROOP137_p4_17	Troops.json	0	dialogue	　　　　　　ナウーの反撃確率がアップした！
TROOP137_p4_18	Troops.json	0	dialogue	　　　　　　ナウーのぼうぎょ力がアップした！
TROOP137_p4_2	Troops.json	0	dialogue	…今のは効いたはず…！！
TROOP137_p4_20	Troops.json	0	dialogue	ホノオ：
TROOP137_p4_21	Troops.json	0	dialogue	…なんだあ？　　へへ…　とにかく…
TROOP137_p4_22	Troops.json	0	dialogue	やっと新しい技を見せてくれるみてえだなー
TROOP137_p4_24	Troops.json	0	dialogue	ホノオ：
TROOP137_p4_25	Troops.json	0	dialogue	…だが、アンタはもう瀕死のはずだ…
TROOP137_p4_26	Troops.json	0	dialogue	こっちの攻撃の手は緩めねえぜーーー！！！！
TROOP137_p4_4	Troops.json	0	dialogue	ナウー：
TROOP137_p4_5	Troops.json	0	dialogue	……。
TROOP138_name	Troops.json	troop name	name	魔王ダフィール一回目　裏
TROOP138_p0_1	Troops.json	0	dialogue	魔王ダフィール：
TROOP138_p0_10	Troops.json	0	dialogue	すぐに死なれちゃったらつまんないからさあ？
TROOP138_p0_2	Troops.json	0	dialogue	さあて…　魔王になったボクの力が、
TROOP138_p0_3	Troops.json	0	dialogue	いったいどれだけ凄いのかを…
TROOP138_p0_5	Troops.json	0	dialogue	魔王ダフィール：
TROOP138_p0_6	Troops.json	0	dialogue	試させてもらうねー？
TROOP138_p0_7	Troops.json	0	dialogue	本気で耐えてねー
TROOP138_p0_9	Troops.json	0	dialogue	魔王ダフィール：
TROOP138_p1_1	Troops.json	0	dialogue	魔王ダフィール：
TROOP138_p1_10	Troops.json	0	dialogue	…んだよ　死ねよ！！！！！！
TROOP138_p1_11	Troops.json	0	dialogue	魔王のボクが攻撃してるんだぞーーー！！！？
TROOP138_p1_2	Troops.json	0	dialogue	アレー？
TROOP138_p1_3	Troops.json	0	dialogue	意外と耐えちゃったねえ…　1ターン！！
TROOP138_p1_5	Troops.json	0	dialogue	魔王ダフィール：
TROOP138_p1_6	Troops.json	0	dialogue	やるじゃーーーーん！！
TROOP138_p1_7	Troops.json	0	dialogue	意外と楽しませてくれるんだねー！？
TROOP138_p1_9	Troops.json	0	dialogue	魔王ダフィール：
TROOP139_name	Troops.json	troop name	name	魔王ダフィール本番　裏
TROOP139_p0_1	Troops.json	0	dialogue	ピピン：
TROOP139_p0_10	Troops.json	0	dialogue	ウィン：
TROOP139_p0_11	Troops.json	0	dialogue	…！
TROOP139_p0_14	Troops.json	0	dialogue	　　　　　　　　　ウィンはうなずいた！
TROOP139_p0_2	Troops.json	0	dialogue	奴の炎の魔法は俺の魔法で相殺できる。
TROOP139_p0_3	Troops.json	0	dialogue	しかし魔王とか名乗るくらいだ…
TROOP139_p0_4	Troops.json	0	dialogue	他にも危険な技があるかも知れん。
TROOP139_p0_6	Troops.json	0	dialogue	ピピン：
TROOP139_p0_7	Troops.json	0	dialogue	気を引き締めつつも、チャンスと見れば
TROOP139_p0_8	Troops.json	0	dialogue	一気に攻めるぞ！！
TROOP139_p1_1	Troops.json	0	dialogue	魔王ダフィール：
TROOP139_p1_10	Troops.json	0	dialogue	拍子抜けだな…
TROOP139_p1_11	Troops.json	0	dialogue	ウィン、さっさと決めてしまおう。
TROOP139_p1_2	Troops.json	0	dialogue	赤いのがジャマだ…
TROOP139_p1_3	Troops.json	0	dialogue	赤いのがジャマなんだよーー！！！！
TROOP139_p1_5	Troops.json	0	dialogue	ピピン：
TROOP139_p1_6	Troops.json	0	dialogue	おいおい…
TROOP139_p1_7	Troops.json	0	dialogue	魔王ってのはこんなモンなのか？
TROOP139_p1_9	Troops.json	0	dialogue	ピピン：
TROOP139_p2_1	Troops.json	0	dialogue	魔王ダフィール：
TROOP139_p2_10	Troops.json	0	dialogue	派手なナリをしているだけのことはあるか。
TROOP139_p2_2	Troops.json	0	dialogue	くっそおおおおおおおおおおお！！！！！！
TROOP139_p2_4	Troops.json	0	dialogue	魔王ダフィール：
TROOP139_p2_5	Troops.json	0	dialogue	ボクは魔王なんだ…
TROOP139_p2_6	Troops.json	0	dialogue	こんなところで終わってたまるかー！！！！
TROOP139_p2_8	Troops.json	0	dialogue	ピピン：
TROOP139_p2_9	Troops.json	0	dialogue	意外とタフだな。
TROOP139_p3_1	Troops.json	0	dialogue	魔王ダフィール：
TROOP139_p3_2	Troops.json	0	dialogue	もっとパワーを…
TROOP139_p3_3	Troops.json	0	dialogue	闇のエレメントパワーをおおおおお！！！！
TROOP139_p3_5	Troops.json	0	dialogue	ピピン：
TROOP139_p3_6	Troops.json	0	dialogue	時間をかけると、奴がパワーアップしてしまう
TROOP139_p3_7	Troops.json	0	dialogue	かも知れん…
TROOP139_p3_8	Troops.json	0	dialogue	ウィン、急ぐぞ！
TROOP139_p4_1	Troops.json	0	dialogue	魔王ダフィール：
TROOP139_p4_10	Troops.json	0	dialogue	闇のエレメントパワー自体と同化すると…
TROOP139_p4_11	Troops.json	0	dialogue	自我を保てるかどうかわからないって…
TROOP139_p4_13	Troops.json	0	dialogue	魔王ダフィール：
TROOP139_p4_14	Troops.json	0	dialogue	だからこそ、四天王の中で最も強いピケピケが
TROOP139_p4_15	Troops.json	0	dialogue	魔王になるはずだった…
TROOP139_p4_17	Troops.json	0	dialogue	ピピン：
TROOP139_p4_18	Troops.json	0	dialogue	フン、分からんでもない…
TROOP139_p4_19	Troops.json	0	dialogue	お前のようなガキに、自我を保つことが
TROOP139_p4_2	Troops.json	0	dialogue	もう…　ダメだ…　終わりだ…
TROOP139_p4_20	Troops.json	0	dialogue	できるとは思えないからな。
TROOP139_p4_22	Troops.json	0	dialogue	魔王ダフィール：
TROOP139_p4_23	Troops.json	0	dialogue	ボクは嫌だった…
TROOP139_p4_24	Troops.json	0	dialogue	どんなに強大な力を得られるとしても、
TROOP139_p4_25	Troops.json	0	dialogue	自分がいなくなってしまうなんて…
TROOP139_p4_27	Troops.json	0	dialogue	魔王ダフィール：
TROOP139_p4_28	Troops.json	0	dialogue	だけど…　もう終わりだ…
TROOP139_p4_29	Troops.json	0	dialogue	こんなダサいやられ方するくらいなら…
TROOP139_p4_31	Troops.json	0	dialogue	魔王ダフィール：
TROOP139_p4_32	Troops.json	0	dialogue	もうどうなってもいい…
TROOP139_p4_33	Troops.json	0	dialogue	オマエらだけは絶対にぶっ殺す…！！！！
TROOP139_p4_35	Troops.json	0	dialogue	ピピン：
TROOP139_p4_36	Troops.json	0	dialogue	…！！
TROOP139_p4_37	Troops.json	0	dialogue	まずい！！　ウィン離れろ！！
TROOP139_p4_4	Troops.json	0	dialogue	ピピン：
TROOP139_p4_5	Troops.json	0	dialogue	なんだ、降参か？
TROOP139_p4_6	Troops.json	0	dialogue	悪いが、受け入れられないぞ。
TROOP139_p4_8	Troops.json	0	dialogue	魔王ダフィール：
TROOP139_p4_9	Troops.json	0	dialogue	ピケピケが言っていた…
TROOP13_name	Troops.json	troop name	name	新米バンデッド
TROOP140_name	Troops.json	troop name	name	大魔王ダフィール　裏
TROOP140_p0_1	Troops.json	0	dialogue	大魔王ダフィール：
TROOP140_p0_10	Troops.json	0	dialogue	う…ぐぐぐがガガガァァ……！！
TROOP140_p0_12	Troops.json	0	dialogue	大魔王ダフィール：
TROOP140_p0_13	Troops.json	0	dialogue	オマエらも一緒に飲み込まれろォォォ…ッ！！
TROOP140_p0_15	Troops.json	0	dialogue	ピピン：
TROOP140_p0_16	Troops.json	0	dialogue	ウィン！　立て直すぞ！！
TROOP140_p0_17	Troops.json	0	dialogue	魔法、アイテム…使い尽くすつもりで行け！
TROOP140_p0_19	Troops.json	0	dialogue	ウィン：
TROOP140_p0_2	Troops.json	0	dialogue	グググダダダハハハハーーッ……！！！
TROOP140_p0_20	Troops.json	0	dialogue	…！
TROOP140_p0_23	Troops.json	0	dialogue	　　　　　　　　　ウィンはうなずいた！
TROOP140_p0_4	Troops.json	0	dialogue	大魔王ダフィール：
TROOP140_p0_5	Troops.json	0	dialogue	流れ込んでくるゾオオオオオゥゥゥゥ……
TROOP140_p0_6	Troops.json	0	dialogue	とてつもないパワーガアアァァァ……
TROOP140_p0_8	Troops.json	0	dialogue	大魔王ダフィール：
TROOP140_p0_9	Troops.json	0	dialogue	飲み込まれる…飲み込まれてしまう……
TROOP140_p10_1	Troops.json	0	dialogue	大魔王ダフィール：
TROOP140_p10_10	Troops.json	0	dialogue	いイイイィィやぁぁぁだあああぁーーッ！！！
TROOP140_p10_12	Troops.json	0	dialogue	ピピン：
TROOP140_p10_13	Troops.json	0	dialogue	ダフィール！！　
TROOP140_p10_14	Troops.json	0	dialogue	まだ俺の声が聞こえているなら…
TROOP140_p10_16	Troops.json	0	dialogue	ピピン：
TROOP140_p10_17	Troops.json	0	dialogue	老いぼれや無能の先輩がたなど無視して…
TROOP140_p10_18	Troops.json	0	dialogue	俺たちとのバトルに集中しろ…！！
TROOP140_p10_2	Troops.json	0	dialogue	ウウゥゥ…グガガアァァァーー…ッ！！！！
TROOP140_p10_20	Troops.json	0	dialogue	大魔王ダフィール：
TROOP140_p10_21	Troops.json	0	dialogue	…な…にぃ…？
TROOP140_p10_22	Troops.json	0	dialogue	赤い…の………？
TROOP140_p10_24	Troops.json	0	dialogue	ピピン：
TROOP140_p10_25	Troops.json	0	dialogue	何よりも自分を失いたくないと思う気持ち…
TROOP140_p10_26	Troops.json	0	dialogue	それは、お前の誇りだ…プライドだ。
TROOP140_p10_28	Troops.json	0	dialogue	大魔王ダフィール：
TROOP140_p10_29	Troops.json	0	dialogue	…誇り…　ボクの…？
TROOP140_p10_31	Troops.json	0	dialogue	ピピン：
TROOP140_p10_32	Troops.json	0	dialogue	ムダなまでにデカい、オマエのその誇り…
TROOP140_p10_33	Troops.json	0	dialogue	…それは誰にも消せん！！
TROOP140_p10_34	Troops.json	0	dialogue	自分ですら持て余しているくせに…
TROOP140_p10_36	Troops.json	0	dialogue	ピピン：
TROOP140_p10_37	Troops.json	0	dialogue	これだけ極限の状況ですら…
TROOP140_p10_38	Troops.json	0	dialogue	仲間の思いよりも、自分の都合を捨てられん…
TROOP140_p10_39	Troops.json	0	dialogue	何て自己中、ナルシストだ…
TROOP140_p10_4	Troops.json	0	dialogue	大魔王ダフィール：
TROOP140_p10_41	Troops.json	0	dialogue	大魔王ダフィール：
TROOP140_p10_42	Troops.json	0	dialogue	お…オマエに言われたくねーーーーーーー！！
TROOP140_p10_44	Troops.json	0	dialogue	ピピン：
TROOP140_p10_45	Troops.json	0	dialogue	なら腹をくくれと言ってるんだ…。
TROOP140_p10_46	Troops.json	0	dialogue	くくれず、外野を無視できないままなら、
TROOP140_p10_47	Troops.json	0	dialogue	結局お前はその程度だということだ！！
TROOP140_p10_49	Troops.json	0	dialogue	大魔王ダフィール：
TROOP140_p10_5	Troops.json	0	dialogue	このまま全て闇のエレメントに飲み込まれ…
TROOP140_p10_50	Troops.json	0	dialogue	…偉そうに…オマエ……
TROOP140_p10_51	Troops.json	0	dialogue	ボクの兄ちゃんみたいなコト言いやがってェ…
TROOP140_p10_53	Troops.json	0	dialogue	ピピン：
TROOP140_p10_54	Troops.json	0	dialogue	フン、四天王にも兄弟がいるとはな…。
TROOP140_p10_56	Troops.json	0	dialogue	大魔王ダフィール：
TROOP140_p10_57	Troops.json	0	dialogue	…ボクだって元々はヒトの子だ…
TROOP140_p10_58	Troops.json	0	dialogue	好きで四天王になった奴なんて………
TROOP140_p10_6	Troops.json	0	dialogue	オマエらにも飲み込まれて………
TROOP140_p10_60	Troops.json	0	dialogue	大魔王ダフィール：
TROOP140_p10_61	Troops.json	0	dialogue	いないンだよォォオオーー…ッ！！！！！
TROOP140_p10_63	Troops.json	0	dialogue	ピピン：
TROOP140_p10_64	Troops.json	0	dialogue	………。
TROOP140_p10_7	Troops.json	0	dialogue	消えてしまうなんてイヤだ………
TROOP140_p10_9	Troops.json	0	dialogue	大魔王ダフィール：
TROOP140_p11_1	Troops.json	0	dialogue	ピピン：
TROOP140_p11_10	Troops.json	0	dialogue	ピピン：
TROOP140_p11_11	Troops.json	0	dialogue	…それでも兄がいたことといい、
TROOP140_p11_12	Troops.json	0	dialogue	その自己中な性格といい…、
TROOP140_p11_13	Troops.json	0	dialogue	それは人間の頃から変わらないんだろうが…？
TROOP140_p11_15	Troops.json	0	dialogue	ピピン：
TROOP140_p11_16	Troops.json	0	dialogue	…なら、お前にも他の四天王と同じように…
TROOP140_p11_17	Troops.json	0	dialogue	お前なりの歴史や感情があるってことだ…
TROOP140_p11_18	Troops.json	0	dialogue	なのになぜ、まだ他の四天王に気兼ねする？
TROOP140_p11_2	Troops.json	0	dialogue	お前にも兄がいたらしい…
TROOP140_p11_20	Troops.json	0	dialogue	ピピン：
TROOP140_p11_21	Troops.json	0	dialogue	だからこれはもうお前の戦いだ…
TROOP140_p11_22	Troops.json	0	dialogue	お前だけの都合で、好きなケジメの付け方して
TROOP140_p11_23	Troops.json	0	dialogue	いいだろうが…！！
TROOP140_p11_25	Troops.json	0	dialogue	大魔王ダフィール：
TROOP140_p11_26	Troops.json	0	dialogue	……ッ
TROOP140_p11_3	Troops.json	0	dialogue	しかも以前は人間だったとはな…
TROOP140_p11_5	Troops.json	0	dialogue	大魔王ダフィール：
TROOP140_p11_6	Troops.json	0	dialogue	…もう殆ど覚えちゃいない………ッ！！
TROOP140_p11_7	Troops.json	0	dialogue	強い闇のエレメントパワー自体が元々人間を
TROOP140_p11_8	Troops.json	0	dialogue	蝕むものだからなァァーーーッ！！！！
TROOP140_p1_1	Troops.json	0	dialogue	大魔王ダフィール：
TROOP140_p1_10	Troops.json	0	dialogue	出来るのか…！？
TROOP140_p1_2	Troops.json	0	dialogue	うう…おおオオオォォー…！！！！
TROOP140_p1_4	Troops.json	0	dialogue	大魔王ダフィール：
TROOP140_p1_5	Troops.json	0	dialogue	流れ込んでくる…！！
TROOP140_p1_6	Troops.json	0	dialogue	この力はァァァ…　ミケェェネかあァァ…！！
TROOP140_p1_8	Troops.json	0	dialogue	ピピン：
TROOP140_p1_9	Troops.json	0	dialogue	…こいつ、他の四天王の力を吸収することも
TROOP140_p2_1	Troops.json	0	dialogue	大魔王ダフィール：
TROOP140_p2_10	Troops.json	0	dialogue	感情…なのかァァァ……
TROOP140_p2_11	Troops.json	0	dialogue	ううおおああアァァー…！！！！
TROOP140_p2_12	Troops.json	0	dialogue	入って来るなァーーーーーッ…！！！！
TROOP140_p2_14	Troops.json	0	dialogue	ピピン：
TROOP140_p2_15	Troops.json	0	dialogue	…フン、どうやら四天王の力だけでなく、
TROOP140_p2_16	Troops.json	0	dialogue	その人格も吸収してしまうようだな…
TROOP140_p2_18	Troops.json	0	dialogue	ピピン：
TROOP140_p2_19	Troops.json	0	dialogue	そんな連中の人格までをも吸収してしまって、
TROOP140_p2_2	Troops.json	0	dialogue	ううおおああアァァー…！！！！
TROOP140_p2_20	Troops.json	0	dialogue	果たしてキサマのようなガキンチョが自分を
TROOP140_p2_21	Troops.json	0	dialogue	保てるか…　見ものだな、ダフィール…！！
TROOP140_p2_23	Troops.json	0	dialogue	大魔王ダフィール：
TROOP140_p2_24	Troops.json	0	dialogue	グググゥゥ………オオアアァァ…ッ！！！
TROOP140_p2_3	Troops.json	0	dialogue	やめろ！！　入って来るなァッ…！！
TROOP140_p2_5	Troops.json	0	dialogue	大魔王ダフィール：
TROOP140_p2_6	Troops.json	0	dialogue	ミィィケェェネェー………
TROOP140_p2_7	Troops.json	0	dialogue	これはオマエのキオクなのかぁぁ……
TROOP140_p2_9	Troops.json	0	dialogue	大魔王ダフィール：
TROOP140_p3_1	Troops.json	0	dialogue	大魔王ダフィール：
TROOP140_p3_10	Troops.json	0	dialogue	ピピン：
TROOP140_p3_11	Troops.json	0	dialogue	早くも自分を失いかけているようだな…
TROOP140_p3_12	Troops.json	0	dialogue	ダフィール…！！
TROOP140_p3_14	Troops.json	0	dialogue	ピピン：
TROOP140_p3_15	Troops.json	0	dialogue	それがキサマの弱さだ…
TROOP140_p3_16	Troops.json	0	dialogue	どれだけ強大な力を手にしようと…
TROOP140_p3_17	Troops.json	0	dialogue	内に強さを持たないものに、その力は扱えん！！
TROOP140_p3_19	Troops.json	0	dialogue	大魔王ダフィール：
TROOP140_p3_2	Troops.json	0	dialogue	ミケーネぶりざーどおお…はああああ
TROOP140_p3_20	Troops.json	0	dialogue	ググガガガ…ガガアアァァーッ！！！！
TROOP140_p3_21	Troops.json	0	dialogue	オマエも黙れえええェェェーーッ…！！！！
TROOP140_p3_3	Troops.json	0	dialogue	効かない…効かない…！！！！
TROOP140_p3_4	Troops.json	0	dialogue	そんなコト分かってるよ…！！！！！
TROOP140_p3_6	Troops.json	0	dialogue	大魔王ダフィール：
TROOP140_p3_7	Troops.json	0	dialogue	うるさあああああいいイイィィッ！！！！
TROOP140_p3_8	Troops.json	0	dialogue	黙れレレエエェェェーーーーッ！！！！！
TROOP140_p4_1	Troops.json	0	dialogue	大魔王ダフィール：
TROOP140_p4_12	Troops.json	0	dialogue	　　　　　　　　さらに反撃確率もアップ！！
TROOP140_p4_13	Troops.json	0	dialogue	　　　　　　ダフィ－ルの構えにスキがなくなった！！
TROOP140_p4_16	Troops.json	0	dialogue	大魔王ダフィール：
TROOP140_p4_17	Troops.json	0	dialogue	力だけェェェ…　力だけ寄こせェェ…！！
TROOP140_p4_18	Troops.json	0	dialogue	オマエらの…こんなフクザツでカイキな……
TROOP140_p4_2	Troops.json	0	dialogue	………………。
TROOP140_p4_20	Troops.json	0	dialogue	大魔王ダフィール：
TROOP140_p4_21	Troops.json	0	dialogue	ややこしい感情と歴史はいらない…ッ！！
TROOP140_p4_22	Troops.json	0	dialogue	チカラだけをヨコセェェェー……ッ！！！！
TROOP140_p4_24	Troops.json	0	dialogue	ピピン：
TROOP140_p4_25	Troops.json	0	dialogue	自分にすべてを託して散っていった仲間の、
TROOP140_p4_26	Troops.json	0	dialogue	その思い…その重さ…　すべて拒否するか…
TROOP140_p4_28	Troops.json	0	dialogue	ピピン：
TROOP140_p4_29	Troops.json	0	dialogue	…ヘドが出るほどのガキンチョだな…。
TROOP140_p4_30	Troops.json	0	dialogue	まるで、俺みたいだぜ…！！
TROOP140_p4_4	Troops.json	0	dialogue	大魔王ダフィール：
TROOP140_p4_5	Troops.json	0	dialogue	なんでいまボクは黙ったァァ……！！
TROOP140_p4_6	Troops.json	0	dialogue	オマエだな……ヌヌアアアウウゥゥゥー…！！
TROOP140_p4_9	Troops.json	0	dialogue	　大魔王ダフィールの攻撃力とぼうぎょ力がアップした！！
TROOP140_p5_1	Troops.json	0	dialogue	大魔王ダフィール：
TROOP140_p5_10	Troops.json	0	dialogue	そして…　めちゃくちゃ難解な感情なんだ…
TROOP140_p5_16	Troops.json	0	dialogue	　　　　ダフィールから猛烈な闇の波動を感じる！！
TROOP140_p5_17	Troops.json	0	dialogue	　　　　　　　ダフィールの魔力が暴走した！！
TROOP140_p5_19	Troops.json	0	dialogue	大魔王ダフィール：
TROOP140_p5_2	Troops.json	0	dialogue	グガガダダガハハハァァァー……ッ！！！！
TROOP140_p5_20	Troops.json	0	dialogue	ピ…ケ…ピ…ケエエェェーー……ッ！！！！
TROOP140_p5_22	Troops.json	0	dialogue	ピピン：
TROOP140_p5_23	Troops.json	0	dialogue	クッ…！！
TROOP140_p5_24	Troops.json	0	dialogue	なんだ…気圧される…！！
TROOP140_p5_25	Troops.json	0	dialogue	ウィン…これがあのピ何とかの力なのか…！？
TROOP140_p5_27	Troops.json	0	dialogue	ウィン：
TROOP140_p5_28	Troops.json	0	dialogue	………！！
TROOP140_p5_30	Troops.json	0	dialogue	大魔王ダフィール：
TROOP140_p5_31	Troops.json	0	dialogue	逆らうな…　逆らってはならんンンのだぁ…
TROOP140_p5_32	Troops.json	0	dialogue	闇の力の奔流からからァァ……！！！！
TROOP140_p5_34	Troops.json	0	dialogue	大魔王ダフィール：
TROOP140_p5_35	Troops.json	0	dialogue	闇のエレメントに完全に身を任せねバァァ…
TROOP140_p5_36	Troops.json	0	dialogue	真の大魔王に…は…ワワァァ……ァ………
TROOP140_p5_38	Troops.json	0	dialogue	大魔王ダフィール：
TROOP140_p5_39	Troops.json	0	dialogue	ウウうおおおああああぁぁーー……ッ！！！！
TROOP140_p5_4	Troops.json	0	dialogue	大魔王ダフィール：
TROOP140_p5_40	Troops.json	0	dialogue	ボクはダフィールだァァァァ……！！！！
TROOP140_p5_42	Troops.json	0	dialogue	ピピン：
TROOP140_p5_43	Troops.json	0	dialogue	どうもこの辺りからが本番らしい…
TROOP140_p5_44	Troops.json	0	dialogue	ウィン、死ぬなよ！！
TROOP140_p5_46	Troops.json	0	dialogue	ウィン：
TROOP140_p5_47	Troops.json	0	dialogue	………！！
TROOP140_p5_5	Troops.json	0	dialogue	コノ…チカラは………ッ！！
TROOP140_p5_50	Troops.json	0	dialogue	　　　　　　　　　ウィンはうなずいた！
TROOP140_p5_6	Troops.json	0	dialogue	うう…グフ…ガ…ァァ…ああああああ！！！
TROOP140_p5_8	Troops.json	0	dialogue	大魔王ダフィール：
TROOP140_p5_9	Troops.json	0	dialogue	なんて凄まじい魔力…　膨大な知識…
TROOP140_p6_1	Troops.json	0	dialogue	大魔王ダフィール：
TROOP140_p6_10	Troops.json	0	dialogue	ウィン：
TROOP140_p6_11	Troops.json	0	dialogue	…？
TROOP140_p6_13	Troops.json	0	dialogue	ピピン：
TROOP140_p6_14	Troops.json	0	dialogue	いまの奴にはスキが殆どないから、
TROOP140_p6_15	Troops.json	0	dialogue	大ダメージを与えるのが難しい…
TROOP140_p6_16	Troops.json	0	dialogue	そこで奴にスキを作る作戦だ。
TROOP140_p6_18	Troops.json	0	dialogue	ピピン：
TROOP140_p6_19	Troops.json	0	dialogue	お前のカマイタチで奴の足を攻撃した瞬間に、
TROOP140_p6_2	Troops.json	0	dialogue	ググルルううおおおあああぁぁぁぁ……！！
TROOP140_p6_20	Troops.json	0	dialogue	俺がフェイント攻撃をしかける…。
TROOP140_p6_22	Troops.json	0	dialogue	ピピン：
TROOP140_p6_23	Troops.json	0	dialogue	うまくいけば、奴のぼうぎょと素早さを同時に
TROOP140_p6_24	Troops.json	0	dialogue	ダウンさせることができるだろう…どうだ？
TROOP140_p6_26	Troops.json	0	dialogue	ウィン：
TROOP140_p6_27	Troops.json	0	dialogue	…！
TROOP140_p6_3	Troops.json	0	dialogue	負けねえゾ……　ゼッテーェェ……
TROOP140_p6_32	Troops.json	0	dialogue	　　　　　ウィンとピピンはカマカゼを編み出した！
TROOP140_p6_4	Troops.json	0	dialogue	負けねえぞおおおおおおまえらあああ！！！！
TROOP140_p6_6	Troops.json	0	dialogue	ピピン：
TROOP140_p6_7	Troops.json	0	dialogue	…ウィン、俺にちょっとした考えがある。
TROOP140_p6_8	Troops.json	0	dialogue	お前の魔法と俺のスキルを組み合わせた攻撃だ
TROOP140_p7_1	Troops.json	0	dialogue	大魔王ダフィール：
TROOP140_p7_10	Troops.json	0	dialogue	ウィン：
TROOP140_p7_11	Troops.json	0	dialogue	…！？
TROOP140_p7_13	Troops.json	0	dialogue	ピピン：
TROOP140_p7_14	Troops.json	0	dialogue	普通にやったんじゃうまくいかない。
TROOP140_p7_15	Troops.json	0	dialogue	俺が丸焦げになるか、よくても雷の力が
TROOP140_p7_16	Troops.json	0	dialogue	地面に逃げてしまうからな…。
TROOP140_p7_18	Troops.json	0	dialogue	ピピン：
TROOP140_p7_19	Troops.json	0	dialogue	そこでだ…　俺のスキル、浮雲渡りだ。
TROOP140_p7_2	Troops.json	0	dialogue	己をぉぉ…滅っせぇぇェェ…
TROOP140_p7_20	Troops.json	0	dialogue	俺が宙に浮いている間に、オマエが俺の剣に
TROOP140_p7_21	Troops.json	0	dialogue	イカヅチを落とす…
TROOP140_p7_23	Troops.json	0	dialogue	ピピン：
TROOP140_p7_24	Troops.json	0	dialogue	そして着地するまでの間に俺が攻撃すれば…
TROOP140_p7_25	Troops.json	0	dialogue	全ての雷のパワーがアイツに伝わる。
TROOP140_p7_26	Troops.json	0	dialogue	想像もつかん威力になるだろう…
TROOP140_p7_28	Troops.json	0	dialogue	ピピン：
TROOP140_p7_29	Troops.json	0	dialogue	どちらかがタイミングをミスれば、
TROOP140_p7_3	Troops.json	0	dialogue	さもなくばァ…　敗れゥゥ……ううああ！！
TROOP140_p7_30	Troops.json	0	dialogue	俺は丸焦げになるが…、どうだ、やれるか？
TROOP140_p7_32	Troops.json	0	dialogue	ウィン：
TROOP140_p7_33	Troops.json	0	dialogue	…！
TROOP140_p7_36	Troops.json	0	dialogue	　　　　　ウィンとピピンはイヅナを編み出した！！
TROOP140_p7_4	Troops.json	0	dialogue	黙れェェナウゥゥーーッ…！！！！
TROOP140_p7_6	Troops.json	0	dialogue	ピピン：
TROOP140_p7_7	Troops.json	0	dialogue	ウィン…お前のイカヅチを俺の剣に落とす技を
TROOP140_p7_8	Troops.json	0	dialogue	考えていたんだが…
TROOP140_p8_1	Troops.json	0	dialogue	大魔王ダフィール：
TROOP140_p8_10	Troops.json	0	dialogue	己が無くなるのォォーーーッ！！
TROOP140_p8_11	Troops.json	0	dialogue	己が無視されるのォォォーーーッ！！！
TROOP140_p8_12	Troops.json	0	dialogue	ググガガうぅおぉあぁーーー……ッ！！！！
TROOP140_p8_14	Troops.json	0	dialogue	ピピン：
TROOP140_p8_15	Troops.json	0	dialogue	ウィン、気付いているか？
TROOP140_p8_16	Troops.json	0	dialogue	アイツはもう、俺たちを見ていない…
TROOP140_p8_17	Troops.json	0	dialogue	見えていない…！！
TROOP140_p8_19	Troops.json	0	dialogue	ピピン：
TROOP140_p8_2	Troops.json	0	dialogue	恐れるかァァ…怯えるかァァ……！！！！
TROOP140_p8_20	Troops.json	0	dialogue	いまなら…
TROOP140_p8_21	Troops.json	0	dialogue	俺の魔法を相殺されずに発動できるだろう…
TROOP140_p8_22	Troops.json	0	dialogue	そこでだ…
TROOP140_p8_24	Troops.json	0	dialogue	ピピン：
TROOP140_p8_25	Troops.json	0	dialogue	不意を突いて俺がアイツを水浸しにする…
TROOP140_p8_26	Troops.json	0	dialogue	そこにお前のイカヅチを落とせ。
TROOP140_p8_28	Troops.json	0	dialogue	ウィン：
TROOP140_p8_29	Troops.json	0	dialogue	…！？
TROOP140_p8_3	Troops.json	0	dialogue	真実がァァ…歴史がァァ…
TROOP140_p8_31	Troops.json	0	dialogue	ピピン：
TROOP140_p8_32	Troops.json	0	dialogue	辺り一面水浸しだ、逃れる術はない…。
TROOP140_p8_33	Troops.json	0	dialogue	しかも雷のパワーは地面に分散せず、
TROOP140_p8_34	Troops.json	0	dialogue	びしょ濡れの奴に集中するってわけだ。
TROOP140_p8_37	Troops.json	0	dialogue	　　　　ウィンとピピンはミカヅチを編み出した！！
TROOP140_p8_4	Troops.json	0	dialogue	失われることよりもォォォ………ッ！！！
TROOP140_p8_6	Troops.json	0	dialogue	大魔王ダフィール：
TROOP140_p8_7	Troops.json	0	dialogue	卑小で卑俗でか弱い己れの消失ォォォ………
TROOP140_p8_9	Troops.json	0	dialogue	大魔王ダフィール：
TROOP140_p9_1	Troops.json	0	dialogue	大魔王ダフィール：
TROOP140_p9_10	Troops.json	0	dialogue	闇の復活もォォォ………！！！
TROOP140_p9_11	Troops.json	0	dialogue	闇の勝利もォォォ………！！！！！
TROOP140_p9_12	Troops.json	0	dialogue	ボクにはどうでもいいィィィー……ッ！！！！
TROOP140_p9_14	Troops.json	0	dialogue	ピピン：
TROOP140_p9_15	Troops.json	0	dialogue	フン…　アイツ、仲間のことばに全く従う気が
TROOP140_p9_16	Troops.json	0	dialogue	ないみたいだな…。
TROOP140_p9_18	Troops.json	0	dialogue	ピピン：
TROOP140_p9_19	Troops.json	0	dialogue	真の意味での闇との一体化…大魔王化には…
TROOP140_p9_2	Troops.json	0	dialogue	黙れッェェ…　ピケピケェェ…！！
TROOP140_p9_20	Troops.json	0	dialogue	アイツの自我がジャマなようだ。
TROOP140_p9_22	Troops.json	0	dialogue	ウィン：
TROOP140_p9_23	Troops.json	0	dialogue	………。
TROOP140_p9_25	Troops.json	0	dialogue	ピピン：
TROOP140_p9_26	Troops.json	0	dialogue	…ちょびっとだけ、哀れだな、アイツ。
TROOP140_p9_28	Troops.json	0	dialogue	ウィン：
TROOP140_p9_29	Troops.json	0	dialogue	………。
TROOP140_p9_3	Troops.json	0	dialogue	ナウーゥゥゥ…　ミケェェネェーッ…！！！！
TROOP140_p9_5	Troops.json	0	dialogue	大魔王ダフィール：
TROOP140_p9_6	Troops.json	0	dialogue	ボクは消えないッ！！！！
TROOP140_p9_7	Troops.json	0	dialogue	ボクはまだ何も成していない…ッ！！！！
TROOP140_p9_9	Troops.json	0	dialogue	大魔王ダフィール：
TROOP141_name	Troops.json	troop name	name	闇の王
TROOP141_p0_1	Troops.json	0	dialogue	ピピン：
TROOP141_p0_10	Troops.json	0	dialogue	うげえええ！！！！　きもち悪すぎるーー！！
TROOP141_p0_2	Troops.json	0	dialogue	な…　なんだこれは…！？
TROOP141_p0_4	Troops.json	0	dialogue	ホノオ：
TROOP141_p0_5	Troops.json	0	dialogue	どこだよここ！！？？
TROOP141_p0_6	Troops.json	0	dialogue	なんだーーー！！！？？
TROOP141_p0_7	Troops.json	0	dialogue	あのデッカイきもちわりいのはよーー！！？？
TROOP141_p0_9	Troops.json	0	dialogue	ナガレ：
TROOP141_p1_1	Troops.json	0	dialogue	ピピン：
TROOP141_p1_10	Troops.json	0	dialogue	もうやだああああああああああ！！！！
TROOP141_p1_11	Troops.json	0	dialogue	帰りたいーーーーーーーー！！！！！
TROOP141_p1_2	Troops.json	0	dialogue	こいつ…不死身なのか…？
TROOP141_p1_3	Troops.json	0	dialogue	いくら攻撃しても、ちっとも手応えがない…！
TROOP141_p1_5	Troops.json	0	dialogue	ホノオ：
TROOP141_p1_6	Troops.json	0	dialogue	ちくしょーーー！！！
TROOP141_p1_7	Troops.json	0	dialogue	なんでこんな目に合わなきゃいけねえんだ！！
TROOP141_p1_9	Troops.json	0	dialogue	ナガレ：
TROOP142_name	Troops.json	troop name	name	伝説のバンデッド
TROOP142_p0_1	Troops.json	0	dialogue	バンデッド
TROOP142_p0_2	Troops.json	0	dialogue	「いままで散々痛い目に合わせてくれた…
TROOP142_p0_3	Troops.json	0	dialogue	　お礼をたっぷりとさせてもらうぜ！！
TROOP142_p1_1	Troops.json	0	dialogue	バンデッド
TROOP142_p1_10	Troops.json	0	dialogue	ナガレ
TROOP142_p1_11	Troops.json	0	dialogue	「…くっ
TROOP142_p1_12	Troops.json	0	dialogue	　言ってることよく分からないが…
TROOP142_p1_13	Troops.json	0	dialogue	　確かにコイツ、只者じゃない…！！
TROOP142_p1_15	Troops.json	0	dialogue	ホノオ
TROOP142_p1_16	Troops.json	0	dialogue	「しっかしマジで誰なんだよ、こいつ…
TROOP142_p1_2	Troops.json	0	dialogue	「俺は何度倒されても　立ち上がった…
TROOP142_p1_3	Troops.json	0	dialogue	　死んだと思っても　ギリギリ生きていて…
TROOP142_p1_5	Troops.json	0	dialogue	バンデッド
TROOP142_p1_6	Troops.json	0	dialogue	「そうして遂に…
TROOP142_p1_7	Troops.json	0	dialogue	　俺はこの力を手に入れたんだ…
TROOP142_p1_8	Troops.json	0	dialogue	　お前らを倒せる力をな！！
TROOP142_p2_1	Troops.json	0	dialogue	バンデッド
TROOP142_p2_10	Troops.json	0	dialogue	「…ふん
TROOP142_p2_11	Troops.json	0	dialogue	　俺の方が強い。
TROOP142_p2_13	Troops.json	0	dialogue	ウィン
TROOP142_p2_14	Troops.json	0	dialogue	「…！
TROOP142_p2_17	Troops.json	0	dialogue	　　　　　　　　　　ウィンは頷いた！
TROOP142_p2_2	Troops.json	0	dialogue	「どうだ！　この素早さ！　戦闘技術！！
TROOP142_p2_3	Troops.json	0	dialogue	　まさに伝説級の強さだろう！！
TROOP142_p2_5	Troops.json	0	dialogue	ホノオ
TROOP142_p2_6	Troops.json	0	dialogue	「つええ…
TROOP142_p2_7	Troops.json	0	dialogue	　こんな強い人間に会ったコトがねえ…！！
TROOP142_p2_9	Troops.json	0	dialogue	ピピン
TROOP142_p3_1	Troops.json	0	dialogue	バンデッド
TROOP142_p3_10	Troops.json	0	dialogue	「しかし…なんだろう…
TROOP142_p3_11	Troops.json	0	dialogue	　コイツの力には　なんか…
TROOP142_p3_12	Troops.json	0	dialogue	　感じるよ、闇の力みたいなの…
TROOP142_p3_14	Troops.json	0	dialogue	ホノオ
TROOP142_p3_15	Troops.json	0	dialogue	「ああ…　フツーじゃねーよ…
TROOP142_p3_16	Troops.json	0	dialogue	　気を付けた方がいいと思うぜ
TROOP142_p3_17	Troops.json	0	dialogue	　騎士隊長さん。
TROOP142_p3_19	Troops.json	0	dialogue	ピピン
TROOP142_p3_2	Troops.json	0	dialogue	「クッ…！！
TROOP142_p3_20	Troops.json	0	dialogue	「…俺はもう騎士じゃない
TROOP142_p3_3	Troops.json	0	dialogue	　ダメなのか…　こんなに強くなっても…！！
TROOP142_p3_5	Troops.json	0	dialogue	ピピン
TROOP142_p3_6	Troops.json	0	dialogue	「所詮は人間…
TROOP142_p3_7	Troops.json	0	dialogue	　化け物みたいな体力ではなさそうだ。
TROOP142_p3_9	Troops.json	0	dialogue	ナガレ
TROOP142_p4_1	Troops.json	0	dialogue	バンデッド
TROOP142_p4_2	Troops.json	0	dialogue	「ハァ…　ハァ…
TROOP142_p4_4	Troops.json	0	dialogue	ピピン
TROOP142_p4_5	Troops.json	0	dialogue	「そろそろ終わりのようだな　盗賊野郎
TROOP142_p4_7	Troops.json	0	dialogue	バンデッド
TROOP142_p4_8	Troops.json	0	dialogue	「あんだと…？
TROOP142_p4_9	Troops.json	0	dialogue	　まだ始まってもねえんだよーーーーー！！！
TROOP14_name	Troops.json	troop name	name	ナウー本番戦闘
TROOP14_p0_1	Troops.json	0	dialogue	ホノオ：
TROOP14_p0_10	Troops.json	0	dialogue	絶対に勝てねえ！！
TROOP14_p0_11	Troops.json	0	dialogue	卑怯かも知れねえが…
TROOP14_p0_13	Troops.json	0	dialogue	一回勝たせてもらうぜ！！
TROOP14_p0_15	Troops.json	0	dialogue	ナウー：
TROOP14_p0_16	Troops.json	0	dialogue	……………（ゆっくり頷いてから武器を構える
TROOP14_p0_2	Troops.json	0	dialogue	くそ…二人で勝ったんじゃ、試練を果たした
TROOP14_p0_3	Troops.json	0	dialogue	ことにならなそうだなあ…
TROOP14_p0_5	Troops.json	0	dialogue	ナウー：
TROOP14_p0_6	Troops.json	0	dialogue	………（困
TROOP14_p0_8	Troops.json	0	dialogue	ホノオ：
TROOP14_p0_9	Troops.json	0	dialogue	とはいえ、オレはコイツにひとりじゃ
TROOP14_p1_1	Troops.json	0	dialogue	ホノオ：
TROOP14_p1_2	Troops.json	0	dialogue	なんか左手の紋章が光りまくってる…
TROOP14_p1_3	Troops.json	0	dialogue	いかにも魔法とか使えそうな感じだぜ！
TROOP14_p1_5	Troops.json	0	dialogue	ウィン：
TROOP14_p1_6	Troops.json	0	dialogue	………。
TROOP14_p1_9	Troops.json	0	dialogue	　　　　ウィンの紋章もみどり色に輝いている！
TROOP14_p2_1	Troops.json	0	dialogue	ホノオ：
TROOP14_p2_11	Troops.json	0	dialogue	ウィン：
TROOP14_p2_12	Troops.json	0	dialogue	…。
TROOP14_p2_15	Troops.json	0	dialogue	　　　　　　　ウィンはホノオに名前を教えた
TROOP14_p2_17	Troops.json	0	dialogue	ホノオ：
TROOP14_p2_18	Troops.json	0	dialogue	オーケー！　ウィンて言うんだな！
TROOP14_p2_19	Troops.json	0	dialogue	オレはホノオだぜ！　よろしくな！
TROOP14_p2_2	Troops.json	0	dialogue	この鎧のオッサンは意外とすばやいうえに…
TROOP14_p2_21	Troops.json	0	dialogue	ホノオ：
TROOP14_p2_22	Troops.json	0	dialogue	ウィンのそのハヤテの魔法を使えば、
TROOP14_p2_23	Troops.json	0	dialogue	アイツよりも先に動ける…
TROOP14_p2_24	Troops.json	0	dialogue	つまり…　コレは勝てるぜーーー！！
TROOP14_p2_26	Troops.json	0	dialogue	ナウ―：
TROOP14_p2_27	Troops.json	0	dialogue	………。
TROOP14_p2_4	Troops.json	0	dialogue	ホノオ：
TROOP14_p2_5	Troops.json	0	dialogue	こっちを気絶させたり、転ばせてくるから、
TROOP14_p2_6	Troops.json	0	dialogue	ちっともこっちの番にならねーんだ…
TROOP14_p2_8	Troops.json	0	dialogue	ホノオ：
TROOP14_p2_9	Troops.json	0	dialogue	だけどオマエの…　オマエ…
TROOP14_p3_1	Troops.json	0	dialogue	ナウ―：
TROOP14_p3_2	Troops.json	0	dialogue	………！
TROOP14_p3_4	Troops.json	0	dialogue	ホノオ：
TROOP14_p3_5	Troops.json	0	dialogue	おっ？　もしかして…　いけるか！？
TROOP15_name	Troops.json	troop name	name	娘さん
TROOP16_name	Troops.json	troop name	name	ナウー自動戦闘
TROOP16_p0_1	Troops.json	0	dialogue	ホノオ：
TROOP16_p0_2	Troops.json	0	dialogue	こんどこそ…！全部会心の一撃が出るかも！！
TROOP17_name	Troops.json	troop name	name	デザートウルフ
TROOP18_name	Troops.json	troop name	name	デザートウルフ*2
TROOP19_name	Troops.json	troop name	name	マムシ
TROOP1_name	Troops.json	troop name	name	人食いコウモリ*3
TROOP20_name	Troops.json	troop name	name	ハブ
TROOP21_name	Troops.json	troop name	name	アオダイショー
TROOP22_name	Troops.json	troop name	name	アオダイショー, マムシ
TROOP23_name	Troops.json	troop name	name	ハブ, アオダイショー
TROOP24_name	Troops.json	troop name	name	マムシ*2
TROOP25_name	Troops.json	troop name	name	ハブ, マムシ, アオダイショー
TROOP26_name	Troops.json	troop name	name	動く人形*3
TROOP27_name	Troops.json	troop name	name	火牛
TROOP27_p0_1	Troops.json	0	dialogue	トリカゼ：
TROOP27_p0_10	Troops.json	0	dialogue	ごちゃごちゃ喋ってないで、
TROOP27_p0_11	Troops.json	0	dialogue	さっさとこいつをぶちのめすぞ！
TROOP27_p0_2	Troops.json	0	dialogue	しっかし、こんなバケモノ…
TROOP27_p0_3	Troops.json	0	dialogue	一体どこから来やがったんだ？
TROOP27_p0_5	Troops.json	0	dialogue	マハリ：
TROOP27_p0_6	Troops.json	0	dialogue	龍のお社の方から来たって誰かが
TROOP27_p0_7	Troops.json	0	dialogue	言ってたよ…
TROOP27_p0_9	Troops.json	0	dialogue	ナガレ：
TROOP28_name	Troops.json	troop name	name	炎のアクマ
TROOP29_name	Troops.json	troop name	name	風のアクマ
TROOP2_name	Troops.json	troop name	name	人食いネズミ*2
TROOP30_name	Troops.json	troop name	name	氷のアクマ
TROOP31_name	Troops.json	troop name	name	動く人形*2
TROOP32_name	Troops.json	troop name	name	動く人形
TROOP33_name	Troops.json	troop name	name	火牛
TROOP33_p0_1	Troops.json	0	dialogue	ホノオ：
TROOP33_p0_2	Troops.json	0	dialogue	お！　見た事のあるやつだぜ！
TROOP34_name	Troops.json	troop name	name	炎のアクマ, 風のアクマ, 氷のアクマ
TROOP34_p0_1	Troops.json	0	dialogue	ホノオ：
TROOP34_p0_10	Troops.json	0	dialogue	刀ってことは…　
TROOP34_p0_11	Troops.json	0	dialogue	セイリューに関係する魔物なんじゃねえのか？
TROOP34_p0_13	Troops.json	0	dialogue	ナガレ：
TROOP34_p0_14	Troops.json	0	dialogue	分からないよ。
TROOP34_p0_15	Troops.json	0	dialogue	この前に村を襲った魔物もだけど、
TROOP34_p0_16	Troops.json	0	dialogue	最近見たこともない魔物ばっかりなのさ。
TROOP34_p0_2	Troops.json	0	dialogue	なんだこの魔物…？
TROOP34_p0_3	Troops.json	0	dialogue	なんか知らんけど、むちゃくちゃカッコいいぞ…
TROOP34_p0_5	Troops.json	0	dialogue	ナガレ：
TROOP34_p0_6	Troops.json	0	dialogue	見たこともない鎧を着ている…
TROOP34_p0_7	Troops.json	0	dialogue	でもあいつらが持っているのは、刀だ。
TROOP34_p0_9	Troops.json	0	dialogue	ホノオ：
TROOP35_name	Troops.json	troop name	name	ミケーネ, 青龍
TROOP35_p0_1	Troops.json	0	dialogue	ミケーネ：
TROOP35_p0_10	Troops.json	0	dialogue	さあ、これで終りにしてあげる！
TROOP35_p0_11	Troops.json	0	dialogue	私たち闇の四天王と…
TROOP35_p0_12	Troops.json	0	dialogue	あなたたち継承者との争いを！！
TROOP35_p0_14	Troops.json	0	dialogue	ホノオ：
TROOP35_p0_15	Troops.json	0	dialogue	くっそーーーーーーー！！
TROOP35_p0_16	Troops.json	0	dialogue	まったく勝てる気がしねえぜ、さすがに
TROOP35_p0_17	Troops.json	0	dialogue	今回ばかりはよーーーーーーー！！！
TROOP35_p0_19	Troops.json	0	dialogue	ナガレ：
TROOP35_p0_2	Troops.json	0	dialogue	闇の四天王のこの私と…
TROOP35_p0_20	Troops.json	0	dialogue	すまん、ホノオ、ウィン！
TROOP35_p0_21	Troops.json	0	dialogue	なんとかあんたたちの力で…
TROOP35_p0_22	Troops.json	0	dialogue	この場をしのいでくれ……！！
TROOP35_p0_3	Troops.json	0	dialogue	そして闇の結晶最強の…　この青龍！
TROOP35_p0_5	Troops.json	0	dialogue	同時に相手することなんて…
TROOP35_p0_6	Troops.json	0	dialogue	もしあなたたち全員が…紋章を持っていた
TROOP35_p0_7	Troops.json	0	dialogue	としても…
TROOP35_p0_8	Troops.json	0	dialogue	ほとんど不可能だったでしょうね…
TROOP35_p1_1	Troops.json	0	dialogue	ミケーネ：
TROOP35_p1_2	Troops.json	0	dialogue	えーと…　ちょっと
TROOP35_p1_3	Troops.json	0	dialogue	青龍さん、ちゃんと戦ってもらえるかしら…？
TROOP35_p1_5	Troops.json	0	dialogue	ナガレ：
TROOP35_p1_6	Troops.json	0	dialogue	…　なんだ？
TROOP35_p2_1	Troops.json	0	dialogue	ミケーネ：
TROOP35_p2_11	Troops.json	0	dialogue	ナガレ：
TROOP35_p2_12	Troops.json	0	dialogue	様子がおかしい…。
TROOP35_p2_13	Troops.json	0	dialogue	みんな、守りを固めて様子を見た方がいい。
TROOP35_p2_2	Troops.json	0	dialogue	ちょっと…　ちょっとちょっと青龍…！？
TROOP35_p2_4	Troops.json	0	dialogue	ちゃんと言うことを聞いてもらえるかしら…
TROOP35_p2_5	Troops.json	0	dialogue	私だってあなたの爪でひっかかれたら
TROOP35_p2_6	Troops.json	0	dialogue	すごく痛いんだけど…
TROOP35_p2_8	Troops.json	0	dialogue	ホノオ：
TROOP35_p2_9	Troops.json	0	dialogue	なんだ…あいつら？
TROOP35_p3_1	Troops.json	0	dialogue	ミケーネ：
TROOP35_p3_11	Troops.json	0	dialogue	ウィン：
TROOP35_p3_12	Troops.json	0	dialogue	…。
TROOP35_p3_2	Troops.json	0	dialogue	もはや明らかに…
TROOP35_p3_3	Troops.json	0	dialogue	青龍さん真面目にやる気ないわね…コレ…
TROOP35_p3_5	Troops.json	0	dialogue	ホノオ：
TROOP35_p3_6	Troops.json	0	dialogue	龍はオレらと戦う気がなさそうだぜ…？
TROOP35_p3_8	Troops.json	0	dialogue	ナガレ：
TROOP35_p3_9	Troops.json	0	dialogue	どういうことだ…。
TROOP35_p4_1	Troops.json	0	dialogue	ミケーネ：
TROOP35_p4_2	Troops.json	0	dialogue	はいストップ！ストーー―――ップ！
TROOP35_p4_4	Troops.json	0	dialogue	タイムです！タイム！！
TROOP35_p4_5	Troops.json	0	dialogue	青龍さん…ちょっと会議です、会議…。
TROOP36_name	Troops.json	troop name	name	ミケーネ
TROOP36_p0_1	Troops.json	0	dialogue	ミケーネ：
TROOP36_p0_10	Troops.json	0	dialogue	こいつはムチでの攻撃も強力だが、
TROOP36_p0_11	Troops.json	0	dialogue	魔法も使ってくる…　強敵だ。
TROOP36_p0_13	Troops.json	0	dialogue	ナガレ：
TROOP36_p0_14	Troops.json	0	dialogue	こっちも紋章の魔法をフル動員しなければ
TROOP36_p0_15	Troops.json	0	dialogue	勝てないだろう…。
TROOP36_p0_16	Troops.json	0	dialogue	みんな、魔法や回復アイテムを忘れるな！！
TROOP36_p0_18	Troops.json	0	dialogue	ホノオ：
TROOP36_p0_19	Troops.json	0	dialogue	おう！　わかったぜ！
TROOP36_p0_2	Troops.json	0	dialogue	てめえら…　青龍を失っただけでも、
TROOP36_p0_3	Troops.json	0	dialogue	こっちはもう後がねえんだ…
TROOP36_p0_5	Troops.json	0	dialogue	ミケーネ：
TROOP36_p0_6	Troops.json	0	dialogue	遊びは終わりだからなー…
TROOP36_p0_7	Troops.json	0	dialogue	てめえらの人生も終わりだからなーーーー！！
TROOP36_p0_9	Troops.json	0	dialogue	ナガレ：
TROOP36_p1_1	Troops.json	0	dialogue	ホノオ：
TROOP36_p1_2	Troops.json	0	dialogue	おい！　アンタ！
TROOP36_p1_3	Troops.json	0	dialogue	5ターン以内にオレらを倒すって言ってたよな？
TROOP36_p1_5	Troops.json	0	dialogue	ミケーネ：
TROOP36_p1_6	Troops.json	0	dialogue	ああん！！？？？
TROOP36_p1_8	Troops.json	0	dialogue	ホノオ：
TROOP36_p1_9	Troops.json	0	dialogue	やれるもんならやってみろよ！
TROOP36_p2_1	Troops.json	0	dialogue	ホノオ：
TROOP36_p2_11	Troops.json	0	dialogue	ホノオ：
TROOP36_p2_12	Troops.json	0	dialogue	セイリューの当主のナガレさーーーーん？
TROOP36_p2_14	Troops.json	0	dialogue	ナガレ：
TROOP36_p2_15	Troops.json	0	dialogue	はい、ナガレです。
TROOP36_p2_17	Troops.json	0	dialogue	ホノオ：
TROOP36_p2_18	Troops.json	0	dialogue	ナガレさんでしたらこの激しいバトルの
TROOP36_p2_19	Troops.json	0	dialogue	最中でも、きっとお分かりになると
TROOP36_p2_2	Troops.json	0	dialogue	あれ！？　あれれれれ？？
TROOP36_p2_20	Troops.json	0	dialogue	思うんですがー
TROOP36_p2_22	Troops.json	0	dialogue	ホノオ：
TROOP36_p2_23	Troops.json	0	dialogue	いま何ターン経過したでしょうかーーー？
TROOP36_p2_25	Troops.json	0	dialogue	ナガレ：
TROOP36_p2_26	Troops.json	0	dialogue	この会話をしている段階でちょうど
TROOP36_p2_27	Troops.json	0	dialogue	6ターンです。
TROOP36_p2_29	Troops.json	0	dialogue	ホノオ：
TROOP36_p2_30	Troops.json	0	dialogue	だとよーーーーーミケーネ！！
TROOP36_p2_32	Troops.json	0	dialogue	ミケーネ：
TROOP36_p2_33	Troops.json	0	dialogue	えーーーーーい、うるさい！！！！！！
TROOP36_p2_34	Troops.json	0	dialogue	ほんの少し寿命が延びたことに感謝しろ！！
TROOP36_p2_35	Troops.json	0	dialogue	すぐだ…もうすぐに終わらせてやる…！！！！
TROOP36_p2_37	Troops.json	0	dialogue	ホノオ：
TROOP36_p2_38	Troops.json	0	dialogue	あ、そう。へへへ…
TROOP36_p2_39	Troops.json	0	dialogue	バー――――――カ！！
TROOP36_p2_4	Troops.json	0	dialogue	ミケーネ：
TROOP36_p2_5	Troops.json	0	dialogue	あんだあ！？どうしたコラあ！！？？
TROOP36_p2_7	Troops.json	0	dialogue	ホノオ：
TROOP36_p2_8	Troops.json	0	dialogue	ちょっとここで、冷静にバトルを観察するのが
TROOP36_p2_9	Troops.json	0	dialogue	得意なナガレさんに聞いてみましょう…
TROOP37_name	Troops.json	troop name	name	火食い鳥*4, 火牛
TROOP38_name	Troops.json	troop name	name	サチコ*3
TROOP39_name	Troops.json	troop name	name	サチコ*2, 火牛
TROOP3_name	Troops.json	troop name	name	人食いグモ*2
TROOP41_name	Troops.json	troop name	name	ナウー2回目
TROOP41_p0_1	Troops.json	0	dialogue	ホノオ：
TROOP41_p0_2	Troops.json	0	dialogue	オレが成長していないと思うなよ…ナウ―！！
TROOP41_p0_4	Troops.json	0	dialogue	ナウー：
TROOP41_p0_5	Troops.json	0	dialogue	………。
TROOP41_p1_1	Troops.json	0	dialogue	ホノオ：
TROOP41_p1_10	Troops.json	0	dialogue	遠慮はいらねえ！　本気で来やがれーー！！
TROOP41_p1_2	Troops.json	0	dialogue	ずっとイメージしていたぜ…
TROOP41_p1_3	Troops.json	0	dialogue	アンタの攻撃パターンをよーーーー
TROOP41_p1_5	Troops.json	0	dialogue	ナウ―：
TROOP41_p1_6	Troops.json	0	dialogue	………。
TROOP41_p1_8	Troops.json	0	dialogue	ホノオ：
TROOP41_p1_9	Troops.json	0	dialogue	オレはアンタにぜってー勝つ！！
TROOP41_p2_1	Troops.json	0	dialogue	ナウ―：
TROOP41_p2_10	Troops.json	0	dialogue	ホノオ：
TROOP41_p2_11	Troops.json	0	dialogue	へへ！　いや、わかんねーわ…
TROOP41_p2_2	Troops.json	0	dialogue	…………。
TROOP41_p2_4	Troops.json	0	dialogue	ホノオ：
TROOP41_p2_5	Troops.json	0	dialogue	焦ってるみてーだな、ナウ―！
TROOP41_p2_7	Troops.json	0	dialogue	ナウ―：
TROOP41_p2_8	Troops.json	0	dialogue	…………。
TROOP41_p3_1	Troops.json	0	dialogue	ナウ―：
TROOP41_p3_2	Troops.json	0	dialogue	………！
TROOP41_p3_4	Troops.json	0	dialogue	ホノオ：
TROOP41_p3_5	Troops.json	0	dialogue	いける…！　集中しろ、オレ…！！
TROOP42_name	Troops.json	troop name	name	ひとつ目のアクマ
TROOP42_p0_1	Troops.json	0	dialogue	ピピン：
TROOP42_p0_2	Troops.json	0	dialogue	お前がその紋章の力でどこまでやれるのか…
TROOP42_p0_3	Troops.json	0	dialogue	ウィン、見せてみろよ。
TROOP42_p0_5	Troops.json	0	dialogue	ウィン：
TROOP42_p0_6	Troops.json	0	dialogue	………。
TROOP42_p0_9	Troops.json	0	dialogue	　　　　　　ウィンは頷いて、武器を構えた
TROOP42_p1_1	Troops.json	0	dialogue	ピピン：
TROOP42_p1_10	Troops.json	0	dialogue	ウィン：
TROOP42_p1_11	Troops.json	0	dialogue	…！
TROOP42_p1_14	Troops.json	0	dialogue	　　　　　　　　　　ウィンは頷いた！
TROOP42_p1_2	Troops.json	0	dialogue	なるほどな…　お前の紋章の力も、
TROOP42_p1_3	Troops.json	0	dialogue	このバケモノの力も、大体分かった。
TROOP42_p1_5	Troops.json	0	dialogue	ピピン：
TROOP42_p1_6	Troops.json	0	dialogue	ウィン、そのハヤテの魔法を俺にかけろ！
TROOP42_p1_7	Troops.json	0	dialogue	俺が常に先手を取ることが出来れば…
TROOP42_p1_8	Troops.json	0	dialogue	この敵は単なるザコだ！
TROOP42_p2_1	Troops.json	0	dialogue	ピピン：
TROOP42_p2_10	Troops.json	0	dialogue	…。
TROOP42_p2_12	Troops.json	0	dialogue	ピピン：
TROOP42_p2_13	Troops.json	0	dialogue	フン…　その目、一応分かってるみたいだな。
TROOP42_p2_2	Troops.json	0	dialogue	ウィン、お前もその素早さを活かして、
TROOP42_p2_3	Troops.json	0	dialogue	俺が戦いやすいようにサポートするんだ。
TROOP42_p2_5	Troops.json	0	dialogue	ピピン：
TROOP42_p2_6	Troops.json	0	dialogue	お前の紋章はサポート向きだ。
TROOP42_p2_7	Troops.json	0	dialogue	…分かるか？
TROOP42_p2_9	Troops.json	0	dialogue	ウィン：
TROOP43_name	Troops.json	troop name	name	操られたピピン
TROOP43_p0_1	Troops.json	0	dialogue	サクソン：
TROOP43_p0_2	Troops.json	0	dialogue	いけっ！　ウィン！！
TROOP43_p0_3	Troops.json	0	dialogue	ピピンなんか倒してしまえーい！！
TROOP43_p0_5	Troops.json	0	dialogue	ロイ：
TROOP43_p0_6	Troops.json	0	dialogue	ウィン！　ピピンは操られている！
TROOP43_p0_7	Troops.json	0	dialogue	何かがきっかけで正気に戻るかも知れん！
TROOP43_p1_1	Troops.json	0	dialogue	ピピン：
TROOP43_p1_10	Troops.json	0	dialogue	ウィン：
TROOP43_p1_11	Troops.json	0	dialogue	………。
TROOP43_p1_14	Troops.json	0	dialogue	　　　　　　　　ウィンは首を横に振った！
TROOP43_p1_2	Troops.json	0	dialogue	俺は…天才だ…
TROOP43_p1_3	Troops.json	0	dialogue	そう呼ぶのは俺だけじゃない、誰もが認める。
TROOP43_p1_5	Troops.json	0	dialogue	ピピン：
TROOP43_p1_6	Troops.json	0	dialogue	そんな俺が、貴様のような新米の小僧に、
TROOP43_p1_7	Troops.json	0	dialogue	すべてを奪われた…
TROOP43_p1_8	Troops.json	0	dialogue	その理由を、貴様は答えられるのか！？
TROOP43_p2_1	Troops.json	0	dialogue	ロイ：
TROOP43_p2_10	Troops.json	0	dialogue	ウィン：
TROOP43_p2_11	Troops.json	0	dialogue	…！
TROOP43_p2_16	Troops.json	0	dialogue	　　　　　　　ウィンは左手を高くかかげた！
TROOP43_p2_17	Troops.json	0	dialogue	　　ハヤテの魔法が発動！　ウィンの回避力がアップした！
TROOP43_p2_2	Troops.json	0	dialogue	ウィン！
TROOP43_p2_3	Troops.json	0	dialogue	風の紋章の力とお前の素早さがあれば…
TROOP43_p2_5	Troops.json	0	dialogue	ロイ：
TROOP43_p2_6	Troops.json	0	dialogue	ピピンの攻撃と言えども、
TROOP43_p2_7	Troops.json	0	dialogue	避け続けることができるはずだ！
TROOP43_p2_8	Troops.json	0	dialogue	避け続けろ！　ウィン！
TROOP43_p3_1	Troops.json	0	dialogue	ピピン：
TROOP43_p3_2	Troops.json	0	dialogue	…風の紋章の力か。
TROOP43_p3_4	Troops.json	0	dialogue	ピピン：
TROOP43_p3_5	Troops.json	0	dialogue	…俺から奪ったその力で、俺の攻撃をすべて
TROOP43_p3_6	Troops.json	0	dialogue	避け続けようと言うんだな…　ウィン！！
TROOP43_p3_8	Troops.json	0	dialogue	ウィン：
TROOP43_p3_9	Troops.json	0	dialogue	…！
TROOP43_p4_1	Troops.json	0	dialogue	ピピン：
TROOP43_p4_10	Troops.json	0	dialogue	ウィン…　手を抜いているのか…？
TROOP43_p4_12	Troops.json	0	dialogue	ウィン：
TROOP43_p4_13	Troops.json	0	dialogue	………！
TROOP43_p4_2	Troops.json	0	dialogue	ふざけているのか！　ウィン！！
TROOP43_p4_4	Troops.json	0	dialogue	サクソン：
TROOP43_p4_5	Troops.json	0	dialogue	えーい！　ウィンのやつ…
TROOP43_p4_6	Troops.json	0	dialogue	避けているばかりで、ちっともピピンに
TROOP43_p4_7	Troops.json	0	dialogue	ダメージを与えられぬではないか！
TROOP43_p4_9	Troops.json	0	dialogue	ロイ：
TROOP43_p5_1	Troops.json	0	dialogue	ピピン：
TROOP43_p5_11	Troops.json	0	dialogue	ウィン：
TROOP43_p5_12	Troops.json	0	dialogue	………。
TROOP43_p5_15	Troops.json	0	dialogue	　　　　　　ウィンは気合をこめて斬りかかった！
TROOP43_p5_18	Troops.json	0	dialogue	　　　　　　　　　…しかし力がはいらない
TROOP43_p5_2	Troops.json	0	dialogue	俺を憐れむのか…ウィン……！！
TROOP43_p5_20	Troops.json	0	dialogue	ロイ：
TROOP43_p5_21	Troops.json	0	dialogue	ピピン！！　目を覚ませ！！
TROOP43_p5_22	Troops.json	0	dialogue	ウィンはお前を殺したくないのだ…
TROOP43_p5_23	Troops.json	0	dialogue	殺せないのだ……　ピピン…！
TROOP43_p5_25	Troops.json	0	dialogue	ピピン：
TROOP43_p5_26	Troops.json	0	dialogue	それが屈辱なんだろう…？
TROOP43_p5_27	Troops.json	0	dialogue	それが許せないんだよ…
TROOP43_p5_29	Troops.json	0	dialogue	ピピン：
TROOP43_p5_30	Troops.json	0	dialogue	俺を憐れむなと言っているだろうがああ！！！
TROOP43_p5_32	Troops.json	0	dialogue	ウィン：
TROOP43_p5_33	Troops.json	0	dialogue	………！
TROOP43_p5_35	Troops.json	0	dialogue	ウィンダム王：
TROOP43_p5_36	Troops.json	0	dialogue	もうよい！　ピピンを殺せ！
TROOP43_p5_37	Troops.json	0	dialogue	ウィンにできないのであれば…　我が斬る！！
TROOP43_p5_39	Troops.json	0	dialogue	サクソン：
TROOP43_p5_4	Troops.json	0	dialogue	ピピン：
TROOP43_p5_40	Troops.json	0	dialogue	な、ななな、なりませぬぞ陛下！！
TROOP43_p5_41	Troops.json	0	dialogue	いまのあやつに近付くなど…
TROOP43_p5_42	Troops.json	0	dialogue	ウィン以外には不可能です！！
TROOP43_p5_44	Troops.json	0	dialogue	ロイ：
TROOP43_p5_45	Troops.json	0	dialogue	サクソン殿の言う通りですぞ、陛下！
TROOP43_p5_46	Troops.json	0	dialogue	ここは、ウィンに任せてやって下さい！
TROOP43_p5_48	Troops.json	0	dialogue	ウィンダム王：
TROOP43_p5_49	Troops.json	0	dialogue	むう…
TROOP43_p5_5	Troops.json	0	dialogue	そんな風に扱われて…　俺が喜ぶと思うのか…
TROOP43_p5_7	Troops.json	0	dialogue	ピピン：
TROOP43_p5_8	Troops.json	0	dialogue	余計に情けなく…！　みじめになるだけだと…
TROOP43_p5_9	Troops.json	0	dialogue	わからないか！！　ウィン！！！
TROOP43_p6_1	Troops.json	0	dialogue	ピピン：
TROOP43_p6_11	Troops.json	0	dialogue	ピピン：
TROOP43_p6_12	Troops.json	0	dialogue	…違う　俺はこんなこと望んじゃいない…
TROOP43_p6_13	Troops.json	0	dialogue	ウィン、俺はこんなことをしたくはない…
TROOP43_p6_15	Troops.json	0	dialogue	ウィン：
TROOP43_p6_16	Troops.json	0	dialogue	…！
TROOP43_p6_18	Troops.json	0	dialogue	ロイ：
TROOP43_p6_19	Troops.json	0	dialogue	術が…　解けだしたのか…！？
TROOP43_p6_2	Troops.json	0	dialogue	…う、ううう……っ！！
TROOP43_p6_22	Troops.json	0	dialogue	ピピン：
TROOP43_p6_23	Troops.json	0	dialogue	…う、うおおおおおお…！！
TROOP43_p6_4	Troops.json	0	dialogue	サクソン：
TROOP43_p6_5	Troops.json	0	dialogue	なにやらピピンが苦しみだしたぞ…！？
TROOP43_p6_8	Troops.json	0	dialogue	ロイ：
TROOP43_p6_9	Troops.json	0	dialogue	………ピピン！
TROOP43_p7_1	Troops.json	0	dialogue	ピピン：
TROOP43_p7_11	Troops.json	0	dialogue	ピピン：
TROOP43_p7_12	Troops.json	0	dialogue	俺は死を…選ぶ…！！
TROOP43_p7_18	Troops.json	0	dialogue	　　　　　　ピピンは自らの体に斬りつけた！
TROOP43_p7_2	Troops.json	0	dialogue	クソッ　俺としたことが…
TROOP43_p7_20	Troops.json	0	dialogue	ウィン：
TROOP43_p7_21	Troops.json	0	dialogue	………！
TROOP43_p7_23	Troops.json	0	dialogue	サクソン：
TROOP43_p7_24	Troops.json	0	dialogue	なに！？
TROOP43_p7_26	Troops.json	0	dialogue	ロイ：
TROOP43_p7_27	Troops.json	0	dialogue	ああ…ピピン…！　やめろ！！
TROOP43_p7_3	Troops.json	0	dialogue	こんな術なんかに…！
TROOP43_p7_5	Troops.json	0	dialogue	ロイ：
TROOP43_p7_6	Troops.json	0	dialogue	ピピン！　正気に戻ったか！？
TROOP43_p7_8	Troops.json	0	dialogue	ピピン：
TROOP43_p7_9	Troops.json	0	dialogue	クッ…！　こんな醜態を晒すくらいなら…
TROOP43_p8_1	Troops.json	0	dialogue	ピピン：
TROOP43_p8_10	Troops.json	0	dialogue	ぐああ…！！
TROOP43_p8_12	Troops.json	0	dialogue	ウィン：
TROOP43_p8_13	Troops.json	0	dialogue	………！
TROOP43_p8_19	Troops.json	0	dialogue	　　　　　　ピピンは自らの体に斬りつけた！
TROOP43_p8_2	Troops.json	0	dialogue	…ううっ…！！
TROOP43_p8_21	Troops.json	0	dialogue	ウィン：
TROOP43_p8_22	Troops.json	0	dialogue	………！！
TROOP43_p8_24	Troops.json	0	dialogue	サクソン：
TROOP43_p8_25	Troops.json	0	dialogue	自分の身体を切り刻むことで…
TROOP43_p8_26	Troops.json	0	dialogue	術を…　術に操られた自分を封じようと
TROOP43_p8_27	Troops.json	0	dialogue	しているのか…！
TROOP43_p8_4	Troops.json	0	dialogue	ロイ：
TROOP43_p8_5	Troops.json	0	dialogue	操りの術は解けていない…
TROOP43_p8_6	Troops.json	0	dialogue	それなのに…　自らの精神力で…
TROOP43_p8_7	Troops.json	0	dialogue	術と戦っているのか…　ピピン…！
TROOP43_p8_9	Troops.json	0	dialogue	ピピン：
TROOP43_p9_1	Troops.json	0	dialogue	ピピン：
TROOP43_p9_11	Troops.json	0	dialogue	ウィン：
TROOP43_p9_12	Troops.json	0	dialogue	………！
TROOP43_p9_18	Troops.json	0	dialogue	　　　　　　ピピンは自らの体に斬りつけた！
TROOP43_p9_2	Troops.json	0	dialogue	…はぁ　…はぁ
TROOP43_p9_20	Troops.json	0	dialogue	ウィン：
TROOP43_p9_21	Troops.json	0	dialogue	………！！
TROOP43_p9_23	Troops.json	0	dialogue	サクソン：
TROOP43_p9_24	Troops.json	0	dialogue	ピピン…　なんという高潔な男…！！
TROOP43_p9_26	Troops.json	0	dialogue	ロイ：
TROOP43_p9_27	Troops.json	0	dialogue	ピピンやめろ！　もういい！！
TROOP43_p9_28	Troops.json	0	dialogue	お前の身体は　もう十分に傷付いている！！
TROOP43_p9_29	Troops.json	0	dialogue	それ以上の自傷は必要ない！！
TROOP43_p9_31	Troops.json	0	dialogue	ピピン：
TROOP43_p9_32	Troops.json	0	dialogue	……うるさいッ！！
TROOP43_p9_34	Troops.json	0	dialogue	ウィン：
TROOP43_p9_35	Troops.json	0	dialogue	…っ！！
TROOP43_p9_4	Troops.json	0	dialogue	ロイ：
TROOP43_p9_5	Troops.json	0	dialogue	ピピン！　死んでしまうぞ…　ピピン！
TROOP43_p9_7	Troops.json	0	dialogue	ピピン：
TROOP43_p9_8	Troops.json	0	dialogue	そろそろ…　お前らでも…
TROOP43_p9_9	Troops.json	0	dialogue	俺にトドメを刺せるだろう…
TROOP45_name	Troops.json	troop name	name	火吹きイヌ
TROOP46_name	Troops.json	troop name	name	火牛
TROOP47_name	Troops.json	troop name	name	サチコ, 火牛
TROOP48_name	Troops.json	troop name	name	雷牛
TROOP49_name	Troops.json	troop name	name	雷牛, サチコ
TROOP4_name	Troops.json	troop name	name	人食いコウモリ*2, 人食いネズミ
TROOP50_name	Troops.json	troop name	name	火食い鳥*2, 火牛
TROOP51_name	Troops.json	troop name	name	火吹きイヌ*2
TROOP52_name	Troops.json	troop name	name	火食い鳥*2, 火吹きイヌ
TROOP53_name	Troops.json	troop name	name	サチコ*3
TROOP54_name	Troops.json	troop name	name	火牛, 雷牛
TROOP55_name	Troops.json	troop name	name	てすと
TROOP56_name	Troops.json	troop name	name	焼き焦げた人形*2, 凍りついた人形*2
TROOP57_name	Troops.json	troop name	name	生えてきた目玉*2
TROOP58_name	Troops.json	troop name	name	生えてきた目玉*3
TROOP59_name	Troops.json	troop name	name	踊り狂うアクマ
TROOP5_name	Troops.json	troop name	name	人食いコウモリ*2, 人食いグモ*2
TROOP60_name	Troops.json	troop name	name	雷を帯びた妖精
TROOP61_name	Troops.json	troop name	name	雷を帯びた妖精*2
TROOP62_name	Troops.json	troop name	name	セイレーン
TROOP63_name	Troops.json	troop name	name	焼き焦げた人形, セイレーン, 凍りついた人形
TROOP64_name	Troops.json	troop name	name	生えてきた目玉*2, 踊り狂うアクマ
TROOP65_name	Troops.json	troop name	name	凍りついた人形, 火吹きイヌ, 焼き焦げた人形
TROOP66_name	Troops.json	troop name	name	雷を帯びた妖精*2, 踊り狂うアクマ
TROOP67_name	Troops.json	troop name	name	雷を帯びた妖精*2, セイレーン
TROOP68_name	Troops.json	troop name	name	雷を帯びた妖精*2, 雷牛
TROOP69_name	Troops.json	troop name	name	凍りついた人形, セイレーン, 生えてきた目玉, 焼き焦げた人形
TROOP6_name	Troops.json	troop name	name	人食いネズミ*2, 人食いグモ*2
TROOP70_name	Troops.json	troop name	name	焼き焦げた人形, 踊り狂うアクマ, セイレーン, 凍りついた人形
TROOP71_name	Troops.json	troop name	name	踊り狂うアクマ*3
TROOP72_name	Troops.json	troop name	name	生えてきた目玉*4
TROOP74_name	Troops.json	troop name	name	ヤバミネーション
TROOP74_p0_1	Troops.json	0	dialogue	ナガレ：
TROOP74_p0_10	Troops.json	0	dialogue	あれは一体なんだ…　見たことのない武器だ…
TROOP74_p0_12	Troops.json	0	dialogue	ホノオ：
TROOP74_p0_13	Troops.json	0	dialogue	なんにしてもパッと見…　肉弾戦が強そうだ…
TROOP74_p0_14	Troops.json	0	dialogue	ナガレのテッペキの魔法が活躍しそうだぜー？
TROOP74_p0_2	Troops.json	0	dialogue	気持ちわりいっ！！　なんだよこれ……っ！？
TROOP74_p0_4	Troops.json	0	dialogue	ホノオ：
TROOP74_p0_5	Troops.json	0	dialogue	ところどころ人間のようにも見えるが…
TROOP74_p0_6	Troops.json	0	dialogue	にしたってデカ過ぎんだろー！！！！
TROOP74_p0_8	Troops.json	0	dialogue	ナガレ：
TROOP74_p0_9	Troops.json	0	dialogue	そんであの腕に繋がった凄い音出してる刃物？
TROOP74_p1_1	Troops.json	0	dialogue	ホノオ：
TROOP74_p1_2	Troops.json	0	dialogue	しっかしなんちゅーバケモンだよ…
TROOP74_p1_3	Troops.json	0	dialogue	闇のエレメントが復活すると、こんなのが
TROOP74_p1_4	Troops.json	0	dialogue	ウヨウヨする世界になっちまうのかーー！？
TROOP74_p1_6	Troops.json	0	dialogue	ナガレ：
TROOP74_p1_7	Troops.json	0	dialogue	そんな世の中になったら、とてもじゃないけど、
TROOP74_p1_8	Troops.json	0	dialogue	あたしたちが何人いても追いつかないだろうな
TROOP75_name	Troops.json	troop name	name	暗くかがやく龍
TROOP75_p0_1	Troops.json	0	dialogue	ホノオ：
TROOP75_p0_10	Troops.json	0	dialogue	まさに異形のモノって感じだ…！
TROOP75_p0_2	Troops.json	0	dialogue	うおおおおおお！
TROOP75_p0_3	Troops.json	0	dialogue	近くで見ると、完全に龍だなコイツ！
TROOP75_p0_5	Troops.json	0	dialogue	ナガレ：
TROOP75_p0_6	Troops.json	0	dialogue	龍は龍でも、セイリューのあいつとは違う…
TROOP75_p0_7	Troops.json	0	dialogue	禍々しい殺気を周囲にばらまいてやがる…
TROOP75_p0_9	Troops.json	0	dialogue	ナガレ：
TROOP75_p1_1	Troops.json	0	dialogue	ホノオ：
TROOP75_p1_10	Troops.json	0	dialogue	…。
TROOP75_p1_2	Troops.json	0	dialogue	でけえぜーーーー！！
TROOP75_p1_3	Troops.json	0	dialogue	でもこんなのが相手でも負ける気がしねえ…　
TROOP75_p1_5	Troops.json	0	dialogue	ナガレ：
TROOP75_p1_6	Troops.json	0	dialogue	あたしらも紋章の力ですっかり異形のものに
TROOP75_p1_7	Troops.json	0	dialogue	なっちまった気がするな…
TROOP75_p1_9	Troops.json	0	dialogue	ウィン：
TROOP76_name	Troops.json	troop name	name	ヤバミネーションざこ
TROOP77_name	Troops.json	troop name	name	暗くかがやく龍ざこ
TROOP78_name	Troops.json	troop name	name	大魔道士ピケピケ
TROOP78_p0_1	Troops.json	0	dialogue	ホノオ：
TROOP78_p0_10	Troops.json	0	dialogue	さあああああ継承者たちよおおおおおお！！！
TROOP78_p0_12	Troops.json	0	dialogue	大魔道士ピケピケ：
TROOP78_p0_13	Troops.json	0	dialogue	私が長年…　研究！　開発！　発見！！
TROOP78_p0_14	Troops.json	0	dialogue	…してきた数々の大魔法を………
TROOP78_p0_16	Troops.json	0	dialogue	大魔道士ピケピケ：
TROOP78_p0_17	Troops.json	0	dialogue	惜しみなくすべて披露してやろう！！！！！
TROOP78_p0_2	Troops.json	0	dialogue	四天王最強の…　大魔道士…　だったよな？
TROOP78_p0_3	Troops.json	0	dialogue	ってことは当然、めちゃ強い魔法を使ってくる
TROOP78_p0_5	Troops.json	0	dialogue	ナガレ：
TROOP78_p0_6	Troops.json	0	dialogue	闇の力や魔法に耐性のあるあたし達でも、
TROOP78_p0_7	Troops.json	0	dialogue	どのくらい耐えられるのか…　わからない。
TROOP78_p0_9	Troops.json	0	dialogue	大魔道士ピケピケ：
TROOP78_p1_1	Troops.json	0	dialogue	大魔道士ピケピケ：
TROOP78_p1_11	Troops.json	0	dialogue	ホノオ：
TROOP78_p1_12	Troops.json	0	dialogue	これが四天王最強の魔法か…
TROOP78_p1_13	Troops.json	0	dialogue	なんつーか…　これといって対策がねえ！！！
TROOP78_p1_15	Troops.json	0	dialogue	大魔道士ピケピケ：
TROOP78_p1_16	Troops.json	0	dialogue	だーかーらー言ってるだろう！！？？
TROOP78_p1_17	Troops.json	0	dialogue	私は本来ラスボスポジション！！
TROOP78_p1_19	Troops.json	0	dialogue	大魔道士ピケピケ：
TROOP78_p1_2	Troops.json	0	dialogue	あー　気持ちいいいいいいいいいいいい！！！
TROOP78_p1_20	Troops.json	0	dialogue	お手軽な攻略などなあああああああいいい！！
TROOP78_p1_21	Troops.json	0	dialogue	真っ向勝負のガチバトルでしか私には勝てん！！
TROOP78_p1_4	Troops.json	0	dialogue	ナガレ：
TROOP78_p1_5	Troops.json	0	dialogue	ちょっといままで見てきた魔法とは違う…
TROOP78_p1_6	Troops.json	0	dialogue	きっと、まだ他の魔法も残しているだろうな…
TROOP78_p1_8	Troops.json	0	dialogue	大魔道士ピケピケ：
TROOP78_p1_9	Troops.json	0	dialogue	もちのローーーーーーーーーーーーン！！！！
TROOP78_p2_1	Troops.json	0	dialogue	ホノオ：
TROOP78_p2_10	Troops.json	0	dialogue	闇いんふるなんとかが広がって…
TROOP78_p2_11	Troops.json	0	dialogue	みんなが死んでしまう…！！
TROOP78_p2_13	Troops.json	0	dialogue	大魔道士ピケピケ：
TROOP78_p2_14	Troops.json	0	dialogue	闇インフルエンザについては…
TROOP78_p2_15	Troops.json	0	dialogue	正直スマンかったと思ってる。
TROOP78_p2_17	Troops.json	0	dialogue	ホノオ：
TROOP78_p2_18	Troops.json	0	dialogue	は…？
TROOP78_p2_2	Troops.json	0	dialogue	へっ…　結構戦える気がしてきたぜ…
TROOP78_p2_20	Troops.json	0	dialogue	大魔道士ピケピケ：
TROOP78_p2_21	Troops.json	0	dialogue	気に入らないものは全てを皆殺しにする…
TROOP78_p2_22	Troops.json	0	dialogue	それは、私たちが人間たちからされてきたこと
TROOP78_p2_23	Troops.json	0	dialogue	とまったく同じだ…
TROOP78_p2_25	Troops.json	0	dialogue	大魔道士ピケピケ：
TROOP78_p2_26	Troops.json	0	dialogue	だが…　もうここが限界…　ここが最後…！！
TROOP78_p2_27	Troops.json	0	dialogue	ここで大きな力を取り戻さねば…
TROOP78_p2_28	Troops.json	0	dialogue	我々が皆殺しにされてしまう…！！
TROOP78_p2_3	Troops.json	0	dialogue	なんとかなるかもな！
TROOP78_p2_30	Troops.json	0	dialogue	ナガレ：
TROOP78_p2_31	Troops.json	0	dialogue	何を言ってんだ…　こいつは…
TROOP78_p2_33	Troops.json	0	dialogue	大魔道士ピケピケ：
TROOP78_p2_34	Troops.json	0	dialogue	最後にキミたちのような楽しい人間に会えて…
TROOP78_p2_35	Troops.json	0	dialogue	うれしかったよおおおおおおおおおおお！！！
TROOP78_p2_5	Troops.json	0	dialogue	ナガレ：
TROOP78_p2_6	Troops.json	0	dialogue	ダメだ！　時間がかかり過ぎている…！
TROOP78_p2_7	Troops.json	0	dialogue	こうしている間にも…魔王とやらが誕生して…
TROOP78_p2_9	Troops.json	0	dialogue	ナガレ：
TROOP78_p3_1	Troops.json	0	dialogue	大魔道士ピケピケ：
TROOP78_p3_10	Troops.json	0	dialogue	なんもいえねええええええ！！！！！
TROOP78_p3_12	Troops.json	0	dialogue	ホノオ：
TROOP78_p3_13	Troops.json	0	dialogue	え…、いや、言いまくってるだろう……？
TROOP78_p3_15	Troops.json	0	dialogue	ナガレ：
TROOP78_p3_16	Troops.json	0	dialogue	さすがにホノオも突っ込んだ…！！
TROOP78_p3_2	Troops.json	0	dialogue	全能感…ッ！！
TROOP78_p3_3	Troops.json	0	dialogue	己の持つすべての力…感情を…！！！
TROOP78_p3_5	Troops.json	0	dialogue	大魔道士ピケピケ：
TROOP78_p3_6	Troops.json	0	dialogue	ありのまま垂れ流しに解き放つ解放感ッ！！
TROOP78_p3_8	Troops.json	0	dialogue	大魔道士ピケピケ：
TROOP78_p3_9	Troops.json	0	dialogue	きもちいいいいいいいいいいいい！！！！
TROOP78_p4_1	Troops.json	0	dialogue	大魔道士ピケピケ：
TROOP78_p4_11	Troops.json	0	dialogue	大魔道士ピケピケ：
TROOP78_p4_12	Troops.json	0	dialogue	やるじゃん　キミたちーーーーーーー！！！！
TROOP78_p4_14	Troops.json	0	dialogue	大魔道士ピケピケ：
TROOP78_p4_15	Troops.json	0	dialogue	私もちゃんと全ての力を使い切れるように…
TROOP78_p4_16	Troops.json	0	dialogue	頑張るよおおおおおおおお…ッ！！
TROOP78_p4_17	Troops.json	0	dialogue	かきゅごしりょよおおおおお！！！？？
TROOP78_p4_19	Troops.json	0	dialogue	ホノオ：
TROOP78_p4_2	Troops.json	0	dialogue	あー　これちょっとやばい…
TROOP78_p4_20	Troops.json	0	dialogue	くっ！！　すげえ気合だ！！
TROOP78_p4_22	Troops.json	0	dialogue	ナガレ：
TROOP78_p4_23	Troops.json	0	dialogue	噛みまくってんのに一切後悔していない！！
TROOP78_p4_4	Troops.json	0	dialogue	大魔道士ピケピケ：
TROOP78_p4_5	Troops.json	0	dialogue	えーいまちょうどですねー
TROOP78_p4_6	Troops.json	0	dialogue	私のＨＰが半分になりました！！！！！！！
TROOP78_p4_8	Troops.json	0	dialogue	ホノオ：
TROOP78_p4_9	Troops.json	0	dialogue	えー！！？？　なんだそれ、親切だな！！！？
TROOP78_p5_1	Troops.json	0	dialogue	大魔道士ピケピケ：
TROOP78_p5_10	Troops.json	0	dialogue	大魔道士ピケピケ：
TROOP78_p5_11	Troops.json	0	dialogue	私にもっとエレメントパワーを………
TROOP78_p5_13	Troops.json	0	dialogue	大魔道士ピケピケ：
TROOP78_p5_14	Troops.json	0	dialogue	もっと力おおおおおおおおおおおッ！！！！！
TROOP78_p5_2	Troops.json	0	dialogue	あっ　走馬灯………　お花畑見えてきた…
TROOP78_p5_21	Troops.json	0	dialogue	　　　　　大魔道士ピケピケの魔力が暴走した！！
TROOP78_p5_24	Troops.json	0	dialogue	　　　　　ピケピケから猛烈な闇の波動を感じる！！
TROOP78_p5_26	Troops.json	0	dialogue	ホノオ：
TROOP78_p5_27	Troops.json	0	dialogue	うおっ！？　マジかこいつ…！！
TROOP78_p5_29	Troops.json	0	dialogue	ナガレ：
TROOP78_p5_30	Troops.json	0	dialogue	くっ…！！　やれるのか…あたしに…！！
TROOP78_p5_4	Troops.json	0	dialogue	ホノオ：
TROOP78_p5_5	Troops.json	0	dialogue	おい…大丈夫か！？
TROOP78_p5_7	Troops.json	0	dialogue	ナガレ：
TROOP78_p5_8	Troops.json	0	dialogue	敵を心配なくていいんだよ！！
TROOP79_name	Troops.json	troop name	name	ミケーネ
TROOP79_p0_1	Troops.json	0	dialogue	ナガレ：
TROOP79_p0_10	Troops.json	0	dialogue	…へえ。
TROOP79_p0_2	Troops.json	0	dialogue	…ほとんど魔法での攻撃なしの殴り合いなら、
TROOP79_p0_3	Troops.json	0	dialogue	テッペキを二回使えば有利に戦えるはず。
TROOP79_p0_5	Troops.json	0	dialogue	ミケーネ：
TROOP79_p0_6	Troops.json	0	dialogue	自分自身を強化する魔法を持っているのが、
TROOP79_p0_7	Troops.json	0	dialogue	あなただけだと思ったら間違いよ？
TROOP79_p0_9	Troops.json	0	dialogue	ナガレ：
TROOP79_p1_1	Troops.json	0	dialogue	ナガレ：
TROOP79_p1_10	Troops.json	0	dialogue	ナガレ：
TROOP79_p1_11	Troops.json	0	dialogue	そんなスキをあたしは晒さない！
TROOP79_p1_2	Troops.json	0	dialogue	氷の魔法はあたしに利かない！
TROOP79_p1_3	Troops.json	0	dialogue	無駄なことはやめるんだ！
TROOP79_p1_5	Troops.json	0	dialogue	ミケーネ：
TROOP79_p1_6	Troops.json	0	dialogue	どうかしら？
TROOP79_p1_7	Troops.json	0	dialogue	一瞬のスキを突いて、至近距離から放てば、
TROOP79_p1_8	Troops.json	0	dialogue	あなたでも無効化できないと思うけど…。
TROOP79_p2_1	Troops.json	0	dialogue	ミケーネ：
TROOP79_p2_10	Troops.json	0	dialogue	あなたたちのご先祖様じゃないの？
TROOP79_p2_12	Troops.json	0	dialogue	ナガレ：
TROOP79_p2_13	Troops.json	0	dialogue	…知らない！
TROOP79_p2_2	Troops.json	0	dialogue	あなたのつばめ返しって剣術…すごいわね。
TROOP79_p2_3	Troops.json	0	dialogue	まるでサムライの使う剣術だわ。
TROOP79_p2_5	Troops.json	0	dialogue	ナガレ：
TROOP79_p2_6	Troops.json	0	dialogue	…サムライ？　なんだそれは？
TROOP79_p2_8	Troops.json	0	dialogue	ミケーネ：
TROOP79_p2_9	Troops.json	0	dialogue	そういうひとたちがいたのよ…
TROOP79_p3_1	Troops.json	0	dialogue	ミケーネ：
TROOP79_p3_10	Troops.json	0	dialogue	ミケーネ：
TROOP79_p3_11	Troops.json	0	dialogue	自信があるのは結構だけれど、
TROOP79_p3_12	Troops.json	0	dialogue	その余裕が、突然あなたの足をすくうのよ。
TROOP79_p3_14	Troops.json	0	dialogue	ナガレ：
TROOP79_p3_15	Troops.json	0	dialogue	ご忠告感謝するよ、ミケーネ！！
TROOP79_p3_2	Troops.json	0	dialogue	油断しないことね…
TROOP79_p3_3	Troops.json	0	dialogue	あたしは絶対に勝つ気でいるわよ。
TROOP79_p3_5	Troops.json	0	dialogue	ナガレ：
TROOP79_p3_6	Troops.json	0	dialogue	大したもんだ…
TROOP79_p3_7	Troops.json	0	dialogue	あたしの剣をこんなに受けて立っている相手は
TROOP79_p3_8	Troops.json	0	dialogue	あんたで初めてだよ。
TROOP79_p4_1	Troops.json	0	dialogue	ミケーネ：
TROOP79_p4_2	Troops.json	0	dialogue	うっ…　あと少し…　あと少しで…！！
TROOP79_p4_4	Troops.json	0	dialogue	ナガレ：
TROOP79_p4_5	Troops.json	0	dialogue	ああ、あと少しだ…　
TROOP79_p4_6	Troops.json	0	dialogue	あと少しで…　あたしの勝ちだあああああ！！
TROOP7_name	Troops.json	troop name	name	人食いグモ
TROOP80_name	Troops.json	troop name	name	ナウー
TROOP80_p0_1	Troops.json	0	dialogue	ホノオ：
TROOP80_p0_10	Troops.json	0	dialogue	オレの方はバンバン使ってくからよー！！
TROOP80_p0_12	Troops.json	0	dialogue	ナウー：
TROOP80_p0_13	Troops.json	0	dialogue	……。
TROOP80_p0_2	Troops.json	0	dialogue	アンタって前のバトルまではよー…
TROOP80_p0_3	Troops.json	0	dialogue	魔法とか、全然使わなかったよなー？
TROOP80_p0_5	Troops.json	0	dialogue	ホノオ：
TROOP80_p0_6	Troops.json	0	dialogue	本当は使えたりするんだろー？
TROOP80_p0_7	Troops.json	0	dialogue	いいんだぜ、使ってくれて。
TROOP80_p0_9	Troops.json	0	dialogue	ホノオ：
TROOP80_p1_1	Troops.json	0	dialogue	ホノオ：
TROOP80_p1_10	Troops.json	0	dialogue	ホノオ：
TROOP80_p1_11	Troops.json	0	dialogue	それともオレが強くなり過ぎて…
TROOP80_p1_12	Troops.json	0	dialogue	本気のアンタの圧倒的パワーすら
TROOP80_p1_13	Troops.json	0	dialogue	怖くなくなっちまったってことかー？
TROOP80_p1_15	Troops.json	0	dialogue	ナウー：
TROOP80_p1_16	Troops.json	0	dialogue	…。
TROOP80_p1_2	Troops.json	0	dialogue	…なんだよ？
TROOP80_p1_3	Troops.json	0	dialogue	確かにデカくなって…
TROOP80_p1_4	Troops.json	0	dialogue	パワーは増してるみてーだけどよー
TROOP80_p1_6	Troops.json	0	dialogue	ホノオ：
TROOP80_p1_7	Troops.json	0	dialogue	変わり映えしねーぜ？
TROOP80_p1_8	Troops.json	0	dialogue	本当にこんなモンか、ナウー！？
TROOP80_p2_1	Troops.json	0	dialogue	ホノオ：
TROOP80_p2_10	Troops.json	0	dialogue	どっちなんだよ、本当は魔法があるのかよ！！
TROOP80_p2_11	Troops.json	0	dialogue	少しは喋ってくれーーーーー！！
TROOP80_p2_2	Troops.json	0	dialogue	だーかーらー…
TROOP80_p2_3	Troops.json	0	dialogue	前と同じパターンの攻撃ばっかじゃ、
TROOP80_p2_4	Troops.json	0	dialogue	いくらパワーがあっても通用しねーぜ！！
TROOP80_p2_6	Troops.json	0	dialogue	ナウー：
TROOP80_p2_7	Troops.json	0	dialogue	…。
TROOP80_p2_9	Troops.json	0	dialogue	ホノオ：
TROOP80_p3_1	Troops.json	0	dialogue	ホノオ：
TROOP80_p3_10	Troops.json	0	dialogue	ホノオ：
TROOP80_p3_11	Troops.json	0	dialogue	う…お………　　なんだって…？
TROOP80_p3_13	Troops.json	0	dialogue	ナウー：
TROOP80_p3_14	Troops.json	0	dialogue	…光の柱に　魔力を注ぎ込んだ　我らには…
TROOP80_p3_16	Troops.json	0	dialogue	ナウー：
TROOP80_p3_17	Troops.json	0	dialogue	…これで　本気なのだ　ホノオ…
TROOP80_p3_19	Troops.json	0	dialogue	ホノオ：
TROOP80_p3_2	Troops.json	0	dialogue	こんなモンか…　ナウー…
TROOP80_p3_20	Troops.json	0	dialogue	…くっ！　そうかよ…
TROOP80_p3_22	Troops.json	0	dialogue	ホノオ：
TROOP80_p3_23	Troops.json	0	dialogue	それならそれでしかたねえ…
TROOP80_p3_24	Troops.json	0	dialogue	でもこっちは本気で行かせてもらうぜ…
TROOP80_p3_26	Troops.json	0	dialogue	ホノオ：
TROOP80_p3_27	Troops.json	0	dialogue	急いでるんだ…　使命があるんだオレには！！
TROOP80_p3_29	Troops.json	0	dialogue	ナウー：
TROOP80_p3_30	Troops.json	0	dialogue	………コクリ
TROOP80_p3_4	Troops.json	0	dialogue	ホノオ：
TROOP80_p3_5	Troops.json	0	dialogue	アンタの力が、こんなモンなワケがねえだろ！
TROOP80_p3_7	Troops.json	0	dialogue	ナウー：
TROOP80_p3_8	Troops.json	0	dialogue	…我は本気だ　ホノオよ
TROOP80_p4_1	Troops.json	0	dialogue	ホノオ：
TROOP80_p4_14	Troops.json	0	dialogue	　　　　　　ナウーは不思議な構えを取った！
TROOP80_p4_17	Troops.json	0	dialogue	　　　　　　ナウーの反撃確率がアップした！
TROOP80_p4_18	Troops.json	0	dialogue	　　　　　　ナウーのぼうぎょ力がアップした！
TROOP80_p4_2	Troops.json	0	dialogue	…今のは効いたはず…！！
TROOP80_p4_20	Troops.json	0	dialogue	ホノオ：
TROOP80_p4_21	Troops.json	0	dialogue	…なんだあ？　　へへ…　とにかく…
TROOP80_p4_22	Troops.json	0	dialogue	やっと新しい技を見せてくれるみてえだなー
TROOP80_p4_24	Troops.json	0	dialogue	ホノオ：
TROOP80_p4_25	Troops.json	0	dialogue	…だが、アンタはもう瀕死のはずだ…
TROOP80_p4_26	Troops.json	0	dialogue	こっちの攻撃の手は緩めねえぜーーー！！！！
TROOP80_p4_4	Troops.json	0	dialogue	ナウー：
TROOP80_p4_5	Troops.json	0	dialogue	……。
TROOP81_name	Troops.json	troop name	name	魔王ダフィール一回目
TROOP81_p0_1	Troops.json	0	dialogue	魔王ダフィール：
TROOP81_p0_10	Troops.json	0	dialogue	すぐに死なれちゃったらつまんないからさあ？
TROOP81_p0_2	Troops.json	0	dialogue	さあて…　魔王になったボクの力が、
TROOP81_p0_3	Troops.json	0	dialogue	いったいどれだけ凄いのかを…
TROOP81_p0_5	Troops.json	0	dialogue	魔王ダフィール：
TROOP81_p0_6	Troops.json	0	dialogue	試させてもらうねー？
TROOP81_p0_7	Troops.json	0	dialogue	本気で耐えてねー
TROOP81_p0_9	Troops.json	0	dialogue	魔王ダフィール：
TROOP81_p1_1	Troops.json	0	dialogue	魔王ダフィール：
TROOP81_p1_10	Troops.json	0	dialogue	…んだよ　死ねよ！！！！！！
TROOP81_p1_11	Troops.json	0	dialogue	魔王のボクが攻撃してるんだぞーーー！！！？
TROOP81_p1_2	Troops.json	0	dialogue	アレー？
TROOP81_p1_3	Troops.json	0	dialogue	意外と耐えちゃったねえ…　1ターン！！
TROOP81_p1_5	Troops.json	0	dialogue	魔王ダフィール：
TROOP81_p1_6	Troops.json	0	dialogue	やるじゃーーーーん！！
TROOP81_p1_7	Troops.json	0	dialogue	意外と楽しませてくれるんだねー！？
TROOP81_p1_9	Troops.json	0	dialogue	魔王ダフィール：
TROOP82_name	Troops.json	troop name	name	魔王ダフィール本番
TROOP82_p0_1	Troops.json	0	dialogue	ピピン：
TROOP82_p0_10	Troops.json	0	dialogue	ウィン：
TROOP82_p0_11	Troops.json	0	dialogue	…！
TROOP82_p0_14	Troops.json	0	dialogue	　　　　　　　　　ウィンはうなずいた！
TROOP82_p0_2	Troops.json	0	dialogue	奴の炎の魔法は俺の魔法で相殺できる。
TROOP82_p0_3	Troops.json	0	dialogue	しかし魔王とか名乗るくらいだ…
TROOP82_p0_4	Troops.json	0	dialogue	他にも危険な技があるかも知れん。
TROOP82_p0_6	Troops.json	0	dialogue	ピピン：
TROOP82_p0_7	Troops.json	0	dialogue	気を引き締めつつも、チャンスと見れば
TROOP82_p0_8	Troops.json	0	dialogue	一気に攻めるぞ！！
TROOP82_p1_1	Troops.json	0	dialogue	魔王ダフィール：
TROOP82_p1_10	Troops.json	0	dialogue	ちょびっとだけ、拍子抜けだな…
TROOP82_p1_2	Troops.json	0	dialogue	赤いのがジャマだ…
TROOP82_p1_3	Troops.json	0	dialogue	赤いのがジャマなんだよーー！！！！
TROOP82_p1_5	Troops.json	0	dialogue	ピピン：
TROOP82_p1_6	Troops.json	0	dialogue	おいおい…
TROOP82_p1_7	Troops.json	0	dialogue	魔王ってのはこんなモンなのか？
TROOP82_p1_9	Troops.json	0	dialogue	ピピン：
TROOP82_p2_1	Troops.json	0	dialogue	魔王ダフィール：
TROOP82_p2_10	Troops.json	0	dialogue	派手なナリをしているだけのことはあるか。
TROOP82_p2_2	Troops.json	0	dialogue	くっそおおおおおおおおおおお！！！！！！
TROOP82_p2_4	Troops.json	0	dialogue	魔王ダフィール：
TROOP82_p2_5	Troops.json	0	dialogue	ボクは魔王なんだ…
TROOP82_p2_6	Troops.json	0	dialogue	こんなところで終わってたまるかー！！！！
TROOP82_p2_8	Troops.json	0	dialogue	ピピン：
TROOP82_p2_9	Troops.json	0	dialogue	意外とタフだな。
TROOP82_p3_1	Troops.json	0	dialogue	魔王ダフィール：
TROOP82_p3_2	Troops.json	0	dialogue	もっとパワーを…
TROOP82_p3_3	Troops.json	0	dialogue	闇のエレメントパワーをおおおおお！！！！
TROOP82_p3_5	Troops.json	0	dialogue	ピピン：
TROOP82_p3_6	Troops.json	0	dialogue	時間をかけると、奴がパワーアップしてしまう
TROOP82_p3_7	Troops.json	0	dialogue	かも知れん…
TROOP82_p3_8	Troops.json	0	dialogue	ウィン、そろそろ急ぐぞ！
TROOP82_p4_1	Troops.json	0	dialogue	魔王ダフィール：
TROOP82_p4_10	Troops.json	0	dialogue	闇のエレメントパワー自体と同化すると…
TROOP82_p4_11	Troops.json	0	dialogue	自我を保てるかどうかわからないって…
TROOP82_p4_13	Troops.json	0	dialogue	魔王ダフィール：
TROOP82_p4_14	Troops.json	0	dialogue	だからこそ、四天王の中で最も強いピケピケが
TROOP82_p4_15	Troops.json	0	dialogue	魔王になるはずだった…
TROOP82_p4_17	Troops.json	0	dialogue	ピピン：
TROOP82_p4_18	Troops.json	0	dialogue	フン、分からんでもない…
TROOP82_p4_19	Troops.json	0	dialogue	お前のようなガキに、自我を保つことが
TROOP82_p4_2	Troops.json	0	dialogue	もう…　ダメだ…　終わりだ…
TROOP82_p4_20	Troops.json	0	dialogue	できるとは思えないからな。
TROOP82_p4_22	Troops.json	0	dialogue	魔王ダフィール：
TROOP82_p4_23	Troops.json	0	dialogue	ボクは嫌だった…
TROOP82_p4_24	Troops.json	0	dialogue	どんなに強大な力を得られるとしても、
TROOP82_p4_25	Troops.json	0	dialogue	自分がいなくなってしまうなんて…
TROOP82_p4_27	Troops.json	0	dialogue	魔王ダフィール：
TROOP82_p4_28	Troops.json	0	dialogue	だけど…　もう終わりだ…
TROOP82_p4_29	Troops.json	0	dialogue	こんなダサいやられ方するくらいなら…
TROOP82_p4_31	Troops.json	0	dialogue	魔王ダフィール：
TROOP82_p4_32	Troops.json	0	dialogue	もうどうなってもいい…
TROOP82_p4_33	Troops.json	0	dialogue	オマエらだけは絶対にぶっ殺す…！！！！
TROOP82_p4_35	Troops.json	0	dialogue	ピピン：
TROOP82_p4_36	Troops.json	0	dialogue	…！！
TROOP82_p4_37	Troops.json	0	dialogue	まずい！！　ウィン離れろ！！
TROOP82_p4_4	Troops.json	0	dialogue	ピピン：
TROOP82_p4_5	Troops.json	0	dialogue	なんだ、降参か？
TROOP82_p4_6	Troops.json	0	dialogue	悪いが、受け入れられないぞ。
TROOP82_p4_8	Troops.json	0	dialogue	魔王ダフィール：
TROOP82_p4_9	Troops.json	0	dialogue	ピケピケが言っていた…
TROOP83_name	Troops.json	troop name	name	大魔王ダフィール
TROOP83_p0_1	Troops.json	0	dialogue	大魔王ダフィール：
TROOP83_p0_10	Troops.json	0	dialogue	う…ぐぐぐがガガガァァ……！！
TROOP83_p0_12	Troops.json	0	dialogue	大魔王ダフィール：
TROOP83_p0_13	Troops.json	0	dialogue	オマエらも一緒に飲み込まれろォォォ…ッ！！
TROOP83_p0_15	Troops.json	0	dialogue	ピピン：
TROOP83_p0_16	Troops.json	0	dialogue	ウィン！　立て直すぞ！！
TROOP83_p0_17	Troops.json	0	dialogue	魔法、アイテム…使い尽くすつもりで行け！
TROOP83_p0_19	Troops.json	0	dialogue	ウィン：
TROOP83_p0_2	Troops.json	0	dialogue	グググダダダハハハハーーッ……！！！
TROOP83_p0_20	Troops.json	0	dialogue	…！
TROOP83_p0_23	Troops.json	0	dialogue	　　　　　　　　　ウィンはうなずいた！
TROOP83_p0_4	Troops.json	0	dialogue	大魔王ダフィール：
TROOP83_p0_5	Troops.json	0	dialogue	流れ込んでくるゾオオオオオゥゥゥゥ……
TROOP83_p0_6	Troops.json	0	dialogue	とてつもないパワーガアアァァァ……
TROOP83_p0_8	Troops.json	0	dialogue	大魔王ダフィール：
TROOP83_p0_9	Troops.json	0	dialogue	飲み込まれる…飲み込まれてしまう……
TROOP83_p10_1	Troops.json	0	dialogue	大魔王ダフィール：
TROOP83_p10_10	Troops.json	0	dialogue	いイイイィィやぁぁぁだあああぁーーッ！！！
TROOP83_p10_12	Troops.json	0	dialogue	ピピン：
TROOP83_p10_13	Troops.json	0	dialogue	ダフィール！！　
TROOP83_p10_14	Troops.json	0	dialogue	まだ俺の声が聞こえているなら…
TROOP83_p10_16	Troops.json	0	dialogue	ピピン：
TROOP83_p10_17	Troops.json	0	dialogue	老いぼれや無能の先輩がたなど無視して…
TROOP83_p10_18	Troops.json	0	dialogue	俺たちとのバトルに集中しろ…！！
TROOP83_p10_2	Troops.json	0	dialogue	ウウゥゥ…グガガアァァァーー…ッ！！！！
TROOP83_p10_20	Troops.json	0	dialogue	大魔王ダフィール：
TROOP83_p10_21	Troops.json	0	dialogue	…な…にぃ…？
TROOP83_p10_22	Troops.json	0	dialogue	赤い…の………？
TROOP83_p10_24	Troops.json	0	dialogue	ピピン：
TROOP83_p10_25	Troops.json	0	dialogue	何よりも自分を失いたくないと思う気持ち…
TROOP83_p10_26	Troops.json	0	dialogue	それは、お前の誇りだ…プライドだ。
TROOP83_p10_28	Troops.json	0	dialogue	大魔王ダフィール：
TROOP83_p10_29	Troops.json	0	dialogue	…誇り…　ボクの…？
TROOP83_p10_31	Troops.json	0	dialogue	ピピン：
TROOP83_p10_32	Troops.json	0	dialogue	ムダなまでにバカデカい、オマエのその誇り…
TROOP83_p10_33	Troops.json	0	dialogue	…それは誰にも消せん！！
TROOP83_p10_34	Troops.json	0	dialogue	自分ですら持て余しているくせに…
TROOP83_p10_36	Troops.json	0	dialogue	ピピン：
TROOP83_p10_37	Troops.json	0	dialogue	これだけ極限の状況ですら…
TROOP83_p10_38	Troops.json	0	dialogue	仲間の思いよりも、自分の都合を捨てられん…
TROOP83_p10_39	Troops.json	0	dialogue	何て自己中、ナルシストだ…
TROOP83_p10_4	Troops.json	0	dialogue	大魔王ダフィール：
TROOP83_p10_41	Troops.json	0	dialogue	大魔王ダフィール：
TROOP83_p10_42	Troops.json	0	dialogue	お…オマエに言われたくねーーーーーーー！！
TROOP83_p10_44	Troops.json	0	dialogue	ピピン：
TROOP83_p10_45	Troops.json	0	dialogue	なら腹をくくれと言ってるんだ…。
TROOP83_p10_46	Troops.json	0	dialogue	くくれず、外野を無視できないままなら、
TROOP83_p10_47	Troops.json	0	dialogue	結局お前はその程度だということだ！！
TROOP83_p10_49	Troops.json	0	dialogue	大魔王ダフィール：
TROOP83_p10_5	Troops.json	0	dialogue	このまま全て闇のエレメントに飲み込まれ…
TROOP83_p10_50	Troops.json	0	dialogue	…偉そうに…オマエ……
TROOP83_p10_51	Troops.json	0	dialogue	ボクの兄ちゃんみたいなコト言いやがってェ…
TROOP83_p10_53	Troops.json	0	dialogue	ピピン：
TROOP83_p10_54	Troops.json	0	dialogue	フン、四天王にも兄弟がいるとはな…。
TROOP83_p10_56	Troops.json	0	dialogue	大魔王ダフィール：
TROOP83_p10_57	Troops.json	0	dialogue	…ボクだって元々はヒトの子だ…
TROOP83_p10_58	Troops.json	0	dialogue	好きで四天王になった奴なんて………
TROOP83_p10_6	Troops.json	0	dialogue	オマエらにも飲み込まれて………
TROOP83_p10_60	Troops.json	0	dialogue	大魔王ダフィール：
TROOP83_p10_61	Troops.json	0	dialogue	いないンだよォォオオーー…ッ！！！！！
TROOP83_p10_63	Troops.json	0	dialogue	ピピン：
TROOP83_p10_64	Troops.json	0	dialogue	………そうかい。
TROOP83_p10_7	Troops.json	0	dialogue	消えてしまうなんてイヤだ………
TROOP83_p10_9	Troops.json	0	dialogue	大魔王ダフィール：
TROOP83_p11_1	Troops.json	0	dialogue	ピピン：
TROOP83_p11_10	Troops.json	0	dialogue	ピピン：
TROOP83_p11_11	Troops.json	0	dialogue	…それでも兄がいたことといい、
TROOP83_p11_12	Troops.json	0	dialogue	その自己中な性格といい…、
TROOP83_p11_13	Troops.json	0	dialogue	それは人間の頃から変わらないんだろうが…？
TROOP83_p11_15	Troops.json	0	dialogue	ピピン：
TROOP83_p11_16	Troops.json	0	dialogue	…なら、お前にも他の四天王と同じように…
TROOP83_p11_17	Troops.json	0	dialogue	お前なりの歴史や感情があるってことだ…
TROOP83_p11_18	Troops.json	0	dialogue	なのになぜ、まだ他の四天王に気兼ねする？
TROOP83_p11_2	Troops.json	0	dialogue	お前にも兄がいたらしい…
TROOP83_p11_20	Troops.json	0	dialogue	ピピン：
TROOP83_p11_21	Troops.json	0	dialogue	この戦いは、もうお前の戦いだ…
TROOP83_p11_22	Troops.json	0	dialogue	お前だけの都合で、好きなケジメの付け方して
TROOP83_p11_23	Troops.json	0	dialogue	いいだろうが…！！
TROOP83_p11_25	Troops.json	0	dialogue	大魔王ダフィール：
TROOP83_p11_26	Troops.json	0	dialogue	……ッ
TROOP83_p11_3	Troops.json	0	dialogue	しかも以前は人間だったとはな…
TROOP83_p11_5	Troops.json	0	dialogue	大魔王ダフィール：
TROOP83_p11_6	Troops.json	0	dialogue	…もう殆ど覚えちゃいない………ッ！！
TROOP83_p11_7	Troops.json	0	dialogue	強い闇のエレメントパワー自体が元々人間を
TROOP83_p11_8	Troops.json	0	dialogue	蝕むものだからなァァーーーッ！！！！
TROOP83_p1_1	Troops.json	0	dialogue	大魔王ダフィール：
TROOP83_p1_10	Troops.json	0	dialogue	出来るのか…！？
TROOP83_p1_2	Troops.json	0	dialogue	うう…おおオオオォォー…！！！！
TROOP83_p1_4	Troops.json	0	dialogue	大魔王ダフィール：
TROOP83_p1_5	Troops.json	0	dialogue	流れ込んでくる…！！
TROOP83_p1_6	Troops.json	0	dialogue	この力はァァァ…　ミケェェネかあァァ…！！
TROOP83_p1_8	Troops.json	0	dialogue	ピピン：
TROOP83_p1_9	Troops.json	0	dialogue	…こいつ、他の四天王の力を吸収することも
TROOP83_p2_1	Troops.json	0	dialogue	大魔王ダフィール：
TROOP83_p2_10	Troops.json	0	dialogue	感情…なのかァァァ……
TROOP83_p2_11	Troops.json	0	dialogue	ううおおああアァァー…！！！！
TROOP83_p2_12	Troops.json	0	dialogue	入って来るなァーーーーーッ…！！！！
TROOP83_p2_14	Troops.json	0	dialogue	ピピン：
TROOP83_p2_15	Troops.json	0	dialogue	…フン、どうやら四天王の力だけでなく、
TROOP83_p2_16	Troops.json	0	dialogue	その人格も吸収してしまうようだな…
TROOP83_p2_18	Troops.json	0	dialogue	ピピン：
TROOP83_p2_19	Troops.json	0	dialogue	そんな連中の人格までをも吸収してしまって、
TROOP83_p2_2	Troops.json	0	dialogue	ううおおああアァァー…！！！！
TROOP83_p2_20	Troops.json	0	dialogue	果たしてキサマのようなガキンチョが自分を
TROOP83_p2_21	Troops.json	0	dialogue	保てるか…　見ものだな、ダフィール…！！
TROOP83_p2_23	Troops.json	0	dialogue	大魔王ダフィール：
TROOP83_p2_24	Troops.json	0	dialogue	グググゥゥ………オオアアァァ…ッ！！！
TROOP83_p2_3	Troops.json	0	dialogue	やめろ！！　入って来るなァッ…！！
TROOP83_p2_5	Troops.json	0	dialogue	大魔王ダフィール：
TROOP83_p2_6	Troops.json	0	dialogue	ミィィケェェネェー………
TROOP83_p2_7	Troops.json	0	dialogue	これはオマエのキオクなのかぁぁ……
TROOP83_p2_9	Troops.json	0	dialogue	大魔王ダフィール：
TROOP83_p3_1	Troops.json	0	dialogue	大魔王ダフィール：
TROOP83_p3_10	Troops.json	0	dialogue	ピピン：
TROOP83_p3_11	Troops.json	0	dialogue	早くも自分を失いかけているようだな…
TROOP83_p3_12	Troops.json	0	dialogue	ダフィール…！！
TROOP83_p3_14	Troops.json	0	dialogue	ピピン：
TROOP83_p3_15	Troops.json	0	dialogue	それがキサマの弱さだ…
TROOP83_p3_16	Troops.json	0	dialogue	どれだけ強大な力を手にしようと…
TROOP83_p3_17	Troops.json	0	dialogue	内に強さを持たないものに、その力は扱えん！！
TROOP83_p3_19	Troops.json	0	dialogue	大魔王ダフィール：
TROOP83_p3_2	Troops.json	0	dialogue	ミケーネぶりざーどおお…はああああ
TROOP83_p3_20	Troops.json	0	dialogue	ググガガガ…ガガアアァァーッ！！！！
TROOP83_p3_21	Troops.json	0	dialogue	オマエも黙れえええェェェーーッ…！！！！
TROOP83_p3_3	Troops.json	0	dialogue	効かない…効かない…！！！！
TROOP83_p3_4	Troops.json	0	dialogue	そんなコト分かってるよ…！！！！！
TROOP83_p3_6	Troops.json	0	dialogue	大魔王ダフィール：
TROOP83_p3_7	Troops.json	0	dialogue	うるさあああああいいイイィィッ！！！！
TROOP83_p3_8	Troops.json	0	dialogue	黙れレレエエェェェーーーーッ！！！！！
TROOP83_p4_1	Troops.json	0	dialogue	大魔王ダフィール：
TROOP83_p4_12	Troops.json	0	dialogue	　大魔王ダフィールの攻撃力とぼうぎょ力がアップした！！
TROOP83_p4_15	Troops.json	0	dialogue	　　　　　　　　さらに反撃確率もアップ！！
TROOP83_p4_16	Troops.json	0	dialogue	　　　　　　ダフィ－ルの構えにスキがなくなった！！
TROOP83_p4_19	Troops.json	0	dialogue	大魔王ダフィール：
TROOP83_p4_2	Troops.json	0	dialogue	………………。
TROOP83_p4_20	Troops.json	0	dialogue	力だけェェェ…　力だけ寄こせェェ…！！
TROOP83_p4_21	Troops.json	0	dialogue	オマエらの…こんなフクザツでカイキな……
TROOP83_p4_23	Troops.json	0	dialogue	大魔王ダフィール：
TROOP83_p4_24	Troops.json	0	dialogue	ややこしい感情と歴史はいらない…ッ！！
TROOP83_p4_25	Troops.json	0	dialogue	チカラだけをヨコセェェェー……ッ！！！！
TROOP83_p4_27	Troops.json	0	dialogue	ピピン：
TROOP83_p4_28	Troops.json	0	dialogue	自分にすべてを託して散っていった仲間の、
TROOP83_p4_29	Troops.json	0	dialogue	その思い…その重さ…　すべて拒否するか…
TROOP83_p4_31	Troops.json	0	dialogue	ピピン：
TROOP83_p4_32	Troops.json	0	dialogue	…ヘドが出るほどのガキンチョだな…。
TROOP83_p4_33	Troops.json	0	dialogue	まるで、俺みたいだぜ…！
TROOP83_p4_4	Troops.json	0	dialogue	大魔王ダフィール：
TROOP83_p4_5	Troops.json	0	dialogue	………………。
TROOP83_p4_7	Troops.json	0	dialogue	大魔王ダフィール：
TROOP83_p4_8	Troops.json	0	dialogue	なんでいまボクは黙ったァァ……！！
TROOP83_p4_9	Troops.json	0	dialogue	オマエだな……ヌヌアアアウウゥゥゥー…！！
TROOP83_p5_1	Troops.json	0	dialogue	大魔王ダフィール：
TROOP83_p5_10	Troops.json	0	dialogue	そして…　めちゃくちゃ難解な感情なんだ…
TROOP83_p5_16	Troops.json	0	dialogue	　　　　ダフィールから猛烈な闇の波動を感じる！！
TROOP83_p5_17	Troops.json	0	dialogue	　　　　　　　ダフィールの魔力が暴走した！！
TROOP83_p5_19	Troops.json	0	dialogue	大魔王ダフィール：
TROOP83_p5_2	Troops.json	0	dialogue	グガガダダガハハハァァァー……ッ！！！！
TROOP83_p5_20	Troops.json	0	dialogue	ピ…ケ…ピ…ケエエェェーー……ッ！！！！
TROOP83_p5_22	Troops.json	0	dialogue	ピピン：
TROOP83_p5_23	Troops.json	0	dialogue	クッ…！！
TROOP83_p5_24	Troops.json	0	dialogue	なんだ…気圧される…！！
TROOP83_p5_25	Troops.json	0	dialogue	ウィン…これがあのピ何とかの力なのか…！？
TROOP83_p5_27	Troops.json	0	dialogue	ウィン：
TROOP83_p5_28	Troops.json	0	dialogue	………！！
TROOP83_p5_30	Troops.json	0	dialogue	大魔王ダフィール：
TROOP83_p5_31	Troops.json	0	dialogue	逆らうな…　逆らってはならんンンのだぁ…
TROOP83_p5_32	Troops.json	0	dialogue	闇の力の奔流からからァァ……！！！！
TROOP83_p5_34	Troops.json	0	dialogue	大魔王ダフィール：
TROOP83_p5_35	Troops.json	0	dialogue	闇のエレメントに完全に身を任せねバァァ…
TROOP83_p5_36	Troops.json	0	dialogue	真の大魔王に…は…ワワァァ……ァ………
TROOP83_p5_38	Troops.json	0	dialogue	大魔王ダフィール：
TROOP83_p5_39	Troops.json	0	dialogue	ウウうおおおああああぁぁーー……ッ！！！！
TROOP83_p5_4	Troops.json	0	dialogue	大魔王ダフィール：
TROOP83_p5_40	Troops.json	0	dialogue	ボクはダフィールだァァァァ……！！！！
TROOP83_p5_42	Troops.json	0	dialogue	ピピン：
TROOP83_p5_43	Troops.json	0	dialogue	どうもこの辺りからが本番らしい…
TROOP83_p5_44	Troops.json	0	dialogue	ウィン、死ぬなよ！！
TROOP83_p5_46	Troops.json	0	dialogue	ウィン：
TROOP83_p5_47	Troops.json	0	dialogue	………！！
TROOP83_p5_5	Troops.json	0	dialogue	コノ…チカラは………ッ！！
TROOP83_p5_50	Troops.json	0	dialogue	　　　　　　　　　ウィンはうなずいた！
TROOP83_p5_6	Troops.json	0	dialogue	うう…グフ…ガ…ァァ…ああああああ！！！
TROOP83_p5_8	Troops.json	0	dialogue	大魔王ダフィール：
TROOP83_p5_9	Troops.json	0	dialogue	なんて凄まじい魔力…　膨大な知識…
TROOP83_p6_1	Troops.json	0	dialogue	大魔王ダフィール：
TROOP83_p6_10	Troops.json	0	dialogue	ウィン：
TROOP83_p6_11	Troops.json	0	dialogue	…？
TROOP83_p6_13	Troops.json	0	dialogue	ピピン：
TROOP83_p6_14	Troops.json	0	dialogue	いまの奴にはスキが殆どないから、
TROOP83_p6_15	Troops.json	0	dialogue	大ダメージを与えるのが難しい…
TROOP83_p6_16	Troops.json	0	dialogue	そこで奴にスキを作る作戦だ。
TROOP83_p6_18	Troops.json	0	dialogue	ピピン：
TROOP83_p6_19	Troops.json	0	dialogue	お前のカマイタチで奴の足を攻撃した瞬間に、
TROOP83_p6_2	Troops.json	0	dialogue	ググルルううおおおあああぁぁぁぁ……！！
TROOP83_p6_20	Troops.json	0	dialogue	俺がフェイント攻撃をしかける…。
TROOP83_p6_22	Troops.json	0	dialogue	ピピン：
TROOP83_p6_23	Troops.json	0	dialogue	うまくいけば、奴のぼうぎょと素早さを同時に
TROOP83_p6_24	Troops.json	0	dialogue	ダウンさせることができるだろう…どうだ？
TROOP83_p6_26	Troops.json	0	dialogue	ウィン：
TROOP83_p6_27	Troops.json	0	dialogue	…！
TROOP83_p6_3	Troops.json	0	dialogue	負けねえゾ……　ゼッテーェェ……
TROOP83_p6_32	Troops.json	0	dialogue	　　　　　ウィンとピピンはカマカゼを編み出した！
TROOP83_p6_4	Troops.json	0	dialogue	負けねえぞおおおおおおまえらあああ！！！！
TROOP83_p6_6	Troops.json	0	dialogue	ピピン：
TROOP83_p6_7	Troops.json	0	dialogue	…ウィン、俺にちょっとした考えがある。
TROOP83_p6_8	Troops.json	0	dialogue	お前の魔法と俺のスキルを組み合わせた攻撃だ
TROOP83_p7_1	Troops.json	0	dialogue	大魔王ダフィール：
TROOP83_p7_10	Troops.json	0	dialogue	ウィン：
TROOP83_p7_11	Troops.json	0	dialogue	…！？
TROOP83_p7_13	Troops.json	0	dialogue	ピピン：
TROOP83_p7_14	Troops.json	0	dialogue	普通にやったんじゃうまくいかない。
TROOP83_p7_15	Troops.json	0	dialogue	俺が丸焦げになるか、よくても雷の力が
TROOP83_p7_16	Troops.json	0	dialogue	地面に逃げてしまうからな…。
TROOP83_p7_18	Troops.json	0	dialogue	ピピン：
TROOP83_p7_19	Troops.json	0	dialogue	そこでだ…　俺のスキル、浮雲渡りだ。
TROOP83_p7_2	Troops.json	0	dialogue	己をぉぉ…滅っせぇぇェェ…
TROOP83_p7_20	Troops.json	0	dialogue	俺が宙に浮いている間に、オマエが俺の剣に
TROOP83_p7_21	Troops.json	0	dialogue	イカヅチを落とす…
TROOP83_p7_23	Troops.json	0	dialogue	ピピン：
TROOP83_p7_24	Troops.json	0	dialogue	そして着地するまでの間に俺が攻撃すれば…
TROOP83_p7_25	Troops.json	0	dialogue	全ての雷のパワーがアイツに伝わる。
TROOP83_p7_26	Troops.json	0	dialogue	想像もつかん威力になるだろう…
TROOP83_p7_28	Troops.json	0	dialogue	ピピン：
TROOP83_p7_29	Troops.json	0	dialogue	どちらかがタイミングをミスれば、
TROOP83_p7_3	Troops.json	0	dialogue	さもなくばァ…　敗れゥゥ……ううああ！！
TROOP83_p7_30	Troops.json	0	dialogue	俺は丸焦げになるが…、どうだ、やれるか？
TROOP83_p7_32	Troops.json	0	dialogue	ウィン：
TROOP83_p7_33	Troops.json	0	dialogue	…！
TROOP83_p7_36	Troops.json	0	dialogue	　　　　　ウィンとピピンはイヅナを編み出した！！
TROOP83_p7_4	Troops.json	0	dialogue	黙れェェナウゥゥーーッ…！！！！
TROOP83_p7_6	Troops.json	0	dialogue	ピピン：
TROOP83_p7_7	Troops.json	0	dialogue	ウィン…お前のイカヅチを俺の剣に落とす技を
TROOP83_p7_8	Troops.json	0	dialogue	考えていたんだが…
TROOP83_p8_1	Troops.json	0	dialogue	大魔王ダフィール：
TROOP83_p8_10	Troops.json	0	dialogue	己が無くなるのォォーーーッ！！
TROOP83_p8_11	Troops.json	0	dialogue	己が無視されるのォォォーーーッ！！！
TROOP83_p8_12	Troops.json	0	dialogue	ググガガうぅおぉあぁーーー……ッ！！！！
TROOP83_p8_14	Troops.json	0	dialogue	ピピン：
TROOP83_p8_15	Troops.json	0	dialogue	ウィン、気付いているか？
TROOP83_p8_16	Troops.json	0	dialogue	アイツはもう、俺たちを見ていない…
TROOP83_p8_17	Troops.json	0	dialogue	見えていない…！！
TROOP83_p8_19	Troops.json	0	dialogue	ピピン：
TROOP83_p8_2	Troops.json	0	dialogue	恐れるかァァ…怯えるかァァ……！！！！
TROOP83_p8_20	Troops.json	0	dialogue	いまなら…
TROOP83_p8_21	Troops.json	0	dialogue	俺の魔法を相殺されずに発動できるだろう…
TROOP83_p8_22	Troops.json	0	dialogue	そこでだ…
TROOP83_p8_24	Troops.json	0	dialogue	ピピン：
TROOP83_p8_25	Troops.json	0	dialogue	不意を突いて俺がアイツを水浸しにする…
TROOP83_p8_26	Troops.json	0	dialogue	そこにお前のイカヅチを落とせ。
TROOP83_p8_28	Troops.json	0	dialogue	ウィン：
TROOP83_p8_29	Troops.json	0	dialogue	…！？
TROOP83_p8_3	Troops.json	0	dialogue	真実がァァ…歴史がァァ…
TROOP83_p8_31	Troops.json	0	dialogue	ピピン：
TROOP83_p8_32	Troops.json	0	dialogue	辺り一面水浸しだ、逃れる術はない…。
TROOP83_p8_33	Troops.json	0	dialogue	しかも雷のパワーは地面に分散せず、
TROOP83_p8_34	Troops.json	0	dialogue	びしょ濡れの奴に集中するってわけだ。
TROOP83_p8_37	Troops.json	0	dialogue	　　　　ウィンとピピンはミカヅチを編み出した！！
TROOP83_p8_4	Troops.json	0	dialogue	失われることよりもォォォ………ッ！！！
TROOP83_p8_6	Troops.json	0	dialogue	大魔王ダフィール：
TROOP83_p8_7	Troops.json	0	dialogue	卑小で卑俗でか弱い己れの消失ォォォ………
TROOP83_p8_9	Troops.json	0	dialogue	大魔王ダフィール：
TROOP83_p9_1	Troops.json	0	dialogue	大魔王ダフィール：
TROOP83_p9_10	Troops.json	0	dialogue	闇の復活もォォォ………！！！
TROOP83_p9_11	Troops.json	0	dialogue	闇の勝利もォォォ………！！！！！
TROOP83_p9_12	Troops.json	0	dialogue	ボクにはどうでもいいィィィー……ッ！！！！
TROOP83_p9_14	Troops.json	0	dialogue	ピピン：
TROOP83_p9_15	Troops.json	0	dialogue	フン…　アイツ、仲間のことばに全く従う気が
TROOP83_p9_16	Troops.json	0	dialogue	ないみたいだな…。
TROOP83_p9_18	Troops.json	0	dialogue	ピピン：
TROOP83_p9_19	Troops.json	0	dialogue	真の意味での闇との一体化…大魔王化には…
TROOP83_p9_2	Troops.json	0	dialogue	黙れッェェ…　ピケピケェェ…！！
TROOP83_p9_20	Troops.json	0	dialogue	アイツの自我がジャマなようだ。
TROOP83_p9_22	Troops.json	0	dialogue	ウィン：
TROOP83_p9_23	Troops.json	0	dialogue	………。
TROOP83_p9_25	Troops.json	0	dialogue	ピピン：
TROOP83_p9_26	Troops.json	0	dialogue	…ちょびっとだけ、哀れだな、アイツ。
TROOP83_p9_28	Troops.json	0	dialogue	ウィン：
TROOP83_p9_29	Troops.json	0	dialogue	………。
TROOP83_p9_3	Troops.json	0	dialogue	ナウーゥゥゥ…　ミケェェネェーッ…！！！！
TROOP83_p9_5	Troops.json	0	dialogue	大魔王ダフィール：
TROOP83_p9_6	Troops.json	0	dialogue	ボクは消えないッ！！！！
TROOP83_p9_7	Troops.json	0	dialogue	ボクはまだ何も成していない…ッ！！！！
TROOP83_p9_9	Troops.json	0	dialogue	大魔王ダフィール：
TROOP84_name	Troops.json	troop name	name	ピケピケ
TROOP84_p0_1	Troops.json	0	dialogue	ピピン：
TROOP84_p0_10	Troops.json	0	dialogue	ピケピケ：
TROOP84_p0_11	Troops.json	0	dialogue	10ターンだ…　うん、そのくらいが限界かな？
TROOP84_p0_12	Troops.json	0	dialogue	私は忙しいので10ターンだけ遊んであげます！
TROOP84_p0_14	Troops.json	0	dialogue	ピピン：
TROOP84_p0_15	Troops.json	0	dialogue	…ふざけやがって　ウィン、行くぞ！
TROOP84_p0_17	Troops.json	0	dialogue	ウィン：
TROOP84_p0_18	Troops.json	0	dialogue	…！
TROOP84_p0_2	Troops.json	0	dialogue	なんだこいつ…　変身…したのか…！？
TROOP84_p0_21	Troops.json	0	dialogue	　　　　　　　　　　ウィンは頷いた！
TROOP84_p0_4	Troops.json	0	dialogue	ウィン：
TROOP84_p0_5	Troops.json	0	dialogue	…！！
TROOP84_p0_7	Troops.json	0	dialogue	ピケピケ：
TROOP84_p0_8	Troops.json	0	dialogue	ふうううううんんんむううぅぅ……
TROOP84_p1_1	Troops.json	0	dialogue	ピケピケ：
TROOP84_p1_10	Troops.json	0	dialogue	こいつ…わざと魔法を使わないようにして…
TROOP84_p1_11	Troops.json	0	dialogue	俺たちと遊んでいるのか…！！
TROOP84_p1_2	Troops.json	0	dialogue	私は魔法使いなのでーーーー
TROOP84_p1_3	Troops.json	0	dialogue	うっかりしてたまに魔法を使っちゃうかも
TROOP84_p1_4	Troops.json	0	dialogue	知れないけれど………
TROOP84_p1_6	Troops.json	0	dialogue	ピケピケ：
TROOP84_p1_7	Troops.json	0	dialogue	おおめにみていただきたい！！！
TROOP84_p1_9	Troops.json	0	dialogue	ピピン：
TROOP84_p2_1	Troops.json	0	dialogue	ピケピケ：
TROOP84_p2_10	Troops.json	0	dialogue	…。
TROOP84_p2_2	Troops.json	0	dialogue	はいはいはい、頑張ってくださいキミたちー
TROOP84_p2_3	Troops.json	0	dialogue	そろそろ時間切れだよ？しめきりでーーーーす
TROOP84_p2_5	Troops.json	0	dialogue	ピピン：
TROOP84_p2_6	Troops.json	0	dialogue	ウィン…　
TROOP84_p2_7	Troops.json	0	dialogue	10ターン以内にこいつを倒せると思うか…？
TROOP84_p2_9	Troops.json	0	dialogue	ウィン：
TROOP84_p3_1	Troops.json	0	dialogue	ピケピケ：
TROOP84_p3_10	Troops.json	0	dialogue	　　ピケピケの身体から猛烈な闇の波動が放たれる！！
TROOP84_p3_2	Troops.json	0	dialogue	あ…　ごめん…　ちょっと厳しい…
TROOP84_p3_3	Troops.json	0	dialogue	魔法使っていいかなああああああ！！！？？
TROOP84_p4_1	Troops.json	0	dialogue	ピケピケ：
TROOP84_p4_2	Troops.json	0	dialogue	はいはいざんねん、お時間で――――す！！
TROOP84_p4_3	Troops.json	0	dialogue	あーしんどい、ちょっとはしゃぎ過ぎた…
TROOP85_name	Troops.json	troop name	name	人食いバット*3
TROOP86_name	Troops.json	troop name	name	人食いラット*2
TROOP87_name	Troops.json	troop name	name	人食いスパイダー*2
TROOP88_name	Troops.json	troop name	name	人食いバット*2, 人食いラット
TROOP89_name	Troops.json	troop name	name	人食いバット*2, 人食いスパイダー*2
TROOP8_name	Troops.json	troop name	name	人食いグモ*3
TROOP90_name	Troops.json	troop name	name	人食いラット*2, 人食いスパイダー*2
TROOP91_name	Troops.json	troop name	name	人食いスパイダー
TROOP92_name	Troops.json	troop name	name	人食いスパイダー*3
TROOP93_name	Troops.json	troop name	name	人食いドッグ
TROOP93_p0_1	Troops.json	0	dialogue	ピピン：
TROOP93_p0_10	Troops.json	0	dialogue	…！
TROOP93_p0_2	Troops.json	0	dialogue	こいつも人食いの…ドッグ？
TROOP93_p0_3	Troops.json	0	dialogue	ドッグなのか、これは…！？
TROOP93_p0_5	Troops.json	0	dialogue	ピピン：
TROOP93_p0_6	Troops.json	0	dialogue	どうもいままでの魔物とは様子が違う…
TROOP93_p0_7	Troops.json	0	dialogue	ウィン、気を引き締めろよ！
TROOP93_p0_9	Troops.json	0	dialogue	ウィン：
TROOP94_name	Troops.json	troop name	name	狂気のジャクリーン
TROOP94_p0_1	Troops.json	0	dialogue	ジャクリーン：
TROOP94_p0_2	Troops.json	0	dialogue	フゥううゥゥぉぉおおおおおあああッ！！
TROOP95_name	Troops.json	troop name	name	ナウー本番戦闘　裏
TROOP95_p0_1	Troops.json	0	dialogue	ホノオ：
TROOP95_p0_10	Troops.json	0	dialogue	絶対に勝てねえ！！
TROOP95_p0_11	Troops.json	0	dialogue	卑怯かも知れねえが…
TROOP95_p0_13	Troops.json	0	dialogue	一回勝たせてもらうぜ！！
TROOP95_p0_15	Troops.json	0	dialogue	ナウー：
TROOP95_p0_16	Troops.json	0	dialogue	……………（ゆっくり頷いてから武器を構える
TROOP95_p0_2	Troops.json	0	dialogue	くそ…二人で勝ったんじゃ、試練を果たした
TROOP95_p0_3	Troops.json	0	dialogue	ことにならなそうだなあ…
TROOP95_p0_5	Troops.json	0	dialogue	ナウー：
TROOP95_p0_6	Troops.json	0	dialogue	………（困
TROOP95_p0_8	Troops.json	0	dialogue	ホノオ：
TROOP95_p0_9	Troops.json	0	dialogue	とはいえ、オレはコイツにひとりじゃ
TROOP95_p1_1	Troops.json	0	dialogue	ホノオ：
TROOP95_p1_2	Troops.json	0	dialogue	なんか左手の紋章が光りまくってる…
TROOP95_p1_3	Troops.json	0	dialogue	いかにも魔法とか使えそうな感じだぜ！
TROOP95_p1_5	Troops.json	0	dialogue	ウィン：
TROOP95_p1_6	Troops.json	0	dialogue	………。
TROOP95_p1_9	Troops.json	0	dialogue	　　　　ウィンの紋章もみどり色に輝いている！
TROOP95_p2_1	Troops.json	0	dialogue	ホノオ：
TROOP95_p2_11	Troops.json	0	dialogue	ウィン：
TROOP95_p2_12	Troops.json	0	dialogue	…。
TROOP95_p2_15	Troops.json	0	dialogue	　　　　　　　ウィンはホノオに名前を教えた
TROOP95_p2_17	Troops.json	0	dialogue	ホノオ：
TROOP95_p2_18	Troops.json	0	dialogue	オーケー！　ウィンて言うんだな！
TROOP95_p2_19	Troops.json	0	dialogue	オレはホノオだぜ！　よろしくな！
TROOP95_p2_2	Troops.json	0	dialogue	この鎧のオッサンは意外とすばやいうえに…
TROOP95_p2_21	Troops.json	0	dialogue	ホノオ：
TROOP95_p2_22	Troops.json	0	dialogue	ウィンのそのハヤテの魔法を使えば、
TROOP95_p2_23	Troops.json	0	dialogue	アイツよりも先に動ける…
TROOP95_p2_24	Troops.json	0	dialogue	つまり…　コレは勝てるぜーーー！！
TROOP95_p2_26	Troops.json	0	dialogue	ナウ―：
TROOP95_p2_27	Troops.json	0	dialogue	………。
TROOP95_p2_4	Troops.json	0	dialogue	ホノオ：
TROOP95_p2_5	Troops.json	0	dialogue	こっちを気絶させたり、転ばせてくるから、
TROOP95_p2_6	Troops.json	0	dialogue	ちっともこっちの番にならねーんだ…
TROOP95_p2_8	Troops.json	0	dialogue	ホノオ：
TROOP95_p2_9	Troops.json	0	dialogue	だけどオマエの…　オマエ…
TROOP95_p3_1	Troops.json	0	dialogue	ナウー：
TROOP95_p3_11	Troops.json	0	dialogue	　　　　　　ナウーは不思議な構えを取った！
TROOP95_p3_14	Troops.json	0	dialogue	　　　　　　ナウーの反撃確率がアップした！
TROOP95_p3_15	Troops.json	0	dialogue	　　　　　　ナウーのぼうぎょ力がアップした！
TROOP95_p3_17	Troops.json	0	dialogue	ホノオ：
TROOP95_p3_18	Troops.json	0	dialogue	うお！？　なんだソレ…？
TROOP95_p3_19	Troops.json	0	dialogue	ま、まあ大丈夫だろ…！！
TROOP95_p3_2	Troops.json	0	dialogue	…………。
TROOP95_p4_1	Troops.json	0	dialogue	ナウ―：
TROOP95_p4_2	Troops.json	0	dialogue	………！
TROOP95_p4_4	Troops.json	0	dialogue	ホノオ：
TROOP95_p4_5	Troops.json	0	dialogue	おっ？　もしかして…　いけるか！？
TROOP96_name	Troops.json	troop name	name	火のサムライ
TROOP97_name	Troops.json	troop name	name	風のサムライ
TROOP98_name	Troops.json	troop name	name	氷のサムライ
TROOP99_name	Troops.json	troop name	name	髪が伸びる人形*2
TROOP9_name	Troops.json	troop name	name	人食いイヌ
TROOP9_p0_1	Troops.json	0	dialogue	ピピン：
TROOP9_p0_2	Troops.json	0	dialogue	こいつも人食いの…イヌ？　イヌなのか！？
TROOP9_p0_4	Troops.json	0	dialogue	ピピン：
TROOP9_p0_5	Troops.json	0	dialogue	どうもいままでの魔物とは様子が違う…
TROOP9_p0_6	Troops.json	0	dialogue	ウィン、気を引き締めろよ！
TROOP9_p0_8	Troops.json	0	dialogue	ウィン：
TROOP9_p0_9	Troops.json	0	dialogue	…！
DB_Weapons_10_description	Weapons.json	Weapons.json #10	description	護身用の短剣。会心率と素早さが大きくアップ。スキル1個。\nウィンとホノオとピピンが装備できる。
DB_Weapons_10_name	Weapons.json	Weapons.json #10 (ダガー)	name	ダガー
DB_Weapons_11_description	Weapons.json	Weapons.json #11	description	護身用の短剣。会心率と素早さが大きくアップ。スキル1個。\nウィンとホノオとピピンが装備できる。
DB_Weapons_11_name	Weapons.json	Weapons.json #11 (ダガー（良質）)	name	ダガー（良質）
DB_Weapons_12_description	Weapons.json	Weapons.json #12	description	護身用の短剣。会心率と素早さが大きくアップ。スキル２個。\nウィンとホノオとピピンが装備できる。
DB_Weapons_12_name	Weapons.json	Weapons.json #12 (ダガー（名品）)	name	ダガー（名品）
DB_Weapons_13_description	Weapons.json	Weapons.json #13	description	敵の急所を突く事のみに特化した細身の剣。会心率がアップ。\nスキル１個。ウィンが装備できる。
DB_Weapons_13_name	Weapons.json	Weapons.json #13 (レイピア)	name	レイピア
DB_Weapons_14_description	Weapons.json	Weapons.json #14	description	敵の急所を突く事のみに特化した細身の剣。会心率がアップ。\nスキル２個。ウィンが装備できる。
DB_Weapons_14_name	Weapons.json	Weapons.json #14 (レイピア（良質）)	name	レイピア（良質）
DB_Weapons_15_description	Weapons.json	Weapons.json #15	description	敵の急所を突く事のみに特化した細身の剣。会心率がアップ。\nスキル２個。ウィンが装備できる。
DB_Weapons_15_name	Weapons.json	Weapons.json #15 (レイピア（名品）)	name	レイピア（名品）
DB_Weapons_16_description	Weapons.json	Weapons.json #16	description	離れた間合いから急所を突く。素早さが下がるが会心率が\n上がる。スキル１個。ウィンが装備できる。
DB_Weapons_16_name	Weapons.json	Weapons.json #16 (スピア)	name	スピア
DB_Weapons_17_description	Weapons.json	Weapons.json #17	description	離れた間合いから急所を突く。素早さが下がるが会心率が\n上がる。スキル２個。ウィンが装備できる。
DB_Weapons_17_name	Weapons.json	Weapons.json #17 (スピア（良質）)	name	スピア（良質）
DB_Weapons_18_description	Weapons.json	Weapons.json #18	description	離れた間合いから急所を突く。素早さが下がるが会心率が\n上がる。スキル２個。ウィンが装備できる。
DB_Weapons_18_name	Weapons.json	Weapons.json #18 (スピア（名品）)	name	スピア（名品）
DB_Weapons_19_description	Weapons.json	Weapons.json #19	description	巨大な刀剣。斬るというよりも叩く。強力だが素早さが\n大きく下がり命中率も下がる。スキル１個。ホノオの装備。
DB_Weapons_19_name	Weapons.json	Weapons.json #19 (バスタードソード)	name	バスタードソード
DB_Weapons_1_description	Weapons.json	Weapons.json #1	description	鍛えた鉄で作られた直剣。ウィンダムで広く普及している\n量産品。スキル1個。ウィンとピピンが装備できる。
DB_Weapons_1_name	Weapons.json	Weapons.json #1 (ショートソード)	name	ショートソード
DB_Weapons_20_description	Weapons.json	Weapons.json #20	description	巨大な刀剣。斬るというよりも叩く。強力だが素早さが\n大きく下がり命中率も下がる。スキル１個。ホノオの装備。
DB_Weapons_20_name	Weapons.json	Weapons.json #20 (バスタードソード（良質）)	name	バスタードソード（良質）
DB_Weapons_21_description	Weapons.json	Weapons.json #21	description	巨大な刀剣。斬るというよりも叩く。強力だが素早さが\n大きく下がり命中率も下がる。スキル２個。ホノオの装備。
DB_Weapons_21_name	Weapons.json	Weapons.json #21 (バスタードソード（名品）)	name	バスタードソード（名品）
DB_Weapons_22_description	Weapons.json	Weapons.json #22	description	大昔の剣闘士が用いていたもの。幅広の刀身は敵の攻撃を\n受け流し回避率がアップ。スキル3個。ウィンが装備できる
DB_Weapons_22_name	Weapons.json	Weapons.json #22 (グラディウス)	name	グラディウス
DB_Weapons_23_description	Weapons.json	Weapons.json #23	description	フレイム王国の王が代々受け継いでいた宝剣。稀に魔法反射。\nスキル３個。ホノオが装備できる。
DB_Weapons_23_name	Weapons.json	Weapons.json #23 (ゾモロドネガル)	name	ゾモロドネガル
DB_Weapons_24_description	Weapons.json	Weapons.json #24	description	セイリューでは見たことがない素晴らしく美しく頑強な刀。\n大きさは脇差ほど。会心率がアップ。スキル３個。ナガレ用
DB_Weapons_24_name	Weapons.json	Weapons.json #24 (にっかり青江)	name	にっかり青江
DB_Weapons_25_description	Weapons.json	Weapons.json #25	description	特殊な形状の防御用のダガー。敵の攻撃に対してたまに\n反撃できる。スキル３個。ウィンとホノオが装備できる。
DB_Weapons_25_name	Weapons.json	Weapons.json #25 (マンゴーシュ)	name	マンゴーシュ
DB_Weapons_26_description	Weapons.json	Weapons.json #26	description	天才騎士と呼ばれたロイに名工が贈った鋭く頑強なレイピア。\n名剣だが非常に扱いが難しい。スキル3個。ウィンの装備。
DB_Weapons_26_name	Weapons.json	Weapons.json #26 (ロイスペシャル)	name	ロイスペシャル
DB_Weapons_27_description	Weapons.json	Weapons.json #27	description	サクソン家に伝わる巨槍。会心率が大きくアップ。\nスキル３個。ウィンが装備できる。
DB_Weapons_27_name	Weapons.json	Weapons.json #27 (蜻蛉斬)	name	蜻蛉斬
DB_Weapons_28_description	Weapons.json	Weapons.json #28	description	とてつもなく巨大な大剣。一撃は絶大だが、命中率が\n凄まじく下がる。スキル３個。ホノオが装備できる。
DB_Weapons_28_name	Weapons.json	Weapons.json #28 (ツヴァイハンダー)	name	ツヴァイハンダー
DB_Weapons_29_description	Weapons.json	Weapons.json #29	description	鍛えた鉄で作られた直剣。下級兵士の装備や商人の護身用\nとして広く普及している量産品。スキル2個
DB_Weapons_29_name	Weapons.json	Weapons.json #29 (ショートソード（ピピン）)	name	ショートソード（ピピン）
DB_Weapons_2_description	Weapons.json	Weapons.json #2	description	鍛えた鉄で作られた直剣。ウィンダムで広く普及している\n量産品。スキル２個。ウィンとピピンが装備できる。
DB_Weapons_2_name	Weapons.json	Weapons.json #2 (ショートソード（良質）)	name	ショートソード（良質）
DB_Weapons_30_description	Weapons.json	Weapons.json #30	description	つばめ返しを最も活かす為に作られた大太刀。素早さが大きく\n下がり反撃率と会心率アップ。スキル３個。ナガレが装備。
DB_Weapons_30_name	Weapons.json	Weapons.json #30 (物干し竿)	name	物干し竿
DB_Weapons_31_description	Weapons.json	Weapons.json #31	description	鍛えた鉄で作られた直剣。ピピンが長年愛用しているもの。\n材質から鍛え方まで、従来品とは一線を画す。スキル5個
DB_Weapons_31_name	Weapons.json	Weapons.json #31 (ショートソード（究極）)	name	ショートソード（究極）
DB_Weapons_32_description	Weapons.json	Weapons.json #32	description	鍛えた鉄で作られた直剣。長く幅広の為、扱いに難がある。\n歴戦の騎士であれば問題ない。スキル３個。ウィンが装備。
DB_Weapons_32_name	Weapons.json	Weapons.json #32 (ロングソード（名品）)	name	ロングソード（名品）
DB_Weapons_33_description	Weapons.json	Weapons.json #33	description	フレイム王国で生産される刀身の反った刀剣。素早さが少し\nアップ。スキル３個。ホノオが装備できる。
DB_Weapons_33_name	Weapons.json	Weapons.json #33 (シャムシール（匠）)	name	シャムシール（匠）
DB_Weapons_34_description	Weapons.json	Weapons.json #34	description	脇差よりも一回り長く重い刀。素早さは下がるが高威力。\nたまに無傷で反撃。スキル３個。ナガレの装備。
DB_Weapons_34_name	Weapons.json	Weapons.json #34 (打刀（大業物）)	name	打刀（大業物）
DB_Weapons_35_description	Weapons.json	Weapons.json #35	description	護身用の短剣。会心率と素早さが大きくアップ。スキル３個。\nウィンとホノオが装備できる。
DB_Weapons_35_name	Weapons.json	Weapons.json #35 (ダガー（匠）)	name	ダガー（匠）
DB_Weapons_36_description	Weapons.json	Weapons.json #36	description	敵の急所を突く事のみに特化した細身の剣。会心率がアップ。\nスキル３個。ウィンが装備できる。
DB_Weapons_36_name	Weapons.json	Weapons.json #36 (レイピア（匠）)	name	レイピア（匠）
DB_Weapons_37_description	Weapons.json	Weapons.json #37	description	離れた間合いから急所を突く。素早さが下がるが会心率が\n上がる。スキル３個。ウィンが装備できる。
DB_Weapons_37_name	Weapons.json	Weapons.json #37 (スピア（匠）)	name	スピア（匠）
DB_Weapons_38_description	Weapons.json	Weapons.json #38	description	巨大な刀剣。斬るというよりも叩く。強力だが素早さが\n大きく下がり命中率も下がる。スキル３個。ホノオの装備。
DB_Weapons_38_name	Weapons.json	Weapons.json #38 (グレートソード（名品）)	name	グレートソード（名品）
DB_Weapons_39_description	Weapons.json	Weapons.json #39	description	天才騎士と呼ばれたロイに名工が贈った鋭く頑強なレイピア。\n名剣だが非常に扱いが難しい。スキル3個。ウィンの装備。
DB_Weapons_39_name	Weapons.json	Weapons.json #39 (ロイスペシャル（本物）)	name	ロイスペシャル（本物）
DB_Weapons_3_description	Weapons.json	Weapons.json #3	description	鍛えた鉄で作られた直剣。ウィンダムで広く普及している\n量産品。スキル２個。ウィンとピピンが装備できる。
DB_Weapons_3_name	Weapons.json	Weapons.json #3 (ショートソード（名品）)	name	ショートソード（名品）
DB_Weapons_40_description	Weapons.json	Weapons.json #40	description	セイリューの技術で作られた短刀。少し大きいが取り回しは\n抜群に良い。誰でも装備できるダガーである。スキル3個。
DB_Weapons_40_name	Weapons.json	Weapons.json #40 (藤四郎)	name	藤四郎
DB_Weapons_41_description	Weapons.json	Weapons.json #41	description	鍛えた鉄で作られた直剣。長く幅広の為、扱いに難がある。\n歴戦の騎士であれば問題ない。スキル３個。ウィンが装備。
DB_Weapons_41_name	Weapons.json	Weapons.json #41 (ロングソード（匠）)	name	ロングソード（匠）
DB_Weapons_42_description	Weapons.json	Weapons.json #42	description	フレイム王国の王が代々受け継いでいた宝剣。稀に魔法反射。\nスキル３個。ホノオが装備できる。
DB_Weapons_42_name	Weapons.json	Weapons.json #42 (ゾモロドネガル（本物）)	name	ゾモロドネガル（本物）
DB_Weapons_43_description	Weapons.json	Weapons.json #43	description	セイリューでは見たことがない素晴らしく美しく頑強な刀。\n大きさは脇差ほど。会心率がアップ。スキル３個。ナガレ用
DB_Weapons_43_name	Weapons.json	Weapons.json #43 (骨喰み)	name	骨喰み
DB_Weapons_44_description	Weapons.json	Weapons.json #44	description	サクソン家に伝わる巨槍。会心率が大きくアップ。\nスキル３個。ウィンが装備できる。
DB_Weapons_44_name	Weapons.json	Weapons.json #44 (蜻蛉斬（本物）)	name	蜻蛉斬（本物）
DB_Weapons_45_description	Weapons.json	Weapons.json #45	description	巨大な刀剣。斬るというよりも叩く。強力だが素早さが\n大きく下がり命中率も下がる。スキル３個。ホノオの装備。
DB_Weapons_45_name	Weapons.json	Weapons.json #45 (グレートソード（匠）)	name	グレートソード（匠）
DB_Weapons_46_description	Weapons.json	Weapons.json #46	description	つばめ返しを最も活かす為に作られた大太刀。素早さが大きく\n下がり反撃率と会心率アップ。スキル３個。ナガレが装備。
DB_Weapons_46_name	Weapons.json	Weapons.json #46 (青江の大太刀)	name	青江の大太刀
DB_Weapons_47_description	Weapons.json	Weapons.json #47	description	風の力が宿る、長大な槍。会心率が大きくアップ。\nスキル5個。ウィンが装備できる。
DB_Weapons_47_name	Weapons.json	Weapons.json #47 (ウィンドスピア)	name	ウィンドスピア
DB_Weapons_48_description	Weapons.json	Weapons.json #48	description	水の力が宿った刀。素早さが下がり、反撃率と会心率アップ。\nスキル5個。ナガレが装備できる。
DB_Weapons_48_name	Weapons.json	Weapons.json #48 (ムラクモ)	name	ムラクモ
DB_Weapons_49_description	Weapons.json	Weapons.json #49	description	炎の力が宿った曲剣。素早さが上がり、稀に魔法を反射。\nスキル5個。ホノオが装備できる。
DB_Weapons_49_name	Weapons.json	Weapons.json #49 (フレイムタン)	name	フレイムタン
DB_Weapons_4_description	Weapons.json	Weapons.json #4	description	フレイム王国で生産される刀身の反った刀剣。素早さが少し\nアップ。スキル１個。ホノオが装備できる。
DB_Weapons_4_name	Weapons.json	Weapons.json #4 (シャムシール)	name	シャムシール
DB_Weapons_50_description	Weapons.json	Weapons.json #50	description	巨大な刀剣。斬るというよりも叩く。強力だが素早さが\n大きく下がり命中率も下がる。スキル６個。ホノオの装備。
DB_Weapons_50_name	Weapons.json	Weapons.json #50 (ドラゴンバスター)	name	ドラゴンバスター
DB_Weapons_51_description	Weapons.json	Weapons.json #51	description	セイリューの技術で作られた短刀。少し大きいが取り回しは\n抜群に良い。誰でも装備できるダガーである。スキル5個。
DB_Weapons_51_name	Weapons.json	Weapons.json #51 (藤四郎（大業物）)	name	藤四郎（大業物）
DB_Weapons_52_description	Weapons.json	Weapons.json #52	description	セイリューでは見たことがない素晴らしく美しく頑強な刀。\n大きさは長い脇差。会心率がアップ。スキル5個。ナガレ用
DB_Weapons_52_name	Weapons.json	Weapons.json #52 (村雨)	name	村雨
DB_Weapons_5_description	Weapons.json	Weapons.json #5	description	フレイム王国で生産される刀身の反った刀剣。素早さが少し\nアップ。スキル２個。ホノオが装備できる。
DB_Weapons_5_name	Weapons.json	Weapons.json #5 (シャムシール（良質）)	name	シャムシール（良質）
DB_Weapons_6_description	Weapons.json	Weapons.json #6	description	フレイム王国で生産される刀身の反った刀剣。素早さが少し\nアップ。スキル２個。ホノオが装備できる。
DB_Weapons_6_name	Weapons.json	Weapons.json #6 (シャムシール（名品）)	name	シャムシール（名品）
DB_Weapons_7_description	Weapons.json	Weapons.json #7	description	セイリューで生産される鋭く美しい刀。素早さは下がるが\n高威力。たまに無傷で反撃。スキル１個。ナガレの装備。
DB_Weapons_7_name	Weapons.json	Weapons.json #7 (脇差)	name	脇差
DB_Weapons_8_description	Weapons.json	Weapons.json #8	description	セイリューで生産される鋭く美しい刀。素早さは下がるが\n高威力。たまに無傷で反撃。スキル２個。ナガレの装備。
DB_Weapons_8_name	Weapons.json	Weapons.json #8 (脇差（業物）)	name	脇差（業物）
DB_Weapons_9_description	Weapons.json	Weapons.json #9	description	セイリューで生産される鋭く美しい刀。素早さは下がるが\n高威力。たまに無傷で反撃。スキル２個。ナガレの装備。
DB_Weapons_9_name	Weapons.json	Weapons.json #9 (脇差（大業物）)	name	脇差（大業物）
PLUGIN_AutoBattle_Auto Battle Message	js/plugins.js	plugin AutoBattle	plugins	_keyでオートバトル開始
PLUGIN_AutoBattle_Auto Battle Usable Message	js/plugins.js	plugin AutoBattle	plugins	現在オートバトル中 _keyで解除
PLUGIN_EndGme_endName	js/plugins.js	plugin EndGme	plugins	ゲームを閉じる
PLUGIN_GamepadConfig_Cancel Help	js/plugins.js	plugin GamepadConfig	plugins	メニューアクションをキャンセルする際に使うボタンです
PLUGIN_GamepadConfig_Command Name	js/plugins.js	plugin GamepadConfig	plugins	ゲームパッド設定
PLUGIN_GamepadConfig_Finish Help	js/plugins.js	plugin GamepadConfig	plugins	ゲームパッドのコンフィグを完了しますか？
PLUGIN_GamepadConfig_Menu Help	js/plugins.js	plugin GamepadConfig	plugins	フィールドからメインメニューにアクセスします
PLUGIN_GamepadConfig_OK Help	js/plugins.js	plugin GamepadConfig	plugins	メニューの決定/人に話しかける際に使うボタンです
PLUGIN_GamepadConfig_PageDown Help	js/plugins.js	plugin GamepadConfig	plugins	メニューを素早くスクロールダウンできます
PLUGIN_GamepadConfig_PageUp Help	js/plugins.js	plugin GamepadConfig	plugins	メニューを素早くスクロールアップできます
PLUGIN_GamepadConfig_Reset Help	js/plugins.js	plugin GamepadConfig	plugins	コントローラコンフィグをデフォルトに戻します
PLUGIN_GamepadConfig_Shift Button	js/plugins.js	plugin GamepadConfig	plugins	ダッシュ
PLUGIN_GamepadConfig_Shift Help	js/plugins.js	plugin GamepadConfig	plugins	長押しするとフィールド上をダッシュできます
PLUGIN_KZR_WindowStatusInBattle_CommandName	js/plugins.js	plugin KZR_WindowStatusInBattle	plugins	ステータス
PLUGIN_KeyboardConfig_Cancel Text	js/plugins.js	plugin KeyboardConfig	plugins	キャンセル
PLUGIN_KeyboardConfig_Command Name	js/plugins.js	plugin KeyboardConfig	plugins	キーボード設定
PLUGIN_KeyboardConfig_Default Help	js/plugins.js	plugin KeyboardConfig	plugins	キーボード設定をデフォルトに戻します
PLUGIN_KeyboardConfig_Default Layout	js/plugins.js	plugin KeyboardConfig	plugins	デフォルトレイアウト
PLUGIN_KeyboardConfig_Down Text	js/plugins.js	plugin KeyboardConfig	plugins	下へ ▼
PLUGIN_KeyboardConfig_Finish Help	js/plugins.js	plugin KeyboardConfig	plugins	キーボードのコンフィグを完了しますか？
PLUGIN_KeyboardConfig_Key Help	js/plugins.js	plugin KeyboardConfig	plugins	このキーのコンフィグを変更しますか？
PLUGIN_KeyboardConfig_Left Text	js/plugins.js	plugin KeyboardConfig	plugins	左へ ◄
PLUGIN_KeyboardConfig_OK Text	js/plugins.js	plugin KeyboardConfig	plugins	OK / 話す
PLUGIN_KeyboardConfig_PageDown Text	js/plugins.js	plugin KeyboardConfig	plugins	ページダウン
PLUGIN_KeyboardConfig_PageUp Text	js/plugins.js	plugin KeyboardConfig	plugins	ページアップ
PLUGIN_KeyboardConfig_Right Text	js/plugins.js	plugin KeyboardConfig	plugins	右へ ►
PLUGIN_KeyboardConfig_Shift Text	js/plugins.js	plugin KeyboardConfig	plugins	ダッシュする
PLUGIN_KeyboardConfig_Up Text	js/plugins.js	plugin KeyboardConfig	plugins	上へ ▲
PLUGIN_KeyboardConfig_WASD Help	js/plugins.js	plugin KeyboardConfig	plugins	キーボードをWASDレイアウトに変更します
PLUGIN_KeyboardConfig_WASD Layout	js/plugins.js	plugin KeyboardConfig	plugins	WASDレイアウト
PLUGIN_MakeScreenCapture_署名	js/plugins.js	plugin MakeScreenCapture	plugins	ⒸWGTハムカツ 2019　紋章物語　エレサガ
PLUGIN_RetryBattle_コマンドタイトル	js/plugins.js	plugin RetryBattle	plugins	タイトル画面へ
PLUGIN_RetryBattle_コマンドリトライ	js/plugins.js	plugin RetryBattle	plugins	再びバトル！
PLUGIN_RetryBattle_コマンドロード	js/plugins.js	plugin RetryBattle	plugins	ゲームデータをロード
PLUGIN_RetryBattle_メッセージ	js/plugins.js	plugin RetryBattle	plugins	\\i[1]\\c[2]バトルに敗れた…\\c[0]\\i[1]
PLUGIN_SceneGlossary_GlossaryInfo	js/plugins.js	plugin SceneGlossary	plugins	["{\\"GlossaryType\\":\\"1\\",\\"CommandName\\":\\"用語辞典\\",\\"UseCategory\\":\\"false\\",\\"CommandSwitchId\\":\\"0\\",\\"BackPicture\\":\\"\\",\\"SelectAction\\":\\"0\\",\\"SelectSwitchId\\":\\"0\\",\\"SelectVariableId\\":\\"0\\",\\"ConfirmMessage\\":\\"true\\",\\"ConfirmUse\\":\\"見る\\",\\"ConfirmNoUse\\":\\"やめる\\",\\"GlossaryHelp\\":\\"ゲーム中に登場する用語を解説しています。\\",\\"CategoryHelp\\":\\"カテゴリを選択してください。\\",\\"ConfirmHelp\\":\\"\\",\\"UsingHelp\\":\\"\\",\\"CompleteView\\":\\"true\\",\\"CompleteMessage\\":\\"収集率 \\\\\\\\c[2]%1\\\\\\\\c[0] ％\\",\\"ShowingItemNumber\\":\\"false\\",\\"UsableDefault\\":\\"true\\",\\"UseItemHistory\\":\\"true\\",\\"GlossaryListWidth\\":\\"240\\",\\"VisibleItemNotYet\\":\\"\\"}"]
PLUGIN_TMVplugin_sparamText	js/plugins.js	plugin TMVplugin	plugins	狙われ率,防御効果,回復効果,薬の知識,ＭＰ消費,ＴＰチャージ,,,床ダメージ,経験値獲得
PLUGIN_TMVplugin_xparamText	js/plugins.js	plugin TMVplugin	plugins	命中,回避,会心,会心回避,魔法回避,魔法反射,反撃,ＨＰ再生,ＭＰ再生,ＴＰ再生
PLUGIN_YEP_VictoryAftermath_Battle Drops Text	js/plugins.js	plugin YEP_VictoryAftermath	plugins	戦利品
PLUGIN_YEP_VictoryAftermath_Battle Results Text	js/plugins.js	plugin YEP_VictoryAftermath	plugins	バトル結果
PLUGIN_YEP_VictoryAftermath_Gained EXP Text	js/plugins.js	plugin YEP_VictoryAftermath	plugins	獲得経験値
