id	japanese	translation
CE4_1	度重なる魔族軍の侵攻も最早脅威と呼ばれなくなって	
CE4_11	魔族を、闇を駆逐した我々は、いまや彼らと比べて本当に	
CE4_12	正しいのであろうか。お互いの内に闇を生み出しそれを増幅	
CE4_13	し合うようになった我々がそこに目を向けない限り、本当の	
CE4_14	意味での闇は結局形を変えるだけでむしろ強大になるばかり	
CE4_2	数百年。我々は遂に闇を克服したと言ってよいだろう。	
CE4_3	この大陸のどこにも光が満たされ、闇は駆逐された。	
CE4_4	彼らの魔法の力も我々の兵器の前には児戯に等しい。	
CE4_6	しかしそうなって後、魔族を駆逐する兵器群を持て余した	
CE4_7	人類は、互いに争い始めた。大陸に闇はない。全てが文明の	
CE4_8	明かりに照らされている。野生の魔物も近い将来大陸から	
CE4_9	姿を消すだろう。しかし、それは勝利ではなかった。	
MAP4_e10_p1_2	…街には入らない方がいい、ウィン…	...Better not go into town, Win...
MAP4_e10_p1_5	あのとき、燃え盛る岩がたくさん降ってきて…	Back then, burning rocks rained down in droves...
MAP4_e10_p1_6	この街はがれきの山になってしまったんだ。	This town was reduced to a mountain of rubble.
MAP4_e11_p1_2	…街には入らない方がいい、ウィン…	...Better not go into town, Win...
MAP4_e11_p1_5	あのとき、燃え盛る岩がたくさん降ってきて…	Back then, burning rocks rained down in droves...
MAP4_e11_p1_6	この街はがれきの山になってしまったんだ。	This town was reduced to a mountain of rubble.
MAP4_e15_p0_1	この先、旧坑道。	
MAP4_e15_p0_2	危険につき、立ち入りを禁ずる。	
MAP4_e15_p0_3	　　　　　　　　　　　　　　　王国騎士団　　　　　　	
MAP4_e17_p0_5	　　　ウィンは先にフレイム王に会おうと思った　　　	Win decided to see King Flame first.
MAP4_e18_p0_5	　　　ウィンは先にフレイム王に会おうと思った　　　	Win decided to see King Flame first.
MAP4_e24_p0_5	　　　　ウィンは先にセイリューへ行こうと思った	
MAP4_e26_p1_2	えーと…　	
MAP4_e26_p1_3	先にセイリューの様子を見に行くんじゃ	
MAP4_e26_p1_4	なかったのか…？	
MAP4_e26_p1_7	も、もちろんだぜ！	
MAP4_e26_p1_8	ウィン、オマエなんでこっち来たんだよ…？	
MAP4_e5_p0_2	ここは…ロイの家だ。	
MAP4_e5_p0_3	いまは奴に用はない…。行くぞ。	
MAP5_e10_p0_1	持ち出して役に立つようなものは何も見つけられなかった…	There was nothing worth taking with us...
MAP5_e11_p0_2	　　　　　　　何かの作物の種が入っている	
MAP5_e12_p0_1	持ち出して役に立つようなものは何も見つけられなかった…	There was nothing worth taking with us...
MAP5_e13_p0_2	　　　　まだ使えそうな古い食器類が捨てられている	
MAP5_e14_p0_2	　　　　　　　縄やつるはしなどが入っている	
MAP5_e15_p0_1	持ち出して役に立つようなものは何も見つけられなかった…	There was nothing worth taking with us...
MAP5_e16_p0_2	　　　　　　中は少し湿って　かびていた…	
MAP5_e17_p0_1	持ち出して役に立つようなものは何も見つけられなかった…	There was nothing worth taking with us...
MAP5_e18_p0_1	持ち出して役に立つようなものは何も見つけられなかった…	There was nothing worth taking with us...
MAP5_e26_p0_1	看板には、	The sign reads,
MAP5_e26_p0_2	『騎士団駐屯本部』	"""Knight Order Garrison HQ"""
MAP5_e26_p0_3	と、書いてある。	written in bold.
MAP5_e29_p0_2	ここはウィンダム王国の城下町だよ。	
MAP5_e29_p0_3	…笑えよ、ウィン！	
MAP5_e30_p0_2	ここのお花きれいでしょ？	
MAP5_e30_p0_3	私が毎日お水あげてるんだ！	
MAP5_e31_p0_2	…遂にお金を貯めたぞ。	
MAP5_e31_p0_3	このお金で僕は、エネルギーポージョンを	
MAP5_e31_p0_4	買うんだ…　買うんだ…！	
MAP5_e32_p0_10	近頃はもうすっかり戦争も起きないし、	
MAP5_e32_p0_11	お前さんみたいな男にこそ、騎士が	
MAP5_e32_p0_12	相応しい時代なのかも知れないなあ。	
MAP5_e32_p0_16	騎士や兵隊の世界は、厳しいだろう。	
MAP5_e32_p0_17	とは言え、もう昔のような戦が起こる	
MAP5_e32_p0_18	時代じゃないんだ。	
MAP5_e32_p0_19	あんまり気張らんでもいいんだぞ。	
MAP5_e32_p0_2	おや、ウィン、元気そうだね？	
MAP5_e32_p0_7	お前さんが騎士になったって聞いたときは	
MAP5_e32_p0_8	驚いたよ。優しい子だったからなあ。	
MAP5_e33_p0_12	いまの若い子は知らないかも知れないねえ	
MAP5_e33_p0_13	この像は、先代国王の像なんだよ！！	
MAP5_e33_p0_14	勉強になったかい？	
MAP5_e33_p0_2	この像は…　	
MAP5_e33_p0_3	この像は何の像か知っているかい？	
MAP5_e33_p0_7	なんだって？	What did you say?
MAP5_e33_p0_8	聞こえないねえ…	
MAP5_e34_p0_2	異常なーし	
MAP5_e34_p0_3	ウィンの家の前異常なーし	
MAP5_e34_p0_4	しかしここは、いいにおいがするぜー	
MAP5_e5_p0_1	持ち出して役に立つようなものは何も見つけられなかった…	There was nothing worth taking with us...
MAP5_e6_p0_1	持ち出して役に立つようなものは何も見つけられなかった…	There was nothing worth taking with us...
MAP5_e7_p0_1	持ち出して役に立つようなものは何も見つけられなかった…	There was nothing worth taking with us...
MAP5_e8_p0_2	　　底から　キュアポーションを　１個手に入れた！	
MAP5_e8_p1_2	　　　　　　　　　中はからっぽだった	
MAP5_e9_p0_2	　　　　　魚のエサにつかう虫が入っている	
MAP6_e15_p0_1	ここでなら休んでいくことが出来る。	You can rest here.
MAP6_e15_p0_2	休んでいこうか…。	Should we rest...?
MAP6_e16_p0_1	ここでなら休んでいくことが出来る。	You can rest here.
MAP6_e16_p0_2	休んでいこうか…。	Should we rest...?
MAP6_e17_p0_1	ここでなら休んでいくことが出来る。	You can rest here.
MAP6_e17_p0_2	休んでいこうか…。	Should we rest...?
MAP6_e18_p0_1	ここでなら休んでいくことが出来る。	You can rest here.
MAP6_e18_p0_2	休んでいこうか…。	Should we rest...?
MAP6_e19_p0_1	ここでなら休んでいくことが出来る。	You can rest here.
MAP6_e19_p0_2	休んでいこうか…。	Should we rest...?
MAP6_e20_p0_1	ここでなら休んでいくことが出来る。	You can rest here.
MAP6_e20_p0_2	休んでいこうか…。	Should we rest...?
MAP6_e21_p0_1	持ち出して役に立つようなものは何も見つけられなかった…	There was nothing worth taking with us...
MAP6_e22_p0_2	　　　　擦り切れたレザーコートが入っている	
MAP6_e23_p0_2	　　　　　あせくさい　あまり調べたくはない…	
MAP6_e24_p0_2	レザーコートを　一着　手に入れた！	Obtained a Leather Coat!
MAP6_e24_p1_1	持ち出して役に立つようなものは何も見つけられなかった…	There was nothing worth taking with us...
MAP6_e25_p0_1	持ち出して役に立つようなものは何も見つけられなかった…	There was nothing worth taking with us...
MAP6_e26_p0_2	　　　　　　　　　　食器や調味料の類だ	
MAP6_e27_p0_1	持ち出して役に立つようなものは何も見つけられなかった…	There was nothing worth taking with us...
MAP6_e28_p0_2	　　　　　　赤い野菜がたくさん入っている　	
MAP6_e29_p0_1	持ち出して役に立つようなものは何も見つけられなかった…	There was nothing worth taking with us...
MAP6_e30_p0_2	　　　　　　　　　　　小麦粉か何かだ	
MAP6_e31_p0_2	　　　　　　緑色の野菜がたくさん入っている	
MAP6_e32_p0_1	持ち出して役に立つようなものは何も見つけられなかった…	There was nothing worth taking with us...
MAP6_e33_p0_1	持ち出して役に立つようなものは何も見つけられなかった…	There was nothing worth taking with us...
MAP6_e34_p0_1	固いパンを　１個　手に入れた！	Obtained a Hard Bread!
MAP6_e34_p1_1	持ち出して役に立つようなものは何も見つけられなかった…	There was nothing worth taking with us...
MAP6_e35_p0_1	持ち出して役に立つようなものは何も見つけられなかった…	There was nothing worth taking with us...
MAP6_e36_p0_2	　　　　　　いい匂いがする　お酒かもしれない	
MAP6_e37_p0_1	持ち出して役に立つようなものは何も見つけられなかった…	There was nothing worth taking with us...
MAP6_e37_p0_4	おい、勝手に触るんじゃねえ！	Hey, don't touch that without asking!
MAP6_e38_p0_2	　　　　　兵たちの為に常備されている薬類だ	
MAP6_e39_p0_1	『ここ最近の事件と報告』	"""Recent Incidents and Reports"""
MAP6_e39_p0_11	・西の監視塔の見回りについて	- About patrolling the West Watchtower
MAP6_e39_p0_12	他国との戦争の為に作られた西の塔ですが、定期的に	The western tower was built for wars with other nations, but bandits
MAP6_e39_p0_13	泥棒や魔物が住み着くので、見回りが大変です。	and monsters regularly move in, making patrols a hassle.
MAP6_e39_p0_14	壊してしまってはどうでしょう。	Perhaps we should just demolish it.
MAP6_e39_p0_16	・騎士と兵士の槍嫌いについて	- About knights and soldiers hating spears
MAP6_e39_p0_17	王国では戦争の為に槍の訓練が推奨されていますが、	The kingdom recommends spear training for war, but spears are
MAP6_e39_p0_18	槍は重くて長いので、兵はおろか、騎士でさえ全然	heavy and long, so not just soldiers—even knights aren't
MAP6_e39_p0_19	練習していません。槍のイメージアップが必要です。	practicing at all. Spears need a better image.
MAP6_e39_p0_2	…と、書かれた本がある。読んでみようか？	There's a book with these words written in it. Should we read it?
MAP6_e39_p0_6	・フレイムからの野盗、ごろつき、密売人の流入	- Influx of bandits, thugs, and smugglers from Flame
MAP6_e39_p0_7	関所の警備の強化をしています。通行手形の発行手続きを	We've strengthened security at the checkpoint. We've made the permit
MAP6_e39_p0_8	複雑にして、料金も値上げしました。	issuing process more complicated and raised the fees.
MAP6_e39_p0_9	街のパトロールも増やしました。	We've also increased town patrols.
MAP6_e40_p0_1	『色々な見積もりリスト』	"""Various Estimates List"""
MAP6_e40_p0_11	城内宿舎の改築　資材6540G　人手5800G	Renovating castle barracks - materials 6540G, labor 5800G
MAP6_e40_p0_12	出来ます。ベットの数が元々足りていませんしね…。	It can be done. The number of beds has never been enough...
MAP6_e40_p0_13	各区画への公衆トイレ設置　資材4500G　人手7200G	Public toilets in each ward - materials 4500G, labor 7200G
MAP6_e40_p0_14	各区画でなくとも一個か二個でもいいです。切実に…。	Even one or two would do, not per ward. We beg you...
MAP6_e40_p0_16	武器庫の掃除　資材800G　人手300G	Cleaning the armory - materials 800G, labor 300G
MAP6_e40_p0_17	陛下からストロングに御自ら命令してください！	Please order Strong to do it yourself, Your Majesty!
MAP6_e40_p0_18	軍馬の購入　資材？？？　人手？？？	Purchasing warhorses - materials ???, labor ???
MAP6_e40_p0_19	一体いつからこの大陸には馬がいなくなったのでしょう…	Just when did horses disappear from this continent, I wonder...
MAP6_e40_p0_2	…と、表紙に書かれた本がある。読んでみようか。	There's a book with these words on the cover. Should we read it?
MAP6_e40_p0_6	バルコニーの改修　資材5136G　人手107050G	Renovating the balcony - materials 5136G, labor 107050G
MAP6_e40_p0_7	とてもじゃないですが無理です陛下…！	It's quite impossible, Your Majesty...!
MAP6_e40_p0_8	城下町のバリアフリー化　資材3460G 人手6845G	Accessibility for the castle town - materials 3460G, labor 6845G
MAP6_e40_p0_9	出来なくもないですが、車椅子使っている国民ゼロです…	It's possible, but there are zero citizens using wheelchairs...
MAP6_e41_p0_11	医療キットを　２個　渡された！	
MAP6_e41_p0_13	固いパンを　２個　渡された！	
MAP6_e41_p0_15	万金丹を　２個　渡された！	Received 2 Mankintan!
MAP6_e41_p0_17	レイピアを　１本　渡された！	
MAP6_e41_p0_19	スピアを　１本　渡された！	
MAP6_e41_p0_2	二人とも、西の監視塔の見回りだろ？	Both of you are on West Watchtower patrol, right?
MAP6_e41_p0_21	お金を　５００Ｇ　渡された！	Received 500G!
MAP6_e41_p0_24	…万金丹？これは、毒消しの薬だな。	...Mankintan? This is an antidote, isn't it.
MAP6_e41_p0_25	そんな厄介な魔物がいるのか？	There are monsters that nasty?
MAP6_e41_p0_28	ああ。	Yeah.
MAP6_e41_p0_29	西の監視塔に忍び込んだ子供が魔物に襲われて、	A kid who snuck into the West Watchtower was attacked by a monster,
MAP6_e41_p0_3	ほれ、今回の支給品だ。受け取れ。	Here, your provisions for this mission. Take them.
MAP6_e41_p0_30	毒で死にかけたって話だ。	and nearly died of poison, or so the story goes.
MAP6_e41_p0_33	だから当然、毒への備えをしておいた。	So of course, I prepared against poison.
MAP6_e41_p0_34	…というか、報告いってないのか？	...Wait, did you not report this?
MAP6_e41_p0_37	…ったく。	...Sheesh.
MAP6_e41_p0_38	どうせサクソンが陛下に伝え忘れたんだろう。	Saxon probably forgot to tell His Majesty again.
MAP6_e41_p0_41	それ、ありうるなあ…。	Yeah, that tracks...
MAP6_e41_p0_44	まあ、何にしろ、気をつけてな。	Well, anyway, stay safe.
MAP6_e41_p0_45	足りないものは、その５００Ｇで何とか	Whatever else you need, make do
MAP6_e41_p0_46	用立ててくれ。	with that 500G.
MAP6_e41_p0_49	フン…！	Hmph...!
MAP6_e41_p0_50	こんな任務、ささっと終わらせてくるさ。	I'll wrap up this mission in no time.
MAP6_e41_p1_10	医療キットを　５個　渡された！	
MAP6_e41_p1_12	万金丹を　２個　渡された！	Received 2 Mankintan!
MAP6_e41_p1_14	レイピア(名品)を　１本　渡された！	
MAP6_e41_p1_16	スピア(名品)を　１本　渡された！	
MAP6_e41_p1_18	お金を　５００Ｇ　渡された！	Received 500G!
MAP6_e41_p1_2	二人とも、西の監視塔の見回りだろ？	Both of you are on West Watchtower patrol, right?
MAP6_e41_p1_21	…万金丹？これは、毒消しの薬だな。	...Mankintan? This is an antidote, isn't it.
MAP6_e41_p1_22	そんな厄介な魔物がいるのか？	There are monsters that nasty?
MAP6_e41_p1_25	ああ。	Yeah.
MAP6_e41_p1_26	西の監視塔に忍び込んだ子供が魔物に襲われて、	A kid who snuck into the West Watchtower was attacked by a monster,
MAP6_e41_p1_27	毒で死にかけたって話だ。	and nearly died of poison, or so the story goes.
MAP6_e41_p1_3	ほれ、今回の支給品だ。受け取れ。	Here, your provisions for this mission. Take them.
MAP6_e41_p1_30	だから当然、毒への備えをしておいた。	So of course, I prepared against poison.
MAP6_e41_p1_31	…というか、報告いってないのか？	...Wait, did you not report this?
MAP6_e41_p1_34	…ったく。	...Sheesh.
MAP6_e41_p1_35	どうせサクソンが陛下に伝え忘れたんだろう。	Saxon probably forgot to tell His Majesty again.
MAP6_e41_p1_38	それ、ありうるなあ…。	Yeah, that tracks...
MAP6_e41_p1_41	まあ、何にしろ、気をつけてな。	Well, anyway, stay safe.
MAP6_e41_p1_42	足りないものは、その５００Ｇで何とか	Whatever else you need, make do
MAP6_e41_p1_43	用立ててくれ。	with that 500G.
MAP6_e41_p1_46	フン…！	Hmph...!
MAP6_e41_p1_47	こんな任務、ささっと終わらせてくるさ。	I'll wrap up this mission in no time.
MAP6_e41_p2_18	必要なものがあったら、また来いよ。	If you need anything, come back.
MAP6_e41_p2_2	支給したもの以外で欲しいものがある場合は、	If there's anything you want beyond what we issued,
MAP6_e41_p2_3	自前で金を払ってもらうぜ。	you'll be paying for it yourself.
MAP6_e41_p2_4	さあ、何が欲しいんだ？	So, what'll it be?
MAP6_e41_p3_2	支給したもの以外で欲しいものがある場合は、	If there's anything you want beyond what we issued,
MAP6_e41_p3_20	必要なものがあったら、また来いよ。	If you need anything, come back.
MAP6_e41_p3_3	自前で金を払ってもらうぜ。	you'll be paying for it yourself.
MAP6_e41_p3_4	さあ、何が欲しいんだ？	So, what'll it be?
MAP6_e42_p0_2	任務に取り掛かる前に、支給品を受け取るのを	Before you start your mission, don't forget to
MAP6_e42_p0_3	忘れるなよ。	pick up your provisions.
MAP6_e42_p0_6	どこで受け取れるかって？	Where? You ask?
MAP6_e42_p0_7	お前本当にここの騎士か！？	Are you really a knight of this castle!?
MAP6_e42_p0_8	…そこ曲がった先の、とっちらかった部屋だ。	...It's the messy room past that corner.
MAP6_e43_p0_2	任務に取り掛かる前に、支給品を受け取るのを	Before you start your mission, don't forget to
MAP6_e43_p0_3	忘れるなよ。	pick up your provisions.
MAP6_e43_p0_6	どこで受け取れるかって？	Where? You ask?
MAP6_e43_p0_7	お前本当にここの騎士か！？	Are you really a knight of this castle!?
MAP6_e43_p0_8	…そこ曲がった先の、とっちらかった部屋だ。	...It's the messy room past that corner.
MAP6_e44_p0_2	任務に取り掛かる前に、支給品を受け取るのを	Before you start your mission, don't forget to
MAP6_e44_p0_3	忘れるなよ。	pick up your provisions.
MAP6_e44_p0_6	どこで受け取れるかって？	Where? You ask?
MAP6_e44_p0_7	お前本当にここの騎士か！？	Are you really a knight of this castle!?
MAP6_e44_p0_8	…そこ曲がった先の、とっちらかった部屋だ。	...It's the messy room past that corner.
MAP6_e45_p0_1	持ち出して役に立つようなものは何も見つけられなかった…	There was nothing worth taking with us...
MAP6_e46_p0_10	考える暇もないのです！	
MAP6_e46_p0_16	ウィン殿は私がどれだけ忙しいか、ご存じない	
MAP6_e46_p0_17	のですな？	
MAP6_e46_p0_18	用がなければ出て行ってください！！	
MAP6_e46_p0_2	これは騎士ウィン殿。	
MAP6_e46_p0_3	今日はどういったご用件ですかな？	
MAP6_e46_p0_8	最近も何も常に私は忙しいのです！	
MAP6_e46_p0_9	私の気分！？そんなこと分かりません！	
MAP6_e47_p0_1	何かのメモ…	A note of some kind...
MAP6_e47_p0_2	私の隣の家の人が夜中に歌を歌います。	My neighbor sings in the middle of the night.
MAP6_e47_p0_3	文句を言ったら笛を吹き出しました。	When I complained, he started playing the flute.
MAP6_e47_p0_4	彼は、音楽家になるんだそうです！助けて下さい。	He says he's going to become a musician! Please help me.
MAP6_e48_p0_2	ちょっと！仕事の邪魔をしないで下さい！	Hey! Don't interfere with my work!
MAP6_e48_p0_3	さっきからあなたはウロチョロと…	You've been wandering around since a while ago...
MAP6_e48_p0_4	何してるんです、本当に騎士なのか！？	What are you doing? Are you really a knight!?
MAP6_e49_p0_1	何かのメモ…	A note of some kind...
MAP6_e49_p0_2	靴底がはがれました。先月は穴があきました。	My shoe soles came off. Last month they got holes.
MAP6_e49_p0_3	この国の靴は、もろすぎます！抜本的に解決してください！	This kingdom's shoes are far too fragile! Please fix this fundamentally!
MAP6_e49_p0_4	働き者ほど、靴代でお金がかかります！	The harder you work, the more you spend on shoes!
MAP6_e50_p0_1	持ち出して役に立つようなものは何も見つけられなかった…	There was nothing worth taking with us...
MAP6_e51_p0_1	ピピンへの苦情の手紙やメモがたくさん置いてある…	A pile of complaint letters and notes about Pipin...
MAP6_e51_p0_10	早く行くぞ！	Let's go, quickly!
MAP6_e51_p0_3	ピピンに嫌みを言われて傷付いた…	Pipin said something nasty and hurt me...
MAP6_e51_p0_4	ピピンが俺の剣術をバカにした…	Pipin mocked my swordsmanship...
MAP6_e51_p0_5	ピピンが俺の喋り方をバカにした…	Pipin mocked the way I talk...
MAP6_e51_p0_6	ピピンが小鳥に話し掛けていた…	Pipin was talking to a little bird...
MAP6_e51_p0_9	おい！何読んでやがる！	Hey! What are you reading!?
MAP6_e51_p1_1	ピピンへの苦情の手紙やメモがたくさん置いてある…	A pile of complaint letters and notes about Pipin...
MAP6_e51_p1_3	ピピンに嫌みを言われて傷付いた…	Pipin said something nasty and hurt me...
MAP6_e51_p1_4	ピピンが俺の剣術をバカにした…	Pipin mocked my swordsmanship...
MAP6_e51_p1_5	ピピンが俺の喋り方をバカにした…	Pipin mocked the way I talk...
MAP6_e51_p1_6	ピピンが小鳥に話し掛けていた…	Pipin was talking to a little bird...
MAP6_e52_p0_13	若くして騎士になったってのに、何て謙虚な…	
MAP6_e52_p0_14	ウィン、俺はお前を応援しているぜ！	
MAP6_e52_p0_2	騎士ウィン殿に敬礼！	
MAP6_e52_p0_7	まだ若いのに何て立派な敬礼だろう…	
MAP6_e52_p0_8	ウィン、今度俺に教えてくれ！	
MAP6_e53_p0_13	おう、ありがとよ！	
MAP6_e53_p0_14	とは言えずっとここに立っていると飽きるよ。	
MAP6_e53_p0_15	外に出られるお前が羨ましいや。	
MAP6_e53_p0_2	お勤めごくろう！騎士ウィン殿！	
MAP6_e53_p0_7	ハハハ！相変わらず素直なやつだなあ。	
MAP6_e53_p0_8	騎士殿、ご武運を祈るぜ！	
MAP6_e54_p0_2	孫の顔を見せに娘がフレイムから来てくれて	
MAP6_e54_p0_3	いるのじゃが、関所を通れず立ち往生している	
MAP6_e54_p0_4	そうなんじゃ…。何とかならんかのう…。	
MAP6_e55_p0_2	うちの店の雨漏りを直してくれるって話を	
MAP6_e55_p0_3	してから、もう二週間が経つんだよ。	
MAP6_e55_p0_4	大臣は本当に覚えているのかねえ？	
MAP6_e56_p0_10	ここに魚がいるの知ってたか？	
MAP6_e56_p0_13	知らないだろう。	
MAP6_e56_p0_14	この前の休暇で釣った魚をここに放したら	
MAP6_e56_p0_15	増えちゃったんだ。内緒だぞ？	
MAP6_e56_p0_2	おっ、ウィンじゃないか？	
MAP6_e56_p0_21	知ってるよ。お前外で仕事だろ？	
MAP6_e56_p0_22	それより、この前誘った釣りの件なんだが、	
MAP6_e56_p0_23	考えておいてくれよな。楽しいぞ！	
MAP6_e56_p0_3	お前も休憩か？	
MAP6_e56_p0_8	…なんの休憩だよ？	
MAP6_e56_p0_9	俺は魚にエサやってんの。	
MAP6_e57_p0_1	『スキルの勉強』	"""Studying Skills"""
MAP6_e57_p0_10	スキルポイントは、バトル中に敵を攻撃したり、	Skill Points build up during battle by attacking enemies,
MAP6_e57_p0_11	攻撃されたりすることで溜まるが、戦いながら探ると	or by being attacked. If you probe as you fight,
MAP6_e57_p0_12	よいだろう。ぼうぎょをすると大きく溜まるのは確かだ。	you'll figure it out. Guarding definitely builds it up a lot.
MAP6_e57_p0_13	使いたいスキルがあるときは活用するといいだろう。	Use it when there's a skill you want to use.
MAP6_e57_p0_15	使用できるスキルの種類は、武器ごとに違うが、	The skills available differ by weapon, but
MAP6_e57_p0_16	品質のよい武器ほど、使用できるスキルの種類が増える	the better the weapon, the more skill types become available.
MAP6_e57_p0_17	傾向にあるようだ。	That seems to be the trend.
MAP6_e57_p0_2	…と、表紙に書かれた本がある。読んでみようか。	There's a book with these words on the cover. Should we read it?
MAP6_e57_p0_6	スキルとは、装備している武器ごとに使える特技のことで、	Skills are special techniques usable with the weapon you have equipped.
MAP6_e57_p0_7	スキルポイント（SP)を消費して使うことのできる、	They cost Skill Points (SP) to use,
MAP6_e57_p0_8	強力だったり、便利な技の数々である。	and include powerful and handy techniques.
MAP6_e58_p1_10	　　　　ウィンは　ダガー（良質）　を受け取った！	
MAP6_e58_p1_2	おお…騎士様…	Oh... Sir Knight...
MAP6_e58_p1_3	この度は娘たちが大変お世話になったそうで…	I hear my daughters were greatly helped by you...
MAP6_e58_p1_5	お礼と言ってはなんですが…	It's not much of a thanks, but...
MAP6_e58_p1_6	どうかこれをお受け取り下さい…	please accept this...
MAP6_e58_p1_7	孫と会えたいま、もう必要なくなりましたので	now that I've been able to meet my grandchild, I no longer need it
MAP6_e58_p2_10	　　　　ウィンは　マンゴーシュ　を受け取った！	
MAP6_e58_p2_2	おお…騎士様…	Oh... Sir Knight...
MAP6_e58_p2_3	この度は娘たちが大変お世話になったそうで…	I hear my daughters were greatly helped by you...
MAP6_e58_p2_5	お礼と言ってはなんですが…	It's not much of a thanks, but...
MAP6_e58_p2_6	どうかこれをお受け取り下さい…	please accept this...
MAP6_e58_p2_7	孫と会えたいま、もう必要なくなりましたので	now that I've been able to meet my grandchild, I no longer need it
MAP6_e58_p3_2	騎士様のおかげで血をみなくて済みました。	
MAP6_e59_p1_2	おじいちゃんたら　	
MAP6_e59_p1_3	わたしをママのちいさいころに	
MAP6_e59_p1_4	そっくりだって言うんだよー	
MAP6_e60_p1_2	この度は本当にありがとうございました…	
MAP6_e60_p1_3	こうして父に娘を会わせることもできました！	
MAP6_e60_p1_5	通行手形をお返ししますね。	
MAP6_e60_p1_8	　　　　　　ウィンは通行手形を返してもらった！	
MAP6_e60_p2_2	しかし親父いつまで娘とあそんでるんだよ…	
MAP6_e61_p0_10	ちょっとばかし、臭いけどな。	
MAP6_e61_p0_17	いいねえ　若いってのは。	
MAP6_e61_p0_18	でも、無理すんなよ。そこのベッドなら、	
MAP6_e61_p0_19	いつでも使って大丈夫だからな？	
MAP6_e61_p0_2	ふいーつかれたーーー	
MAP6_e61_p0_3	お、ウィン、お前も疲れたのか？	
MAP6_e61_p0_8	それなら隣のベッドで休んで行けよ。	
MAP6_e61_p0_9	宿屋と違って、タダだぜ。	
MAP6_e62_p0_2	あーいそがしい！いそがしい！	Ah, so busy! So busy!
MAP6_e62_p0_3	ちょっと、騎士さん、どいてちょうだい！	
MAP6_e62_p0_4	ふんづけちゃうから！	
MAP6_e63_p0_2	あーいそがしいいそがしい　って、	
MAP6_e63_p0_3	俺なんで手伝わされてるの？	
MAP6_e64_p0_14	おいおい、いいのかそれで？	
MAP6_e64_p0_15	たくさん本を読むと、この世界での暮らしが、	
MAP6_e64_p0_16	さらに、もっと豊かになると思うぞー	
MAP6_e64_p0_2	お前、本棚とかちゃんと調べているか？	
MAP6_e64_p0_7	世の中いろいろな本があって面白いよなー	
MAP6_e64_p0_8	俺も本棚を見つけると、しごとサボって	
MAP6_e64_p0_9	ついつい読んじまうんだよー	
MAP7_e10_p0_2	食糧庫のパンが最近減っている。何が起こっているんだ？	Bread's been disappearing from the larder lately. What's going on?
MAP7_e10_p0_3	誰かに調べて欲しいが、もしかしたら犯人が騎士団に	I want someone to look into it, but the culprit might be in the knight order itself...
MAP7_e10_p0_4	いるかも知れない…。誰に相談すればいいんだろう…。	Who can I even talk to about this...
MAP7_e11_p0_1	書きかけの手紙がある…	There's an unfinished letter...
MAP7_e11_p0_12	その後には知らない名前が五人くらい書いてある。	After it are about five names I don't recognize.
MAP7_e11_p0_2	読んでみようか…。	Should we read it...?
MAP7_e11_p0_6	騎士団長ロイ様へ	To Lord Roi, Knight Commander
MAP7_e11_p0_7	新たな騎士候補者のリストをお送りします。	I send you the list of new knight candidates.
MAP7_e11_p0_8	どの者も将来の楽しみな者たちです。	They are all promising youths for the future.
MAP7_e11_p0_9	いつもお手数をおかけしますが、ご確認ください。	I apologize for the trouble as always; please review it.
MAP7_e12_p0_1	『世界の武器』	"""Weapons of the World"""
MAP7_e12_p0_11	曲剣。フレイム王国のみで生産される、刃の反った剣。	Curved sword: a blade with a curved edge, produced only in the Flame Kingdom.
MAP7_e12_p0_12	振り回しやすく、素早さが少し上がる。	Easy to swing, slightly raises agility.
MAP7_e12_p0_13	刀。セイリューでのみ生産される。美しく鋭い剣。切れ味が	Katana: produced only in Seiryu. A beautiful, sharp sword. Its edge is
MAP7_e12_p0_14	抜群だが、取り回しが悪く、素早さが下がる。	excellent, but it's hard to handle and lowers agility.
MAP7_e12_p0_16	他に、大剣という、重くて凄まじい威力の剣や、	There are also great swords—heavy blades of fearsome power—
MAP7_e12_p0_17	短剣、刺剣、槍といった、突き刺す武器もある。	and thrusting weapons like daggers, rapiers, and spears.
MAP7_e12_p0_18	この三つは敵の急所を突きやすい（会心率があがる）が、	These three hit enemy vitals easily (raising critical rate), but
MAP7_e12_p0_19	槍は元の威力が他のふたつよりも高い分、素早さが下がる。	spears have higher base power than the other two at the cost of agility.
MAP7_e12_p0_2	…と、表紙に書かれた本がある。読んでみようか…。	There's a book with these words on the cover. Should we read it...?
MAP7_e12_p0_6	このエレメント大陸には、大きく分けて次のような武器が	On this Element Continent, the weapons that are widespread fall
MAP7_e12_p0_7	普及している。	roughly into the following types.
MAP7_e12_p0_8	直剣。もっとも普通の剣で、主にウインダム王国で生産され	Straight sword: the most ordinary sword, produced mainly in the Windam Kingdom.
MAP7_e12_p0_9	ている。扱いやすい。	Easy to handle.
MAP7_e13_p0_1	『エレメンタルパワー』	"""Elemental Power"""
MAP7_e13_p0_11	かつて大昔、この大陸が生まれる前、紋章の力で闇の	Long ago, before this continent was born, the power of the crests sealed the Dark
MAP7_e13_p0_12	エレメントを彼方に封じ、火水風のエレメントの加護を	Element far away, and this land flourished under the blessing of the Fire, Water, and Wind Elements—
MAP7_e13_p0_13	受けてこの地が栄えたと伝わるが、その紋章の力が、	or so the legends say. Just what that crest power
MAP7_e13_p0_14	実際にどんなものだったのかは、よく分からない。	truly was, however, is not well understood.
MAP7_e13_p0_16	ただ、紋章の魔法の力、エレメンタルパワーは、継承者の	Still, there are tales that the crests' magical power—Elemental Power—is
MAP7_e13_p0_17	精神力そのものであるいう言い伝えもある。	none other than the inheritor's very mental strength.
MAP7_e13_p0_18	そうであるのなら、精神の弱いものが継承者になると、	If that's so, then when someone weak of spirit becomes an inheritor,
MAP7_e13_p0_19	魔法の力も弱まってしまうのかも知れない。	their magical power might also weaken.
MAP7_e13_p0_2	…と、表紙に書かれた本がある。読んでみようか？	There's a book with these words on the cover. Should we read it?
MAP7_e13_p0_6	火、水、風、それぞれの紋章は、闇のエレメントが復活し、	When the Dark Element revives, each crest—fire, water, and wind—
MAP7_e13_p0_7	その力を強めるほどに、紋章も輝きを増し、不思議な魔法の	glows brighter as it strengthens, granting the inheritor strange magical
MAP7_e13_p0_8	力を紋章継承者に与えるという。	power.
MAP7_e13_p0_9	この魔法の力が、エレメンタルパワーである。	That magical power is Elemental Power.
MAP7_e14_p0_1	『怖くない！五分で怖くなくなる錬金術』	"""Don't Be Scared! Alchemy Without Fear in Five Minutes"""
MAP7_e14_p0_11	例えばみんながよく心配するのが、各ポーション類…	What everyone worries about, for instance, are the potions and such—
MAP7_e14_p0_12	飲み薬に使われている、材料のことだと思います。	specifically, the ingredients used in the medicines.
MAP7_e14_p0_13	確かに私たちは材料を教えません、隠していますが、	It's true we don't reveal the ingredients; we keep them hidden, but
MAP7_e14_p0_14	決して危なかったり汚かったりするものは使っていません。	We never use anything dangerous or unclean.
MAP7_e14_p0_16	私たちは、材料がバレると売れなくなるから、隠して	We don't hide the ingredients because they'd stop selling
MAP7_e14_p0_17	いるのではないのです！とても専門的で、難易度の高い	if they got out! We just don't want people casually copying
MAP7_e14_p0_18	製法で作るものなので、皆さんに気軽に真似をされて、	our highly specialized, difficult methods and
MAP7_e14_p0_19	大怪我したり病気になって欲しくないだけなのです！	ending up badly injured or sick!
MAP7_e14_p0_2	…と、表紙に書かれた本がある。読んでみようか。	There's a book with these words on the cover. Should we read it?
MAP7_e14_p0_6	錬金術師と呼ばれる（というより自分たちで呼んでいる）	It's been about a hundred years since people called alchemists—
MAP7_e14_p0_7	ひとたちが、正体の分からない薬を大変な高額で売り出す	or rather, who call themselves that—began selling unknown medicines
MAP7_e14_p0_8	ようになって百年くらいでしょうか。	at exorbitant prices.
MAP7_e14_p0_9	でも効き目が凄いから、みんな本当は憧れているでしょう？	But since they work wonders, everyone secretly admires them, right?
MAP7_e15_p0_1	読みかけの本がある…	There's a half-read book...
MAP7_e15_p0_2	読んでみようか…。	Should we read it...?
MAP7_e15_p0_6	騎士は国王の命令に絶対に背いてはいけません。	Knights must never disobey the king's orders.
MAP7_e15_p0_7	次に、騎士団長の命令にも背いてはいけません。	Next, they must not disobey the Knight Commander's orders either.
MAP7_e15_p0_8	命令を聞かないと、騎士をやめさせられます。	Disobey orders and you'll be stripped of your knighthood.
MAP7_e15_p0_9	騎士をやめると、ただの兵士か、市民になります。	If you lose your knighthood, you become a mere soldier or a citizen.
MAP7_e16_p0_1	『この世界の紋章』	"""The Crests of This World"""
MAP7_e16_p0_10	この紋章は、闇のエレメントが復活する際に輝き出し、	These crests begin to shine when the Dark Element revives,
MAP7_e16_p0_11	闇のエレメントによって世界が暗闇に覆われ、魔物に	and are said to prevent the world from being shrouded in darkness and
MAP7_e16_p0_12	溢れるのを防ぐことが出来ると言われている。	overrun by monsters at the Dark Element's hands.
MAP7_e16_p0_14	紋章は、持ち主が最も信頼している人間へと継承される。	A crest passes to the person its holder trusts most.
MAP7_e16_p0_15	しかし紋章が輝いたのを誰も見たことがない為、現実には	But since no one has ever seen a crest shine, in practice
MAP7_e16_p0_16	権力者が継承している。フレイム王国では代々国王が、	those in power inherit them. In the Flame Kingdom, the king;
MAP7_e16_p0_17	セイリューでは領主が、ウィンダムでは騎士団長である。	in Seiryu, the lord; and in Windam, the Knight Commander.
MAP7_e16_p0_2	…という本がある。読んでみようか…。	There's a book on this. Should we read it...?
MAP7_e16_p0_6	エレメント大陸は火と水と風のエレメントによって	The Element Continent is a land forged by the Fire, Water, and Wind Elements,
MAP7_e16_p0_7	作られた土地で、エレメントの加護の証である紋章が、	and crests—marks of the Elements' blessing—are
MAP7_e16_p0_8	それぞれの紋章継承者の手の甲に刻まれる。	engraved on the back of each inheritor's hand.
MAP7_e17_p0_1	『恐怖！闇のエレメント復活！』	"""Terror! The Dark Element Returns!"""
MAP7_e17_p0_11	よし！ここで水の紋章の出番です。水の紋章の勇者が	Alright! Now it's the Water Crest's turn! When the hero of the Water Crest
MAP7_e17_p0_12	片手を振りかざすと、大きな津波があらわれました。	raised a hand, a great tsunami appeared.
MAP7_e17_p0_13	火はまたたくまに消えました。しかし、闇のエレメントも	The fire vanished in an instant. But the Dark Element was
MAP7_e17_p0_14	流されてしまい、どこにいったか分かりません。	washed away too, and no one knows where it went.
MAP7_e17_p0_16	このままでは世界は暗黒に包まれ、魔物が増え、ひとの	At this rate, the world will be swallowed by darkness, monsters will multiply, and the land will
MAP7_e17_p0_17	住めない土地になってしまう！しかし気付けば風の勇者が	become uninhabitable! But wait—the hero of Wind is gone!
MAP7_e17_p0_18	いません。なんと！風の紋章のハヤテの力で疾風となった	What!? Transformed into a gale by the Wind Crest's Hayate,
MAP7_e17_p0_19	風の勇者が闇のエレメントを追いかけています！	the Wind hero is chasing after the Dark Element!
MAP7_e17_p0_2	…と、表紙に書かれた本がある。読んでみようか…。	There's a book with these words on the cover. Should we read it...?
MAP7_e17_p0_21	そのスピードはすさまじく、火の勇者と水の勇者は	His speed is incredible, and the Fire and Water heroes were
MAP7_e17_p0_22	置いていかれました。最早闇のエレメントも風の勇者も	left behind. Now no one knows where the Dark Element
MAP7_e17_p0_23	どこにいるのか分かりません。さあ二人はどうやって合流	or the Wind hero are. How will those two meet up again!?
MAP7_e17_p0_24	するのか！？次回をおたのしみに！	Stay tuned for next time!
MAP7_e17_p0_6	火を噴く火の紋章！ぎゃーーーーーーーーー闇のエレメント	The Fire Crest breathes flame! Gyaaaaah—the Dark Element
MAP7_e17_p0_7	は燃えました。風の紋章がカマイタチを呼び、火はもっと	burned! The Wind Crest summoned a Kamaitachi, and the fire blazed
MAP7_e17_p0_8	激しくなりました。いかん！火が凄くて闇のエレメントが	even fiercer. Oh no! The flames are so intense we can't
MAP7_e17_p0_9	よく見えない！近付くこともできません。	even see the Dark Element! We can't get close!
MAP7_e18_p0_1	持ち出して役に立つようなものは何も見つけられなかった…	There was nothing worth taking with us...
MAP7_e19_p0_2	吾輩は王国書記官のデアール卿であーる。	I am Lord Dear, the kingdom's scribe, yessir.
MAP7_e19_p0_4	吾輩は現在王国の財政の記録をつけているの	
MAP7_e19_p0_5	であーる！	
MAP7_e20_p0_2	食事の時間までにテーブルを整えないと	
MAP7_e20_p0_3	いけないんです…話し掛けないで下さい！	
MAP7_e21_p0_2	異常なーしっ　って、当たり前だっての。	
MAP7_e21_p0_3	おいウィン！これが兵卒のしごとなのか！	
MAP7_e21_p0_4	つらすぎるー	
MAP7_e22_p0_12	よかったー　あれ、騎士であるあなたが	Oh good~ ...but as a knight,
MAP7_e22_p0_13	持っていても、何の役にも立ちませんし、	it would be of no use to you anyway,
MAP7_e22_p0_14	そりゃ売りますよね。　よかったー	so of course you'd sell it. Oh good~
MAP7_e22_p0_19	あー…　素材や財宝はためこんでも、	Ah... hoarding materials and treasure
MAP7_e22_p0_2	ウィンさん、魔物をたおしたときにたまに	Win, sometimes when you defeat monsters,
MAP7_e22_p0_20	俺ら兵士や騎士には、役に立ちません。	doesn't do us soldiers or knights any good.
MAP7_e22_p0_21	お店で売ってお金に変えた方がいいですよ？	Better to sell them at a shop and turn them into money, right?
MAP7_e22_p0_3	手に入る、魔物の素材とか財宝…	you get monster materials or treasure...
MAP7_e22_p0_4	ちゃんと売ってますか？	
MAP8_e10_p0_11	随分と焦ってるようだが、それも当然だな。	You look quite flustered, and rightly so.
MAP8_e10_p0_12	西の監視塔なら、毎月サクソン団長代行が	As for the West Watchtower, Acting Commander Saxon
MAP8_e10_p0_13	見回りを命じられているはずだからな。	should be ordered to patrol it every month.
MAP8_e10_p0_16	ええい、ピピンめ、無礼なあああああ！！	Bah! Pipin, you insolent—!
MAP8_e10_p0_19	確かに前回の見回りでは異常なかったのだ！	It's true that nothing was abnormal during the last patrol!
MAP8_e10_p0_2	わしは忙しいのだウィン！邪魔を…	I'm a busy man, Win! Don't bother—
MAP8_e10_p0_20	魔物どころか、ねずみ一匹さえ、クモ一匹さえ	Not a single monster—not even one mouse,
MAP8_e10_p0_21	いなかったのだ！！	not even one spider!!
MAP8_e10_p0_24	どうだかね…。	Who can say...
MAP8_e10_p0_27	しつこいぞ、ピピン！し、しかし…	Persistent, aren't you, Pipin! B-But...
MAP8_e10_p0_28	もしかすれば、闇のエレメントの復活が	Perhaps the revival of the Dark Element is
MAP8_e10_p0_29	近いのかも知れぬ…	near...
MAP8_e10_p0_3	ん？西の監視塔に人食いの魔物が出たから	Hm? A man-eating monster appeared at the West Watchtower, so
MAP8_e10_p0_32	ふたりとも、気を引き締めていくのだ！！	Both of you, stay sharp!!
MAP8_e10_p0_4	調査に行く、だと…？	you're going to investigate...?
MAP8_e10_p0_7	そ、それは大変だのう！	T-That is serious indeed!
MAP8_e10_p0_8	気を付けて行ってまいれよ！	Do go carefully!
MAP8_e10_p1_2	ふたりとも、気を引き締めていくのだ！！	Both of you, stay sharp!!
MAP8_e10_p2_10	うん、よかったのう！	
MAP8_e10_p2_15	なんだ…体の具合でも悪いのか？	
MAP8_e10_p2_16	何か思いつめていたり…？	
MAP8_e10_p2_18	あ、いや！	
MAP8_e10_p2_19	別に心配しているわけではないぞ！	
MAP8_e10_p2_2	…ウィン。ロイに会ったか？	
MAP8_e10_p2_20	気にするな！	
MAP8_e10_p2_3	やつは…元気そうだったか？	
MAP8_e10_p2_8	…そうか。	...I see.
MAP8_e10_p2_9	そ、それならよかった！	
MAP8_e10_p3_2	…ウィン、	
MAP8_e10_p3_3	お主は風の紋章の継承者となった。	
MAP8_e10_p3_4	ということは当然、次の騎士団長はおぬし。	
MAP8_e10_p3_6	おぬしのような新米には…重責じゃ。	
MAP8_e10_p3_7	気負い過ぎることなく、いつでも王やわし…	
MAP8_e10_p3_8	そしてロイを頼るのだぞ？	
MAP8_e11_p0_2	…サクソンめ、なにが闇のエレメントだ。	...That Saxon, what's this about a Dark Element.
MAP8_e11_p0_3	自分の能無しを、おとぎ話で誤魔化すなんて、	Covering up his own incompetence with fairy tales—
MAP8_e11_p0_4	恥知らずにもほどがある。	the shamelessness knows no bounds.
MAP8_e12_p0_1	持ち出して役に立つようなものは何も見つけられなかった…	There was nothing worth taking with us...
MAP8_e13_p0_1	持ち出して役に立つようなものは何も見つけられなかった…	There was nothing worth taking with us...
MAP8_e14_p0_2	　　　　　　　　50Gを見つけた！　が…	
MAP8_e14_p0_3	　　　　　　　泥棒になるので元に戻した	
MAP8_e15_p0_2	　　　サクソン騎士団長代行のお弁当があったが…	
MAP8_e15_p0_3	　　　　　　ウィンは黙って　もとに戻した	
MAP8_e16_p0_1	持ち出して役に立つようなものは何も見つけられなかった…	There was nothing worth taking with us...
MAP8_e17_p0_2	　　　　　　下痢止めの薬を見つけたが…	
MAP8_e17_p0_3	　　　　　　　　黙ってもとに戻した　	
MAP8_e18_p0_1	『ウィンダム王国の歴史』	"""History of the Windam Kingdom"""
MAP8_e18_p0_11	南の国のフレイムや、西の山奥のセイリューでは、	In the southern land of Flame and in Seiryu, deep in the western mountains,
MAP8_e18_p0_12	辺境の田舎に、いつのまにか大きな城が建っていて	it's said that great castles suddenly rose in remote countryside,
MAP8_e18_p0_13	王国が出来ていたので驚いたと伝わっている。	and kingdoms were born before anyone could be surprised.
MAP8_e18_p0_15	なので、風のエレメントの加護で出来たお城と国である、	And so—as this castle and kingdom were made through the blessing of the Wind Element—
MAP8_e18_p0_16	そういう噂が、ウィンダム王国以外でもそれなりに	Such rumors are believed to a fair degree
MAP8_e18_p0_17	信じられている。	outside the Windam Kingdom as well.
MAP8_e18_p0_18	とにかくこの国では何でも風のエレメントのおかげである。	In any case, in this country, everything is thanks to the Wind Element.
MAP8_e18_p0_2	…と表紙に書かれた本がある。読んでみようか…・	There's a book with these words on the cover. Should we read it...?
MAP8_e18_p0_6	大昔からある国だと伝わるが、実際にどのくらい大昔から	The kingdom is said to have existed since ancient times, though
MAP8_e18_p0_7	あるのかは、あまりよく分からない。	how ancient exactly isn't well known.
MAP8_e18_p0_8	色々な本や言い伝えから、500年くらい前には、	From various books and legends, it seems that around 500 years ago,
MAP8_e18_p0_9	国王がいて、兵士がいて、街があったらしい。	there was a king, soldiers, and a town here.
MAP8_e19_p0_1	『サクソンの日記』	"""Saxon's Diary"""
MAP8_e19_p0_12	領内を荒らし回っていた野盗の集団を、遂に追い詰めた。	At last, I cornered the bandit gang that had been ravaging the territory.
MAP8_e19_p0_13	この戦いで大手柄を挙げることで、あのロイを差し置いて	If I distinguish myself in this battle, ahead of that Roi,
MAP8_e19_p0_14	わしが騎士団長になれないものか…。ううむ。	perhaps I can become Knight Commander... Hmm.
MAP8_e19_p0_17	もうずっとわしが騎士団長代行のままだ。	I've been Acting Knight Commander all this time.
MAP8_e19_p0_18	実質的にはわしが騎士団を率いているとはいえ…	Even if in practice I lead the knight order...
MAP8_e19_p0_19	紋章のないわしにいざとなった時に国を守れるだろうか…	Without a crest, can I really protect the country in a crisis...?
MAP8_e19_p0_2	…と、表紙に書かれた本がある。読んでみようか…	There's a book with these words on the cover. Should we read it...
MAP8_e19_p0_7	代々何度も騎士団長、そして風の紋章を受け継いできた	My family has inherited the position of Knight Commander and the Wind Crest
MAP8_e19_p0_8	我が一族…。わしもその栄誉が欲しかったのに、あのロイ	for generations... I too wanted that honor, but because of that man Roi,
MAP8_e19_p0_9	とかいう男がいるせいで…。悔しい。	How frustrating.
MAP8_e20_p0_10	これがお前の初めての戦闘任務となる。	this will be your first combat mission.
MAP8_e20_p0_12	西の監視塔に人食いの魔物が巣くっている	There are reports of a man-eating monster
MAP8_e20_p0_13	という報告があった。	lurking in the West Watchtower.
MAP8_e20_p0_14	この調査、そして魔物の討伐を、お前に命ず。	I command you to investigate and slay the monster.
MAP8_e20_p0_20	陛下…ウィンだけでなく、	Your Majesty... you summoned not only Win,
MAP8_e20_p0_21	俺のこともお呼びになられたのは？	but me as well?
MAP8_e20_p0_24	勿論、ウィンの初陣を助けてもらう為だ。	Of course—to help Win through his first battle.
MAP8_e20_p0_26	天才騎士と誉れの高いお前であれば、	As a knight renowned as a genius,
MAP8_e20_p0_27	新米騎士のウィンにとってこれ以上ない	there could be no better support
MAP8_e20_p0_28	助けとなるであろう。	for the rookie knight Win.
MAP8_e20_p0_31	…まあ、陛下のご命令とあれば…	...Well, if it's Your Majesty's command...
MAP8_e20_p0_32	仕方がありません。	I have no choice.
MAP8_e20_p0_35	ピピンよ。お前もひとの上に立つ立場。	Pipin. You too stand in a position above others.
MAP8_e20_p0_36	面倒臭がらずに、部下の面倒も見られるように	Don't be so reluctant—learn to take care of
MAP8_e20_p0_37	なってくれないと困る。	your subordinates.
MAP8_e20_p0_40	…はい。	...Yes.
MAP8_e20_p0_43	騎士ウィン、お前にはまだ実戦経験が少ない。	Knight Win, you still lack real combat experience.
MAP8_e20_p0_44	この任務を良い機会とし、ピピンから多くを	Use this mission as a good opportunity to learn much from Pipin.
MAP8_e20_p0_45	学ぶのだ。よいな…　下がれ。	Understood... You're dismissed.
MAP8_e20_p0_9	騎士ウィンよ。	Knight Win.
MAP8_e20_p1_20	騎士ウィンよ。	Knight Win.
MAP8_e20_p1_21	これがお前の初めての戦闘任務となる。	this will be your first combat mission.
MAP8_e20_p1_23	西の監視塔に人食いの魔物が巣くっている	There are reports of a man-eating monster
MAP8_e20_p1_24	という報告があった。	lurking in the West Watchtower.
MAP8_e20_p1_25	この調査、そして魔物の討伐を、お前に命ず。	I command you to investigate and slay the monster.
MAP8_e20_p1_31	陛下…ウィンだけでなく、	Your Majesty... you summoned not only Win,
MAP8_e20_p1_32	俺のこともお呼びになられたのは？	but me as well?
MAP8_e20_p1_35	勿論、ウィンの初陣を助けてもらう為だ。	Of course—to help Win through his first battle.
MAP8_e20_p1_37	天才騎士と誉れの高いお前であれば、	As a knight renowned as a genius,
MAP8_e20_p1_38	新米騎士のウィンにとってこれ以上ない	there could be no better support
MAP8_e20_p1_39	助けとなるであろう。	for the rookie knight Win.
MAP8_e20_p1_42	…まあ、陛下のご命令とあれば…	...Well, if it's Your Majesty's command...
MAP8_e20_p1_43	仕方がありません。	I have no choice.
MAP8_e20_p1_46	ピピンよ。お前もひとの上に立つ立場。	Pipin. You too stand in a position above others.
MAP8_e20_p1_47	面倒臭がらずに、部下の面倒も見られるように	Don't be so reluctant—learn to take care of
MAP8_e20_p1_48	なってくれないと困る。	your subordinates.
MAP8_e20_p1_51	…はい。	...Yes.
MAP8_e20_p1_54	騎士ウィン、お前にはまだ実戦経験が少ない。	Knight Win, you still lack real combat experience.
MAP8_e20_p1_55	この任務を良い機会とし、ピピンから多くを	Use this mission as a good opportunity to learn much from Pipin.
MAP8_e20_p1_56	学ぶのだ。よいな…　下がれ。	Understood... You're dismissed.
MAP8_e21_p1_10	俺、ちょっとあいつ苦手だし…	
MAP8_e21_p1_15	わからないってお前…	
MAP8_e21_p1_16	何かあったのか？	
MAP8_e21_p1_17	あっ、俺の相手はいい！陛下が待ってるぞ！	
MAP8_e21_p1_2	あっ、ウィンおかえり！	
MAP8_e21_p1_3	…ピピンはどうしたんだよ？	
MAP8_e21_p1_8	そうなのか…？	
MAP8_e21_p1_9	まあいっか…	
MAP8_e4_p0_2	騎士ウィン、お前にはまだ実戦経験がない。	Knight Win, you have no real combat experience yet.
MAP8_e4_p0_3	この任務を良い機会とし、ピピンから多くを	Use this mission as a good opportunity to learn much from Pipin.
MAP8_e4_p0_4	学ぶのだ。よいな…　下がれ。	Understood... You're dismissed.
MAP8_e4_p1_11	お前の働きに期待しているぞ。	I expect great things from you.
MAP8_e4_p1_12	下がれ。	You may leave.
MAP8_e4_p1_17	…すまぬが少し考え事をしているのだ。	...Forgive me, but I'm lost in thought.
MAP8_e4_p1_18	ひとりになりたい。	I wish to be alone.
MAP8_e4_p1_19	またの機会にしてくれ。	Some other time, please.
MAP8_e4_p1_27	以前サクソンに西の塔の見回りを命じたが、	I ordered Saxon to patrol the western tower before,
MAP8_e4_p1_28	あれからまだ、ひとつきも経っていない。	and not even a month has passed since.
MAP8_e4_p1_29	こんな短期間に多くの魔物が巣くうものか…	How could so many monsters have nested there in so short a time...
MAP8_e4_p1_32	恐れながら、陛下。	If I may be so bold, Your Majesty.
MAP8_e4_p1_33	サクソン騎士団長代行のこと、きっと報告だけ	As for Acting Knight Commander Saxon, I'm sure he
MAP8_e4_p1_34	して、見回りはしていません。	only filed the report and never actually patrolled.
MAP8_e4_p1_37	ありそうなことだ…。	That does sound like him...
MAP8_e4_p1_38	いつもあの者の尻拭いをさせてすまないが、	I'm sorry to always make you clean up after him, but
MAP8_e4_p1_39	ピピン、任せたぞ。	Pipin, I leave it to you.
MAP8_e4_p1_4	…なぜまだここにいる？	...Why are you still here?
MAP8_e4_p1_42	…は	...Yes
MAP8_e4_p1_48	ピピン、お前の今回の仕事は、ウィンの	Pipin, your task this time is to
MAP8_e4_p1_49	サポートだ。色々と教えてやるように。	support Win. Teach him everything you can.
MAP8_e4_p1_5	お前には西の塔の調査に向かうよう命じた。	You've been ordered to investigate the western tower.
MAP8_e4_p1_50	少しは仲良くするのだぞ。	Try to get along with each other.
MAP8_e4_p1_53	…は	...Yes
MAP8_e4_p1_56	王に向かってそうあからさまに嫌な顔をするな。	Don't make such an obvious face of disgust toward your king.
MAP8_e4_p1_57	お前なりのやり方でいいが、努力はしろ。	Do it your own way if you like, but put in the effort.
MAP8_e4_p1_58	隊長たるもの、部下の教育も仕事の内だ。	As a captain, teaching your subordinates is part of the job.
MAP8_e4_p1_6	私にはお前と雑談するような暇はないぞ。	I have no time for chit-chat with you.
MAP8_e4_p1_61	…努力します。	...I'll do my best.
MAP8_e4_p2_10	しかし…	However...
MAP8_e4_p2_101	長話は終わりにしよう。	Let's end this long talk.
MAP8_e4_p2_102	ウィンよ、ピピンをよろしく頼む。	Win, I entrust Pipin to you.
MAP8_e4_p2_103	急ぎ、西の森に住むロイを訪ね、事の次第を	Hurry to the western forest, visit Roi who lives there,
MAP8_e4_p2_104	伝え、城に出てくるよう説得するのだ。	tell him what's happened, and persuade him to come to the castle.
MAP8_e4_p2_107	陛下、それは逆ですよ。	Your Majesty, you've got it backwards.
MAP8_e4_p2_108	なんで俺がこいつに面倒を見られにゃならんの	Why do I have to be the one looking after
MAP8_e4_p2_109	です！	this kid!?
MAP8_e4_p2_112	この意味、	The meaning of this—
MAP8_e4_p2_113	分からないお前ではあるまい、ピピン！	surely even you understand, Pipin!
MAP8_e4_p2_116	は…？	Huh...?
MAP8_e4_p2_117	いや、分かりませんが…	No, I don't understand, but...
MAP8_e4_p2_120	ロイは気難しい男だ…。	Roi is a difficult man...
MAP8_e4_p2_121	説得は難しいかも知れないが、頼むぞ。	He may be hard to persuade, but I'm counting on you.
MAP8_e4_p2_13	どうした？	What is it?
MAP8_e4_p2_16	最上階に怪しいガイコツの男がいました。	There was a suspicious skeleton-like man on the top floor.
MAP8_e4_p2_17	奴は自分を闇のエレメントの担い手…	He called himself the bearer of the Dark Element...
MAP8_e4_p2_18	大魔道士ピ…ピ何とかと名乗りました…。	some Grand Mage Pi... Pi-something...
MAP8_e4_p2_2	よくぞ戻った、騎士ピピン、騎士ウィンよ。	Welcome back, Knight Pipin, Knight Win.
MAP8_e4_p2_21	大魔道士ピ…なんとかだと……！？	A Grand Mage Pi... something, you say......!?
MAP8_e4_p2_24	ご存知なのですか？	You know of him?
MAP8_e4_p2_27	いや、わからん。そもそもピ何とかでは、	No, I don't know it. Pi-something hardly
MAP8_e4_p2_28	もし知っていたとしても、わからなそうだ…。	gives you anything to go on...
MAP8_e4_p2_31	きっと、ちょっと変なやつというだけだとは	I'm sure he's just some odd fellow, but
MAP8_e4_p2_32	思いますが、一応報告しました。	I thought I'd report it anyway.
MAP8_e4_p2_35	ふむ…。	Hmm...
MAP8_e4_p2_36	しかし、闇のエレメントの復活の予兆	But this could be a sign of the Dark Element's
MAP8_e4_p2_37	なのかも知れないな。	revival.
MAP8_e4_p2_40	ああ、やつはそんなことも言っていました。	Yes, he did say something like that.
MAP8_e4_p2_41	闇のエレメントの復活が近いとか何とか…	That the Dark Element's revival was near, and so on...
MAP8_e4_p2_42	闇の結晶を集めるとか何とか…	That he'd gather Dark Crystals, and so on...
MAP8_e4_p2_45	闇の結晶を集めるだと！！！！！？	Gather Dark Crystals, you say!!
MAP8_e4_p2_48	ご存知なのですか？	You know of him?
MAP8_e4_p2_5	早速だが、調査結果を教えてくれ。	Now then, tell me what you found.
MAP8_e4_p2_51	以前ロイから聞いたことがある…。	I've heard about this from Roi before...
MAP8_e4_p2_52	この大陸には、闇の力が集まりやすい場所が	There are places on this continent where dark power gathers easily,
MAP8_e4_p2_53	あって…	and...
MAP8_e4_p2_55	闇のエレメント復活の際には、その場所に	when the Dark Element revives, Dark Crystals
MAP8_e4_p2_56	闇の結晶が現れるらしいと…	are said to appear at those places...
MAP8_e4_p2_58	ピピン、そしてウィンよ。	Pipin, and you too, Win.
MAP8_e4_p2_59	本当に闇のエレメントの復活が近いとするなら、	If the Dark Element's revival truly is near,
MAP8_e4_p2_60	風の紋章の継承者であるロイの力が必要だ。	we need the power of Roi, the Wind Crest's inheritor.
MAP8_e4_p2_63	…森の奥に引きこもっている、かつて天才と	...The legendary knight who was once called a genius
MAP8_e4_p2_64	呼ばれた、伝説の騎士、ロイ…	but now lives secluded deep in the forest... Roi...
MAP8_e4_p2_67	…そうだ、ピピン。	...That's right, Pipin.
MAP8_e4_p2_69	闇のエレメントに対抗できるのは、	Only the inheritors of the Fire, Water, and Wind crests
MAP8_e4_p2_70	火、水、風の紋章の継承者だけだ。	can stand against the Dark Element.
MAP8_e4_p2_71	そして、ロイはここ何十年も、山奥で古文書を	And Roi has spent decades reading ancient texts
MAP8_e4_p2_72	読み、研究を続けている。	and researching in the mountains.
MAP8_e4_p2_74	彼の力が、いまこそ必要なのだ。	His power is needed now more than ever.
MAP8_e4_p2_76	二人は急いでロイの元に向かい、	Hurry to Roi's side, the two of you,
MAP8_e4_p2_77	ここへ出てくるよう説得して参るのだ。	and persuade him to come here.
MAP8_e4_p2_8	塔の内部は人食いの魔物だらけでした。	The tower was crawling with man-eating monsters.
MAP8_e4_p2_80	俺は…	As for me...
MAP8_e4_p2_83	俺は残ります。	I'll stay behind.
MAP8_e4_p2_84	ウィンにだけ、行かせて下さい。	Let Win go alone.
MAP8_e4_p2_89	実はな、ピピン…	You see, Pipin...
MAP8_e4_p2_9	いちばんの大物、人食いイヌは倒しました。	The biggest of them, the man-eating dog, was defeated.
MAP8_e4_p2_90	このような事態になったときには、	For situations like this,
MAP8_e4_p2_91	ピピンを寄こすよう、以前ロイから	Roi asked me beforehand to send Pipin
MAP8_e4_p2_92	頼まれているのだよ。	in such cases.
MAP8_e4_p2_95	…な、んだと………？	...Wh-What......?
MAP8_e4_p2_98	この意味…	The meaning of this—
MAP8_e4_p2_99	分からないお前ではあるまい、ピピン。	surely even you understand, Pipin.
MAP8_e4_p3_2	ウィンよ、ピピンをよろしく頼む。	Win, I entrust Pipin to you.
MAP8_e4_p3_3	急ぎ、西の森に住むロイを訪ね、事の次第を	Hurry to the western forest, visit Roi who lives there,
MAP8_e4_p3_4	伝え、城に出てくるよう説得するのだ。	tell him what's happened, and persuade him to come to the castle.
MAP8_e4_p4_13	…分かった。	
MAP8_e4_p4_14	ウィンよ…紋章の継承者としての責務、	
MAP8_e4_p4_15	見事果たしてみせよ。	
MAP8_e4_p4_17	闇のエレメントが復活するのであれば、	
MAP8_e4_p4_18	我々も急ぎ準備が必要だ。	
MAP8_e4_p4_19	兵はサクソンにまとめさせ、城壁、そして	
MAP8_e4_p4_2	ん？	
MAP8_e4_p4_20	街の防備を固めねばなるまい…	
MAP8_e4_p4_22	ウィン、お前は早速南のフレイム王国に向かい、	
MAP8_e4_p4_23	闇のエレメントの復活をフレイム王に告げよ。	
MAP8_e4_p4_25	そして火の紋章の継承者…	
MAP8_e4_p4_26	おそらく王子のホノオ殿がそうだ…	
MAP8_e4_p4_27	彼と一緒にセイリューへ向かい、	
MAP8_e4_p4_28	水の紋章の継承者とも会うのだ。	
MAP8_e4_p4_3	どうした、ウィンよ、お前だけか。	
MAP8_e4_p4_30	その頃にまだ闇のエレメントが	
MAP8_e4_p4_31	復活していなければよいが…	
MAP8_e4_p4_32	とにかく急ぐのだ。	
MAP8_e4_p4_34	ウィン、これを持っていけ。	
MAP8_e4_p4_37	　　　　　　ウィンは南の通行手形を受け取った！	
MAP8_e4_p4_40	それがあれば南の関所を越え、	
MAP8_e4_p4_41	フレイムへと渡ることが出来る。	
MAP8_e4_p4_42	砂漠の魔物は手ごわいと聞く。	
MAP8_e4_p4_43	準備を怠るなよ。	
MAP8_e4_p4_45	それともうひとつ…	
MAP8_e4_p4_46	フレイムまでの道のりを、	
MAP8_e4_p4_47	共にしてほしい者がいるのだ。	
MAP8_e4_p4_48	レイモンド、参れ！	
MAP8_e4_p4_5	ロイの説得は出来たのか…？	
MAP8_e4_p4_57	はっ、ここに！	
MAP8_e4_p4_6	ピピンはどうしている？	
MAP8_e4_p4_60	この者は最近身体が鈍っているのでな。	
MAP8_e4_p4_61	走らせるために偵察兵にした。	
MAP8_e4_p4_62	この者の任地、フレイムまで共に向かってくれ。	
MAP8_e4_p4_65	メシがうまいと評判のフレイム…	
MAP8_e4_p4_66	楽しみです！！	
MAP8_e4_p4_9	　　　　ウィンはこれまでの経緯を王に説明した	
MAP8_e4_p5_2	火と水の紋章の継承者との合流を急げ。	Hurry to meet up with the Fire and Water inheritors.
MAP8_e4_p5_3	それまで私は国の防衛強化と情報収集に	Until then, I'll focus on strengthening the kingdom's defenses
MAP8_e4_p5_4	務める。	and gathering information.
MAP8_e4_p6_12	ホノオ王子…それはどうも…お疲れ様です。	
MAP8_e4_p6_13	我が城下町には自慢の宿屋があります。	
MAP8_e4_p6_14	是非ご利用くだされ…。	
MAP8_e4_p6_2	火と水の紋章の継承者との合流を急げ。	Hurry to meet up with the Fire and Water inheritors.
MAP8_e4_p6_3	それまで私は国の防衛強化と情報収集に	Until then, I'll focus on strengthening the kingdom's defenses
MAP8_e4_p6_4	務める。	and gathering information.
MAP8_e4_p6_7	もう少し待ってくれ、ウィンダムの王様！	
MAP8_e4_p6_8	こちとら毎日戦ってばかりでさあ…	
MAP8_e4_p6_9	クタクタなんだよなあ…	
MAP8_e4_p7_12	ご武運をお祈りします。	
MAP8_e4_p7_2	おお、ホノオ王子！	
MAP8_e4_p7_3	見事継承の試練を乗り越えられたとのこと、	
MAP8_e4_p7_4	お祝い申し上げますぞ。	
MAP8_e4_p7_7	ありがとよ、ウィンダムの王様！	
MAP8_e4_p7_8	これでやっと本腰入れて勇者さまの	
MAP8_e4_p7_9	おしごとにとりかかれるぜ。	
MAP8_e5_p0_12	どこの自称天才さんの話だ？おい？	Who's this self-proclaimed genius, huh?
MAP8_e5_p0_15	げっ！いたのかピピン！！	Gah! Pipin, you're here!!
MAP8_e5_p0_16	ま、とりあえず、ウィン！がんばれよ！	Well, anyway, Win! Do your best!
MAP8_e5_p0_17	…ピピンもな。	...You too, Pipin.
MAP8_e5_p0_2	よう、ウィン。最近どうだ？	Yo, Win. How's it going?
MAP8_e5_p0_22	なんだなんだ、騎士学校トップで卒業した	What's this? You graduated top of the knight academy,
MAP8_e5_p0_23	お前が、そんなパッとしない顔して。	and you're wearing such a dull face.
MAP8_e5_p0_24	最近実家のパン食べてないのか？	Haven't been eating your folks' bread lately?
MAP8_e5_p0_7	そりゃあよかった！俺はお前ならきっと	Glad to hear it! I'm sure you'll
MAP8_e5_p0_8	騎士団長になると思ってるんだ。	become Knight Commander one day.
MAP8_e5_p0_9	あんな性格の悪い自称天才でなく…	Not some mean-spirited self-proclaimed genius like that guy...
MAP8_e5_p1_2	おかえりー！	
MAP8_e5_p1_3	その顔…　珍しく難しい顔してどうした？	
MAP8_e5_p1_4	結構きつかったか…？	
MAP8_e5_p2_13	そうか…。	I see...
MAP8_e5_p2_14	俺はてっきりケンカでもしたのかと。	I figured you two had gotten into a fight.
MAP8_e5_p2_2	よう、ウィン。あれ、ピピンは…	Yo, Win. Huh, where's Pipin...
MAP8_e5_p2_7	うんてウィン…	Umm, Win...
MAP8_e5_p2_8	なんだお前ら、ケンカしたかー？	What's this, you two fighting?
MAP8_e5_p3_14	ちがうってなんだよ…	It's not what you think...
MAP8_e5_p3_15	おい！手を隠すなって！	Hey! Don't hide your hand!
MAP8_e5_p3_2	ウィン、聞いたぞ！	Win, I heard!
MAP8_e5_p3_3	おまえ…　紋章を継承したって…！	You... inherited the crest...!
MAP8_e5_p3_8	てことはお前…将来の騎士団長じゃねえか…	That means you... you're gonna be Knight Commander someday...
MAP8_e5_p3_9	出世早すぎるだろ！すげえな！	Talk about a fast promotion! Amazing!
MAP8_e6_p0_12	ああ。	Yeah.
MAP8_e6_p0_15	…それなら安心だ。	...Then I'm relieved.
MAP8_e6_p0_16	ピピンと一緒なら、ウィンも色々勉強に	With Pipin alongside you, Win will learn a great deal.
MAP8_e6_p0_17	なるだろう。ピピン、ウィンをよろしくな。	Pipin, take good care of Win.
MAP8_e6_p0_2	…仕事か？	...More work?
MAP8_e6_p0_22	なんでだ！仕事だろう！？	Why!? It's a mission, right!?
MAP8_e6_p0_23	まさかウイン、	Don't tell me, Win,
MAP8_e6_p0_24	お前、陛下の話を聞いてなかったのか！？	you weren't listening to His Majesty!?
MAP8_e6_p0_27	俺も聞いていた、仕事だよな？ウィン。	I heard it too. It's a mission, right, Win?
MAP8_e6_p0_28	知っていて聞いた俺が悪かったよ。	Fine, my bad for asking when I already knew.
MAP8_e6_p0_29	…しかしピピンは怒り過ぎだ。うるさい。	...But Pipin's overreacting. So loud.
MAP8_e6_p0_32	…クッ	...Ugh
MAP8_e6_p0_33	どうして俺が怒られたんだ…	Why did I get scolded...
MAP8_e6_p0_7	人食いの獣が住み着いたっていう、	A man-eating beast has moved in there, you said?
MAP8_e6_p0_8	西の監視塔か。	The West Watchtower, huh.
MAP8_e6_p0_9	ピピンも一緒なんだな？	Pipin's coming along, right?
MAP8_e6_p1_2	…無事に戻ったみたいだな。安心した。	
MAP8_e6_p2_14	なら、なんでそんな難しい顔をしてるんだ？	Then why the long face?
MAP8_e6_p2_15	なあ、もしつらいことがあったら、	Hey, if something's weighing on you,
MAP8_e6_p2_16	ひとりで抱え込むんじゃないぞ…？	don't shoulder it alone, alright...?
MAP8_e6_p2_2	…また仕事か？	...Work again?
MAP8_e6_p2_7	どんな仕事かはあえて聞かないさ。	I won't bother asking what it is.
MAP8_e6_p2_8	しかし、ウィン、お前なんだか顔つきが	But Win, your expression seems different
MAP8_e6_p2_9	変わったな…。	somehow...
MAP8_e6_p3_14	すまん、冗談さ、ウィン。	Sorry, just kidding, Win.
MAP8_e6_p3_15	闇のエレメントの復活…	The revival of the Dark Element...
MAP8_e6_p3_16	止めてくれよ。お前なら、きっと出来るさ。	Come on. You've got this, I'm sure.
MAP8_e6_p3_2	これはこれは次期騎士団長どの…	Well, well, if it isn't the future Knight Commander...
MAP8_e6_p3_3	紋章の継承おめでとうございます	Congratulations on inheriting the crest
MAP8_e6_p3_8	浮かれている場合か、若造。	This is no time to be giddy, boy.
MAP8_e6_p3_9	…がんばれよ。	...Do your best.
MAP8_e8_p0_2	ここから先は、ウィンダム王とお妃さまの	Past here are the bedchambers of King Windam and his queen...
MAP8_e8_p0_3	寝室だぜ　…って、	hey, you know—
MAP8_e8_p0_4	お前そんなこと知ってるだろ。あっち行った。	you already know that. Let's go.
MAP8_e9_p0_3	ここから先は、ウィンダム王とお妃さまの	Past here are the bedchambers of King Windam and his queen...
MAP8_e9_p0_4	寝室だぜ　…って、	hey, you know—
MAP8_e9_p0_5	お前そんなこと知ってるだろ。あっち行った。	you already know that. Let's go.
MAP9_e10_p0_1	宿泊者たちの書き残しがある。読んでみようか…。	Guests have left behind some notes. Should we read them...?
MAP9_e10_p0_10	この国のごはんは美味しくない！	The food in this country is not tasty!
MAP9_e10_p0_11	このホテルの食事が美味しくないのかと思ったら、	I thought it was just this inn, but
MAP9_e10_p0_12	外のレストランも美味しくなかった！	the restaurants outside weren't tasty either!
MAP9_e10_p0_13	でもパン屋のパンは美味しかったなあ。	But the bakery's bread was delicious.
MAP9_e10_p0_15	宿舎に帰るのが嫌で、しょっちゅうここに泊まってる…。	I hate going back to the barracks, so I'm always staying here...
MAP9_e10_p0_16	一泊100Gもするから、そろそろお金がなくなってしまう。	At 100G a night, I'll soon run out of money.
MAP9_e10_p0_17	どうしよう…　でもピピンの嫌味が怖くて、胃が痛い…。	What should I do... but Pipin's snide remarks scare me, and my stomach hurts...
MAP9_e10_p0_18	騎士、やめようかな…。	Maybe I should quit being a knight...
MAP9_e10_p0_5	フレイムからここまで行商に来るのに丸ひとつきも	It took me a full month to come all the way from Flame on business.
MAP9_e10_p0_6	かかった。そんなに遠くないのに、手形がないせいで、	It's not that far, but without a permit I
MAP9_e10_p0_7	関所で長いことまちぼうけを食わされたからだ。	was made to wait forever at the checkpoint.
MAP9_e10_p0_8	なんでこの国はこんなに入国が厳しいんだ！？	Why is this country so strict about entry!?
MAP9_e10_p1_1	宿泊者たちの書き残しがある。読んでみようか…。	Guests have left behind some notes. Should we read them...?
MAP9_e10_p1_10	この国のごはんは美味しくない！	The food in this country is not tasty!
MAP9_e10_p1_11	このホテルの食事が美味しくないのかと思ったら、	I thought it was just this inn, but
MAP9_e10_p1_12	外のレストランも美味しくなかった！	the restaurants outside weren't tasty either!
MAP9_e10_p1_13	でもパン屋のパンは美味しかったなあ。	But the bakery's bread was delicious.
MAP9_e10_p1_15	宿舎に帰るのが嫌で、しょっちゅうここに泊まってる…。	I hate going back to the barracks, so I'm always staying here...
MAP9_e10_p1_16	一泊100Gもするから、そろそろお金がなくなってしまう。	At 100G a night, I'll soon run out of money.
MAP9_e10_p1_17	どうしよう…　でもピピンの嫌味が怖くて、胃が痛い…。	What should I do... but Pipin's snide remarks scare me, and my stomach hurts...
MAP9_e10_p1_18	騎士、やめようかな…。	Maybe I should quit being a knight...
MAP9_e10_p1_5	フレイムからここまで行商に来るのに丸ひとつきも	It took me a full month to come all the way from Flame on business.
MAP9_e10_p1_6	かかった。そんなに遠くないのに、手形がないせいで、	It's not that far, but without a permit I
MAP9_e10_p1_7	関所で長いことまちぼうけを食わされたからだ。	was made to wait forever at the checkpoint.
MAP9_e10_p1_8	なんでこの国はこんなに入国が厳しいんだ！？	Why is this country so strict about entry!?
MAP9_e11_p0_1	『セイリューの歴史』	
MAP9_e11_p0_11	かの地の特徴は、その豊かな自然と、何よりも住民たちの	
MAP9_e11_p0_12	先祖から代々受け継いでいる、技術や知識の数々である。	
MAP9_e11_p0_13	かの地でしか栽培されないコメは、栄養があり美味で、	
MAP9_e11_p0_14	刀という剣の鋭さと頑強さは他の国に真似できない。	
MAP9_e11_p0_16	また、かの地には龍が住むという伝説があり、領民たちから	
MAP9_e11_p0_17	恐れられるのと同時に、愛されてもいる。	
MAP9_e11_p0_18	おそらく水のエレメントを、龍という神獣にたとえて	
MAP9_e11_p0_19	信仰しているのだろう。	
MAP9_e11_p0_2	…と、表紙に書かれた本がある。読んでみようか？	There's a book with these words on the cover. Should we read it?
MAP9_e11_p0_6	セイリューとは西の山奥にある国だが、国というよりも	
MAP9_e11_p0_7	その規模で考えると、集落に過ぎない。	
MAP9_e11_p0_8	昔から同じ領主のもとで、様々な農民、職人が、	
MAP9_e11_p0_9	一種の宗教的な団結を持って支え合っている。	
MAP9_e12_p0_1	持ち出して役に立つようなものは何も見つけられなかった…	There was nothing worth taking with us...
MAP9_e13_p0_2	あっ、いらっしゃい…	
MAP9_e13_p0_7	あの、忙しいんで…	
MAP9_e13_p0_8	邪魔しないでもらえますか	
MAP9_e4_p0_13	では明日の朝までごゆっくりご滞在下さいませ。	
MAP9_e4_p0_2	これはこれは騎士様。今日はどういったご用件でしょうか。	
MAP9_e4_p0_21	おはようございます。	
MAP9_e4_p0_22	またのご利用をお待ちしております。	We look forward to your next visit.
MAP9_e4_p0_26	おや？お手持ちのお金が料金に足りないようですね…。	
MAP9_e4_p0_27	恐縮ですが、またの機会にご利用くださいませ。	
MAP9_e4_p0_33	そうですか…	I see...
MAP9_e4_p0_34	では、お好きなだけ見て回って行って下さい。	Then please, look around as much as you like.
MAP9_e4_p0_40	そうですか…	I see...
MAP9_e4_p0_41	では、お好きなだけ見て回って行って下さい。	Then please, look around as much as you like.
MAP9_e4_p0_6	騎士様方の宿舎でなら無料で休めますが、	
MAP9_e4_p0_7	こちらでご宿泊なさると100Gの料金を頂くことになります。	
MAP9_e4_p0_8	それでもよろしいですか？	
MAP9_e5_p0_1	持ち出して役に立つようなものは何も見つけられなかった…	There was nothing worth taking with us...
MAP9_e6_p0_1	持ち出して役に立つようなものは何も見つけられなかった…	There was nothing worth taking with us...
MAP9_e7_p0_1	持ち出して役に立つようなものは何も見つけられなかった…	There was nothing worth taking with us...
MAP9_e8_p0_1	持ち出して役に立つようなものは何も見つけられなかった…	There was nothing worth taking with us...
MAP9_e9_p0_1	持ち出して役に立つようなものは何も見つけられなかった…	There was nothing worth taking with us...
MAP12_e3_p0_10	でも、絶対に無理をしたらいかんぞ！	
MAP12_e3_p0_14	そうか…。	I see...
MAP12_e3_p0_15	そういうときもあるだろう…。	
MAP12_e3_p0_16	どうだい、たまの休みには帰ってきて、	
MAP12_e3_p0_17	一緒にのんびり、夕食を食べようじゃないか！	
MAP12_e3_p0_2	おお、ウィン！よく来たな。	
MAP12_e3_p0_3	仕事はうまくいっているかい？	
MAP12_e3_p0_7	そうかそうか！	
MAP12_e3_p0_8	陛下や先輩の言うことをよく聞いて、	
MAP12_e3_p0_9	何でも素直に学ぶことだ。	
MAP12_e4_p0_12	ああ、びっくりした…。	
MAP12_e4_p0_13	あんなにパンが嫌いだったのに…。	
MAP12_e4_p0_14	でも、お城のご飯ばかり食べていると、	
MAP12_e4_p0_15	うちのパンが懐かしくなったでしょう？	
MAP12_e4_p0_2	いらっしゃい！…って、ウィンじゃないの！	
MAP12_e4_p0_3	…うちのパンを買いに来たのかい！？	
MAP12_e4_p0_8	またいつでもいらっしゃいよ、ウィン！	
MAP12_e5_p0_2	パパが今日もここのパンをお昼に食べたいから	
MAP12_e5_p0_3	買ってこいって…	
MAP12_e5_p0_4	でも僕もこのお店のパン大好き！	
MAP12_e6_p0_2	あと何回この店のパンを食べられるかのう…	
MAP12_e6_p0_3	その前に歯がなくなってしもうたら…	
MAP12_e6_p0_4	そうなるくらいなら死んだ方がマシじゃ！	
MAP13_e3_p0_10	あー、どうも…	
MAP13_e3_p0_11	おつかれさまです…	
MAP13_e3_p0_2	あー、いらっしゃいませ…	
MAP13_e3_p0_3	お買い物なさいますか…？	
MAP13_e4_p0_2	どうにもこの店は辛気臭いねえ…	
MAP13_e4_p0_3	品揃えがこれじゃあ、客も来ないだろう	
MAP13_e4_p0_4	がねえ…　そもそも店主があれだもの…	
MAP14_e3_p0_2	　　　　　　　　　水がたくさん入っている	It's full of water.
MAP14_e4_p0_2	　　　　　　　　　水がたくさん入っている	It's full of water.
MAP14_e5_p0_12	おい！ウィンが困ってるだろう！	
MAP14_e5_p0_13	そいつはもう子供じゃないんだ！	
MAP14_e5_p0_18	あらあら、そうだったねえ。	
MAP14_e5_p0_19	騎士様になったんだものねえ！	
MAP14_e5_p0_2	んー？	
MAP14_e5_p0_21	でも、ウィン。	
MAP14_e5_p0_22	お休みのときにでも、気が向いたらいつでも	
MAP14_e5_p0_23	遊びに来るんだよ？	
MAP14_e5_p0_3	あら、ウィンじゃないか！	
MAP14_e5_p0_4	珍しいねえ。	
MAP14_e5_p0_6	よかったら、一緒にご飯食べていくかい？	
MAP14_e5_p0_7	遠慮しないでいいんだよ！	
MAP14_e6_p0_2	おお、ウィン…よく来たな。	
MAP14_e6_p0_3	なんにもないが、ゆっくりしていきなさい。	
MAP14_e6_p0_5	しかし、大きくなったのう…	
MAP14_e6_p0_6	騎士の恰好もよく似合っておるわい。	
MAP15_e10_p0_1	『ある天才騎士の軌跡』	
MAP15_e10_p0_10	彼はその剣術、頭脳において、他を圧倒していた。	
MAP15_e10_p0_11	しかし、ピピンがどこから来た男なのかを知るものは、	
MAP15_e10_p0_12	騎士団にはいなかった…	
MAP15_e10_p0_13	少なくとも筆者の周りに知る者はいなかった。	
MAP15_e10_p0_15	彼には、その能力だけでなく、ひとと違う特徴があった。	
MAP15_e10_p0_16	彼の耳は、とても細長く、とがっている。	
MAP15_e10_p0_17	そのような耳をした者を、我々は他に見たことがない。	
MAP15_e10_p0_18	彼は一体、何者なのか。どこからやってきたのだろうか…。	
MAP15_e10_p0_2	…と、表紙に書かれた本がある。読んでみようか…。	There's a book with these words on the cover. Should we read it...?
MAP15_e10_p0_6	天才と呼ばれる騎士がいる…	
MAP15_e10_p0_7	呼ばれるだけでなく自分でもそう呼ぶのだが…	
MAP15_e10_p0_8	その男の名を、ピピンという。	
MAP15_e11_p0_10	そうだ、ウィン。	Oh, Win.
MAP15_e11_p0_11	外でおもしろい本を見つけたら、私に持って	If you find an interesting book out there,
MAP15_e11_p0_12	帰ってきてちょうだい。	bring it back for me, won't you?
MAP15_e11_p0_13	読む本がなくなって退屈しているのよ…。	I've run out of reading material and I'm bored...
MAP15_e11_p0_19	騎士になったってのに、それじゃあ	
MAP15_e11_p0_2	あら、ウィン。今日はどうしたの？	
MAP15_e11_p0_20	いままでと変わらないじゃないの…。	
MAP15_e11_p0_21	はたらきなさいよ。	
MAP15_e11_p0_23	そうだ、ウィン。	Oh, Win.
MAP15_e11_p0_24	外でおもしろい本を見つけたら、私に持って	If you find an interesting book out there,
MAP15_e11_p0_25	帰ってきてちょうだい。	bring it back for me, won't you?
MAP15_e11_p0_26	読む本がなくなって退屈しているのよ…。	I've run out of reading material and I'm bored...
MAP15_e11_p0_6	そういうのはいいから。	
MAP15_e11_p0_7	どうせなんとなくヒマでぶらぶらしている	
MAP15_e11_p0_8	だけなんでしょう？	
MAP15_e12_p0_2	　　　　　　　　小麦粉か何かが入っている	
MAP15_e13_p0_1	『暗黒大陸』	
MAP15_e13_p0_11	大昔にセイリューの南から暗黒大陸への橋が作られたが、	
MAP15_e13_p0_12	そこから大量の恐ろしい魔物が雪崩れこんだ。	
MAP15_e13_p0_13	そして橋を渡って向こう側へ行ったものはみな病気になって	
MAP15_e13_p0_14	すぐに死んでしまった。	
MAP15_e13_p0_16	それ以来、橋は落とされ、誰もその土地へ行こうと	
MAP15_e13_p0_17	しなくなった。	
MAP15_e13_p0_18	いまではその地の存在を知る者も稀である。	
MAP15_e13_p0_2	…と、表紙に書かれた本がある。読んでみようか…。	There's a book with these words on the cover. Should we read it...?
MAP15_e13_p0_6	この大陸のずっと南…	
MAP15_e13_p0_7	かつて暗黒大陸と呼ばれていた土地がある。	
MAP15_e13_p0_8	そう呼ばれるようになった理由は、	
MAP15_e13_p0_9	恐ろしい魔物がたくさんおり、そして空気が毒だからだ。	
MAP15_e14_p0_2	　　　　　　　　たくさんの手紙だ。	
MAP15_e14_p0_3	　　　国内宛ての手紙だけではなく、フレイム王や	
MAP15_e14_p0_4	　　　　セイリューの領主に宛てたものまである	
MAP15_e3_p0_1	持ち出して役に立つようなものは何も見つけられなかった…	There was nothing worth taking with us...
MAP15_e4_p0_2	　　　　　いい匂いがする　お茶の葉かもしれない	
MAP15_e5_p0_1	持ち出して役に立つようなものは何も見つけられなかった…	There was nothing worth taking with us...
MAP15_e6_p0_2	　　　　調べているところを見られたら大変だ	
MAP15_e7_p0_1	『歴代騎士団長』	
MAP15_e7_p0_10	筆者が把握している歴代団長の名とその実績を	
MAP15_e7_p0_11	俯瞰してみても、大体その通りである。	
MAP15_e7_p0_13	ただ、現騎士団長であるロイ団長は、騎士団長の証である	
MAP15_e7_p0_14	紋章を、幼い頃に危機的状況において半ば強制的に	
MAP15_e7_p0_15	継承された点において、特別であった。	
MAP15_e7_p0_2	…と、表紙に書かれた本がある。読んでみようか…。	There's a book with these words on the cover. Should we read it...?
MAP15_e7_p0_6	ウィンダム騎士団の団長の選出基準であるが、	
MAP15_e7_p0_7	主に能力（戦闘技術、実務能力、学問など）で候補となり、	
MAP15_e7_p0_8	それに実績を加味した上で選出されることが多い。	
MAP15_e8_p0_1	『世界の美味しいごはん』	
MAP15_e8_p0_11	カレーは辛いのに食べるのをやめることが出来ず、	
MAP15_e8_p0_12	辛みの中にも色々な野菜のうま味が凝縮されており、	
MAP15_e8_p0_13	とても美味だという。しかも、カレーには色々な種類が	
MAP15_e8_p0_14	あり、赤いのや、黄色いの、みどり色のもあるという。	
MAP15_e8_p0_16	そしてもうひとつが、セイリューでしか育てられない	
MAP15_e8_p0_17	コメという穀物を蒸したもの。	
MAP15_e8_p0_18	もちもちとした食感の中に、みずみずしく爽やかな甘みが	
MAP15_e8_p0_19	凝縮されているという。	
MAP15_e8_p0_2	…と、表紙に書かれた本がある。読んでみようか…。	There's a book with these words on the cover. Should we read it...?
MAP15_e8_p0_21	そしてその蒸したコメを手で丸めた携帯食…	
MAP15_e8_p0_22	ライスボールが何よりも有名だ。	
MAP15_e8_p0_23	絶品の味なのに、持ち歩くことができ、しかも歩きながら	
MAP15_e8_p0_24	でも食べられることから、旅人たちの憧れである。	
MAP15_e8_p0_6	たくさんのひとがよく挙げるものには以下がある。	
MAP15_e8_p0_7	フレイム王国のカレー、	
MAP15_e8_p0_8	そして、セイリューのライスボール…その主原料である	
MAP15_e8_p0_9	コメである。	
MAP15_e9_p0_1	『わたしのゆめ』	
MAP15_e9_p0_10	だけど、もじをおぼえるのは　たいへんです	
MAP15_e9_p0_11	たいへんだから　あまり本をかいたり　よんだりするひとが	
MAP15_e9_p0_12	せかいには　すくないと　おもいます	
MAP15_e9_p0_14	だからわたしは　しょうらいだれでももじをおぼえられる	
MAP15_e9_p0_15	かんたんで　わかりやすい　本を　かきたいです	
MAP15_e9_p0_16	そして　もっと　せかいのれきしを　みらいにのこせる	
MAP15_e9_p0_17	ように　できたらいいなとおもいます	
MAP15_e9_p0_2	…と、表紙に書かれた本がある。読んでみようか…。	There's a book with these words on the cover. Should we read it...?
MAP15_e9_p0_6	わたしのゆめは　本をかくことです。	
MAP15_e9_p0_7	わたしは本がだいすきです。	
MAP15_e9_p0_8	しらないことが　たくさんわかるからです。	
MAP16_e3_p0_11	またのご来店をお待ちしております！	
MAP16_e3_p0_12	どうぞ今後もごひいきに！！	
MAP16_e3_p0_2	いらっしゃいませ騎士様！	Welcome, Sir Knight!
MAP16_e3_p0_3	当店のポーションは効き目抜群です！！	
MAP16_e3_p0_4	どうぞお買い求めください！！	
MAP17_e10_p0_2	　　　　　　　水がたくさんはいっている	It's full of water.
MAP17_e11_p0_2	　　　　　　　水がたくさんはいっている	It's full of water.
MAP17_e12_p0_2	　　　　　　　　　底に何かのカギがあった	
MAP17_e12_p0_3	　　　　　　　大事な物だと思って元に戻した	
MAP17_e13_p0_1	持ち出して役に立つようなものは何も見つけられなかった…	There was nothing worth taking with us...
MAP17_e14_p0_2	　　　ウィンは本棚から100Gのへそくりを見つけた！	
MAP17_e14_p0_8	　　　　ウィンは黙ってへそくりを元にもどした…	
MAP17_e15_p0_2	　　　　　　　　干した果物類が入っている	
MAP17_e4_p0_10	ああ…　本当にこの国の騎士は市民を	
MAP17_e4_p0_11	守るつもりがあるのだろうか…。	
MAP17_e4_p0_2	おお、騎士様！	
MAP17_e4_p0_3	私の娘の救助は？行って下さるのですか！？	
MAP17_e4_p0_6	…俺たちは陛下直々の任務を遂行中だ。	
MAP17_e4_p0_7	人助けなら他の奴に頼め。	
MAP17_e4_p1_12	ショックポーションを　１個　貰った！	
MAP17_e4_p1_17	なんだ、違うんですか。	
MAP17_e4_p1_18	じゃあ何しに来たんですか？	
MAP17_e4_p1_2	娘が無事に帰って来ました！	
MAP17_e4_p1_3	騎士様がお助け下さったのですね！？	
MAP17_e4_p1_7	ありがとうございます！	Thank you!
MAP17_e4_p1_8	これはささやかでお礼です。	
MAP17_e4_p1_9	よかったらお使い下さい。	
MAP17_e4_p2_2	本当にありがとうございました。	Thank you so much.
MAP17_e4_p2_3	これからは娘がうっかりキノコを食べて	
MAP17_e4_p2_4	暴れないように気を付けさせます。	
MAP17_e5_p0_2	なあに、娘はそろそろ帰ってきますとも。	
MAP17_e5_p0_3	ハリスは心配し過ぎなんですよ。	
MAP17_e5_p1_12	あの砂漠の戦士が戦の前に食べるという…？	
MAP17_e5_p1_13	それを食べて娘はすごく強くなっていた	
MAP17_e5_p1_14	んですか！？	
MAP17_e5_p1_15	私も食べたかった…	
MAP17_e5_p1_19	騎士様、お仕事の報告はちゃんとしてください。	
MAP17_e5_p1_2	ほら、あたしの言った通りジャクリーンは	
MAP17_e5_p1_20	教えてくれないなら、騎士団に報告しますよ。	
MAP17_e5_p1_3	無事に帰って来ましたよ。	
MAP17_e5_p1_5	えっ、騎士様が助けてくれたんですか！	
MAP17_e5_p1_6	それはどうもありがとうございました！	
MAP17_e5_p1_7	え、キノコ…？騎士様それは一体どんな	
MAP17_e5_p1_8	キノコだったんですか！？	
MAP17_e6_p1_2	あっ、この度はどうもお世話になりました…	
MAP17_e6_p1_3	いまでも自分がどうなっていたのか、	
MAP17_e6_p1_4	よく思い出せませんが…でも元気です！	
MAP17_e7_p0_2	　　　　　手の込んだ作りのブローチがある	
MAP17_e7_p0_3	　　　　　　　　　贈り物だろうか	
MAP17_e8_p0_1	持ち出して役に立つようなものは何も見つけられなかった…	There was nothing worth taking with us...
MAP17_e9_p0_1	持ち出して役に立つようなものは何も見つけられなかった…	There was nothing worth taking with us...
MAP18_e10_p0_2	ここでご飯を食べると、	
MAP18_e10_p0_3	早く家に帰りたくなるんだ。	
MAP18_e11_p0_2	フッ…	
MAP18_e11_p0_3	僕はこの店ではコーヒーしか飲まないんだ。	
MAP18_e11_p0_5	暗い顔でフォークやスプーンを	
MAP18_e11_p0_6	口元に運んでいる、哀れな市民たちを横目にね	
MAP18_e11_p0_8	ぐーーーーーーーーー（お腹の音）	
MAP18_e12_p0_2	　　　　　　　半分くらいつぶれている野菜だ	
MAP18_e13_p0_2	　　　　　　　小麦粉か何かだと思う	
MAP18_e14_p0_1	持ち出して役に立つようなものは何も見つけられなかった…	There was nothing worth taking with us...
MAP18_e15_p0_2	　　　　　　　食器がたくさん入っている	
MAP18_e16_p0_2	　　　　　美味しそうなお酒がたくさん入っている	
MAP18_e3_p0_10	ありがとうございます、すぐに用意しますよ。	
MAP18_e3_p0_14	お腹いっぱい食べて、みんなのＨＰが回復した！	Everyone ate their fill and recovered HP!
MAP18_e3_p0_18	また食べにおいでね、ウィンくん…	
MAP18_e3_p0_19	じゃなかった、騎士様！	
MAP18_e3_p0_2	いらっしゃい！あらあら騎士様じゃないか！	
MAP18_e3_p0_24	おやおや、お金が足りないみたいだね…。	
MAP18_e3_p0_25	大丈夫かい、ウィン君？	
MAP18_e3_p0_26	ちゃんとお給金はもらえているのかい…？	
MAP18_e3_p0_3	食べていくかい？	
MAP18_e3_p0_33	そうですか、	
MAP18_e3_p0_34	じゃあまた今度食べに来て下さいねえ。	
MAP18_e3_p0_4	ウチの名物ランチ、全員で50Gになりますよ。	
MAP18_e4_p0_1	持ち出して役に立つようなものは何も見つけられなかった…	There was nothing worth taking with us...
MAP18_e5_p0_2	　　　　何に使うのか　石がたくさん入っている	
MAP18_e6_p0_1	持ち出して役に立つようなものは何も見つけられなかった…	There was nothing worth taking with us...
MAP18_e7_p0_2	　　　　　　　少し変なにおいのする水だ	
MAP18_e8_p0_2	うーん…すごくお腹が減っていたんだが…	
MAP18_e8_p0_3	もういいかなあ	
MAP18_e9_p0_2	……うーむ	
MAP18_e9_p0_3	まあ、お腹はふくれたかなあ…	
MAP19_e10_p0_2	　　　　ひとつだけ傷薬をもらっていくことにした！	
MAP19_e10_p1_2	　　　　　　　　　備蓄された薬類がある	
MAP19_e11_p0_13	いや、パン屋の息子のお前になれて	
MAP19_e11_p0_14	僕になれないわけないだろ…？	
MAP19_e11_p0_15	そうだろー　なあ　そうだろー	
MAP19_e11_p0_2	あっ、ウィン！じゃなかった騎士ウィンどの！	
MAP19_e11_p0_3	ぼくでも騎士になれるかなあ？	
MAP19_e11_p0_7	寝る前には勉強してるし…	
MAP19_e11_p0_8	筋トレも毎日かかしていないし…	
MAP19_e11_p0_9	何か他にアドバイスあったら教えてくれよな？	
MAP19_e12_p0_11	まず、敵の急所を点で突けるのが一番に違い。	
MAP19_e12_p0_12	会心率が高く、防御力の高い敵に特に	
MAP19_e12_p0_13	有効だ。	
MAP19_e12_p0_14	重いのが嫌なら、レイピアやダガーもいい。	
MAP19_e12_p0_18	そうか、うん。	
MAP19_e12_p0_19	皆が剣ばかり使っている中で、すでに	
MAP19_e12_p0_2	ん、ウィン？	
MAP19_e12_p0_20	槍の良さに	
MAP19_e12_p0_21	気付いているとはな。さすがだ。	
MAP19_e12_p0_3	君も槍よりも剣を使うかい？	
MAP19_e12_p0_7	君もか…	
MAP19_e12_p0_8	最近は皆、すっかり剣しか使わないが、	
MAP19_e12_p0_9	槍は有効な武器だぞ。	
MAP19_e13_p0_1	『七転び七起きれず』	"""Seven Falls, Can't Get Up Eight Times"""
MAP19_e13_p0_10	毒にかかったり、眠ってしまったり、混乱したり…	Getting poisoned, falling asleep, being confused...
MAP19_e13_p0_11	そういった状態異常は、すぐに死にはつながらないが、	These ailments won't kill you right away, but
MAP19_e13_p0_12	転倒は即死につながりかねない。	a knockdown can be a death sentence.
MAP19_e13_p0_14	しかも、薬を飲んで治したりもできない。	What's more, you can't even cure it with medicine.
MAP19_e13_p0_15	ドタバタしながら、少しでも早く起き上がれることを	All you can do is flail about and pray you get up
MAP19_e13_p0_16	祈るしかない…。	as quickly as possible...
MAP19_e13_p0_2	…と、表紙に書かれた本がある。読んでみようか…。	There's a book with these words on the cover. Should we read it...?
MAP19_e13_p0_6	戦闘中に、転倒してしまったら大ピンチだ。	If you get knocked down mid-battle, you're in big trouble.
MAP19_e13_p0_7	しばらくなんの行動も取れなくなるし、	You can't act for a while,
MAP19_e13_p0_8	何よりも、防御力がゼロになってしまうのだ。	and worst of all, your defense drops to zero.
MAP19_e14_p0_1	『素早さの重要性』	"""The Importance of Agility"""
MAP19_e14_p0_11	もちろん、頑丈な防具を着れば、受けるダメージが減るし、	Of course, sturdy armor reduces damage taken,
MAP19_e14_p0_12	強力な武器を持てば、与えるダメージが増える。	and a powerful weapon increases damage dealt.
MAP19_e14_p0_13	しかし、素早さが低ければ、動く前にすべての敵から	But if your agility is low, every enemy will attack
MAP19_e14_p0_14	攻撃されるだろう。	before you can move.
MAP19_e14_p0_16	敵の中には強力な状態異常攻撃や、全体攻撃を持つものも	Some enemies have powerful ailment attacks
MAP19_e14_p0_17	多い。	or group attacks.
MAP19_e14_p0_18	そういった攻撃を浴びれば、強力な武器も防具も、	If you're hit by those, even strong weapons and armor
MAP19_e14_p0_19	殆ど役に立たない。	are nearly useless.
MAP19_e14_p0_2	…と、表紙に書かれた本がある。読んでみようか…。	There's a book with these words on the cover. Should we read it...?
MAP19_e14_p0_6	戦闘中に、敵よりも早く動けるかどうかは、	Whether you can act before your enemies in battle
MAP19_e14_p0_7	素早さにかかっている。	depends on agility.
MAP19_e14_p0_8	しかし、頑丈な防具や、強い武器を持てば、その重さで	But sturdy armor and strong weapons are heavy,
MAP19_e14_p0_9	素早さは下がってしまう。	and lower your agility.
MAP19_e15_p0_2	　　　　　　　小麦粉か何かが入っている	
MAP19_e16_p0_2	おい、ウィン！勝手に読まないでくれよ！	Hey, Win! Don't go reading on your own!
MAP19_e17_p0_1	『武器や防具の品質』	"""Weapon and Armor Quality"""
MAP19_e17_p0_10	するが、反面、重くなったりするものもあるので、	On the other hand, some get heavier...
MAP19_e17_p0_11	必ずしも、品質のいいものを装備すればいいという	so equipping the highest quality gear isn't
MAP19_e17_p0_12	ものでもない、かも知れない…。	always the best choice, perhaps...
MAP19_e17_p0_14	相手や場所、自分の役割によって、	Depending on the enemy, the place, and your role,
MAP19_e17_p0_15	バランスの取れた組み合わせにするのが良いだろう。	a well-balanced setup is probably best.
MAP19_e17_p0_2	…と、表紙に書かれた本がある。読んでみようか…。	There's a book with these words on the cover. Should we read it...?
MAP19_e17_p0_6	この世界の武器や防具は、種類自体はすくないが、	The weapons and armor of this world are few in type, but
MAP19_e17_p0_7	品質によって、普通のものや、優れたものが存在する。	depending on quality, there are ordinary and excellent pieces.
MAP19_e17_p0_9	当然、品質の良いものほど強力だったり頑丈だったり	Naturally, higher quality means more power and sturdiness...
MAP19_e18_p0_1	『バックラーとは』	"""About the Buckler"""
MAP19_e18_p0_11	通常の盾に比べれば、防御力は数段落ちるが、	Compared to normal shields, its defense is several ranks lower, but
MAP19_e18_p0_12	回避率が大きく上がるので、ただの軽くて弱い盾という	it greatly raises evasion, so it's not just a light, weak shield.
MAP19_e18_p0_13	わけではない。	Not at all.
MAP19_e18_p0_15	なので、通常の大きさの魔物や人間を相手にする場合には、	So against monsters and humans of ordinary size,
MAP19_e18_p0_16	通常の盾よりも有効な場面が多い。	it's often more effective than a normal shield.
MAP19_e18_p0_17	しかし、巨大な敵や、どうしても避けられない攻撃を	However, against giant enemies or those with
MAP19_e18_p0_18	用いてくる相手には、あまり有効ではない。	unavoidable attacks, it isn't very effective.
MAP19_e18_p0_2	…と、表紙に書かれた本がある。読んでみようか…。	There's a book with these words on the cover. Should we read it...?
MAP19_e18_p0_6	相手に突きつけるように構える小型の盾で、	A small shield held out toward the opponent,
MAP19_e18_p0_7	中型、大型の盾とは異なった技術を要する。	requiring different technique than medium or large shields.
MAP19_e18_p0_8	受け止めるのではなく、受け流す、絡めとるなどして、	Rather than blocking, it deflects and entangles,
MAP19_e18_p0_9	回避やカウンターの布石にする盾である。	serving as a setup for evasions and counters.
MAP19_e3_p0_10	キノコを採りに行ったらしいんだが、	
MAP19_e3_p0_13	もう丸一日戻ってきていないらしい。しかし、	
MAP19_e3_p0_14	人手が足りなくてすぐに捜索隊を出せない。	
MAP19_e3_p0_15	もしよかったら見てきてくれないか？	
MAP19_e3_p0_2	ウィンじゃないか。	
MAP19_e3_p0_20	助かるよ。きっと足をくじいたとか、そんな	
MAP19_e3_p0_21	ことだろうとは思うんだが…。お前が引き受け	
MAP19_e3_p0_22	てくれたと、ハリスさんにも伝えとくよ。	
MAP19_e3_p0_25	何を勝手に面倒なこと引き受けてるんだ！？	
MAP19_e3_p0_26	陛下から直々に下された任務があるだろ！	
MAP19_e3_p0_29	行くなら、ひとりで行くんだな。	
MAP19_e3_p0_3	こんなところで油売ってていいのか？	
MAP19_e3_p0_30	俺は知らん…。	
MAP19_e3_p0_35	そうだよなあ…。	
MAP19_e3_p0_36	とりあえず、俺の方でかき集めてみるよ。	
MAP19_e3_p0_37	無理を言って悪かったな。	
MAP19_e3_p0_44	ここの仕事は俺たちに任せて、お前は自分の	
MAP19_e3_p0_45	任務に集中しろ。	
MAP19_e3_p0_46	なあに、心配すんなって…。	
MAP19_e3_p0_8	いやあ、ちょっとな…	
MAP19_e3_p0_9	ハリスさんちの娘さんが南の旧坑道へ	
MAP19_e3_p1_12	チェインメイルを　１着　貰った！	
MAP19_e3_p1_14	最近すっかり外に行くこともなくなってな。	I've stopped going out entirely lately.
MAP19_e3_p1_15	着る機会もなさそうだから、お前で有効活用	Looks like I won't get to wear it, so put it to
MAP19_e3_p1_16	してくれよ。	good use yourself.
MAP19_e3_p1_18	軽装鎧は、コートに比べれば素早さは下がるが、	Light armor lowers agility compared to a coat, but
MAP19_e3_p1_19	それ以上に防御力が上がるから、戦闘するなら	raises defense more than that, so if you're going to fight,
MAP19_e3_p1_2	ウィン！待ってたぞ！	Win! I've been waiting!
MAP19_e3_p1_20	ぜったいに着ておいた方がいいぞ。	you should definitely wear it.
MAP19_e3_p1_3	ハリスさんとこの娘さんの件、	About Harris and his daughter's matter—
MAP19_e3_p1_4	解決したらしいじゃないか。	I heard it got resolved.
MAP19_e3_p1_6	お前、自分の仕事があるのに助けてくれて	You helped even though you had your own duties,
MAP19_e3_p1_7	本当にありがとな！	thanks a lot!
MAP19_e3_p1_8	これ、俺からの気持ちだ、	This is a token of my gratitude,
MAP19_e3_p1_9	まあまあ、受け取ってくれよ！	come on, just take it!
MAP19_e3_p2_12	チェインメイル(匠)を　１着　貰った！	
MAP19_e3_p2_14	最近すっかり外に行くこともなくなってな。	I've stopped going out entirely lately.
MAP19_e3_p2_15	着る機会もなさそうだから、お前で有効活用	Looks like I won't get to wear it, so put it to
MAP19_e3_p2_16	してくれよ。	good use yourself.
MAP19_e3_p2_18	軽装鎧は、コートに比べれば素早さは下がるが、	Light armor lowers agility compared to a coat, but
MAP19_e3_p2_19	それ以上に防御力が上がるから、戦闘するなら	raises defense more than that, so if you're going to fight,
MAP19_e3_p2_2	ウィン！待ってたぞ！	Win! I've been waiting!
MAP19_e3_p2_20	ぜったいに着ておいた方がいいぞ。	you should definitely wear it.
MAP19_e3_p2_3	ハリスさんとこの娘さんの件、	About Harris and his daughter's matter—
MAP19_e3_p2_4	解決したらしいじゃないか。	I heard it got resolved.
MAP19_e3_p2_6	お前、自分の仕事があるのに助けてくれて	You helped even though you had your own duties,
MAP19_e3_p2_7	本当にありがとな！	thanks a lot!
MAP19_e3_p2_8	これ、俺からの気持ちだ、	This is a token of my gratitude,
MAP19_e3_p2_9	まあまあ、受け取ってくれよ！	come on, just take it!
MAP19_e3_p3_2	最近魔物に関する相談事が増えているんだ。	Lately, more and more people come to me about monsters.
MAP19_e3_p3_3	何かこの辺りに親玉とか、巣とかが	Maybe there's a big monster or a nest
MAP19_e3_p3_4	あるのかも知れないなあ…。	around here somewhere...
MAP19_e3_p4_2	最近魔物に関する相談事が増えているんだ。	Lately, more and more people come to me about monsters.
MAP19_e3_p4_3	何かこの辺りに親玉とか、巣とかが	Maybe there's a big monster or a nest
MAP19_e3_p4_4	あるのかも知れないなあ…。	around here somewhere...
MAP19_e4_p0_1	持ち出して役に立つようなものは何も見つけられなかった…	There was nothing worth taking with us...
MAP19_e5_p0_1	持ち出して役に立つようなものは何も見つけられなかった…	There was nothing worth taking with us...
MAP19_e6_p0_1	持ち出して役に立つようなものは何も見つけられなかった…	There was nothing worth taking with us...
MAP19_e7_p0_1	持ち出して役に立つようなものは何も見つけられなかった…	There was nothing worth taking with us...
MAP19_e8_p0_2	　　　　　　　　貯蓄用の飲料水だと思う	
MAP19_e9_p0_1	持ち出して役に立つようなものは何も見つけられなかった…	There was nothing worth taking with us...
MAP20_e3_p0_15	この武器の売上の何割かは当然、騎士団に	A cut of this shop's sales goes to the knight order, of course.
MAP20_e3_p0_16	入るんだぜ？俺たち相手なら、少しは	So when dealing with us, couldn't you cut
MAP20_e3_p0_17	割引とかしてくれてもいいよなあ…。	us a little discount...?
MAP20_e3_p0_2	ここは交易や冒険者向けの武器、防具屋だ。	This is a weapon and armor shop for traders and adventurers.
MAP20_e3_p0_3	支給品とはちょっと違う品々を揃えてる。	We stock things a bit different from standard issue.
MAP20_e3_p0_4	ウィン、ちゃんと金は持ってきたか？	Win, did you bring enough money?
MAP20_e3_p1_2	ここは交易や冒険者向けの武器、防具屋だ。	This is a weapon and armor shop for traders and adventurers.
MAP20_e3_p1_21	この武器の売上の何割かは当然、騎士団に	A cut of this shop's sales goes to the knight order, of course.
MAP20_e3_p1_22	入るんだぜ？俺たち相手なら、少しは	So when dealing with us, couldn't you cut
MAP20_e3_p1_23	割引とかしてくれてもいいよなあ…。	us a little discount...?
MAP20_e3_p1_3	支給品とはちょっと違う品々を揃えてる。	We stock things a bit different from standard issue.
MAP20_e3_p1_4	ウィン、ちゃんと金は持ってきたか？	Win, did you bring enough money?
MAP20_e4_p0_1	持ち出して役に立つようなものは何も見つけられなかった…	There was nothing worth taking with us...
MAP20_e5_p0_1	持ち出して役に立つようなものは何も見つけられなかった…	There was nothing worth taking with us...
MAP21_e10_p0_2	　　　　　　王国の騎士団のリストが入っている	
MAP21_e11_p0_1	持ち出して役に立つようなものは何も見つけられなかった…	There was nothing worth taking with us...
MAP21_e12_p0_1	持ち出して役に立つようなものは何も見つけられなかった…	There was nothing worth taking with us...
MAP21_e13_p2_10	俺のやり方が悪かったことは、分かっている…	
MAP21_e13_p2_12	さあ、手を差し出せ。	
MAP21_e13_p2_13	風の紋章を、お前に継承する。	
MAP21_e13_p2_16	　　　　　　ウィンは左手をロイに差し出した	
MAP21_e13_p2_18	よし、そのまま、しばらくじっとしていろ…。	
MAP21_e13_p2_21	　　　ロイは自分の手のひらをウィンの手の甲にのせた　　　　　　　	
MAP21_e13_p2_31	…無事に、継承できたようだ。	
MAP21_e13_p2_34	おそらく、まだ自覚できるような力を	
MAP21_e13_p2_35	感じることはないだろう…。	
MAP21_e13_p2_36	しかし紋章は、闇の力が強まるにつれて、	
MAP21_e13_p2_37	その輝きを増すと言われる。	
MAP21_e13_p2_39	その力…	
MAP21_e13_p2_40	エレメンタルパワーが、具体的に、	
MAP21_e13_p2_41	どういった力なのかは、俺にも分からん。	
MAP21_e13_p2_43	紋章の力が強まったとしても…	
MAP21_e13_p2_44	それは、闇の力もまた強まっている事を	
MAP21_e13_p2_45	意味する。	
MAP21_e13_p2_47	とは言え…これは俺が古文書を調べて何とか	
MAP21_e13_p2_48	得た知識に過ぎん。	
MAP21_e13_p2_49	実際にどうなるのかは…誰にも分からんのだ。	
MAP21_e13_p2_51	ウィンよ。直ちにお前が継承者になった事を	Win. Report your succession to King Windam at once,
MAP21_e13_p2_52	ウィンダム王に報告し、そののち、	and afterwards,
MAP21_e13_p2_53	急いでフレイム王国とセイリューに向かえ。	hurry to the Flame Kingdom and to Seiryu.
MAP21_e13_p2_55	俺はまだ気になることがある…。	
MAP21_e13_p2_56	過去に読んだ文献をもう一通り読み直してみる。	
MAP21_e13_p2_58	闇のエレメントに対抗するには、	To stand against the Dark Element,
MAP21_e13_p2_59	火、水、風、全ての紋章の力が必要なのだ。	the power of all the crests—fire, water, and wind—is needed.
MAP21_e13_p2_60	頼んだぞ、ウィン。	I'm counting on you, Win.
MAP21_e13_p2_62	…だがその前に、もしよかったら、	
MAP21_e13_p2_63	お前に聞いて欲しい話がある。	
MAP21_e13_p2_64	聞いてくれる気になったなら、もう一度	
MAP21_e13_p2_65	俺に話し掛けてくれ…。	
MAP21_e13_p2_9	…何も言うな、ウィン。	
MAP21_e13_p3_1	ウィンよ。直ちにお前が継承者になった事を	Win. Report your succession to King Windam at once,
MAP21_e13_p3_12	…ピピンのことか。	
MAP21_e13_p3_13	すまなかった。	
MAP21_e13_p3_14	俺があいつに、あんな言い方をしてしまった	
MAP21_e13_p3_15	のには、一応、理由があるんだ…。	
MAP21_e13_p3_17	俺の、若い頃の昔話だ…。	
MAP21_e13_p3_18	お前は風の紋章の継承者だ。	
MAP21_e13_p3_19	話しておいてもいいのかも知れん…。	
MAP21_e13_p3_2	ウィンダム王に報告し、そののち、	and afterwards,
MAP21_e13_p3_21	だが、長くなるぞ。	
MAP21_e13_p3_22	それでもよければ、聞くか？	
MAP21_e13_p3_26	わかった。	
MAP21_e13_p3_27	俺が風の紋章を継承したのは…	
MAP21_e13_p3_28	実は子供の頃だったんだ。	
MAP21_e13_p3_29	ああ、まだ字も読めなかったくらい、幼い頃だ	
MAP21_e13_p3_3	急いでフレイム王国とセイリューに向かえ。	hurry to the Flame Kingdom and to Seiryu.
MAP21_e13_p3_38	そうだな…。	
MAP21_e13_p3_39	いまは時間が惜しい。	
MAP21_e13_p3_40	いつか機会があれば、聞いてくれ。	
MAP21_e13_p3_5	闇のエレメントに対抗するには、	To stand against the Dark Element,
MAP21_e13_p3_6	火、水、風、全ての紋章の力が必要なのだ。	the power of all the crests—fire, water, and wind—is needed.
MAP21_e13_p3_7	頼んだぞ、ウィン。	I'm counting on you, Win.
MAP21_e13_p4_101	この世界にまだほんの少しだけ残っていた、	
MAP21_e13_p4_102	俺の味方を　してくれるひとたちだった…	
MAP21_e13_p4_104	でも、その頃の俺は、そのありがたみも	
MAP21_e13_p4_105	わかっていなかった…。	
MAP21_e13_p4_106	誰でも同じ…他人が嫌いだった。	
MAP21_e13_p4_108	だから…	That's why...
MAP21_e13_p4_109	その頃ちまたを騒がしていた野盗の集団が、	
MAP21_e13_p4_110	西の監視塔に集まっているという情報が入った	
MAP21_e13_p4_111	とき…	
MAP21_e13_p4_113	俺は内心ホッとしながら…	
MAP21_e13_p4_114	街のひとたちをそのまま置いて、	
MAP21_e13_p4_115	現場の指揮に向かったんだ。	
MAP21_e13_p4_12	俺の父は…	
MAP21_e13_p4_14	俺の父は家に帰る途中に、	
MAP21_e13_p4_15	魔物に襲われて死んだ。	
MAP21_e13_p4_17	俺の父はどうも弱かったみたいだな…。	
MAP21_e13_p4_18	頭はすごく良かったらしいんだが…	
MAP21_e13_p4_19	ともかく、	
MAP21_e13_p4_21	俺は父から、幼い頃に紋章を継承したんだ。	
MAP21_e13_p4_22	俺の手に紋章が刻まれてすぐに、	
MAP21_e13_p4_23	父は死んだ。	
MAP21_e13_p4_25	まるで、とっくに死んでいたはずの父を、	
MAP21_e13_p4_26	紋章がぎりぎりこの世につなぎとめていたか	
MAP21_e13_p4_27	のように…すぐに死んだんだ。	
MAP21_e13_p4_29	それからの俺は…	
MAP21_e13_p4_30	もう、子どもであることをやめた。	
MAP21_e13_p4_32	毎日、昼は身体を鍛え、夜は寝ずに本を読み…	
MAP21_e13_p4_33	自分をひたすらに追い込んだ。	
MAP21_e13_p4_34	強くなる為に。それは父の遺言でもあったが…	
MAP21_e13_p4_36	何より俺はもう、紋章の継承者だったから。	
MAP21_e13_p4_37	将来は、騎士団長にならなければならない…	
MAP21_e13_p4_38	世界の危機が来たら、それを防げる男に	
MAP21_e13_p4_39	ならなければならない…	
MAP21_e13_p4_41	その一心だったのさ。	
MAP21_e13_p4_43	そして俺は、天才と呼ばれるようになった…。	
MAP21_e13_p4_44	そう、ピピンと同じようなものだ。	
MAP21_e13_p4_46	剣でも知識でも、騎士団の誰も、	
MAP21_e13_p4_47	俺にかなわなかったんだ。	
MAP21_e13_p4_48	既に継承者であったこともあって、	
MAP21_e13_p4_49	騎士になってすぐに騎士団長候補になった。	
MAP21_e13_p4_51	だがな…	
MAP21_e13_p4_52	俺はその頃にはもう…	
MAP21_e13_p4_53	ほとんど燃え尽きてしまったんだ…	
MAP21_e13_p4_55	誰もが…俺のことを嫌いだった。	
MAP21_e13_p4_56	歩いていても、聞こえてくるのは、	
MAP21_e13_p4_57	俺に対する陰口や嫌みばかり…。	
MAP21_e13_p4_59	俺の能力のことも…	
MAP21_e13_p4_60	幼い頃に父から貰った紋章のおかげだと、	
MAP21_e13_p4_61	みんなが言うのさ。	
MAP21_e13_p4_63	勿論…紋章がその持ち主の能力を高めるなんて	
MAP21_e13_p4_64	話は聞いたことがなかったし…	
MAP21_e13_p4_65	きっと、周りの連中もそんなことは	
MAP21_e13_p4_66	分かっていた…	
MAP21_e13_p4_68	だけど、彼らからすれば、妬ましかったのさ。	
MAP21_e13_p4_69	騎士になる大抵の連中は…	
MAP21_e13_p4_70	将来騎士団長になること、継承者になることを、	
MAP21_e13_p4_71	夢見ているものだからな…。	
MAP21_e13_p4_73	それを俺も分かっていたからこそ、	
MAP21_e13_p4_74	誰よりも努力し…自分を鍛えて、	
MAP21_e13_p4_75	誰から見ても継承者に相応しい男になろうと	
MAP21_e13_p4_76	してきたんだがな…。	
MAP21_e13_p4_78	だがそうなった頃には…	
MAP21_e13_p4_79	俺は誰からも嫌われていて…　そして…	
MAP21_e13_p4_81	何より俺自身が…	
MAP21_e13_p4_82	みんなのことを嫌いになってしまっていた…。	
MAP21_e13_p4_84	それどころか…	
MAP21_e13_p4_85	自分が騎士団長になったら…	
MAP21_e13_p4_86	あいつらを散々いじめてやろうとすら	
MAP21_e13_p4_87	思っていたのさ。	
MAP21_e13_p4_89	もうそれくらいしか…	
MAP21_e13_p4_90	希望というか…　やりたいことがなかった…。	
MAP21_e13_p4_91	この世界を守りたいなんて、ちっとも	
MAP21_e13_p4_92	思えなくなっていたからな…。	
MAP21_e13_p4_94	そして…	
MAP21_e13_p4_95	あれは俺が騎士団長になって間もない頃だ。	
MAP21_e13_p4_97	父と仲の良かった街のひとたちが、	
MAP21_e13_p4_98	俺の騎士団長就任のお祝いに、	
MAP21_e13_p4_99	俺の家に集まったんだ。	
MAP21_e13_p5_11	詳しくはわからないが…	
MAP21_e13_p5_12	もしかすると紋章は…	
MAP21_e13_p5_13	自らが失われそうなときに、少しだけ力を	
MAP21_e13_p5_14	発揮するものなのかも知れない。	
MAP21_e13_p5_16	俺の父が死んだときも、まるで俺に継承する	
MAP21_e13_p5_17	為の時間を稼ぐために…	
MAP21_e13_p5_18	紋章が父をほんの少しだけ生きながらえさせて	
MAP21_e13_p5_19	いたように思えた。	
MAP21_e13_p5_21	…いや、とにかく	
MAP21_e13_p5_23	自分でも思っていた以上に長話になって	
MAP21_e13_p5_24	しまった…。　　すまん。	
MAP21_e13_p5_26	俺は、かつて…紋章継承者であり、	
MAP21_e13_p5_27	騎士団長でもあり…	
MAP21_e13_p5_28	天才と呼ばれるくらいの力もあった。	
MAP21_e13_p5_30	それなのに…	
MAP21_e13_p5_31	すべてに失敗したんだ。	
MAP21_e13_p5_32	自分のことも、周りのことも…	
MAP21_e13_p5_33	何が大事なのか分からなくなってしまった…	
MAP21_e13_p5_35	だから…	That's why...
MAP21_e13_p5_36	ピピンには、そうなって欲しくなかった。	
MAP21_e13_p5_37	ピピンなら、俺とは違う…	
MAP21_e13_p5_38	いい騎士団長になってくれると期待していた。	
MAP21_e13_p5_40	しかしそんなのは…	
MAP21_e13_p5_41	俺の勝手な期待だ…　	
MAP21_e13_p5_42	自分の出来なかったことを勝手に…	
MAP21_e13_p5_43	あいつに期待していたんだ。	
MAP21_e13_p5_46	………ウィン。	
MAP21_e13_p5_47	もしピピンに会うことがあったら…	
MAP21_e13_p5_48	俺が謝っていたと伝えて欲しい。	
MAP21_e13_p5_50	…。　ありがとな、ウィン…。	
MAP21_e13_p5_51	きっと…　俺はこの話を、	
MAP21_e13_p5_52	誰かに聞いて欲しかったんだ…	
MAP21_e13_p5_53	おかげで、少し楽になったよ。	
MAP21_e13_p5_8	左手はつながったままだったが…	
MAP21_e13_p5_9	剣を握ることはできなくなっていた。	
MAP21_e13_p6_1	ウィンよ。直ちにお前が継承者になった事を	Win. Report your succession to King Windam at once,
MAP21_e13_p6_2	ウィンダム王に報告し、そののち、	and afterwards,
MAP21_e13_p6_3	急いでフレイム王国とセイリューに向かえ。	hurry to the Flame Kingdom and to Seiryu.
MAP21_e13_p6_5	闇のエレメントに対抗するには、	To stand against the Dark Element,
MAP21_e13_p6_6	火、水、風、全ての紋章の力が必要なのだ。	the power of all the crests—fire, water, and wind—is needed.
MAP21_e13_p6_7	頼んだぞ、ウィン。	I'm counting on you, Win.
MAP21_e13_p7_11	おう！言われなくても分かってるぜ。	
MAP21_e13_p7_12	それよりあんた、ロイさんだろ？	More importantly, you're Roi, aren't you?
MAP21_e13_p7_13	噂はフレイムまで届いているぜ！	
MAP21_e13_p7_15	天才騎士って呼ばれていたロイさんと、	
MAP21_e13_p7_16	いつか剣の勝負をしてみたいと思ってた…	
MAP21_e13_p7_17	んだけど…	
MAP21_e13_p7_19	いまのアンタ、剣が握れないんだってな。	
MAP21_e13_p7_2	おお、火の紋章の継承者、ホノオ王子ですな。	
MAP21_e13_p7_20	残念だぜ。	
MAP21_e13_p7_23	もし握れたとしても、フレイムの王子と	
MAP21_e13_p7_24	立ち会うなど恐れ多くて、出来るとは	
MAP21_e13_p7_25	思えんな。	
MAP21_e13_p7_27	それよりも、王子、ウィン。	
MAP21_e13_p7_28	セイリューへ急いでくれ。	
MAP21_e13_p7_29	気になることがある…	
MAP21_e13_p7_3	聞いての通り、闇のエレメントの復活が	As you've heard, the Dark Element's revival
MAP21_e13_p7_30	私も急いで調べたいことがあるのだ。	
MAP21_e13_p7_4	近付いております。	draws near.
MAP21_e13_p7_6	風の紋章の継承者である、騎士ウィンと共に、	
MAP21_e13_p7_7	セイリューの水の紋章継承者と、少しでも	
MAP21_e13_p7_8	早く合流してくだされ。	
MAP21_e13_p8_10	言われなくても分かってるんだけど。	
MAP21_e13_p8_11	それよりあんた、ロイさんだろ？	More importantly, you're Roi, aren't you?
MAP21_e13_p8_12	噂はセイリューにも届いていた。	
MAP21_e13_p8_14	天才騎士とほまれの高いロイさんと、	
MAP21_e13_p8_15	いつか立ち合いがしてみたいと、	
MAP21_e13_p8_16	村中の腕自慢が騒いでいたものだ。	
MAP21_e13_p8_19	剣が握れなくったって、城の兵たちに色々	
MAP21_e13_p8_2	おお、セイリューの領主、ナガレどのですな。	
MAP21_e13_p8_20	教えてやれることはあるんじゃないのか？	
MAP21_e13_p8_23	…そうですな。いや、その通りです。	
MAP21_e13_p8_25	しかしいまはその話よりも…	
MAP21_e13_p8_26	少しでも早く、紋章の継承を急いでいただき	
MAP21_e13_p8_27	たいのです。	
MAP21_e13_p8_28	どうにも近いうちに何か起こる気がするのです	
MAP21_e13_p8_3	聞いての通り、闇のエレメントの復活が	As you've heard, the Dark Element's revival
MAP21_e13_p8_4	近付いております。	draws near.
MAP21_e13_p8_6	ホノオ王子、騎士ウィンと共に、	
MAP21_e13_p8_7	真の水の紋章継承を急いでくだされ。	
MAP21_e14_p0_1	『エレメントの本質』	
MAP21_e14_p0_2	…と、書かれた本がある。読んでみようか…。	
MAP21_e14_p0_8	大昔のことばがほとんどで、ウィンには読めなかった…。	
MAP21_e15_p0_1	『闇の四天王とは』	
MAP21_e15_p0_10	……道士　…………	
MAP21_e15_p0_12	この四つの……唯…四天王……である	
MAP21_e15_p0_2	…と、表紙に書かれた本がある。読んでみようか。	There's a book with these words on the cover. Should we read it?
MAP21_e15_p0_6	巨大な蛇の…女…士　…ケ……	
MAP21_e15_p0_7	……な鎧に……騎…　…ウ……	
MAP21_e15_p0_8	美し…化…血…………	
MAP21_e16_p0_1	『騎士ロイ様へ』	
MAP21_e16_p0_2	…と、書かれた手紙がある。読んでみようか。	
MAP21_e16_p0_5	おい！勝手にいじるんじゃない！	
MAP21_e17_p1_101	その目だ、ピピン。	
MAP21_e17_p1_104	…は？	...What?
MAP21_e17_p1_107	お前のその目だ…。	
MAP21_e17_p1_108	お前の目は…　かつての私と同じだ…。	
MAP21_e17_p1_11	俺を連れ出しに…か。	
MAP21_e17_p1_111	……何を言っている…？	
MAP21_e17_p1_114	ピピン、俺はお前の才能を買っていた。	
MAP21_e17_p1_115	騎士団にお前を入れる最終決定も俺が下した。	
MAP21_e17_p1_118	……だ、だったらなおのこと、どうして俺を	
MAP21_e17_p1_119	継承者にしない！？	
MAP21_e17_p1_122	お前の目は、自分が何を守りたいのかを	
MAP21_e17_p1_123	分かっていない…。	
MAP21_e17_p1_124	自分のことしか考えていない…。	
MAP21_e17_p1_126	だから結局は、そう…	
MAP21_e17_p1_127	お前は、自分自身のことすら分かっていない。	
MAP21_e17_p1_128	そんな男に、世界の命運は託せん。	
MAP21_e17_p1_13	陛下のことだ。用もなく俺を呼び出したりは	
MAP21_e17_p1_131	き…きさま…！	
MAP21_e17_p1_134	だから俺はウィンを選んだ。	
MAP21_e17_p1_135	ウィンも、以前から俺が期待していた	
MAP21_e17_p1_136	若者だったからな。	
MAP21_e17_p1_139	…くっ！	...Guh!
MAP21_e17_p1_14	しないはずだが、一応理由を聞かせて貰おう。	
MAP21_e17_p1_142	だが、ピピン。お前の力も必要だ。	
MAP21_e17_p1_143	ウィンが見事継承者としての責務を果たせる	
MAP21_e17_p1_144	よう、お前がしっかりと	
MAP21_e17_p1_147	うるさい！！	
MAP21_e17_p1_149	もういい…　どうでもいい…	
MAP21_e17_p1_15	ピピン。	Pipin.
MAP21_e17_p1_150	俺は…騎士を辞める。	
MAP21_e17_p1_151	こんな国、出ていく。	
MAP21_e17_p1_154	ピピン。	Pipin.
MAP21_e17_p1_155	これは騎士団長からの命令だぞ。	
MAP21_e17_p1_158	知らん。	
MAP21_e17_p1_159	こんな侮辱、騎士団長といえども、	
MAP21_e17_p1_160	俺には許すことは出来ん…。	
MAP21_e17_p1_162	俺がここできさまを殺さずに去るだけでも…	
MAP21_e17_p1_163	感謝しろ、ロイ！！	
MAP21_e17_p1_166	待て！ピピン！	
MAP21_e17_p1_18	俺を知っているのか！？	
MAP21_e17_p1_21	俺は一応騎士団長でな。	
MAP21_e17_p1_22	騎士たちのリストは把握している。	
MAP21_e17_p1_28	　　ウィンはピピンと一緒に、事の経緯をロイに説明した	
MAP21_e17_p1_32	…大魔道士ピケピケに、闇の結晶…	
MAP21_e17_p1_33	最近の魔物の増加とも、符合する。	
MAP21_e17_p1_35	お前たちの話は分かった。	
MAP21_e17_p1_36	信じがたいことだが…	
MAP21_e17_p1_37	闇のエレメントは復活するのかも知れない。	
MAP21_e17_p1_4	…何の用だ？	
MAP21_e17_p1_40	…おとぎ話じゃ、なかったのか。	
MAP21_e17_p1_43	おとぎ話だったさ…。	
MAP21_e17_p1_44	お前たちの話を聞くまではな。	
MAP21_e17_p1_46	そうなると、急がねばならん。	
MAP21_e17_p1_47	大魔道士が復活しているのなら、	
MAP21_e17_p1_48	他の四天王も蘇り、各地で動き出している。	
MAP21_e17_p1_50	紋章の継承者を集め、闇の結晶をやつらに	
MAP21_e17_p1_51	渡すのを防がねば、この大陸は急速に破滅へと	
MAP21_e17_p1_52	向かうだろう…。	
MAP21_e17_p1_54	ウィン…	Win...
MAP21_e17_p1_55	左腕を出せ。おまえに、風の紋章を継承する。	
MAP21_e17_p1_59	なっ……！	
MAP21_e17_p1_63	俺は…以前の負傷で、剣を握ることが出来ん。	
MAP21_e17_p1_64	俺が騎士団長であり、次の候補者が未定だった	
MAP21_e17_p1_65	ことから、俺が継承者のままだったが…	
MAP21_e17_p1_67	闇のエレメントが復活しようとしているいま、	
MAP21_e17_p1_68	俺が継承者のままでいるわけにはいかんのだ。	
MAP21_e17_p1_7	あんたがロイだな。	
MAP21_e17_p1_70	だからだ…	
MAP21_e17_p1_71	急なのは承知の上だ。	
MAP21_e17_p1_72	しかし、ウィン…　おまえは騎士だ。	
MAP21_e17_p1_74	騎士であるのなら、いつでも国の…	
MAP21_e17_p1_75	世界のためにその命を捧げる覚悟は出来て	
MAP21_e17_p1_76	いるはずだ…。　　さあ、左手を…	
MAP21_e17_p1_79	な…　なんでウィンなんだ？	
MAP21_e17_p1_8	陛下から言われて、あんたを連れ出しに来た。	
MAP21_e17_p1_80	どうしてそいつが継承者なんだ！？	
MAP21_e17_p1_82	どうして俺じゃない！？	
MAP21_e17_p1_88	俺は………！	
MAP21_e17_p1_90	俺は、そいつなんかよりもずっと強い！	
MAP21_e17_p1_91	騎士としての経験もずっと上だ！！	
MAP21_e17_p1_93	それに、紋章の継承者は…	
MAP21_e17_p1_94	この国では騎士団長になるものだ…。	
MAP21_e17_p1_95	そんな重大な決断…人選なのに…	
MAP21_e17_p1_97	どうして俺じゃなくて、ウィンなんだ！？	
MAP21_e17_p1_98	ロイ！！	
MAP21_e19_p0_1	持ち出して役に立つようなものは何も見つけられなかった…	There was nothing worth taking with us...
MAP21_e6_p0_1	持ち出して役に立つようなものは何も見つけられなかった…	There was nothing worth taking with us...
MAP21_e7_p0_1	持ち出して役に立つようなものは何も見つけられなかった…	There was nothing worth taking with us...
MAP21_e8_p0_1	持ち出して役に立つようなものは何も見つけられなかった…	There was nothing worth taking with us...
MAP21_e9_p0_1	持ち出して役に立つようなものは何も見つけられなかった…	There was nothing worth taking with us...
MAP22_e5_p0_1	傷薬を　１個　手に入れた！	Obtained a Healing Herb!
MAP22_e5_p1_1	持ち出して役に立つようなものは何も見つけられなかった…	There was nothing worth taking with us...
MAP22_e6_p0_10	面倒だ、一気に上まで走り抜けるぞ！	
MAP22_e6_p0_16	…ひよっこのお前には、無理かも知れんな。	
MAP22_e6_p0_17	慎重に進むのに、付き合ってやってもいい。	
MAP22_e6_p0_18	…どうする？　お前が決めろ。	
MAP22_e6_p0_23	…いいだろう。	...Very well.
MAP22_e6_p0_24	ザコの相手は俺がする。	
MAP22_e6_p0_25	お前は遅れずに付いてくることだけを考えろ！	
MAP22_e6_p0_31	　　　　　　　　　　ウィンは頷いた！	Win nodded!
MAP22_e6_p0_36	…フン、人食いの魔物とは言え、	
MAP22_e6_p0_37	ザコしかいないな。	
MAP22_e6_p0_38	そろそろ最上階への階段だ。	
MAP22_e6_p0_45	…犬の声？	...A dog's bark?
MAP22_e6_p0_46	どこにいるんだ？　　　うわっ！	Where is it?    Whoa!
MAP22_e6_p0_5	なんちゅう荒れっぷりだ…	What a disaster zone...
MAP22_e6_p0_50	…なんだいまの化け物は…	...What was that monster...
MAP22_e6_p0_51	ぜんぜん普通じゃなかったぞ…！？	It was anything but normal...!?
MAP22_e6_p0_54	俺がいなかったら、お前は死んでいたろうな。	If I hadn't been there, you'd be dead.
MAP22_e6_p0_55	感謝しろ。	Be grateful.
MAP22_e6_p0_6	放置してから数カ月どころじゃないぞ、これは	This place has been abandoned for way more than a few months.
MAP22_e6_p0_60	それよりも…　最上階から物音がする。	Anyway... there's a noise from the top floor.
MAP22_e6_p0_61	誰かいるかも知れない。調査するぞ。	Someone might be there. Let's investigate.
MAP22_e6_p0_71	おい、お前、本気で言っているのか？	Hey, are you serious?
MAP22_e6_p0_72	自分の力の程度も把握できていないとはな…。	You don't even know your own strength...
MAP22_e6_p0_73	先が思いやられる奴だぜ…。	What a worrying guy...
MAP22_e6_p0_76	それよりも…　最上階から物音がする。	Anyway... there's a noise from the top floor.
MAP22_e6_p0_77	誰かいるかも知れない。調査するぞ。	Someone might be there. Let's investigate.
MAP22_e6_p0_89	…いいだろう。	...Very well.
MAP22_e6_p0_9	ザコの魔物の気配もプンプンする…	
MAP22_e6_p0_90	ザコとのバトルにも付き合ってやる。	
MAP22_e6_p0_91	ヤバいと思ったらすぐに回復アイテムを使え。	
MAP22_e6_p0_97	　　　　　　　　　　ウィンは頷いた！	Win nodded!
MAP22_e6_p1_10	かなり魔物が入り込んでいるみたいだ。	
MAP22_e6_p1_11	ウィン、油断するなよ？	
MAP22_e6_p1_17	　　　　　　　　　　ウィンは頷いた。	
MAP22_e6_p1_5	なんちゅう荒れっぷりだ…	What a disaster zone...
MAP22_e6_p1_6	放置してから数カ月どころじゃないぞ、これは	This place has been abandoned for way more than a few months.
MAP22_e6_p1_9	しかもこの気配は…	
MAP22_e7_p0_2	　　　　ウィンダム騎士団の管理する建物です	
MAP22_e7_p0_3	　　　　　関係者以外の立ち入りを禁じます	
MAP24_e3_p0_11	…なんだいまの化け物は…	...What was that monster...
MAP24_e3_p0_12	ぜんぜん普通じゃなかったぞ…！？	It was anything but normal...!?
MAP24_e3_p0_15	俺がいなかったら、お前は死んでいたろうな。	If I hadn't been there, you'd be dead.
MAP24_e3_p0_16	感謝しろ。	Be grateful.
MAP24_e3_p0_21	それよりも…　最上階から物音がする。	Anyway... there's a noise from the top floor.
MAP24_e3_p0_22	誰かいるかも知れない。調査するぞ。	Someone might be there. Let's investigate.
MAP24_e3_p0_29	おい、お前、本気で言っているのか？	Hey, are you serious?
MAP24_e3_p0_30	自分の力の程度も把握できていないとはな…。	You don't even know your own strength...
MAP24_e3_p0_31	先が思いやられる奴だぜ…。	What a worrying guy...
MAP24_e3_p0_34	それよりも…　最上階から物音がする。	Anyway... there's a noise from the top floor.
MAP24_e3_p0_35	誰かいるかも知れない。調査するぞ。	Someone might be there. Let's investigate.
MAP24_e3_p0_6	…犬の声？	...A dog's bark?
MAP24_e3_p0_7	どこにいるんだ？　　　うわっ！	Where is it?    Whoa!
MAP24_e4_p0_1	万金丹を　１個　手に入れた！	Obtained a Mankintan!
MAP24_e4_p1_1	持ち出して役に立つようなものは何も見つけられなかった…	There was nothing worth taking with us...
MAP25_e3_p0_1	持ち出して役に立つようなものは何も見つけられなかった…	There was nothing worth taking with us...
MAP26_e10_p0_1	通行手形のないもの、通り抜けを禁ずる。	
MAP26_e10_p0_3	　　　　　　　　　　　　　ウィンダム騎士団　　　　	
MAP26_e12_p0_1	持ち出して役に立つようなものは何も見つけられなかった…	There was nothing worth taking with us...
MAP26_e13_p0_1	持ち出して役に立つようなものは何も見つけられなかった…	There was nothing worth taking with us...
MAP26_e14_p0_1	持ち出して役に立つようなものは何も見つけられなかった…	There was nothing worth taking with us...
MAP26_e15_p0_1	持ち出して役に立つようなものは何も見つけられなかった…	There was nothing worth taking with us...
MAP26_e16_p0_1	持ち出して役に立つようなものは何も見つけられなかった…	There was nothing worth taking with us...
MAP26_e17_p1_2	ここから南…フレイム砂漠はマジで暑いぜ。	South of here... the Flame Desert is seriously hot.
MAP26_e17_p1_3	そんで魔物も強い。野盗も出る。	And the monsters are strong. Bandits too.
MAP26_e17_p1_4	ウィン、マジで気をつけて行けよ。	Win, be really careful out there.
MAP26_e18_p0_2	いやあまいったよー	Man, this is rough.
MAP26_e18_p0_3	こう入出国が厳しいとなると	With entry and exit being this strict,
MAP26_e18_p0_4	商売あがったりさー	my business is going under.
MAP26_e19_p0_2	おっ！ウィン、ちゃんと万金丹持ったか？	Oh! Win, did you bring Mankintan?
MAP26_e19_p0_3	ヘビがでるぞ、ヘビ！！	Snakes, there'll be snakes!!
MAP26_e20_p0_11	えっ！！！！！！！！！？？？？？？	
MAP26_e20_p0_13	いいんですか…本当に？	
MAP26_e20_p0_14	ありがとうございます！！	
MAP26_e20_p0_16	ウィンダムに来たらぜひ私の父に会いに来て	When you come to Windam, please be sure to
MAP26_e20_p0_17	下さい！	visit my father!
MAP26_e20_p0_18	必ずお礼はします！	I'll repay you, I promise!
MAP26_e20_p0_19	ありがとう！！	Thank you!!
MAP26_e20_p0_2	マジで参ったなあ…	
MAP26_e20_p0_22	ありがとう騎士さま！！	
MAP26_e20_p0_3	あついったらないし…	
MAP26_e20_p0_5	誰か通行手形をくれたりしないかなー…	
MAP26_e20_p0_6	これじゃあウィンダムの親父に孫の顔を	
MAP26_e20_p0_7	見せられないよー…	
MAP26_e20_p1_1	ウィンダムに来たらぜひ私の父に会いに来て	When you come to Windam, please be sure to
MAP26_e20_p1_2	下さい！	visit my father!
MAP26_e20_p1_3	必ずお礼はします！	I'll repay you, I promise!
MAP26_e20_p1_4	ありがとう！！	Thank you!!
MAP26_e21_p0_2	まいったなあ　あついったらないよー	
MAP26_e21_p1_2	騎士さま　ありがとう！！	
MAP26_e22_p0_2	まいったのう…とてもじゃないが、	This is a pickle... at this rate,
MAP26_e22_p0_3	日が暮れる前に通れるようには	there's no way I'll get through
MAP26_e22_p0_4	ならなそうじゃのう	before sundown.
MAP26_e23_p0_2	騎士さまも　とおせんぼされたの？	Did they stop you too, Sir Knight?
MAP26_e23_p0_3	だったらうちの宿に泊まっていきなよ！	Then stay at our inn!
MAP26_e9_p0_2	あれ、ウィンじゃないか。	Oh, if it isn't Win.
MAP26_e9_p0_3	どうしたんだ？ここは通行手形がないと	What brings you here? Without a permit,
MAP26_e9_p0_4	騎士でも通ることはできないぞ。	even knights can't pass this way.
MAP26_e9_p0_7	ここはフレイム王国への関所だ。	This is the checkpoint to the Flame Kingdom.
MAP26_e9_p0_8	…おい、ウィン。なんでここへ来たんだ？	...Hey, Win. Why did you come here?
MAP26_e9_p1_2	あれ、ウィンじゃないか。	Oh, if it isn't Win.
MAP26_e9_p1_3	どうしたんだ？ここは通行手形がないと	What brings you here? Without a permit,
MAP26_e9_p1_4	騎士でも通ることはできないぞ。	even knights can't pass this way.
MAP26_e9_p2_10	それはまさに国王陛下の発行する通行手形！！	That's the permit issued by His Majesty the King!!
MAP26_e9_p2_11	ははーーーっ	Yes, sir!
MAP26_e9_p2_12	騎士ウィン様どうぞお通りくださいませー	Sir Knight Win, please, right this way~
MAP26_e9_p2_2	あれ、ウィンじゃないか。	Oh, if it isn't Win.
MAP26_e9_p2_3	どうしたんだ？ここは通行手形がないと	What brings you here? Without a permit,
MAP26_e9_p2_4	騎士でも通ることはできないぞ。	even knights can't pass this way.
MAP26_e9_p2_7	　　　　　　　　ウィンは通行手形を見せた！	Win showed his permit!
MAP27_e1_p0_1	もう塔から出ようか、それともまだ探索しようか…	Should we leave the tower, or keep exploring...?
MAP27_e1_p1_1	もう塔から出ようか、それともまだ探索しようか…	Should we leave the tower, or keep exploring...?
MAP27_e2_p0_10	とは言え…そうとは言えだ！	But still... and yet, but still!
MAP27_e2_p0_11	やはり、やっぱり、闇の結晶を集めなければならない…	Indeed, surely, I must gather the Dark Crystals...
MAP27_e2_p0_12	そう言うことか…　面倒だなあああああああ！	So that's how it is... what a pain in the ass!
MAP27_e2_p0_15	…おいっ！	...Hey!
MAP27_e2_p0_22	…んんん？	...Hmm?
MAP27_e2_p0_27	お前、ここで何をしている？	What are you doing here?
MAP27_e2_p0_28	何者だ？答えろ！	Who are you? Answer me!
MAP27_e2_p0_31	…王国？　騎士団だと…？？	...A kingdom? A knight order...??
MAP27_e2_p0_32	あー　忌まわしき風の紋章の継承者が…	Ugh, the accursed inheritor of the Wind Crest...
MAP27_e2_p0_35	勝手に国などを作って…	going and making a kingdom on your own...
MAP27_e2_p0_36	威張っているのだな…！　この時代では！！	how you swagger... in this age!!
MAP27_e2_p0_39	時代…？何を言っている！？	An age...? What are you talking about!?
MAP27_e2_p0_40	しかしその姿、ガイコツか…　魔物か？	But that form of yours—a skeleton... a monster?
MAP27_e2_p0_43	魔物…だとー？	A monster, you say—?!
MAP27_e2_p0_44	この大魔道士ピケピケ様に向かって…	To me, the great mage Pikepike, of all people...
MAP27_e2_p0_45	魔物だとぬかしたか！　そこの赤いの！！	You dare call me a monster! You, the red one!!
MAP27_e2_p0_48	私はこの世界を真に束ねる力、その担い手…	I am the bearer of the power that truly rules this world...
MAP27_e2_p0_49	闇のエレメント四天王筆頭…	chief of the Four Dark Element Generals...
MAP27_e2_p0_5	ふむ、ふむ…	Hmm, hmm...
MAP27_e2_p0_52	大魔道士……ピ！ケ！ピ！ケ！様であるぞ！！	I am the great mage... Pi! Ke! Pi! Ke!!
MAP27_e2_p0_55	ピ…　なんだって？	Pi... what was that?
MAP27_e2_p0_56	よく分からないが、魔物に騎士団の建物を	I don't get it, but I can't let a monster
MAP27_e2_p0_57	ウロウロさせとくわけにはいかん。	wander around the knight order's building.
MAP27_e2_p0_6	風のエレメントの力も、	Feel the power of the Wind Element,
MAP27_e2_p0_60	覚悟しろ！ぶっ殺してやる！	and prepare yourself! I'll kill you dead!
MAP27_e2_p0_63	何でもいいとは何だ！　失礼なやつだ！	What do you mean 'whatever'! You rude thing!
MAP27_e2_p0_64	私の名は、ピケピケだと言っている…	I keep telling you, my name is Pikepike...
MAP27_e2_p0_65	おぼえろ、ピケピケ様だ！！	Remember it! Lord Pikepike!!
MAP27_e2_p0_68	うるさい！！行くぞ！　ピ…　ピカピカ！！	Shut up! Let's go! Pi... Pikapika!!
MAP27_e2_p0_7	ほんの少しだが、確かに増しているようだなあ。	It's only a little, but it's definitely increasing.
MAP27_e2_p0_71	わざとやっているのか…！？	Are you doing it on purpose...!?
MAP27_e2_p0_72	わざとやっているのだったら許さんぞー！！	If you're doing it on purpose, I won't forgive you!!
MAP27_e2_p0_75	わざとじゃない！！	I'm not!!
MAP27_e2_p0_76	それよりも行くぞ！早くバトル準備しろ！	Anyway, let's go! Get ready for battle, now!
MAP27_e2_p0_79	ひとの名前に対してもう少し敬意を払え！	Show a little more respect for people's names!
MAP27_e2_p0_80	礼儀以前の問題だぞ、そこは！！	That's basic decency, you know!!
MAP27_e2_p0_82	しかし…　	However...
MAP27_e2_p0_83	私には他にもたくさんやることがあるのだ…	I have plenty of other things to do...
MAP27_e2_p0_84	お前らに構っているヒマは…そんなヒマはない	
MAP27_e2_p0_87	よく喋る魔物だぜ…	Talkative monster, aren't you...
MAP27_e2_p0_88	その減らず口、いますぐ…　　なに…！？	That lip of yours, right now— ...What!?
MAP27_e2_p1_10	とは言え…そうとは言えだ！	But still... and yet, but still!
MAP27_e2_p1_102	よく喋る魔物だぜ…	Talkative monster, aren't you...
MAP27_e2_p1_103	その減らず口、いますぐ…　　なに…！？	That lip of yours, right now— ...What!?
MAP27_e2_p1_11	やはり、やっぱり、闇の結晶を集めなければならない…	Indeed, surely, I must gather the Dark Crystals...
MAP27_e2_p1_12	そう言うことか…　面倒だなあああああああ！	So that's how it is... what a pain in the ass!
MAP27_e2_p1_15	…おいっ！	...Hey!
MAP27_e2_p1_22	…んんん？	...Hmm?
MAP27_e2_p1_27	お前、ここで何をしている？	What are you doing here?
MAP27_e2_p1_28	何者だ？答えろ！	Who are you? Answer me!
MAP27_e2_p1_31	…王国？　騎士団だと…？？	...A kingdom? A knight order...??
MAP27_e2_p1_32	あー　忌まわしき風の紋章の継承者が…	Ugh, the accursed inheritor of the Wind Crest...
MAP27_e2_p1_35	勝手に国などを作って…	going and making a kingdom on your own...
MAP27_e2_p1_36	威張っているのだな…！　この時代では！！	how you swagger... in this age!!
MAP27_e2_p1_39	時代…？何を言っている！？	An age...? What are you talking about!?
MAP27_e2_p1_40	しかしその姿、ガイコツか…　魔物か？	But that form of yours—a skeleton... a monster?
MAP27_e2_p1_43	魔物…だとー？	A monster, you say—?!
MAP27_e2_p1_44	この大魔道士ピケピケ様に向かって…	To me, the great mage Pikepike, of all people...
MAP27_e2_p1_45	魔物だとぬかしたか！　そこの赤いの！！	You dare call me a monster! You, the red one!!
MAP27_e2_p1_48	私はこの世界を真に束ねる力、その担い手…	I am the bearer of the power that truly rules this world...
MAP27_e2_p1_49	闇のエレメント四天王筆頭…	chief of the Four Dark Element Generals...
MAP27_e2_p1_5	ふむ、ふむ…	Hmm, hmm...
MAP27_e2_p1_52	大魔道士……ピ！ケ！ピ！ケ！様であるぞ！！	I am the great mage... Pi! Ke! Pi! Ke!!
MAP27_e2_p1_55	ピ…　なんだって？	Pi... what was that?
MAP27_e2_p1_56	よく分からないが、魔物に騎士団の建物を	I don't get it, but I can't let a monster
MAP27_e2_p1_57	ウロウロさせとくわけにはいかん。	wander around the knight order's building.
MAP27_e2_p1_6	風のエレメントの力も、	Feel the power of the Wind Element,
MAP27_e2_p1_60	覚悟しろ！ぶっ殺してやる！	and prepare yourself! I'll kill you dead!
MAP27_e2_p1_63	何でもいいとは何だ！　失礼なやつだ！	What do you mean 'whatever'! You rude thing!
MAP27_e2_p1_64	私の名は、ピケピケだと言っている…	I keep telling you, my name is Pikepike...
MAP27_e2_p1_65	おぼえろ、ピケピケ様だ！！	Remember it! Lord Pikepike!!
MAP27_e2_p1_68	うるさい！！行くぞ！　ピ…　ピカピカ！！	Shut up! Let's go! Pi... Pikapika!!
MAP27_e2_p1_7	ほんの少しだが、確かに増しているようだなあ。	It's only a little, but it's definitely increasing.
MAP27_e2_p1_71	わざとやっているのか…！？	Are you doing it on purpose...!?
MAP27_e2_p1_72	わざとやっているのだったら許さんぞー！！	If you're doing it on purpose, I won't forgive you!!
MAP27_e2_p1_75	わざとじゃない！！	I'm not!!
MAP27_e2_p1_76	それよりも行くぞ！早くバトル準備しろ！	Anyway, let's go! Get ready for battle, now!
MAP27_e2_p1_79	ひとの名前に対してもう少し敬意を払え！	Show a little more respect for people's names!
MAP27_e2_p1_80	礼儀以前の問題だぞ、そこは！！	That's basic decency, you know!!
MAP27_e2_p1_83	そういう悪い子には少しだけオシオキを…	
MAP27_e2_p1_84	うん、オシオキをしちゃおうかなあああ？？	
MAP27_e2_p1_87	ほんのちょびっとだけ相手してあげよう！！	
MAP27_e2_p1_88	ホントに、ホントにちょびっとだけね！！？？	
MAP27_e2_p1_94	こんなもんでいいかな？？	
MAP27_e2_p1_95	結構やるね、キミたちいいいい！！！	
MAP27_e2_p1_97	しかし…　	However...
MAP27_e2_p1_98	私には他にもたくさんやることがあるのだ…	I have plenty of other things to do...
MAP27_e2_p1_99	これ以上構っているヒマは…ない！！！！	
MAP27_e2_p2_10	…闇のエレメントがどうのとか言ってたな、	
MAP27_e2_p2_11	アイツ…。	
MAP27_e2_p2_14	そんなおとぎ話を信じているなんて、	
MAP27_e2_p2_15	ちょっとヘンなやつに違いない。	
MAP27_e2_p2_18	とは言え、そうとは言え…	
MAP27_e2_p2_19	陛下に報告しなければならないな。	
MAP27_e2_p2_20	ウィン、帰るぞ！	
MAP27_e2_p2_4	…な！？　　　あいつ、消えた！？	
MAP28_e3_p0_15	毎度ありがとさん。のんびりしていきな…。	
MAP28_e3_p0_2	よお、あんた方、今日はここで休んでいくか？	
MAP28_e3_p0_23	あんたがた、朝だよ。	
MAP28_e3_p0_24	道中気を付けてな。	
MAP28_e3_p0_29	金が足りないみたいだね…。	
MAP28_e3_p0_3	砂漠は魔物も強いし、暑さもしんどいぞ。	
MAP28_e3_p0_30	すまんがタダで泊まらせるわけには	
MAP28_e3_p0_31	いかないよ…。	
MAP28_e3_p0_8	一泊５０Ｇだよ。	
MAP28_e3_p0_9	よろしいかな？	
MAP28_e4_p0_1	持ち出して役に立つようなものは何も見つけられなかった…	There was nothing worth taking with us...
MAP28_e5_p0_1	持ち出して役に立つようなものは何も見つけられなかった…	There was nothing worth taking with us...
MAP28_e6_p0_1	持ち出して役に立つようなものは何も見つけられなかった…	There was nothing worth taking with us...
MAP28_e7_p0_1	持ち出して役に立つようなものは何も見つけられなかった…	There was nothing worth taking with us...
MAP28_e8_p0_1	持ち出して役に立つようなものは何も見つけられなかった…	There was nothing worth taking with us...
MAP28_e9_p0_2	南にあるという、コブラ酒ってのを	
MAP28_e9_p0_3	買いに来たんだが…　関所を通れなくって…	
MAP28_e9_p0_5	それで、ここで普通の酒を飲んだくれてる	
MAP28_e9_p0_6	ってわけさ　ヒック	
MAP29_e3_p0_11	お帰りかい。ありがとよ。	Welcome back. Thanks.
MAP29_e3_p0_2	いらっしゃい。少しばかり南の品も	Welcome. I've got a few goods
MAP29_e3_p0_3	置いているよ。	from the south too.
MAP29_e3_p1_12	お帰りかい。ありがとよ。	Welcome back. Thanks.
MAP29_e3_p1_2	いらっしゃい。少しばかり南の品も	Welcome. I've got a few goods
MAP29_e3_p1_3	置いているよ。	from the south too.
MAP29_e4_p0_1	持ち出して役に立つようなものは何も見つけられなかった…	There was nothing worth taking with us...
MAP30_e10_p0_10	騎士さま、ヘビに噛まれるみたいですぞ	Sir Knight, I see you getting bitten by a snake.
MAP30_e10_p0_17	えー　ああ　そう…	Uh— oh, I see...
MAP30_e10_p0_2	おー、騎士さま、ここでお会いしたのも運命！	Oh, Sir Knight, meeting you here must be fate!
MAP30_e10_p0_3	よかったら占ってさしあげましょうぞ！	Shall I tell your fortune?
MAP30_e10_p0_7	うーむ　むむむむ…　見えてきた	Hmm, mmm... I can see it now.
MAP30_e10_p0_9	ヘビに噛まれるのが見えるー…	I see you getting bitten by a snake~...
MAP30_e3_p0_1	持ち出して役に立つようなものは何も見つけられなかった…	There was nothing worth taking with us...
MAP30_e4_p0_1	持ち出して役に立つようなものは何も見つけられなかった…	There was nothing worth taking with us...
MAP30_e5_p0_1	持ち出して役に立つようなものは何も見つけられなかった…	There was nothing worth taking with us...
MAP30_e6_p0_15	はい、確かにお金はいただきましたよ。	Yes, I've certainly received your payment.
MAP30_e6_p0_16	ゆっくり休んでいきなされ。	Rest easy here.
MAP30_e6_p0_2	いらっしゃい、ここは国から国へと移動する	Welcome. This is an inn for people traveling
MAP30_e6_p0_24	もうとっくにお日様が昇っているよ。	The sun's been up for a while now.
MAP30_e6_p0_25	そろそろ出立なさったらどうだい？	How about setting off soon?
MAP30_e6_p0_3	行商人や旅人のための宿屋だよ。	from country to country—merchants and travelers.
MAP30_e6_p0_30	お金が足りないみたいだね…。	Looks like you don't have enough money...
MAP30_e6_p0_31	悪いけれど、また今度来てくださいね。	Sorry, but please come back another time.
MAP30_e6_p0_8	はいはい、一泊で５０Ｇだよ。	Sure, sure, 50G a night.
MAP30_e6_p0_9	休んでいきなさるかい？	Would you like to rest?
MAP30_e8_p0_11	私はしばらくここで足止めですから…	I'll be stuck here for a while...
MAP30_e8_p0_12	もし品を気に入ったら、また来てくださいね！	If you like anything, please come again!
MAP30_e8_p0_2	いやー困りました。	Oh dear, this is a problem.
MAP30_e8_p0_3	まさかセイリューの橋が壊れるなんてね。	I never expected the Seiryu bridge to break.
MAP30_e8_p0_4	虫の知らせみたいなの感じるなあ。	I have a sense of foreboding...
MAP30_e8_p0_6	おっと失礼、よかったら少し品を見て下さい！	Oh, pardon me! Have a look at my wares!
MAP30_e8_p1_12	私はしばらくここで足止めですから…	I'll be stuck here for a while...
MAP30_e8_p1_13	もし品を気に入ったら、また来てくださいね！	If you like anything, please come again!
MAP30_e8_p1_2	いやー困りました。	Oh dear, this is a problem.
MAP30_e8_p1_3	まさかセイリューの橋が壊れるなんてね。	I never expected the Seiryu bridge to break.
MAP30_e8_p1_4	虫の知らせみたいなの感じるなあ。	I have a sense of foreboding...
MAP30_e8_p1_6	おっと失礼、よかったら少し品を見て下さい！	Oh, pardon me! Have a look at my wares!
MAP30_e8_p2_10	もし品を気に入ったら、また来てください。	If you like anything, please come again.
MAP30_e8_p2_2	壊れていた橋が直ったらしいです。	It seems the broken bridge has been repaired.
MAP30_e8_p2_3	よかった…これで帰ることができる…	Thank goodness... now I can go home...
MAP30_e8_p2_5	おっと失礼、よかったら少し品を見て下さい！	Oh, pardon me! Have a look at my wares!
MAP30_e8_p3_11	もし品を気に入ったら、また来てください。	If you like anything, please come again.
MAP30_e8_p3_2	壊れていた橋が直ったらしいです。	It seems the broken bridge has been repaired.
MAP30_e8_p3_3	よかった…これで帰ることができる…	Thank goodness... now I can go home...
MAP30_e8_p3_5	おっと失礼、よかったら少し品を見て下さい！	Oh, pardon me! Have a look at my wares!
MAP30_e9_p0_2	西にも行けない、国にも帰れない…	Can't go west, can't go home...
MAP30_e9_p0_3	あー、ウィンダムに行ってみるかー	Ah, maybe I'll try Windam...
MAP30_e9_p0_4	ごはんまずいんだよなあ、あそこー	though the food there is bad...
MAP30_e9_p0_7	あ、そこにいる行商人からライスボール	
MAP30_e9_p0_8	買ってみた？　美味しいよー	
MAP30_e9_p0_9	だけどセイリューだとあの半額で買えるんだ	
MAP31_e10_p0_1	持ち出して役に立つようなものは何も見つけられなかった…	There was nothing worth taking with us...
MAP31_e17_p0_2	兄ちゃん一個でいいから買ってってよ！	Big bro, buy just one, please!
MAP31_e17_p0_6	また来てくれよ！	Come again!
MAP31_e17_p1_2	兄ちゃん一個でいいから買ってってよ！	Big bro, buy just one, please!
MAP31_e17_p1_7	また来てくれよ！	Come again!
MAP31_e18_p0_2	最近盗人が多いんだ。	
MAP31_e18_p0_3	あんたも気をつけてくれよ！	
MAP31_e19_p0_2	あそこの店からいい匂いがするんだー	That shop over there smells great!
MAP31_e19_p0_3	くんくん　何の匂いかわからないけれど	sniff sniff... I can't tell what it is,
MAP31_e19_p0_4	うまそうな匂いだぜー！	but it smells delicious!
MAP31_e20_p0_2	魔物が増えたってんで、最近は行商人も	With monsters on the rise, even the peddlers
MAP31_e20_p0_3	めっきり来なくなったなあ。	have stopped coming lately.
MAP31_e23_p0_2	…クーン	...Yip
MAP31_e23_p0_3	…ックーン	...Yip
MAP31_e23_p1_12	なら、うちに来い。	
MAP31_e23_p1_13	誰かに声掛けとくからよ。	
MAP31_e23_p1_14	オレの部屋使えよ！	
MAP31_e23_p1_17	…ックー？	
MAP31_e23_p1_2	…クーン	...Yip
MAP31_e23_p1_3	…ックーン	...Yip
MAP31_e23_p1_6	何だお前…ひとりぼっちなのか？	
MAP31_e23_p1_9	…ックーン	...Yip
MAP31_e24_p0_2	あっ、きしだ！	
MAP31_e24_p0_3	かっくいいいい！	
MAP31_e25_p0_14	どけちー！！	Move it!!
MAP31_e25_p0_15	なんで1Gも渡せないんだよドケチーーー！！！	Why can't you spare even 1G, you cheapskate!!?
MAP31_e25_p0_18	考えてみろよ　その1Gもらったら俺がどんだけ	Think about it—if I got that 1G, just how happy
MAP31_e25_p0_19	よろこぶとおもうんだ？	do you think I'd be?
MAP31_e25_p0_2	にーちゃーん	Big bro!
MAP31_e25_p0_20	あんたのこと神様だと思うぞ！	I'll think of you as a god!
MAP31_e25_p0_23	お前のたったの1Gが俺にわたすだけで	Just by giving me a single 1G of yours,
MAP31_e25_p0_24	お前を神様にするんだぞ！？	you'd make yourself a god, you know!?
MAP31_e25_p0_25	その価値がわからないのかお前はーーーー！！	Can't you see that value!?
MAP31_e25_p0_3	少しでいいからお金めぐんでくれなーい？	Could you spare a little money?
MAP31_e25_p0_8	あっす	Yo.
MAP31_e26_p0_10	もっとめぐんでくれやーーーーーーー	
MAP31_e26_p0_15	見回り中にスリに財布とられたんだよーーー	
MAP31_e26_p0_16	次の給料までくらせないんだよーーーーー	
MAP31_e26_p0_17	うわあああああああああ	
MAP31_e26_p0_2	あんちゃーーーん	
MAP31_e26_p0_3	めぐんでくれやーーーー	
MAP31_e26_p0_9	1Gてあんちゃーーーーん	
MAP31_e27_p0_2	野盗が増えとると兵たちは一年中言うとるが、	The soldiers talk all year about how the bandits are increasing,
MAP31_e27_p0_3	別にいまはじまったことじゃない、昔から	but it's nothing new—since long ago
MAP31_e27_p0_4	一定数おるんじゃ。	there's always been a steady number of them.
MAP31_e28_p0_2	なんか今年は特に暑い気がしないか？	Don't you think it's especially hot this year?
MAP31_e28_p0_3	あたしの気のせいかねえ…	Or maybe it's just me...
MAP31_e29_p0_2	あんまり活気がないって？	Not much hustle and bustle, you say?
MAP31_e29_p0_3	みんな暑くて外に出たがらないのよ。	Nobody wants to go outside in this heat.
MAP31_e29_p0_4	お天気なのにもったいないと思わない？	Don't you think it's a waste, with such nice weather?
MAP31_e6_p0_1	持ち出して役に立つようなものは何も見つけられなかった…	There was nothing worth taking with us...
MAP31_e7_p0_1	持ち出して役に立つようなものは何も見つけられなかった…	There was nothing worth taking with us...
MAP31_e8_p0_1	持ち出して役に立つようなものは何も見つけられなかった…	There was nothing worth taking with us...
MAP31_e9_p0_1	持ち出して役に立つようなものは何も見つけられなかった…	There was nothing worth taking with us...
MAP32_e33_p0_1	持ち出して役に立つようなものは何も見つけられなかった…	There was nothing worth taking with us...
MAP32_e38_p0_1	持ち出して役に立つようなものは何も見つけられなかった…	There was nothing worth taking with us...
MAP32_e39_p0_1	持ち出して役に立つようなものは何も見つけられなかった…	There was nothing worth taking with us...
MAP32_e40_p0_1	持ち出して役に立つようなものは何も見つけられなかった…	There was nothing worth taking with us...
MAP32_e41_p0_2	うぃーす、あー、早く休憩なんねえかなー	
MAP32_e41_p0_3	ハラ減ったあ	
MAP32_e42_p0_1	『シャムシールの扱い』	"""Handling the Shamshir"""
MAP32_e42_p0_10	少ない力と動きで深く鋭く切り込めるのが特徴である。	Its hallmark is deep, sharp cuts with minimal strength and movement.
MAP32_e42_p0_12	その為、腕力だけでなく、技量によっても多様な使い方、	Thus, depending on skill rather than brute force, it allows diverse
MAP32_e42_p0_13	戦法をとれる。	uses and tactics.
MAP32_e42_p0_14	何より小回りが利き、素早さが上がる点が優れている。	Above all, its agility and quick handling are its strengths.
MAP32_e42_p0_2	…と、表紙に書かれた本がある。読んでみようか…。	There's a book with these words on the cover. Should we read it...?
MAP32_e42_p0_6	シャムシールとはフレイム王国に古来より伝わる	The shamshir is the most representative and beloved sword
MAP32_e42_p0_7	最も代表的で最も愛されている刀剣である。	passed down in the Flame Kingdom since ancient times.
MAP32_e42_p0_9	他の国の刀剣類と比べると、刀身が反り返っており、	Compared to other nations' blades, its blade curves back, and
MAP32_e43_p0_1	『王家の方々の好きなカレー』	"""The Royal Family's Favorite Curries"""
MAP32_e43_p0_11	ホムラ王子は緑色、特にほうれん草ベースでたくさんの	Prince Homura likes green curry, especially spinach-based
MAP32_e43_p0_12	野菜が溶け込んだカレーを好む。油は決して入れ過ぎない。	with plenty of vegetables melted in. Never overdo the oil.
MAP32_e43_p0_13	辛さにも強くはない。野菜のうま味が決め手。王家の中では	He can't take much heat either. The vegetables' savor is key. Among the royals,
MAP32_e43_p0_14	母親譲りの好みなのかも知れない。	it might be a taste inherited from his mother.
MAP32_e43_p0_16	ホノオ王子は完全に辛党であり、油も大好きである。	Prince Hono is a complete chili-head and loves oil.
MAP32_e43_p0_17	しかし味音痴というわけではないので、ちゃんと辛く、	But he's not tasteless—he wants it properly spicy,
MAP32_e43_p0_18	濃く、うま味のあるものが望ましい。色は何でもＯＫ	rich, and flavorful. Any color is fine.
MAP32_e43_p0_19	のようである。	Apparently.
MAP32_e43_p0_2	…と、表紙に書かれた本がある。読んでみようか…。	There's a book with these words on the cover. Should we read it...?
MAP32_e43_p0_6	フレイム王はもっぱら赤いカレーである。常に赤だけで	King Flame exclusively eats red curry. Red alone is always
MAP32_e43_p0_7	ＯＫ。しかし唐辛子をたくさん入れればいいというわけ	fine. But it's not about loading it with chili peppers.
MAP32_e43_p0_8	ではない。辛党なわけではなく、唐辛子の味が好きなのだ	He's not a spice lover; he simply likes the taste of chili.
MAP32_e43_p0_9	と思われる。油や他スパイスで調整せよ。	Adjust with oil and other spices.
MAP32_e44_p0_17	すいません、ぼく、仕事中はすごく集中する	
MAP32_e44_p0_18	ので、話し掛けないでーーー	
MAP32_e45_p0_2	軍隊は最高だな！　	
MAP32_e45_p0_3	国からお金もらってのんびりできるんだから！	
MAP32_e46_p0_2	うーん　むにゃむにゃ…	
MAP32_e46_p0_3	はっ！！　えっ！？？	
MAP32_e46_p0_4	なんでオレ寝顔のぞかれてんの！！？？	
MAP32_e47_p0_2	最近スパイスが高いわねーーー	Spices are so expensive lately...
MAP32_e47_p0_3	野菜も高いし…　なのに使えるお金は	Vegetables are pricey too... yet the money we can spend
MAP32_e47_p0_4	変わらないし…	never changes...
MAP32_e51_p0_2	えっ？　牢屋じゃないよ。	Huh? This isn't a jail.
MAP32_e51_p0_3	ここは家畜小屋さ。	It's a livestock shed.
MAP32_e52_p0_10	意味をセイリューのひとも知らないらしいぜ	
MAP32_e52_p0_15	そうかー？	
MAP32_e52_p0_16	まんきんたんだぜ？　毒消しってよりなんか	
MAP32_e52_p0_17	お金というか宝石みたいな響きだなあ	
MAP32_e52_p0_2	この前ヘビに噛まれてさーーー	
MAP32_e52_p0_3	万金丹で治したんだけど、	
MAP32_e52_p0_4	まんきんたん？　変な名前だよなーーー？	
MAP32_e52_p0_9	セイリューの？　特産？　らしいけどさー	
MAP32_e53_p0_12	いろんな情報を集める事だからな！	
MAP32_e53_p0_13	早速しごとにとりかかるぜ！	
MAP32_e53_p0_16	じゃあな、ウィン！	
MAP32_e53_p0_5	ウィン！　俺はここまでだ！	
MAP32_e53_p0_8	俺の仕事は、フレイムの城下町で	
MAP32_e53_p0_9	いろんなカレーを…じゃなかった！	
MAP33_e10_p0_1	『王のいないセイリュー』	"""Seiryu, the Land Without a King"""
MAP33_e10_p0_11	セイリューでは、大昔から、漁をしてきた一族、大工をして	In Seiryu, since ancient times, there have been families of fishers, carpenters,
MAP33_e10_p0_12	きた一族、作物を育ててきた一族、鍛冶をしてきた一族…	farmers, smiths...
MAP33_e10_p0_13	といった風な、複数の特権技術を持った一族がたくさん	many clans each holding exclusive skills,
MAP33_e10_p0_14	おり、それらの間での調停役といった感じである。	and the lord acts as a mediator between them.
MAP33_e10_p0_16	そういったそれぞれの分野のエキスパート達から困りごとや	When those experts bring problems or new ideas to him,
MAP33_e10_p0_17	新しいアイデアを相談されると、その解決策を他の	he asks other experts to solve them—that's
MAP33_e10_p0_18	エキスパートに領主がお願いするという形での統治である。	how his governance works.
MAP33_e10_p0_19	そして領主は代々早死にが多い。	And the lords have, for generations, tended to die young.
MAP33_e10_p0_2	…と、表紙に書かれた本がある。読んでみようか…。	There's a book with these words on the cover. Should we read it...?
MAP33_e10_p0_6	セイリューには王がおらず代わりに領主という代表者が	Seiryu has no king; instead, a representative called the lord exists,
MAP33_e10_p0_7	存在するが、その統治の実態には他の王国とは違う点が	but the reality of its rule differs from other kingdoms
MAP33_e10_p0_8	多い。領主は代々同じ一族が継ぐが、独自の軍隊はなく、	in many ways. The same clan inherits the lordship, but there's no standing army
MAP33_e10_p0_9	税金もない。領民からの善意の寄付のみで生活している。	and no taxes. They live solely on the people's goodwill donations.
MAP33_e11_p0_1	『ウィンダム王国の騎士団とは』	"""The Windam Knight Order"""
MAP33_e11_p0_10	ウィンダム王国では、騎士が王に次いで最も地位が高く、	In the Windam Kingdom, knights rank highest after the king,
MAP33_e11_p0_11	法律上では市民の財産没収などの権限もあるが、試験に	Legally they can seize citizens' property, but exams...
MAP33_e11_p0_12	おいて品行方正さや誇り高さも評価の対象となる為、	also assess upright conduct and pride,
MAP33_e11_p0_13	実際には蛮行は起こっていない。	no such outrages occur in practice.
MAP33_e11_p0_15	そして王の命令ひとつで騎士の階級は即時はく奪もできる。	And a single royal order can instantly strip one of knighthood.
MAP33_e11_p0_16	しかし騎士が自ら返上することも禁じられている。	Yet knights are also forbidden from renouncing it themselves.
MAP33_e11_p0_17	このように、実質的に騎士という階級は、特権階級とは	Thus, while knighthood is a privileged class, it is, in effect,
MAP33_e11_p0_18	いえ、厳しく制限された、象徴的でしかない階級とも言える。	a strictly limited, merely symbolic rank.
MAP33_e11_p0_2	…と、表紙に書かれた本がある。読んでみようか…。	There's a book with these words on the cover. Should we read it...?
MAP33_e11_p0_6	ウィンダム王国では騎士団と自らが呼ぶ独特の制度がある。	The Windam Kingdom has a unique system it calls the knight order.
MAP33_e11_p0_7	煌びやかな鎧兜に身を包み、高い給料と身分を約束された	Dressed in glittering armor and promised high pay and status,
MAP33_e11_p0_8	特権階級であるが、世襲制ではなく、試験制度で選ばれる。	they are a privileged class, yet not hereditary—chosen by examination.
MAP33_e12_p0_1	『階級ということ』	"""On Social Classes"""
MAP33_e12_p0_11	この地における、階級の存在について、フレイム王国の	One must say the people of the Flame Kingdom give little thought
MAP33_e12_p0_12	人々は意識が少ないと言わざるをえない。確かに厳しい	to social class. Truly, they aren't bound by harsh laws; everyone is free.
MAP33_e12_p0_13	法律で縛られることもない、ひとびとはみな自由で、	Everyone is free and unbound by harsh laws.
MAP33_e12_p0_14	思い悩む顔も、他国のひとびとよりも少ない。	
MAP33_e12_p0_16	しかし、物乞いが努力することで商人たちのように金を	But can a beggar, through effort, grow rich like the merchants?
MAP33_e12_p0_17	儲けられる国だろうか？兵士が王族のような指揮官、	Can a soldier become a commander or general like royalty?
MAP33_e12_p0_18	将軍になれるだろうか？農民や大工に学問を学べるような	Do farmers and carpenters get chances to study?
MAP33_e12_p0_19	機会があるだろうか？	Do they?
MAP33_e12_p0_2	…と、表紙に書かれた本がある。読んでみようか…。	There's a book with these words on the cover. Should we read it...?
MAP33_e12_p0_6	フレイム王国はとても栄えており、旅先の目的地としても、	The Flame Kingdom prospers—as a travel destination,
MAP33_e12_p0_7	商売の場所としても、剣術に、技術、特に食文化の豊かな	a place of trade, of swordsmanship and craft, and above all
MAP33_e12_p0_8	地としても大陸随一である。それなのに、貧しいひとたち、	richest in food culture on the continent. Yet there are still poor people,
MAP33_e12_p0_9	他の地で見られない物乞いのひともたくさんいる。	and more beggars than anywhere else.
MAP33_e13_p0_1	『継承の試練』	"""The Trial of Succession"""
MAP33_e13_p0_11	南の遺跡の試練で何をするか、何が起こるかは、	What happens in the Southern Ruins' trial is known
MAP33_e13_p0_12	継承者にしか分からない。つまり、国王にしか	only to the inheritor—that is, only to the king.
MAP33_e13_p0_13	分からない。そしてそこで何が起こったかは、	And what happened there
MAP33_e13_p0_14	生涯口外してはならない。	must never be spoken of, for life.
MAP33_e13_p0_16	本当に国王となる資質があるか、火の紋章の継承者としての	It can only be said that it tests whether one truly
MAP33_e13_p0_17	資格があるかどうかを、試される場なのだとしか言えない。	has the makings of a king and the right to the Fire Crest.
MAP33_e13_p0_2	…と、表紙に書かれた本がある。読んでみようか…。	There's a book with these words on the cover. Should we read it...?
MAP33_e13_p0_6	フレイム王国の王となるもの、火の紋章の継承者となる者は	Those who would become king of Flame and inheritor of the Fire Crest
MAP33_e13_p0_7	必ず南の遺跡の試練を越えねばならない。	must pass the trial of the Southern Ruins.
MAP33_e13_p0_8	越えられない場合、挑戦しない場合には、次点の継承候補者	Should they fail or refuse, the right passes
MAP33_e13_p0_9	にその権利が移行する。	to the next candidate.
MAP33_e14_p0_1	『ウィンダム王国との戦争について』	"""On the War with the Windam Kingdom"""
MAP33_e14_p0_10	フレイム王国の兵士よりも優れています。	Our soldiers surpass those of the Flame Kingdom.
MAP33_e14_p0_11	しかし、装備や訓練に時間とお金をかけている分、	But the time and money we pour into equipment and training
MAP33_e14_p0_12	動員できる兵数は我が軍の半分にもなりません。	the troops they can field are no more than half of ours.
MAP33_e14_p0_14	しかし、長期戦となった場合には、組織だった補給や	However, in a prolonged war, organized supply lines and
MAP33_e14_p0_15	騎士を中心とした兵士の練度と士気の差によって、	the gap in training and morale around their knights
MAP33_e14_p0_16	我が軍は敗北すると思われます。	would likely lead to our defeat.
MAP33_e14_p0_17	短期に集中した決戦でしか勝ち目はないでしょう。	Our only chance is a decisive battle fought quickly.
MAP33_e14_p0_2	…と、表紙に書かれた本がある。読んでみようか…。	There's a book with these words on the cover. Should we read it...?
MAP33_e14_p0_6	国王陛下の命令の元、ウィンダム王国と戦争した場合に	Should we go to war with the Windam Kingdom by His Majesty's order,
MAP33_e14_p0_7	どうなるかを調査した結果をここに報告します。	
MAP33_e14_p0_9	騎士団は定期的な軍事的訓練を行っており、その装備もまた	the knight order trains regularly, and its equipment is
MAP33_e15_p1_2	…ックーン！	...Yip!
MAP33_e15_p1_5	よしよし、ちゃんとメシもらってるみたいだな！	There, there, looks like you're being fed well!
MAP33_e15_p2_2	クッーン！ッっクーン！	Yip! Yip!
MAP33_e15_p2_5	しかし変な鳴き声の犬だぜ…	What a weird bark for a dog...
MAP33_e16_p0_1	『バーン王』	"""King Burn"""
MAP33_e16_p0_11	砂漠の国であるフレイムは、大昔から様々な災禍に	Flame, a desert nation, suffered calamity after calamity
MAP33_e16_p0_12	見舞われ続けており、ひとびとの暮らしも、国の発展も、	since ancient times, leaving both its people's lives and its growth
MAP33_e16_p0_13	他国より遅れていたが、バーン王の築いた城壁により、	behind other nations—until King Burn's walls finally
MAP33_e16_p0_14	遂に安心して眠れる土地となった。	made it a land where one could sleep in peace.
MAP33_e16_p0_16	しかしその城壁の完成は、バーン王の使役した無数の民、	But those walls were built with the blood-mixed sweat
MAP33_e16_p0_17	無数の兵たちの、血の混じった汗によって成し遂げられた	of countless people and soldiers driven by King Burn.
MAP33_e16_p0_18	ものであった。	That was the price.
MAP33_e16_p0_2	…と、表紙に書かれた本がある。読んでみようか…。	There's a book with these words on the cover. Should we read it...?
MAP33_e16_p0_6	歴代フレイム国王で最も優れ、最も冷酷だった王が、	The greatest and most merciless king in Flame's history
MAP33_e16_p0_7	バーン王である。	was King Burn.
MAP33_e16_p0_8	砂漠にはびこる野盗、毒蛇、そして砂漠オオカミ。	Bandits, venomous snakes, and desert wolves plague the sands.
MAP33_e16_p0_9	一年中吹き荒れている砂嵐…。	Sandstorms rage all year round...
MAP33_e17_p0_1	『我々のエレメントと呼ぶもの』	"""What We Call Elements"""
MAP33_e17_p0_11	漠然と火の恵み、水の恵み、風の恵み…自然からの恩恵、	
MAP33_e17_p0_12	そのエネルギーといった感覚で使っている言葉である。	a word used with a sense of 'that energy'.
MAP33_e17_p0_13	しかしこの自然というものは、火と水と風のみで成り立つ	But is this nature truly built solely of fire, water, and wind?
MAP33_e17_p0_14	世界であろうか？	Is it?
MAP33_e17_p0_16	この世界、自然、そして生き物の大元のエネルギーの全てが	Is there any basis for thinking all the world's, nature's, and living things'
MAP33_e17_p0_17	火と水と風のエレメントのみで成り立つと考える根拠がある	root energies consist only of Fire, Water, and Wind Elements?
MAP33_e17_p0_18	のだろうか。それ以外にもこの世界には闇のエレメントが	Beyond them, a Dark Element is also thought to exist.
MAP33_e17_p0_19	存在すると考えられている。では闇の恵みとは何か？	So then, what is the Dark's blessing?
MAP33_e17_p0_2	…と、表紙に書かれた本がある。読んでみようか…。	There's a book with these words on the cover. Should we read it...?
MAP33_e17_p0_6	我々はこの土地を火と水と風のエレメントによって	We believe this land was made and protected by the Fire, Water,
MAP33_e17_p0_7	作られ守られていると考えている。それゆえに、この地を	and Wind Elements. That is why we call it
MAP33_e17_p0_8	エレメント大陸と呼ぶ。しかし、我々の使うこの、	the Element Continent. But what exactly does this word
MAP33_e17_p0_9	エレメントとは具体的に何を指す言葉なのだろうか？	'element' refer to?
MAP33_e18_p0_2	　　　左　ホノオ王子の部屋　右　ホムラ王子の部屋	Left: Prince Hono's room  Right: Prince Homura's room
MAP33_e19_p1_2	あ…　あ…　アニキ…！！？	
MAP33_e19_p2_14	アニキ…　	
MAP33_e19_p2_3	あっ…！！	
MAP33_e19_p2_7	なんだったんだ…　まぼろし…？	
MAP33_e19_p2_8	ウィン、オマエさっきの見たか？	
MAP33_e4_p0_1	引き出しをこっそり開けてみると…	When we quietly opened the drawer...
MAP33_e4_p0_10	じいやなんか　なさけないと言って泣いた	Grandpa cried, saying I was pathetic
MAP33_e4_p0_12	オレが、いつまでたっても本を読まないから	Because I never read any books, no matter how much time passed
MAP33_e4_p0_13	あにきが本を読みまくってすげえあたまいいのは	Big bro reads tons of books and is super smart.
MAP33_e4_p0_14	オレだってわかってる	Even I know that.
MAP33_e4_p0_15	だけどなんかよめないんだよオレは	But somehow I just can't read them
MAP33_e4_p0_17	みんなオレをアニキとくらべてダメなやつだって言う	Everyone says I'm a hopeless loser compared to big bro
MAP33_e4_p0_18	アニキをみならえって言う	They tell me to be more like big bro
MAP33_e4_p0_19	だけどアニキだけはそんなこと言わないし	But big bro is the only one who never says that
MAP33_e4_p0_2	『くっそーーー！！！！』	"""Daaamn!!!!"""
MAP33_e4_p0_20	アニキだけはオレに本をよまなくてもいいって言う	Big bro is the only one who says I don't have to read
MAP33_e4_p0_22	だけどアニキちがうんだよ	But big bro, you're wrong
MAP33_e4_p0_23	オレだって本を読みたいんだよ	I want to read books too
MAP33_e4_p0_24	アニキみたいになりたいんだ	I want to be like you, big bro
MAP33_e4_p0_25	くっそーーーーーーーーーーー	Daaaaamn————
MAP33_e4_p0_3	…と、表紙に書かれた本がある。読んでみようか…。	There's a book with these words on the cover. Should we read it...?
MAP33_e4_p0_8	オヤジにめちゃくちゃどなられた	Dad yelled at me like crazy
MAP33_e4_p0_9	だいじんにもせっきょうされた	Even the minister lectured me
MAP33_e4_p1_1	引き出しをこっそり開けてみると…	When we quietly opened the drawer...
MAP33_e4_p1_10	じいやなんか　なさけないと言って泣いた	Grandpa cried, saying I was pathetic
MAP33_e4_p1_12	オレが、いつまでたっても本を読まないから	Because I never read any books, no matter how much time passed
MAP33_e4_p1_13	あにきが本を読みまくってすげえあたまいいのは	Big bro reads tons of books and is super smart.
MAP33_e4_p1_14	オレだってわかってる	Even I know that.
MAP33_e4_p1_15	だけどなんかよめないんだよオレは	But somehow I just can't read them
MAP33_e4_p1_17	みんなオレをアニキとくらべてダメなやつだって言う	Everyone says I'm a hopeless loser compared to big bro
MAP33_e4_p1_18	アニキをみならえって言う	They tell me to be more like big bro
MAP33_e4_p1_19	だけどアニキだけはそんなこと言わないし	But big bro is the only one who never says that
MAP33_e4_p1_2	『くっそーーー！！！！』	"""Daaamn!!!!"""
MAP33_e4_p1_20	アニキだけはオレに本をよまなくてもいいって言う	Big bro is the only one who says I don't have to read
MAP33_e4_p1_22	だけどアニキちがうんだよ	But big bro, you're wrong
MAP33_e4_p1_23	オレだって本を読みたいんだよ	I want to read books too
MAP33_e4_p1_24	アニキみたいになりたいんだ	I want to be like you, big bro
MAP33_e4_p1_25	くっそーーーーーーーーーーー	Daaaaamn————
MAP33_e4_p1_28	うお！？うわっ！！えっ！？	Whoa!? Wah!! Huh!?
MAP33_e4_p1_3	…と、表紙に書かれた本がある。読んでみようか…。	There's a book with these words on the cover. Should we read it...?
MAP33_e4_p1_31	てめえウィン…俺がちょっと目を離したスキに	You little—! Win... while I wasn't looking,
MAP33_e4_p1_32	なに勝手に読んでんだよーーー	what are you reading on your own!?
MAP33_e4_p1_38	おまえなにだまってんだよ…	What are you not saying...?
MAP33_e4_p1_39	なに黙ってんだよーーーーーー！！	Why aren't you saying anything!?
MAP33_e4_p1_8	オヤジにめちゃくちゃどなられた	Dad yelled at me like crazy
MAP33_e4_p1_9	だいじんにもせっきょうされた	Even the minister lectured me
MAP33_e4_p2_1	引き出しをこっそり開けてみると…	When we quietly opened the drawer...
MAP33_e4_p2_10	じいやなんか　なさけないと言って泣いた	Grandpa cried, saying I was pathetic
MAP33_e4_p2_12	オレが、いつまでたっても本を読まないから	Because I never read any books, no matter how much time passed
MAP33_e4_p2_13	あにきが本を読みまくってすげえあたまいいのは	Big bro reads tons of books and is super smart.
MAP33_e4_p2_14	オレだってわかってる	Even I know that.
MAP33_e4_p2_15	だけどなんかよめないんだよオレは	But somehow I just can't read them
MAP33_e4_p2_17	みんなオレをアニキとくらべてダメなやつだって言う	Everyone says I'm a hopeless loser compared to big bro
MAP33_e4_p2_18	アニキをみならえって言う	They tell me to be more like big bro
MAP33_e4_p2_19	だけどアニキだけはそんなこと言わないし	But big bro is the only one who never says that
MAP33_e4_p2_2	『くっそーーー！！！！』	"""Daaamn!!!!"""
MAP33_e4_p2_20	アニキだけはオレに本をよまなくてもいいって言う	Big bro is the only one who says I don't have to read
MAP33_e4_p2_22	だけどアニキちがうんだよ	But big bro, you're wrong
MAP33_e4_p2_23	オレだって本を読みたいんだよ	I want to read books too
MAP33_e4_p2_24	アニキみたいになりたいんだ	I want to be like you, big bro
MAP33_e4_p2_25	くっそーーーーーーーーーーー	Daaaaamn————
MAP33_e4_p2_28	てめえウィン…俺がちょっと目を離したスキに	You little—! Win... while I wasn't looking,
MAP33_e4_p2_29	なに勝手に読んでんだよーーー	what are you reading on your own!?
MAP33_e4_p2_3	…と、表紙に書かれた本がある。読んでみようか…。	There's a book with these words on the cover. Should we read it...?
MAP33_e4_p2_35	おまえなにだまってんだよ…	What are you not saying...?
MAP33_e4_p2_36	なに黙ってんだよーーーーーー！！	Why aren't you saying anything!?
MAP33_e4_p2_42	おまえもだまってねえで、なんとか言えよ！	You too—don't just stand there, say something!
MAP33_e4_p2_45	ふーん…あんた、かわいいな。	Hmm... you're kinda cute.
MAP33_e4_p2_48	う…うわ…そういうのはやめて…	Wh-...Whoa... please don't do that...
MAP33_e4_p2_49	それならむしろ黙っててくれ…	Then rather, just stay quiet...
MAP33_e4_p2_8	オヤジにめちゃくちゃどなられた	Dad yelled at me like crazy
MAP33_e4_p2_9	だいじんにもせっきょうされた	Even the minister lectured me
MAP33_e5_p0_1	引き出しをこっそり開けてみると…	When we quietly opened the drawer...
MAP33_e5_p0_11	ポケットに入っていたカラカラに乾いたパンを差し出して	When I offered him the bone-dry bread from my pocket,
MAP33_e5_p0_12	みると…物乞い、いや、彼は、僕に頭をさげてありがとう、	he bowed his head and thanked me—
MAP33_e5_p0_13	ありがとうと呟き、涙を流しながらひざまづいたのだ。	
MAP33_e5_p0_15	乾いたパンひとつで殺人者が刹那に善人になったのだ。	With a single dry piece of bread, a murderer became a good man in an instant.
MAP33_e5_p0_16	乾いたパン一つにその力があるのに、僕らが毎日食べている	If one dry piece of bread holds that much power, then the meals we eat every day—
MAP33_e5_p0_17	食事は、その一食で、あの乾いたパン何個分だろうか…。	That one meal was worth how many of those dry pieces of bread, I wonder...
MAP33_e5_p0_2	『日記　というよりも覚書のようなもの』	"""A Diary — or Rather, Some Scraps of Notes"""
MAP33_e5_p0_3	…と、表紙に書かれた本がある。読んでみようか…。	There's a book with these words on the cover. Should we read it...?
MAP33_e5_p0_8	昨日の朝、散歩をしていたら突然物乞いに襲われた。	Yesterday morning, while out for a walk, I was suddenly attacked by a beggar.
MAP33_e5_p0_9	恐怖を必死で抑えながら語りかけたが全く要領を得ない。	I spoke to him while desperately suppressing my fear, but he made no sense at all.
MAP33_e5_p1_1	引き出しをこっそり開けてみると…	When we quietly opened the drawer...
MAP33_e5_p1_11	ポケットに入っていたカラカラに乾いたパンを差し出して	When I offered him the bone-dry bread from my pocket,
MAP33_e5_p1_12	みると…物乞い、いや、彼は、僕に頭をさげてありがとう、	he bowed his head and thanked me—
MAP33_e5_p1_13	ありがとうとと呟き、涙を流しながらひざまづいたのだ。	"He murmured ""thank you"" and knelt down, tears streaming down his face."
MAP33_e5_p1_15	乾いたパンひとつで殺人者が刹那に善人になったのだ。	With a single dry piece of bread, a murderer became a good man in an instant.
MAP33_e5_p1_16	乾いたパン一つにその力があるのに、僕らが毎日食べている	If one dry piece of bread holds that much power, then the meals we eat every day—
MAP33_e5_p1_17	食事はその一食で、あの乾いたパン何個分だろうか…。	That one meal was worth how many of those dry pieces of bread, I wonder...
MAP33_e5_p1_2	『日記　というよりも覚書のようなもの』	"""A Diary — or Rather, Some Scraps of Notes"""
MAP33_e5_p1_20	やっぱ兄貴はすげえ…　何がすげえのかは	Big bro really is amazing... I can't quite say what's so amazing,
MAP33_e5_p1_21	よく分からねえんだが…やっぱ兄貴はすげえ。	but big bro really is amazing.
MAP33_e5_p1_22	何かこう、胸にズシンと来るんだ…	Something just hits me right in the chest...
MAP33_e5_p1_3	…と、表紙に書かれた本がある。読んでみようか…。	There's a book with these words on the cover. Should we read it...?
MAP33_e5_p1_8	昨日の朝、散歩をしていたら突然物乞いに襲われた。	Yesterday morning, while out for a walk, I was suddenly attacked by a beggar.
MAP33_e5_p1_9	恐怖を必死で抑えながら語りかけたが全く要領を得ない。	I spoke to him while desperately suppressing my fear, but he made no sense at all.
MAP33_e5_p2_1	引き出しをこっそり開けてみると…	When we quietly opened the drawer...
MAP33_e5_p2_11	ポケットに入っていたカラカラに乾いたパンを差し出して	When I offered him the bone-dry bread from my pocket,
MAP33_e5_p2_12	みると…物乞い、いや、彼は、僕に頭をさげてありがとう、	he bowed his head and thanked me—
MAP33_e5_p2_13	ありがとうと呟き、涙を流しながらひざまずいたのだ。	"He murmured ""thank you"" and knelt down, tears streaming down his face."
MAP33_e5_p2_15	乾いたパンひとつで殺人者が刹那に善人になったのだ。	With a single dry piece of bread, a murderer became a good man in an instant.
MAP33_e5_p2_16	乾いたパン一つにその力があるのに、僕らが毎日食べている	If one dry piece of bread holds that much power, then the meals we eat every day—
MAP33_e5_p2_17	食事はその一食で、あの乾いたパン何個分だろうか…。	That one meal was worth how many of those dry pieces of bread, I wonder...
MAP33_e5_p2_2	『日記　というよりも覚書のようなもの』	"""A Diary — or Rather, Some Scraps of Notes"""
MAP33_e5_p2_20	やっぱ兄貴はすげえ…　何がすげえのかは	Big bro really is amazing... I can't quite say what's so amazing,
MAP33_e5_p2_21	よく分からねえんだが…やっぱ兄貴はすげえ。	but big bro really is amazing.
MAP33_e5_p2_22	何かこう、胸にズシンと来るんだ…	Something just hits me right in the chest...
MAP33_e5_p2_25	…ホノオ。	...Hono.
MAP33_e5_p2_26	あんた本当アタマ悪そうな喋り方が…	The way you talk really makes you sound dumb...
MAP33_e5_p2_27	天才的だわ。	it's genius.
MAP33_e5_p2_3	…と、表紙に書かれた本がある。読んでみようか…。	There's a book with these words on the cover. Should we read it...?
MAP33_e5_p2_30	あんだとー？	What was that—?
MAP33_e5_p2_31	まあ、喋り方っていうか、オレ、ホントに	Well, it's not just the way I talk—I really am
MAP33_e5_p2_32	頭悪いからな。でもズシンと来ねえかよ？	dumb. But it hits you right here, doesn't it?
MAP33_e5_p2_35	…来たよ。	
MAP33_e5_p2_8	昨日の朝、散歩をしていたら突然物乞いに襲われた。	Yesterday morning, while out for a walk, I was suddenly attacked by a beggar.
MAP33_e5_p2_9	恐怖を必死で抑えながら語りかけたが全く要領を得ない。	I spoke to him while desperately suppressing my fear, but he made no sense at all.
MAP33_e6_p0_1	持ち出して役に立つようなものは何も見つけられなかった…	There was nothing worth taking with us...
MAP33_e7_p0_10	　　　　　　　　ことの経緯を説明した	They explained the situation.
MAP33_e7_p0_13	なんだとーーーーーーーーーーーー！！！！	What did you say—!!!!
MAP33_e7_p0_15	闇のエレメントが、本当に…	The Dark Element, truly...
MAP33_e7_p0_16	ただの伝説だと思っていたが…	I thought it was just a legend...
MAP33_e7_p0_18	ウィン殿。	Sir Win.
MAP33_e7_p0_19	火の紋章の継承者である我が息子、ホノオは…	My son Hono, inheritor of the Fire Crest, is...
MAP33_e7_p0_2	おや、これはこれは騎士どの。	Oh, well, well, if it isn't a knight.
MAP33_e7_p0_21	我が国伝統の継承の試練のため、南の遺跡に	He's headed to the Southern Ruins for our kingdom's
MAP33_e7_p0_22	向かったところなのだ…。	traditional trial of succession...
MAP33_e7_p0_23	最近のあそこは以前と違い魔物が増えたので、	Lately that place has more monsters than before, so
MAP33_e7_p0_24	本当は行かせたくなかったのだがな…	I truly didn't want to let him go...
MAP33_e7_p0_26	ただでさえ試練など中止したかったところに、	I'd have liked to cancel the trial as it was, and now
MAP33_e7_p0_27	ウィン殿からのこの報告…	comes this report from Sir Win...
MAP33_e7_p0_28	ああ、力ずくでも止めればよかったが、	Ah, I should have stopped him by force, but
MAP33_e7_p0_29	今更言っても詮無いことよ。	it's no use saying so now.
MAP33_e7_p0_3	まずは　お茶でもいかがかな？	First, how about some tea?
MAP33_e7_p0_31	ウィン殿、恐縮だが、そなたの力で…	Sir Win, I'm ashamed to ask, but with your strength...
MAP33_e7_p0_32	あの聞き分けのない我が息子を連れ戻して	please bring back my headstrong son...
MAP33_e7_p0_33	ほしい…。試練どころではないと分かれば、	Once he realizes this is no time for trials,
MAP33_e7_p0_34	あやつも頭を冷やすだろう。	he'll cool his head.
MAP33_e7_p0_9	　　　　ウィンはフレイム王に自己紹介をしてから	After introducing himself to King Flame, Win
MAP33_e7_p1_2	ホノオは南の遺跡に継承の試練に向かった。	
MAP33_e7_p1_3	いまからなら追いつけるだろう。	
MAP33_e7_p1_4	ウィン殿、あいつを連れ戻して来て下され。	
MAP33_e7_p2_10	皆が止めるのを聞かず、勝手に出て行った	
MAP33_e7_p2_101	お前は強かった。	
MAP33_e7_p2_102	わしらのことも、ホムラのことも、	
MAP33_e7_p2_103	自分で乗り越えた…	
MAP33_e7_p2_105	お前という強い王子を持つことができた…	
MAP33_e7_p2_106	わしら全員の誇りなのだ、お前は。　	
MAP33_e7_p2_109	親父…。	
MAP33_e7_p2_11	ものの態度か！！	
MAP33_e7_p2_112	だが…わしは誇りに思いながらも、	
MAP33_e7_p2_113	お前を信じられなかったのだ…。	
MAP33_e7_p2_115	お前はいまだにこころの中では…	
MAP33_e7_p2_116	王になりたくないのではないか…	
MAP33_e7_p2_117	ホムラがいたならと思っているのではないか…	
MAP33_e7_p2_119	もしそうであったなら…	
MAP33_e7_p2_120	試練を乗り越えることはできない…	
MAP33_e7_p2_121	あれは…自らが王になるのだという意思が	
MAP33_e7_p2_122	なければ、決して合格できないからな…。	
MAP33_e7_p2_125	あはは…えー　まあ、そうなの…か？	
MAP33_e7_p2_128	だから…お前が試練に行くのを…	
MAP33_e7_p2_129	わしはあれほどに止めたのだ…恐れたのだ。	
MAP33_e7_p2_131	だがお前は試練を乗り越えた。	
MAP33_e7_p2_132	しっかりと、王になる覚悟を持っていた。	
MAP33_e7_p2_133	持っていてくれた…。	
MAP33_e7_p2_136	ああ、持ってるぜ。	
MAP33_e7_p2_137	安心しな！	
MAP33_e7_p2_14	でもよー…	
MAP33_e7_p2_140	そんなお前を信じてやれないで、本当に	
MAP33_e7_p2_141	すまなかった、ホノオ。	
MAP33_e7_p2_143	そしてもう今後二度と…	
MAP33_e7_p2_144	わしはお前を疑わんと誓う。	
MAP33_e7_p2_145	お前は偉大な王になる。そして…	
MAP33_e7_p2_148	闇のエレメントの復活も阻止してくれるだろう	
MAP33_e7_p2_15	ちゃんと試練は合格したぜ。	
MAP33_e7_p2_152	もちろんだぜ！	
MAP33_e7_p2_155	もう言うことはない。	
MAP33_e7_p2_156	行くがよい、火と風の勇者よ！	
MAP33_e7_p2_158	ウィン殿、お誘いしたお茶の時間が随分と	Sir Win, I'm sorry our tea together has
MAP33_e7_p2_159	遠のいてしまい恐縮だが…	drifted so far away...
MAP33_e7_p2_160	なにとぞ、息子を頼みます。	Please, I beg you, take care of my son.
MAP33_e7_p2_21	このウィンが証人でもあるんだぜ！	
MAP33_e7_p2_23	それ以外にも…　まあ…	
MAP33_e7_p2_24	色々世話になったけど…	
MAP33_e7_p2_27	ウィン殿、今回の件、フレイム王として	
MAP33_e7_p2_28	深く感謝しますぞ。	
MAP33_e7_p2_30	そして、ホノオ…	
MAP33_e7_p2_31	試練、ご苦労だった…	
MAP33_e7_p2_34	ああ。これでオレは正真正銘の次期国王だな。	
MAP33_e7_p2_36	そんで…	
MAP33_e7_p2_37	正真正銘の紋章継承者にもなったみてえだぜ	
MAP33_e7_p2_47	おお…紋章が輝いている…！	
MAP33_e7_p2_5	よう、親父！	
MAP33_e7_p2_50	ああ、試練の前に、闇の四天王とかってのに	
MAP33_e7_p2_51	襲われたんだが、オレとウィンの紋章の力で	
MAP33_e7_p2_52	なんとか勝てたんだ。	
MAP33_e7_p2_54	しかし、逃げられた…。	
MAP33_e7_p2_55	親父…　伝説だったことが、	
MAP33_e7_p2_56	いま現実に起こってるんだろ…？	
MAP33_e7_p2_59	最早、疑う余地はないな…	
MAP33_e7_p2_6	帰ったぜーーー	
MAP33_e7_p2_60	闇のエレメントが復活しつつあるのだ。	
MAP33_e7_p2_62	すぐに西のセイリューへと向かい、	
MAP33_e7_p2_63	水の紋章の継承者と合流するのだ。	
MAP33_e7_p2_64	わしもその間、防備を固めよう…	
MAP33_e7_p2_65	しかしその前に、ホノオよ…	
MAP33_e7_p2_68	なんだよ、急ぎなんだろ？	
MAP33_e7_p2_71	わしはお前に謝らなければならん。	
MAP33_e7_p2_74	はっ！？な、なんで…	
MAP33_e7_p2_77	わしは…お前は王になりたくないのだと、	
MAP33_e7_p2_78	思っていた…	
MAP33_e7_p2_82	な…なにを…	
MAP33_e7_p2_85	思えばわしも重臣たちも…	
MAP33_e7_p2_86	お前の兄、ホムラばかりを褒め、	
MAP33_e7_p2_87	かわいがっていた。	
MAP33_e7_p2_89	そして誰よりも…	
MAP33_e7_p2_9	ばかもの！！	
MAP33_e7_p2_90	お前がホムラを慕っていた…。	
MAP33_e7_p2_92	そのホムラが幼くして死に…	
MAP33_e7_p2_93	お前が唯一の王子になってから、	
MAP33_e7_p2_94	わしらは手のひらを返して	
MAP33_e7_p2_95	お前を大事にするようになったのだ。	
MAP33_e7_p2_98	そ、そんなの今更もういいだろ…？	
MAP33_e7_p3_1	ウィン殿、お誘いしたお茶の時間が随分と	Sir Win, I'm sorry our tea together has
MAP33_e7_p3_2	遠のいてしまい恐縮だが…	drifted so far away...
MAP33_e7_p3_3	なにとぞ、息子を頼みます。	Please, I beg you, take care of my son.
MAP33_e8_p0_2	本来次期国王は、紋章を継承したあとにすぐ	Normally, the next king must, right after inheriting the crest,
MAP33_e8_p0_3	南の遺跡へひとりで赴き、試練を果たさねば	journey alone to the Southern Ruins and complete the trial
MAP33_e8_p0_4	ならん…	—that's the rule...
MAP33_e8_p0_6	しかし最近南の遺跡に魔物が増えたのと、	But with monsters increasing in the Southern Ruins lately,
MAP33_e8_p0_7	何より王子が死んでしまうのを恐れて、	and above all fearing the prince might die,
MAP33_e8_p0_8	王は今回の試練を見送るつもりだったのだ…	the king intended to skip the trial this time...
MAP33_e8_p1_10	王子、必ず生きてお帰り下さい。	Prince, please come back alive, I beg you.
MAP33_e8_p1_13	お、おい…急になんかそういうの、よそうよ…	H-Hey... let's not suddenly get all... you know...
MAP33_e8_p1_14	ちょっと、キツイ…	It's a bit much...
MAP33_e8_p1_2	ホノオ王子、行かれるのですな。	Prince Hono, so you're leaving.
MAP33_e8_p1_5	当たり前だろ！オレは火の紋章の勇者様だぜ！	Of course! I'm the hero of the Fire Crest!
MAP33_e8_p1_8	とても、誇らしく、胸高鳴る思いです。	It fills me with pride and a racing heart.
MAP33_e8_p1_9	しかし…同時につらくてたまりません…。	But... at the same time, it hurts so much...
MAP33_e8_p2_10	よかったら世話は私にお任せください！	If you like, please leave his care to me!
MAP33_e8_p2_13	犬を見たことなかったのか…	Have you never seen a dog before...?
MAP33_e8_p2_2	ホノオ王子！あの犬は一体なんですか！？	Prince Hono! What on earth is that dog!?
MAP33_e8_p2_5	なにって…　犬は犬だろ？	What? A dog's a dog, right?
MAP33_e8_p2_8	とてもふさふさですし…	It's so fluffy...
MAP33_e8_p2_9	しかも賢いんですね…。	And clever, too...
MAP33_e9_p0_2	私も試練には反対したのだが…	I opposed the trial as well, but...
MAP33_e9_p0_3	ホノオ王子は勝手に行ってしまった。	Prince Hono went off on his own.
MAP33_e9_p0_4	まったく…思慮の浅いお方で頭が痛い…。	Good grief... that thoughtless boy gives me a headache...
MAP33_e9_p1_2	王子…ウィン殿たちお仲間の言うことを	Prince... listen well to Sir Win and the others,
MAP33_e9_p1_3	よく聞いて…あと…決してひとりで勝手な	and above all... never take reckless action
MAP33_e9_p1_4	行動をしないように。いいですね？	on your own. Understood?
MAP33_e9_p1_7	おいおい、他に言うことないか？	Come on, is that all you have to say?
MAP33_e9_p1_8	オレはこどもか！？	Am I a child!?
MAP34_e3_p0_12	フン…！	Hmph...!
MAP34_e3_p0_2	おい、こんなところに何をしに来たんだ？	
MAP34_e3_p0_3	任務はどうした？	
MAP34_e3_p0_6	どうしても行くってのなら…	
MAP34_e3_p0_7	俺はここで待っているぞ。	
MAP34_e3_p0_8	行きたければ、一人で行ってこい。	
MAP34_e4_p1_13	…ったく、お前は世話の焼ける奴だ！	
MAP34_e4_p1_14	もう少しだけ待ってやるが…	
MAP34_e4_p1_15	あんまり遅かったら、俺一人で仕事を	
MAP34_e4_p1_16	済ませてくるからな。	
MAP34_e4_p1_2	気は済んだか？	
MAP34_e4_p1_3	さっさとここを出るぞ。	
MAP34_e5_p0_10	あのキノコを奪い取らなければ…	I must snatch that mushroom away...
MAP34_e5_p0_13	うおおおおおおおおおおお！	Woooooaaaaah!
MAP34_e5_p0_16	ウィンはハリスの娘さんから、	Win snatched
MAP34_e5_p0_17	狂戦士のキノコを奪い取った！	the Berserker Mushroom from Harris's daughter!
MAP34_e5_p0_2	うおおおおおおおおおおお！	Woooooaaaaah!
MAP34_e5_p0_20	きゃあっっっ　わたしったら、いったい……？	Eek!! What... what was I...?
MAP34_e5_p0_25	よくわからないけれど、騎士様が助けて	I don't quite understand, but you saved me,
MAP34_e5_p0_26	くれたんですね…	Sir Knight...
MAP34_e5_p0_27	ありがとうございます！	Thank you!
MAP34_e5_p0_4	ハリスの娘さんは、血走った目でこちらを睨むと	Harris's daughter glared at them with bloodshot eyes
MAP34_e5_p0_5	雄たけびを上げた。	and let out a roar.
MAP34_e5_p0_50	え？キノコなんて食べてません！	Huh? I haven't eaten any mushroom!
MAP34_e5_p0_51	私はキノコを食べに来たのではなく、採りに	I didn't come to eat mushrooms—I came to gather
MAP34_e5_p0_52	来たのです！私は食べてませ―――――――ん	them! I didn't eat anythiiiiing!
MAP34_e5_p0_6	…その手には何やら真っ赤なキノコが握られている…	...In her hand is clutched a bright red mushroom...
MAP34_e5_p0_8	あのキノコはフレイムでのみ採れる狂戦士のキノコに	That mushroom looks just like the Berserker Mushroom
MAP34_e5_p0_9	そっくりだ…　	that only grows in Flame...
MAP34_e5_p1_10	あのキノコを奪い取らなければ…	I must snatch that mushroom away...
MAP34_e5_p1_13	うおおおおおおおおおおお！	Woooooaaaaah!
MAP34_e5_p1_16	ウィンはハリスの娘さんから、	Win snatched
MAP34_e5_p1_17	狂戦士のキノコを奪い取った！	the Berserker Mushroom from Harris's daughter!
MAP34_e5_p1_2	うおおおおおおおおおおお！	Woooooaaaaah!
MAP34_e5_p1_20	きゃあっっっ　わたしったら、いったい……？	Eek!! What... what was I...?
MAP34_e5_p1_25	よくわからないけれど、騎士様が助けて	I don't quite understand, but you saved me,
MAP34_e5_p1_26	くれたんですね…	Sir Knight...
MAP34_e5_p1_27	ありがとうございます！	Thank you!
MAP34_e5_p1_4	ハリスの娘さんは、血走った目でこちらを睨むと	Harris's daughter glared at them with bloodshot eyes
MAP34_e5_p1_46	え？キノコなんて食べてません！	Huh? I haven't eaten any mushroom!
MAP34_e5_p1_47	私はキノコを食べに来たのではなく、採りに	I didn't come to eat mushrooms—I came to gather
MAP34_e5_p1_48	来たのです！私は食べてませ―――――――ん	them! I didn't eat anythiiiiing!
MAP34_e5_p1_5	雄たけびを上げた。	and let out a roar.
MAP34_e5_p1_6	…その手には何やら真っ赤なキノコが握られている…	...In her hand is clutched a bright red mushroom...
MAP34_e5_p1_8	あのキノコはフレイムでのみ採れる狂戦士のキノコに	That mushroom looks just like the Berserker Mushroom
MAP34_e5_p1_9	そっくりだ…　	that only grows in Flame...
MAP35_e6_p0_11	けい…しょ…　けいしょうしゃ！	
MAP35_e6_p0_13	うーん　ほかは　むずかしい文字ばっかりで	
MAP35_e6_p0_14	ぜんぜんわからないや…	
MAP35_e6_p0_16	だけどここに書いてあるのが、	
MAP35_e6_p0_17	ぼくのおとうさんのことだってことはわかる！	
MAP35_e6_p0_19	だってぼくのおとうさんは	
MAP35_e6_p0_20	ウィンダム王国の騎士団長で、	
MAP35_e6_p0_21	もんしょうのけいしょうしゃだから！	
MAP35_e6_p0_26	あっ！	
MAP35_e6_p0_27	おとうさんがかえってきた！	
MAP35_e6_p0_3	　　　　　　　　闇のエレメントが復活するとき	
MAP35_e6_p0_38	おとうさん…そのケガどうしたの…？　	
MAP35_e6_p0_39	…お父さーーーーーん！！	
MAP35_e6_p0_4	　　　　　　　世界は闇に覆われ、魔物が跋扈する	
MAP35_e6_p0_41	　　　　　　　　　しかし、何百年もの間	
MAP35_e6_p0_42	　　　　　　闇のエレメントは復活しなかった	
MAP35_e6_p0_44	　　　　　その間に言い伝えは忘れられていった	
MAP35_e6_p0_46	　　　　　　　　紋章の継承者も実質的には　	
MAP35_e6_p0_47	　　　　　　それぞれの国の権力者に継承され	
MAP35_e6_p0_48	　　　　　　単なる権威の象徴でしかなかった	
MAP35_e6_p0_6	　　　　　　　それを防ぐことのできる唯一の力が	
MAP35_e6_p0_7	　　　　　　　　　　　エレメントの紋章を	
MAP35_e6_p0_8	　　　　　　　　受け継いだ　継承者たちであると…　　	
MAP35_e8_p0_1	持ち出して役に立つようなものは何も見つけられなかった…	There was nothing worth taking with us...
MAP36_e1_p0_10	　　　　　　　　　　作られたと伝わる	
MAP36_e1_p0_12	　　　　　　それぞれのエレメントの加護の証である	
MAP36_e1_p0_13	　　紋章の力を受け継いだ三つの国が栄えるこの大陸には	
MAP36_e1_p0_15	　　　　　　　　恐ろしい言い伝えがあった…	
MAP36_e1_p0_7	　　　　　　　　　　　エレメント大陸	
MAP36_e1_p0_9	　　　この大陸は火、水、風のエレメントの加護によって	
MAP37_e10_p0_11	随分と焦ってるようだが、それも当然だな。	You look quite flustered, and rightly so.
MAP37_e10_p0_12	西の監視塔なら、毎月サクソン団長代行が	As for the West Watchtower, Acting Commander Saxon
MAP37_e10_p0_13	見回りを命じられているはずだからな。	should be ordered to patrol it every month.
MAP37_e10_p0_16	ええい、ピピンめ、無礼なあああああ！！	Bah! Pipin, you insolent—!
MAP37_e10_p0_19	確かに前回の見回りでは異常なかったのだ！	It's true that nothing was abnormal during the last patrol!
MAP37_e10_p0_2	わしは忙しいのだウィン！邪魔を…	I'm a busy man, Win! Don't bother—
MAP37_e10_p0_20	魔物どころか、ねずみ一匹さえ、クモ一匹さえ	Not a single monster—not even one mouse,
MAP37_e10_p0_21	いなかったのだ！！	not even one spider!!
MAP37_e10_p0_24	どうだかね…。	Who can say...
MAP37_e10_p0_27	しつこいぞ、ピピン！し、しかし…	Persistent, aren't you, Pipin! B-But...
MAP37_e10_p0_28	もしかすれば、闇のエレメントの復活が	Perhaps the revival of the Dark Element is
MAP37_e10_p0_29	近いのかも知れぬ…	near...
MAP37_e10_p0_3	ん？西の監視塔に人食いの魔物が出たから	Hm? A man-eating monster appeared at the West Watchtower, so
MAP37_e10_p0_32	ふたりとも、気を引き締めていくのだ！！	Both of you, stay sharp!!
MAP37_e10_p0_4	調査に行く、だと…？	you're going to investigate...?
MAP37_e10_p0_7	そ、それは大変だのう！	T-That is serious indeed!
MAP37_e10_p0_8	気を付けて行ってまいれよ！	Do go carefully!
MAP37_e10_p1_2	ふたりとも、気を引き締めていくのだ！！	Both of you, stay sharp!!
MAP37_e11_p0_2	…サクソンめ、なにが闇のエレメントだ。	...That Saxon, what's this about a Dark Element.
MAP37_e11_p0_3	自分の能無しを、おとぎ話で誤魔化すなんて、	Covering up his own incompetence with fairy tales—
MAP37_e11_p0_4	恥知らずにもほどがある。	the shamelessness knows no bounds.
MAP37_e12_p0_1	持ち出して役に立つようなものは何も見つけられなかった…	There was nothing worth taking with us...
MAP37_e13_p0_1	持ち出して役に立つようなものは何も見つけられなかった…	There was nothing worth taking with us...
MAP37_e14_p0_1	持ち出して役に立つようなものは何も見つけられなかった…	There was nothing worth taking with us...
MAP37_e15_p0_1	持ち出して役に立つようなものは何も見つけられなかった…	There was nothing worth taking with us...
MAP37_e16_p0_1	持ち出して役に立つようなものは何も見つけられなかった…	There was nothing worth taking with us...
MAP37_e17_p0_1	持ち出して役に立つようなものは何も見つけられなかった…	There was nothing worth taking with us...
MAP37_e18_p0_1	『ウィンダム王国の歴史』	"""History of the Windam Kingdom"""
MAP37_e18_p0_11	南の国のフレイムや、西の山奥のセイリューでは、	In the southern land of Flame and in Seiryu, deep in the western mountains,
MAP37_e18_p0_12	辺境の田舎に、いつのまにか大きな城が建っていて	it's said that great castles suddenly rose in remote countryside,
MAP37_e18_p0_13	王国が出来ていたので驚いたと伝わっている。	and kingdoms were born before anyone could be surprised.
MAP37_e18_p0_15	なので、風のエレメントの加護で出来たお城と国である、	And so—as this castle and kingdom were made through the blessing of the Wind Element—
MAP37_e18_p0_16	そういう噂が、ウィンダム王国以外でもそれなりに	Such rumors are believed to a fair degree
MAP37_e18_p0_17	信じられている。	outside the Windam Kingdom as well.
MAP37_e18_p0_18	とにかくこの国では何でも風のエレメントのおかげである。	In any case, in this country, everything is thanks to the Wind Element.
MAP37_e18_p0_2	…と表紙に書かれた本がある。読んでみようか…・	There's a book with these words on the cover. Should we read it...?
MAP37_e18_p0_6	大昔からある国だと伝わるが、実際にどのくらい大昔から	The kingdom is said to have existed since ancient times, though
MAP37_e18_p0_7	あるのかは、あまりよく分からない。	how ancient exactly isn't well known.
MAP37_e18_p0_8	色々な本や言い伝えから、500年くらい前には、	From various books and legends, it seems that around 500 years ago,
MAP37_e18_p0_9	国王がいて、兵士がいて、街があったらしい。	there was a king, soldiers, and a town here.
MAP37_e19_p0_1	『サクソンの日記』	"""Saxon's Diary"""
MAP37_e19_p0_12	領内を荒らし回っていた野盗の集団を、遂に追い詰めた。	At last, I cornered the bandit gang that had been ravaging the territory.
MAP37_e19_p0_13	この戦いで大手柄を挙げることで、あのロイを差し置いて	If I distinguish myself in this battle, ahead of that Roi,
MAP37_e19_p0_14	わしが騎士団長になれないものか…。ううむ。	perhaps I can become Knight Commander... Hmm.
MAP37_e19_p0_17	もうずっとわしが騎士団長代行のままだ。	I've been Acting Knight Commander all this time.
MAP37_e19_p0_18	実質的にはわしが騎士団を率いているとはいえ…	Even if in practice I lead the knight order...
MAP37_e19_p0_19	紋章のないわしにいざとなった時に国を守れるだろうか…	Without a crest, can I really protect the country in a crisis...?
MAP37_e19_p0_2	…と、表紙に書かれた本がある。読んでみようか…	There's a book with these words on the cover. Should we read it...
MAP37_e19_p0_7	代々何度も騎士団長、そして風の紋章を受け継いできた	My family has inherited the position of Knight Commander and the Wind Crest
MAP37_e19_p0_8	我が一族…。わしもその栄誉が欲しかったのに、あのロイ	for generations... I too wanted that honor, but because of that man Roi,
MAP37_e19_p0_9	とかいう男がいるせいで…。悔しい。	How frustrating.
MAP37_e20_p0_12	どこの自称天才さんの話だ？おい？	Who's this self-proclaimed genius, huh?
MAP37_e20_p0_15	げっ！いたのかピピン！！	Gah! Pipin, you're here!!
MAP37_e20_p0_16	ま、とりあえず、ウィン！がんばれよ！	Well, anyway, Win! Do your best!
MAP37_e20_p0_17	…ピピンもな。	...You too, Pipin.
MAP37_e20_p0_2	よう、ウィン。最近どうだ？	Yo, Win. How's it going?
MAP37_e20_p0_22	なんだなんだ、騎士学校トップで卒業した	What's this? You graduated top of the knight academy,
MAP37_e20_p0_23	お前が、そんなパッとしない顔して。	and you're wearing such a dull face.
MAP37_e20_p0_24	最近実家のパン食べてないのか？	Haven't been eating your folks' bread lately?
MAP37_e20_p0_7	そりゃあよかった！俺はお前ならきっと	Glad to hear it! I'm sure you'll
MAP37_e20_p0_8	騎士団長になると思ってるんだ。	become Knight Commander one day.
MAP37_e20_p0_9	あんな性格の悪い自称天才でなく…	Not some mean-spirited self-proclaimed genius like that guy...
MAP37_e21_p0_12	ああ。	Yeah.
MAP37_e21_p0_15	…それなら安心だ。	...Then I'm relieved.
MAP37_e21_p0_16	ピピンと一緒なら、ウィンも色々勉強に	With Pipin alongside you, Win will learn a great deal.
MAP37_e21_p0_17	なるだろう。ピピン、ウィンをよろしくな。	Pipin, take good care of Win.
MAP37_e21_p0_2	…仕事か？	...More work?
MAP37_e21_p0_22	なんでだ！仕事だろう！？	Why!? It's a mission, right!?
MAP37_e21_p0_23	まさかウイン、	Don't tell me, Win,
MAP37_e21_p0_24	お前、陛下の話を聞いてなかったのか！？	you weren't listening to His Majesty!?
MAP37_e21_p0_27	俺も聞いていた、仕事だよな？ウィン。	I heard it too. It's a mission, right, Win?
MAP37_e21_p0_28	知っていて聞いた俺が悪かったよ。	Fine, my bad for asking when I already knew.
MAP37_e21_p0_29	…しかしピピンは怒り過ぎだ。うるさい。	...But Pipin's overreacting. So loud.
MAP37_e21_p0_32	…クッ	...Ugh
MAP37_e21_p0_33	どうして俺が怒られたんだ…	Why did I get scolded...
MAP37_e21_p0_7	人食いの獣が住み着いたっていう、	A man-eating beast has moved in there, you said?
MAP37_e21_p0_8	西の監視塔か。	The West Watchtower, huh.
MAP37_e21_p0_9	ピピンも一緒なんだな？	Pipin's coming along, right?
MAP37_e22_p0_12	ああ。	Yeah.
MAP37_e22_p0_15	…それなら安心だ。	...Then I'm relieved.
MAP37_e22_p0_16	ピピンと一緒なら、ウィンも色々勉強に	With Pipin alongside you, Win will learn a great deal.
MAP37_e22_p0_17	なるだろう。ピピン、ウィンをよろしくな。	Pipin, take good care of Win.
MAP37_e22_p0_2	…仕事か？	...More work?
MAP37_e22_p0_22	なんでだ！仕事だろう！？	Why!? It's a mission, right!?
MAP37_e22_p0_23	まさかウイン、	Don't tell me, Win,
MAP37_e22_p0_24	お前、陛下の話を聞いてなかったのか！？	you weren't listening to His Majesty!?
MAP37_e22_p0_27	俺も聞いていた、仕事だよな？ウィン。	I heard it too. It's a mission, right, Win?
MAP37_e22_p0_28	知っていて聞いた俺が悪かったよ。	Fine, my bad for asking when I already knew.
MAP37_e22_p0_29	…しかしピピンは怒り過ぎだ。うるさい。	...But Pipin's overreacting. So loud.
MAP37_e22_p0_32	…クッ	...Ugh
MAP37_e22_p0_33	どうして俺が怒られたんだ…	Why did I get scolded...
MAP37_e22_p0_7	人食いの獣が住み着いたっていう、	A man-eating beast has moved in there, you said?
MAP37_e22_p0_8	西の監視塔か。	The West Watchtower, huh.
MAP37_e22_p0_9	ピピンも一緒なんだな？	Pipin's coming along, right?
MAP37_e23_p0_12	どこの自称天才さんの話だ？おい？	Who's this self-proclaimed genius, huh?
MAP37_e23_p0_15	げっ！いたのかピピン！！	Gah! Pipin, you're here!!
MAP37_e23_p0_16	ま、とりあえず、ウィン！がんばれよ！	Well, anyway, Win! Do your best!
MAP37_e23_p0_17	…ピピンもな。	...You too, Pipin.
MAP37_e23_p0_2	よう、ウィン。最近どうだ？	Yo, Win. How's it going?
MAP37_e23_p0_22	なんだなんだ、騎士学校トップで卒業した	What's this? You graduated top of the knight academy,
MAP37_e23_p0_23	お前が、そんなパッとしない顔して。	and you're wearing such a dull face.
MAP37_e23_p0_24	最近実家のパン食べてないのか？	Haven't been eating your folks' bread lately?
MAP37_e23_p0_7	そりゃあよかった！俺はお前ならきっと	Glad to hear it! I'm sure you'll
MAP37_e23_p0_8	騎士団長になると思ってるんだ。	become Knight Commander one day.
MAP37_e23_p0_9	あんな性格の悪い自称天才でなく…	Not some mean-spirited self-proclaimed genius like that guy...
MAP37_e24_p0_12	ヒソヒソ…	(whisper whisper)...
MAP37_e24_p0_13	何が天才だ…　ガキの頃に親父からもらった	
MAP37_e24_p0_14	紋章のおかげだろうに…	
MAP37_e24_p0_19	ヒソヒソ…	(whisper whisper)...
MAP37_e24_p0_20	紋章は代々騎士団長が継承するはずなのに…	
MAP37_e24_p0_21	こいつはガキの頃に継承しちまったから…	
MAP37_e24_p0_22	最初から俺たちに出世の道はなかったんだよな	
MAP37_e24_p0_27	ヒソヒソ…	(whisper whisper)...
MAP37_e24_p0_29	紋章のおかげでこんな若造が騎士団長ね…	
MAP37_e24_p0_30	こいつのせいで騎士団の格も地に堕ちたぜ…	
MAP37_e24_p0_35	ヒソヒソ…	(whisper whisper)...
MAP37_e24_p0_36	せいぜいがんばれよ、天才騎士団長さん…	
MAP37_e24_p0_37	俺らはアンタに忠誠なんて誓わないぜ…	
MAP37_e24_p0_4	風の紋章の継承者ロイよ。	
MAP37_e24_p0_43	　　　　　　　闇のエレメントの復活に備え	
MAP37_e24_p0_44	　　　　　　それぞれの紋章の継承者のもとに	
MAP37_e24_p0_46	　　　　　　　　　　人々は助け合い	
MAP37_e24_p0_47	　　　　　　　いつ、そのときが来ても万全に	
MAP37_e24_p0_48	　　　　　　　　　　　戦えるよう	
MAP37_e24_p0_5	いまこれより、そなたをウィンダム騎士団の	
MAP37_e24_p0_50	　　　　　古い言い伝えを語り継がねばならない	
MAP37_e24_p0_52	　　　　　しかしいまやそんな大昔の言い伝えは	
MAP37_e24_p0_53	　　　　　　　　　　　単なる物語…	
MAP37_e24_p0_55	　　　　　　　　　　　　　そう…　　　　	I see...
MAP37_e24_p0_6	騎士団長に命ずる。	
MAP37_e24_p0_8	…は、謹んで承ります	
MAP37_e4_p0_2	騎士ウィン、お前にはまだ実戦経験が少ない。	Knight Win, you still lack real combat experience.
MAP37_e4_p0_3	この任務を良い機会とし、ピピンから多くを	Use this mission as a good opportunity to learn much from Pipin.
MAP37_e4_p0_4	学ぶのだ。よいな…　下がれ。	Understood... You're dismissed.
MAP37_e4_p1_11	お前の働きに期待しているぞ。	I expect great things from you.
MAP37_e4_p1_12	下がれ。	You may leave.
MAP37_e4_p1_17	…すまぬが少し考え事をしているのだ。	...Forgive me, but I'm lost in thought.
MAP37_e4_p1_18	ひとりになりたい。	I wish to be alone.
MAP37_e4_p1_19	またの機会にしてくれ。	Some other time, please.
MAP37_e4_p1_27	以前サクソンに西の塔の見回りを命じたが、	I ordered Saxon to patrol the western tower before,
MAP37_e4_p1_28	あれからまだ、ひとつきも経っていない。	and not even a month has passed since.
MAP37_e4_p1_29	こんな短期間に多くの魔物が巣くうものか…	How could so many monsters have nested there in so short a time...
MAP37_e4_p1_32	恐れながら、陛下。	If I may be so bold, Your Majesty.
MAP37_e4_p1_33	サクソン騎士団長代行のこと、きっと報告だけ	As for Acting Knight Commander Saxon, I'm sure he
MAP37_e4_p1_34	して、見回りはしていません。	only filed the report and never actually patrolled.
MAP37_e4_p1_37	ありそうなことだ…。	That does sound like him...
MAP37_e4_p1_38	いつもあの者の尻拭いをさせてすまないが、	I'm sorry to always make you clean up after him, but
MAP37_e4_p1_39	ピピン、任せたぞ。	Pipin, I leave it to you.
MAP37_e4_p1_4	…なぜまだここにいる？	...Why are you still here?
MAP37_e4_p1_42	…は	...Yes
MAP37_e4_p1_48	ピピン、お前の今回の仕事は、ウィンの	Pipin, your task this time is to
MAP37_e4_p1_49	サポートだ。色々と教えてやるように。	support Win. Teach him everything you can.
MAP37_e4_p1_5	お前には西の塔の調査に向かうよう命じた。	You've been ordered to investigate the western tower.
MAP37_e4_p1_50	少しは仲良くするのだぞ。	Try to get along with each other.
MAP37_e4_p1_53	…は	...Yes
MAP37_e4_p1_56	王に向かってそうあからさまに嫌な顔をするな。	Don't make such an obvious face of disgust toward your king.
MAP37_e4_p1_57	お前なりのやり方でいいが、努力はしろ。	Do it your own way if you like, but put in the effort.
MAP37_e4_p1_58	隊長たるもの、部下の教育も仕事の内だ。	As a captain, teaching your subordinates is part of the job.
MAP37_e4_p1_6	私にはお前と雑談するような暇はないぞ。	I have no time for chit-chat with you.
MAP37_e4_p1_61	…努力します。	...I'll do my best.
MAP37_e4_p2_10	しかし…	However...
MAP37_e4_p2_101	長話は終わりにしよう。	Let's end this long talk.
MAP37_e4_p2_102	ウィンよ、ピピンをよろしく頼む。	Win, I entrust Pipin to you.
MAP37_e4_p2_103	急ぎ、西の森に住むロイを訪ね、事の次第を	Hurry to the western forest, visit Roi who lives there,
MAP37_e4_p2_104	伝え、城に出てくるよう説得するのだ。	tell him what's happened, and persuade him to come to the castle.
MAP37_e4_p2_107	陛下、それは逆ですよ。	Your Majesty, you've got it backwards.
MAP37_e4_p2_108	なんで俺がこいつに面倒を見られにゃならんの	Why do I have to be the one looking after
MAP37_e4_p2_109	です！	this kid!?
MAP37_e4_p2_112	この意味、	The meaning of this—
MAP37_e4_p2_113	分からないお前ではあるまい、ピピン！	surely even you understand, Pipin!
MAP37_e4_p2_116	は…？	Huh...?
MAP37_e4_p2_117	いや、分かりませんが…	No, I don't understand, but...
MAP37_e4_p2_120	ロイは気難しい男だ…。	Roi is a difficult man...
MAP37_e4_p2_121	説得は難しいかも知れないが、頼むぞ。	He may be hard to persuade, but I'm counting on you.
MAP37_e4_p2_13	どうした？	What is it?
MAP37_e4_p2_16	最上階に怪しいガイコツの男がいました。	There was a suspicious skeleton-like man on the top floor.
MAP37_e4_p2_17	奴は自分を闇のエレメントの担い手…	He called himself the bearer of the Dark Element...
MAP37_e4_p2_18	大魔道士ピ…ピ何とかと名乗りました…。	some Grand Mage Pi... Pi-something...
MAP37_e4_p2_2	よくぞ戻った、騎士ピピン、騎士ウィンよ。	Welcome back, Knight Pipin, Knight Win.
MAP37_e4_p2_21	大魔道士ピ…なんとかだと……！？	A Grand Mage Pi... something, you say......!?
MAP37_e4_p2_24	ご存知なのですか？	You know of him?
MAP37_e4_p2_27	いや、わからん。そもそもピ何とかでは、	No, I don't know it. Pi-something hardly
MAP37_e4_p2_28	もし知っていたとしても、わからなそうだ…。	gives you anything to go on...
MAP37_e4_p2_31	きっと、ちょっと変なやつというだけだとは	I'm sure he's just some odd fellow, but
MAP37_e4_p2_32	思いますが、一応報告しました。	I thought I'd report it anyway.
MAP37_e4_p2_35	ふむ…。	Hmm...
MAP37_e4_p2_36	しかし、闇のエレメントの復活の予兆	But this could be a sign of the Dark Element's
MAP37_e4_p2_37	なのかも知れないな。	revival.
MAP37_e4_p2_40	ああ、やつはそんなことも言っていました。	Yes, he did say something like that.
MAP37_e4_p2_41	闇のエレメントの復活が近いとか何とか…	That the Dark Element's revival was near, and so on...
MAP37_e4_p2_42	闇の結晶を集めるとか何とか…	That he'd gather Dark Crystals, and so on...
MAP37_e4_p2_45	闇の結晶を集めるだと！！！！！？	Gather Dark Crystals, you say!!
MAP37_e4_p2_48	ご存知なのですか？	You know of him?
MAP37_e4_p2_5	早速だが、調査結果を教えてくれ。	Now then, tell me what you found.
MAP37_e4_p2_51	以前ロイから聞いたことがある…。	I've heard about this from Roi before...
MAP37_e4_p2_52	この大陸には、闇の力が集まりやすい場所が	There are places on this continent where dark power gathers easily,
MAP37_e4_p2_53	あって…	and...
MAP37_e4_p2_55	闇のエレメント復活の際には、その場所に	when the Dark Element revives, Dark Crystals
MAP37_e4_p2_56	闇の結晶が現れるらしいと…	are said to appear at those places...
MAP37_e4_p2_58	ピピン、そしてウィンよ。	Pipin, and you too, Win.
MAP37_e4_p2_59	本当に闇のエレメントの復活が近いとするなら、	If the Dark Element's revival truly is near,
MAP37_e4_p2_60	風の紋章の継承者であるロイの力が必要だ。	we need the power of Roi, the Wind Crest's inheritor.
MAP37_e4_p2_63	…森の奥に引きこもっている、かつて天才と	...The legendary knight who was once called a genius
MAP37_e4_p2_64	呼ばれた、伝説の騎士、ロイ…	but now lives secluded deep in the forest... Roi...
MAP37_e4_p2_67	…そうだ、ピピン。	...That's right, Pipin.
MAP37_e4_p2_69	闇のエレメントに対抗できるのは、	Only the inheritors of the Fire, Water, and Wind crests
MAP37_e4_p2_70	火、水、風の紋章の継承者だけだ。	can stand against the Dark Element.
MAP37_e4_p2_71	そして、ロイはここ何十年も、山奥で古文書を	And Roi has spent decades reading ancient texts
MAP37_e4_p2_72	読み、研究を続けている。	and researching in the mountains.
MAP37_e4_p2_74	彼の力が、いまこそ必要なのだ。	His power is needed now more than ever.
MAP37_e4_p2_76	二人は急いでロイの元に向かい、	Hurry to Roi's side, the two of you,
MAP37_e4_p2_77	ここへ出てくるよう説得して参るのだ。	and persuade him to come here.
MAP37_e4_p2_8	塔の内部は人食いの魔物だらけでした。	The tower was crawling with man-eating monsters.
MAP37_e4_p2_80	俺は…	As for me...
MAP37_e4_p2_83	俺は残ります。	I'll stay behind.
MAP37_e4_p2_84	ウィンにだけ、行かせて下さい。	Let Win go alone.
MAP37_e4_p2_89	実はな、ピピン…	You see, Pipin...
MAP37_e4_p2_9	いちばんの大物、人食いイヌは倒しました。	The biggest of them, the man-eating dog, was defeated.
MAP37_e4_p2_90	このような事態になったときには、	For situations like this,
MAP37_e4_p2_91	ピピンを寄こすよう、以前ロイから	Roi asked me beforehand to send Pipin
MAP37_e4_p2_92	頼まれているのだよ。	in such cases.
MAP37_e4_p2_95	…な、んだと………？	...Wh-What......?
MAP37_e4_p2_98	この意味…	The meaning of this—
MAP37_e4_p2_99	分からないお前ではあるまい、ピピン。	surely even you understand, Pipin.
MAP37_e4_p3_2	ウィンよ、ピピンをよろしく頼む。	Win, I entrust Pipin to you.
MAP37_e4_p3_3	急ぎ、西の森に住むロイを訪ね、事の次第を	Hurry to the western forest, visit Roi who lives there,
MAP37_e4_p3_4	伝え、城に出てくるよう説得するのだ。	tell him what's happened, and persuade him to come to the castle.
MAP37_e5_p0_12	どこの自称天才さんの話だ？おい？	Who's this self-proclaimed genius, huh?
MAP37_e5_p0_15	げっ！いたのかピピン！！	Gah! Pipin, you're here!!
MAP37_e5_p0_16	ま、とりあえず、ウィン！がんばれよ！	Well, anyway, Win! Do your best!
MAP37_e5_p0_17	…ピピンもな。	...You too, Pipin.
MAP37_e5_p0_2	よう、ウィン。最近どうだ？	Yo, Win. How's it going?
MAP37_e5_p0_22	なんだなんだ、騎士学校トップで卒業した	What's this? You graduated top of the knight academy,
MAP37_e5_p0_23	お前が、そんなパッとしない顔して。	and you're wearing such a dull face.
MAP37_e5_p0_24	最近実家のパン食べてないのか？	Haven't been eating your folks' bread lately?
MAP37_e5_p0_7	そりゃあよかった！俺はお前ならきっと	Glad to hear it! I'm sure you'll
MAP37_e5_p0_8	騎士団長になると思ってるんだ。	become Knight Commander one day.
MAP37_e5_p0_9	あんな性格の悪い自称天才でなく…	Not some mean-spirited self-proclaimed genius like that guy...
MAP37_e6_p0_12	ああ。	Yeah.
MAP37_e6_p0_15	…それなら安心だ。	...Then I'm relieved.
MAP37_e6_p0_16	ピピンと一緒なら、ウィンも色々勉強に	With Pipin alongside you, Win will learn a great deal.
MAP37_e6_p0_17	なるだろう。ピピン、ウィンをよろしくな。	Pipin, take good care of Win.
MAP37_e6_p0_2	…仕事か？	...More work?
MAP37_e6_p0_22	なんでだ！仕事だろう！？	Why!? It's a mission, right!?
MAP37_e6_p0_23	まさかウイン、	Don't tell me, Win,
MAP37_e6_p0_24	お前、陛下の話を聞いてなかったのか！？	you weren't listening to His Majesty!?
MAP37_e6_p0_27	俺も聞いていた、仕事だよな？ウィン。	I heard it too. It's a mission, right, Win?
MAP37_e6_p0_28	知っていて聞いた俺が悪かったよ。	Fine, my bad for asking when I already knew.
MAP37_e6_p0_29	…しかしピピンは怒り過ぎだ。うるさい。	...But Pipin's overreacting. So loud.
MAP37_e6_p0_32	…クッ	...Ugh
MAP37_e6_p0_33	どうして俺が怒られたんだ…	Why did I get scolded...
MAP37_e6_p0_7	人食いの獣が住み着いたっていう、	A man-eating beast has moved in there, you said?
MAP37_e6_p0_8	西の監視塔か。	The West Watchtower, huh.
MAP37_e6_p0_9	ピピンも一緒なんだな？	Pipin's coming along, right?
MAP37_e8_p0_2	ここから先は、ウィンダム王とお妃さまの	Past here are the bedchambers of King Windam and his queen...
MAP37_e8_p0_3	寝室だぜ　…って、	hey, you know—
MAP37_e8_p0_4	お前そんなこと知ってるだろ。あっち行った。	you already know that. Let's go.
MAP37_e9_p0_3	ここから先は、ウィンダム王とお妃さまの	Past here are the bedchambers of King Windam and his queen...
MAP37_e9_p0_4	寝室だぜ　…って、	hey, you know—
MAP37_e9_p0_5	お前そんなこと知ってるだろ。あっち行った。	you already know that. Let's go.
MAP38_e4_p0_10	　　　　　　　　　　　　エレサガ	
MAP38_e4_p0_6	そんなものは、おとぎ話に過ぎなかったんだ…	
MAP39_e6_p1_10	おとうさん…！！	
MAP39_e6_p1_13	ロ…ロイ…　すまん…	
MAP39_e6_p1_16	なにが…？	
MAP39_e6_p1_17	おとうさん…おいしゃ…　おいしゃに…	
MAP39_e6_p1_20	もう…手遅れだ…	
MAP39_e6_p1_21	俺は…死ぬ…	
MAP39_e6_p1_24	なにいってるの…	
MAP39_e6_p1_25	おとうさんは、けいしょうしゃなんだ…	
MAP39_e6_p1_27	おとうさんは…	
MAP39_e6_p1_28	もんしょうの…ゆうしゃさまなんだから…	
MAP39_e6_p1_29	しぬわけないでしょ…！！	
MAP39_e6_p1_32	ロイ…　左手を…　出しなさい…　早く…	
MAP39_e6_p1_35	え…　なに…？	
MAP39_e6_p1_46	ロイ…　強く…　なれ…　俺よりも…強く	
MAP39_e6_p1_49	えっ？	
MAP39_e6_p1_50	おとうさん…　ぼくの手…	
MAP39_e6_p1_52	ぼくの手に…もんしょうがあるよ！	
MAP39_e6_p1_53	ぼくはけいしょうしゃになったんだ！	
MAP39_e6_p1_55	すごい！すごい！	
MAP39_e6_p1_56	おとうさん！	
MAP39_e6_p1_57	ぼくの手にもんしょうが………	
MAP39_e6_p1_59	おとう…さん………？	
MAP39_e6_p1_9	おとうさん…どうしたの、そのケガ…	
MAP39_e8_p0_1	持ち出して役に立つようなものは何も見つけられなかった…	There was nothing worth taking with us...
MAP40_e43_p0_10	サクソンが全軍を指揮していたんだ。	
MAP40_e43_p0_14	サクソン殿！	Lord Saxon!
MAP40_e43_p0_15	なぜ私の許可なしに、全軍を動かしたのです！	
MAP40_e43_p0_23	これはこれはロイ騎士団長…	
MAP40_e43_p0_24	あなたの手をわずらわせるのも悪いと思ってな	
MAP40_e43_p0_26	なあに、この程度の敵、私にお任せ下され。	
MAP40_e43_p0_27	団長は安心して家に帰り、市民とのお祝いを	
MAP40_e43_p0_28	お続け下され…	
MAP40_e43_p0_34	気合い負けするなーっ！	
MAP40_e43_p0_35	一気にかかれーーーーーいっ！！	
MAP40_e43_p0_38	…くっ	...Hmph
MAP40_e43_p0_40	伝令！でんれーーーーーーーーーい！！	
MAP40_e43_p0_6	俺が現場に着いたとき…	
MAP40_e43_p0_7	既に戦闘が始まっていた。	
MAP40_e43_p0_9	代々何度も騎士団長を輩出している名門の男…	
MAP40_e44_p1_10	火の手があがっています…！	
MAP40_e44_p1_13	えーい、それがどうした！	
MAP40_e44_p1_16	塔の外にいた野党が…森の中の家を	
MAP40_e44_p1_17	襲っているようです…　　その…	
MAP40_e44_p1_19	ロイ騎士団長の家を…	
MAP40_e44_p1_22	…なんだと	
MAP40_e44_p1_30	サクソン殿！	Lord Saxon!
MAP40_e44_p1_31	兵の何人かを救出に向かわせるぞ！いいな！？	
MAP40_e44_p1_37	サクソン殿！	Lord Saxon!
MAP40_e44_p1_38	騎士団長は私だ！命令には従ってもらう！	
MAP40_e44_p1_48	サクソン殿…！	
MAP40_e44_p1_51	…兵は割けませんな。	
MAP40_e44_p1_54	なんだと…！？	
MAP40_e44_p1_57	野盗の数が多いのです。	
MAP40_e44_p1_58	いま兵を減らすと、こちらが押されます…。	
MAP40_e44_p1_6	ええい！なんだ、この忙しいときに！！	
MAP40_e44_p1_61	あなたは…見殺しにするというのか…	
MAP40_e44_p1_62	それも私のことが憎いからか!？	
MAP40_e44_p1_65	なにを…　この場を乗り切ってからであれば…	
MAP40_e44_p1_68	あのひとたちだって、我々が守るべき市民！	
MAP40_e44_p1_69	それなのに、見殺しにするというのだな…	
MAP40_e44_p1_70	あなたは…　私憎さに…！！	
MAP40_e44_p1_75	そんなに心配ならば、お前が行けばよかろう！	
MAP40_e44_p1_77	その風の紋章の力で、疾風となり、	
MAP40_e44_p1_78	ひとりで助けに行かれればよい！！	
MAP40_e44_p1_81	何を…バカな…	
MAP40_e44_p1_86	兵は割けん…	
MAP40_e44_p1_87	割けんのだ………	
MAP40_e44_p1_9	東の森に煙が…	
MAP40_e44_p1_90	…くっ	...Hmph
MAP40_e5_p0_1	持ち出して役に立つようなものは何も見つけられなかった…	There was nothing worth taking with us...
MAP41_e22_p0_10	ことはよく覚えている…	
MAP41_e22_p0_12	紋章よ、輝いてくれ、	
MAP41_e22_p0_13	風のエレメントの力で、俺を疾風にしてくれ	
MAP41_e22_p0_14	…ってな	
MAP41_e22_p0_17	勿論、紋章は少しも輝かなかった。	
MAP41_e22_p0_30	これが、俺の、おとぎ話に翻弄された一生さ。	
MAP41_e22_p0_39	何が紋章だ…　継承者だ………	
MAP41_e22_p0_41	俺には何も守れない…	
MAP41_e22_p0_42	俺には何もない……	
MAP41_e22_p0_44	こんな…こんなもの………！！	
MAP41_e22_p0_5	そこからどうやって家までたどり着いたのか…	
MAP41_e22_p0_52	そのとき、ヤケになった俺は、自らの左手を	
MAP41_e22_p0_53	斬り落とそうと、剣を振り下ろした。	
MAP41_e22_p0_55	だが、俺の左手は何度斬りつけても、	
MAP41_e22_p0_56	切り落とされてはくれなかったんだ。	
MAP41_e22_p0_58	血は流れる、痛みもある…	
MAP41_e22_p0_59	それなのに、左手はつながったままだった。	
MAP41_e22_p0_6	それはいまだに、よく覚えていないんだが…	
MAP41_e22_p0_8	走りながら、野盗を何人か斬って…	
MAP41_e22_p0_9	その間ずっと、左手の紋章に祈り続けていた	
MAP41_e8_p0_1	持ち出して役に立つようなものは何も見つけられなかった…	There was nothing worth taking with us...
MAP42_e10_p0_10	どうもいきなり失礼しました…。	
MAP42_e10_p0_11	もし見つけられましたら、教えてください。	
MAP42_e10_p0_12	相応のお礼は必ずさせていただきます。	
MAP42_e10_p0_2	ぶしつけに失礼ですが…	
MAP42_e10_p0_3	あなたは耳の長い男を見たことが	
MAP42_e10_p0_4	ありませんか？	
MAP42_e3_p0_10	あいよー　少しだけ待ってってねー！	
MAP42_e3_p0_14	お腹いっぱい食べて、みんなのＨＰが回復した！	Everyone ate their fill and recovered HP!
MAP42_e3_p0_18	もうお腹いっぱいなのー？	
MAP42_e3_p0_19	まだまだだなー　また来てね！	
MAP42_e3_p0_2	いろんなカレーや串焼きがあるよー	
MAP42_e3_p0_24	お金が足りないじゃないの！	
MAP42_e3_p0_25	ちゃんとお金持ってきてから話かけて！	
MAP42_e3_p0_3	お腹いっぱい食べてってねー	
MAP42_e3_p0_32	じゃあ何しに来たの！	
MAP42_e3_p0_33	邪魔だから出てってー！	
MAP42_e3_p0_4	全員分で50Gでいいよー！	
MAP42_e4_p0_1	持ち出して役に立つようなものは何も見つけられなかった…	There was nothing worth taking with us...
MAP42_e5_p0_1	持ち出して役に立つようなものは何も見つけられなかった…	There was nothing worth taking with us...
MAP42_e6_p0_2	ちーっす！　メシ中っすわ。	
MAP42_e6_p0_3	いやー兵隊になってからは毎日ここのメシ	
MAP42_e6_p0_4	食えるんでサイコーっすわ！	
MAP42_e7_p0_2	カレーばっかり食ってて飽きないかって？	
MAP42_e7_p0_3	いや、あんたカレーが何種類あると思ってる？	
MAP42_e7_p0_4	ほぼ無限だから、飽きるとかじゃないんだよ	
MAP42_e8_p0_2	いやー　フレイムは食事もうまいが、	
MAP42_e8_p0_3	酒もうまいですなー！この世の天国ですよ！	
MAP42_e8_p0_4	ある程度お金のある人間にとってはね！	
MAP42_e9_p0_2	最近スパイスの買い付けに来る商人が増えて、	
MAP42_e9_p0_3	実入りがいいんだ。　こうしてたまには	
MAP42_e9_p0_4	いいモノ食えるようになったんだよねー	
MAP43_e3_p0_12	もういいのか…？	
MAP43_e3_p0_13	ふーん、価値の分かる人間かどうか…	
MAP43_e3_p0_14	次の機会にまた判断させてもらうよ。	
MAP43_e3_p0_2	ほう…この店に客が来るとは珍しい。	
MAP43_e3_p0_3	みな貧乏人ばかりで、うちの価値のわかる	
MAP43_e3_p0_4	人間が少ないからな…。さあ、見てって…。	
MAP43_e4_p0_2	ほわわえ…	
MAP43_e4_p0_3	どれも飲んだら若返りそうな薬じゃあ…	
MAP44_e3_p0_10	はい、ありがとさん。	Yes, thank you kindly.
MAP44_e3_p0_11	またおいでー	Come again~
MAP44_e3_p0_2	え、客？	Huh, a customer?
MAP44_e3_p0_3	びっくりしたー　え？	You startled me— huh?
MAP44_e3_p0_4	大丈夫、ここ道具屋。	No worries, this is the item shop.
MAP44_e3_p1_12	はい、ありがとさん。	Yes, thank you kindly.
MAP44_e3_p1_13	またおいでー	Come again~
MAP44_e3_p1_2	え、客？	Huh, a customer?
MAP44_e3_p1_3	びっくりしたー　え？	You startled me— huh?
MAP44_e3_p1_4	大丈夫、ここ道具屋。	No worries, this is the item shop.
MAP44_e4_p0_2	うむう　ゴミしか売ってないなあ…	
MAP44_e5_p0_1	持ち出して役に立つようなものは何も見つけられなかった…	There was nothing worth taking with us...
MAP44_e6_p0_1	持ち出して役に立つようなものは何も見つけられなかった…	There was nothing worth taking with us...
MAP44_e7_p0_1	持ち出して役に立つようなものは何も見つけられなかった…	There was nothing worth taking with us...
MAP45_e10_p0_1	持ち出して役に立つようなものは何も見つけられなかった…	There was nothing worth taking with us...
MAP45_e11_p0_1	持ち出して役に立つようなものは何も見つけられなかった…	There was nothing worth taking with us...
MAP45_e12_p0_1	持ち出して役に立つようなものは何も見つけられなかった…	There was nothing worth taking with us...
MAP45_e13_p0_1	持ち出して役に立つようなものは何も見つけられなかった…	There was nothing worth taking with us...
MAP45_e6_p0_14	さすがはお金持ちの異国の方！	
MAP45_e6_p0_15	至福のひとときをお過ごしくださいー！	
MAP45_e6_p0_2	ハーイ　異国の方たちー！	
MAP45_e6_p0_23	お目覚めですかー？	
MAP45_e6_p0_24	ぜひぜひまたご宿泊くださいませー！	
MAP45_e6_p0_28	おまえら金持ってないじゃん	
MAP45_e6_p0_3	あなた方の為の高級ホテルへようこそ！	
MAP45_e6_p0_34	なんだ　金持ちじゃないのか	
MAP45_e6_p0_40	そうですね、まだ日も高いですしねー！	
MAP45_e6_p0_41	またのお越しをお待ちしておりますよ！	
MAP45_e6_p0_8	こんなに素敵なホテルが一泊200Ｇです！	
MAP45_e6_p0_9	勿論ご宿泊ですよね？	
MAP45_e7_p0_2	………なんだよこれ、うますぎだろ	
MAP45_e7_p0_3	ここの飯うますぎだよ！！	
MAP45_e7_p0_4	来年またお金貯めて来る！！	
MAP45_e8_p0_2	仕事で来たのだけれど…	
MAP45_e8_p0_3	外は暑過ぎて、ちょっとここを出る気に	
MAP45_e8_p0_4	なれないんだよね…	
MAP45_e9_p1_2	俺は任務中で忙しいんだ！	
MAP45_e9_p1_3	これも偵察！　カレーうめええええ！！！！	
MAP45_e9_p1_4	もっと情報を集めないと！！！！！	
MAP46_e3_p0_14	ちゃんと手入れをしろよ…。	Take good care of it...
MAP46_e3_p0_15	いい武器は一生物だ…。	A good weapon lasts a lifetime...
MAP46_e3_p0_2	…客か。	...A customer.
MAP46_e3_p1_14	ちゃんと手入れをしろよ…。	Take good care of it...
MAP46_e3_p1_15	いい武器は一生物だ…。	A good weapon lasts a lifetime...
MAP46_e3_p1_2	…客か。	...A customer.
MAP47_e4_p0_1	持ち出して役に立つようなものは何も見つけられなかった…	There was nothing worth taking with us...
MAP47_e5_p0_1	持ち出して役に立つようなものは何も見つけられなかった…	There was nothing worth taking with us...
MAP47_e6_p0_1	持ち出して役に立つようなものは何も見つけられなかった…	There was nothing worth taking with us...
MAP47_e7_p0_1	持ち出して役に立つようなものは何も見つけられなかった…	There was nothing worth taking with us...
MAP47_e8_p0_1	『龍の涙』	
MAP47_e8_p0_10	その美しさは妖しいほどで、見る者を必ず魅了するという。	
MAP47_e8_p0_11	しかし、話に聞くばかりで、現存するものは存在しない。	
MAP47_e8_p0_12	もしかするとそれには、その宝石にまつわる一種の伝説が	
MAP47_e8_p0_13	関係しているのかも知れない。	
MAP47_e8_p0_15	龍の涙には、握りしめて三日三晩祈ると愛する死者を	
MAP47_e8_p0_16	蘇らせた後砕けるという言い伝えがあるのだ。これだけ有名	
MAP47_e8_p0_17	なのに現存しないのは、発見されるたびに誰かが愛する者を	
MAP47_e8_p0_18	実際に生き返らせているからかも知れない。	
MAP47_e8_p0_2	…と、表紙に書かれた本がある。読んでみようか…。	There's a book with these words on the cover. Should we read it...?
MAP47_e8_p0_6	ここ数十年は発見されたことがないと思われるが、	
MAP47_e8_p0_7	昔のセイリューで稀に発掘されることがあったと伝わる、	
MAP47_e8_p0_8	透き通った青い宝石、龍の涙。	
MAP47_e9_p0_2	お前さん…　龍の涙を持っていたりしないか？	You there... you wouldn't happen to have a Dragon's Tear?
MAP47_e9_p0_5	ほとんど伝説上の宝石じゃ…	It's practically a legendary gem...
MAP47_e9_p0_6	もし本物を持ってきてくれたら…	If you bring me a real one...
MAP47_e9_p0_7	わしの秘蔵する、ある奇書と交換してもよい…	I might trade it for a certain rare tome I keep hidden...
MAP47_e9_p1_12	おお…なんと美しい…！	
MAP47_e9_p1_13	これぞ本物の龍の涙に違いない…！！	
MAP47_e9_p1_16	お前さん、どうかその宝石を譲ってくれまいか	
MAP47_e9_p1_17	わしの秘蔵する最も貴重な本…	
MAP47_e9_p1_18	内容の危険さゆえ誰にも見せたことのないものだ	
MAP47_e9_p1_2	お前さん…　龍の涙を持っていたりしないか？	You there... you wouldn't happen to have a Dragon's Tear?
MAP47_e9_p1_23	ありがたい！では、これが例の奇書だ…	
MAP47_e9_p1_26	　　　　　　　　ウィンは奇書を手に入れた	
MAP47_e9_p1_29	だが、信用できる者にしか、その本を	But it'd be best to hand that book only
MAP47_e9_p1_30	渡さない方がよいぞ…	to someone you can trust...
MAP47_e9_p1_38	そ、そうか…	
MAP47_e9_p1_39	しかし、お前さんが必要なくとも、本の好きな	
MAP47_e9_p1_40	人間であれば絶対に欲しがるものだからな…	
MAP47_e9_p1_5	ほとんど伝説上の宝石じゃ…	It's practically a legendary gem...
MAP47_e9_p1_6	もし本物を持ってきてくれたら…	If you bring me a real one...
MAP47_e9_p1_7	わしの秘蔵する、ある奇書と交換してもよい…	I might trade it for a certain rare tome I keep hidden...
MAP47_e9_p2_2	だが、信用できる者にしか、その本を	But it'd be best to hand that book only
MAP47_e9_p2_3	渡さない方がよいぞ…	to someone you can trust...
MAP49_e10_p0_11	　　　　　　　　　1000\\G 手に入れた！	
MAP49_e11_p0_11	　　　　　シャムシール（良質）を手に入れた！	
MAP49_e2_p0_11	あー、多分、お前の力はそんなものかとか、	Ah, things like 'so that's about all the power you've got,'
MAP49_e2_p0_110	　　ウィンはハヤテとカマイタチの魔法をおぼえた！	Win learned the Hayate and Kamaitachi spells!
MAP49_e2_p0_113	　　ホノオはバクハツとキョウセンシの魔法をおぼえた！	Hono learned the Explosion and Warrior spells!
MAP49_e2_p0_116	な、なんだ！？	Wh-What!?
MAP49_e2_p0_117	紋章が光り出して…何か魔法をおぼえた！！	The crest started glowing... and I learned a spell!!
MAP49_e2_p0_119	勝てるんじゃないか…コレなら…	With this... maybe I can win...
MAP49_e2_p0_12	なんかそういうことを言っている顔だな…	You've got that look on your face...
MAP49_e2_p0_120	何だかさっきまでのオレとは違う感じだぜ！	I feel different from the me of a moment ago!
MAP49_e2_p0_123	…我は闇の四天王のナウ―…	...I am Nau, one of the Four Dark Generals...
MAP49_e2_p0_124	紋章の勇者たちよ…　その力見せてみよ…	Heroes of the crests... show me your power...
MAP49_e2_p0_128	しゃ…しゃべったーーーーーーーーーーー！！	It... it talked—!!
MAP49_e2_p0_143	勝ったぜー！！	I won!!
MAP49_e2_p0_149	…ピンピンしてない？	...You're still kicking, huh?
MAP49_e2_p0_155	…で、どうなんだろ、試練の方は…	...So, how's the trial going, anyway...
MAP49_e2_p0_156	やっぱり不合格か？	Did you fail after all?
MAP49_e2_p0_159	…………試練は	............The trial
MAP49_e2_p0_162	（また喋った…）	(It talked again...)
MAP49_e2_p0_165	…………我は試練、関係ない	............The trial, I care not for it
MAP49_e2_p0_168	………えっ？	......Huh?
MAP49_e2_p0_171	…………試練は、我の後ろに	............The trial lies behind me
MAP49_e2_p0_18	わかってるって…　オレは絶対にこの試練を	I know, I know... I absolutely have to
MAP49_e2_p0_19	乗り越えないといけないんだ…	overcome this trial...
MAP49_e2_p0_20	まだまだ諦めねえぜ…！！	I'm not giving up yet...!!
MAP49_e2_p0_23	……………………（汗	............(sweat)
MAP49_e2_p0_33	……と、言う夢を見た。	...And that's the dream he had.
MAP49_e2_p0_43	ぜえ…ぜえ…	Hah... hah...
MAP49_e2_p0_44	コレ絶対に無理だ…　オレは勝てない…	This is absolutely impossible... I can't win...
MAP49_e2_p0_47	………（ホノオの背後を指差す	.........(He points behind Hono)
MAP49_e2_p0_5	くそーーー　つえーーー！！	Damn— so strong—!!
MAP49_e2_p0_50	え？	Huh?
MAP49_e2_p0_51	うしろ…？	Behind...?
MAP49_e2_p0_66	ん？　お前誰だ？	Hm? Who are you?
MAP49_e2_p0_67	城の奴らが連れ戻しに来させたのか？	Did the castle folks send you to bring me back?
MAP49_e2_p0_70	　　　　　　　　　　ウィンは頷いた	Win nodded
MAP49_e2_p0_73	ったく…　まあ、でも…	Jeez... well, but...
MAP49_e2_p0_74	オレぜんぜん試練越えられなかったからなあ。	I couldn't get past the trial at all, you know.
MAP49_e2_p0_76	このまま帰るのなんて、ダセえけど…	Going back like this is lame, but...
MAP49_e2_p0_77	仕方ないか。	Guess it can't be helped.
MAP49_e2_p0_78	よし、じゃあかえ…	Alright, let's head ba—
MAP49_e2_p0_90	うわあ！なんだ、おい！？	Whoa! What the—!?
MAP49_e2_p0_91	まだやるのかよ！？	Are you seriously still going!?
MAP49_e2_p0_92	オレは試練あきらめて…	I've given up on the trial...
MAP49_e2_p1_11	あー、多分、お前の力はそんなものかとか、	Ah, things like 'so that's about all the power you've got,'
MAP49_e2_p1_112	　　ウィンはハヤテとカマイタチの魔法をおぼえた！	Win learned the Hayate and Kamaitachi spells!
MAP49_e2_p1_115	　　ホノオはバクハツとキョウセンシの魔法をおぼえた！	Hono learned the Explosion and Warrior spells!
MAP49_e2_p1_118	な、なんだ！？	Wh-What!?
MAP49_e2_p1_119	紋章が光り出して…何か魔法をおぼえた！！	The crest started glowing... and I learned a spell!!
MAP49_e2_p1_12	なんかそういうことを言っている顔だな…	You've got that look on your face...
MAP49_e2_p1_121	勝てるんじゃないか…コレなら…	With this... maybe I can win...
MAP49_e2_p1_122	何だかさっきまでのオレとは違う感じだぜ！	I feel different from the me of a moment ago!
MAP49_e2_p1_125	…我は闇の四天王のナウ―…	...I am Nau, one of the Four Dark Generals...
MAP49_e2_p1_126	紋章の勇者たちよ…　その力見せてみよ…	Heroes of the crests... show me your power...
MAP49_e2_p1_130	しゃ…しゃべったーーーーーーーーーーー！！	It... it talked—!!
MAP49_e2_p1_145	勝ったぜー！！	I won!!
MAP49_e2_p1_151	…ピンピンしてない？	...You're still kicking, huh?
MAP49_e2_p1_157	…で、どうなんだろ、試練の方は…	...So, how's the trial going, anyway...
MAP49_e2_p1_158	やっぱり不合格か？	Did you fail after all?
MAP49_e2_p1_161	…………試練は	............The trial
MAP49_e2_p1_164	（また喋った…）	(It talked again...)
MAP49_e2_p1_167	…………我は試練、関係ない	............The trial, I care not for it
MAP49_e2_p1_170	………えっ？	......Huh?
MAP49_e2_p1_173	…………試練は、我の後ろに	............The trial lies behind me
MAP49_e2_p1_18	わかってるって…　オレは絶対にこの試練を	I know, I know... I absolutely have to
MAP49_e2_p1_19	乗り越えないといけないんだ…	overcome this trial...
MAP49_e2_p1_20	まだまだ諦めねえぜ…！！	I'm not giving up yet...!!
MAP49_e2_p1_23	……………………（汗	............(sweat)
MAP49_e2_p1_35	……と、言う夢を見た。	...And that's the dream he had.
MAP49_e2_p1_45	ぜえ…ぜえ…	Hah... hah...
MAP49_e2_p1_46	コレ絶対に無理だ…　オレは勝てない…	This is absolutely impossible... I can't win...
MAP49_e2_p1_49	………（ホノオの背後を指差す	.........(He points behind Hono)
MAP49_e2_p1_5	くそーーー　つえーーー！！	Damn— so strong—!!
MAP49_e2_p1_52	え？	Huh?
MAP49_e2_p1_53	うしろ…？	Behind...?
MAP49_e2_p1_68	ん？　お前誰だ？	Hm? Who are you?
MAP49_e2_p1_69	城の奴らが連れ戻しに来させたのか？	Did the castle folks send you to bring me back?
MAP49_e2_p1_72	　　　　　　　　　　ウィンは頷いた	Win nodded
MAP49_e2_p1_75	ったく…　まあ、でも…	Jeez... well, but...
MAP49_e2_p1_76	オレぜんぜん試練越えられなかったからなあ。	I couldn't get past the trial at all, you know.
MAP49_e2_p1_78	このまま帰るのなんて、ダセえけど…	Going back like this is lame, but...
MAP49_e2_p1_79	仕方ないか。	Guess it can't be helped.
MAP49_e2_p1_80	よし、じゃあかえ…	Alright, let's head ba—
MAP49_e2_p1_92	うわあ！なんだ、おい！？	Whoa! What the—!?
MAP49_e2_p1_93	まだやるのかよ！？	Are you seriously still going!?
MAP49_e2_p1_94	オレは試練あきらめて…	I've given up on the trial...
MAP49_e2_p2_11	あいつの後ろとか言ってたな…	
MAP49_e2_p2_12	椅子がある…　あれに座るのかな。	
MAP49_e2_p2_19	ウィン、って言ったよな。	
MAP49_e2_p2_20	こんなことしている場合じゃないってことは、	
MAP49_e2_p2_21	分かってる。	
MAP49_e2_p2_23	だけどオレ、この試練をちゃんと…	
MAP49_e2_p2_24	乗り越えたいんだ。	
MAP49_e2_p2_25	もう少し付き合ってくれよ、頼む。	
MAP49_e2_p2_3	ちょっとおい！　待て！！	
MAP49_e2_p2_30	恩に着るぜ！！	
MAP49_e2_p2_31	とりあえず、あそこの椅子に座ってみるか…	
MAP49_e2_p2_37	そうか。	
MAP49_e2_p2_38	でも俺は試練を済ますまでは、ここを	
MAP49_e2_p2_39	出る気はないぜ。	
MAP49_e2_p2_7	消えちゃったよ…	
MAP49_e6_p1_12	…じゃあなに？	
MAP49_e6_p1_13	試練の…声みたいなこと…？	
MAP49_e6_p1_2	試練を受けよ　火の勇者よ…	
MAP49_e6_p1_5	うわ！えっ？	
MAP49_e6_p1_6	いまの、ウィン、お前の声か？	
MAP49_e6_p1_9	　　　　　　　　　ウィンは首を横に振った	
MAP49_e7_p0_4	この椅子に座ると試練が始まるのかな…？	
MAP49_e7_p0_5	さっきの鎧がすごく試練ぽかったけど…	
MAP49_e7_p0_6	こっちが本物らしい…	
MAP49_e7_p0_8	何が起こるかわからないから、	
MAP49_e7_p0_9	ウィンはちょっと離れていてくれ。	
MAP49_e8_p1_14	…ホノオ。	...Hono.
MAP49_e8_p1_18	え…　そんな…　まさか…	
MAP49_e8_p1_24	振りむいてはいけない、ホノオ！	
MAP49_e8_p1_25	振り向いたら、僕は消えてしまう…	
MAP49_e8_p1_28	マジかよ…　その声…　その声はよ…	
MAP49_e8_p1_34	アニキの…　ホムラ兄貴の声じゃねえか…	
MAP49_e9_p1_11	　　　　　なぜかウィンはまったく動けない！	
MAP49_e9_p1_16	ホノオ、お前に会いたかった。	
MAP49_e9_p1_17	お前と話したいことが、たくさん残っていた…。	
MAP49_e9_p1_20	オレだってそうだよ…	
MAP49_e9_p1_21	だけどアニキ…アンタは死んだ。	
MAP49_e9_p1_22	試練てのは、死んだ人間と会うことなのか！？	
MAP49_e9_p1_25	そうみたいだ…。	
MAP49_e9_p1_26	継承の試練で何が起こるのか、それは秘密。	
MAP49_e9_p1_27	だから真実を知るのは常に王のみ…。	
MAP49_e9_p1_30	そうだな。	
MAP49_e9_p1_31	…しかしアニキと話すことになるなんて、	
MAP49_e9_p1_32	さすがのオレでも全く想像してなかったぜ…	
MAP49_e9_p1_35	そうさ、ホノオにもわからないことは、	
MAP49_e9_p1_36	僕にも、誰にだってきっとわからないのさ。	
MAP49_e9_p1_39	…マジでアニキなのか？	
MAP49_e9_p1_40	そうやって、わけのわからねえ褒め方すんの、	
MAP49_e9_p1_41	マジでホムラ兄貴っぽいんだ…	
MAP49_e9_p1_44	マジでマジでってたくさん言うのも、ホノオらしいよ。	
MAP49_e9_p1_47	アニキ…	
MAP49_e9_p1_48	オレはずっとアニキみてえになりたいと	
MAP49_e9_p1_49	思ってた。	
MAP49_e9_p1_51	誰にでも優しくて…	
MAP49_e9_p1_52	難しい本をたくさん読んでいて…	
MAP49_e9_p1_53	誰もが立派だと褒めるアニキみてえに…	
MAP49_e9_p1_56	…そうか。	...I see.
MAP49_e9_p1_59	だからアニキが死んでから大変だったんだ。	
MAP49_e9_p1_60	オレはたくさん本を読んでみた。	
MAP49_e9_p1_61	みんなに敬語使って話してみたりもした。	
MAP49_e9_p1_63	オレは…	
MAP49_e9_p1_64	誰よりも優しくて頭のいいアニキが…	
MAP49_e9_p1_65	この国の王になるのが、オレはマジで	
MAP49_e9_p1_66	楽しみだったんだよ…	
MAP49_e9_p1_69	…ホノオ。	...Hono.
MAP49_e9_p1_72	アニキの真似をし始めたオレを見て…	
MAP49_e9_p1_73	みんなは余計にがっかりした…。	
MAP49_e9_p1_76	いくら本を読んでも何も頭に入らねえし…	
MAP49_e9_p1_77	敬語だって全然使えなくて…	
MAP49_e9_p1_78	結局、みじめになっただけだったぜ。	
MAP49_e9_p1_8	ウィン！いるのか、オレのアニキがそこに…！	
MAP49_e9_p1_81	つらい思いをしたんだな、ホノオ。	
MAP49_e9_p1_84	ああ…　オレはアニキになれねんだよ…	
MAP49_e9_p2_15	僕が生き返って、ちゃんと王になるよ。	
MAP49_e9_p2_20	生き返るって…	
MAP49_e9_p2_21	一体どうやって？	
MAP49_e9_p2_24	ホノオ、おまえのその火の紋章だ。	
MAP49_e9_p2_30	おまえのその紋章をぼくに継承すれば、	
MAP49_e9_p2_31	ぼくは生き返る…。	
MAP49_e9_p2_34	おまえがずっと望んでいた世界になる…	
MAP49_e9_p2_35	ぼくが王になって、この国をよくできる…	
MAP49_e9_p2_38	…これが、試練てことか？	
MAP49_e9_p2_41	そうだよ、ホノオ。	
MAP49_e9_p2_42	ここは死人の魂の通り道…	
MAP49_e9_p2_43	ここでなら、死者に継承して復活させることができる	
MAP49_e9_p2_46	さあ、考えてくれ、ホノオ…	
MAP49_e9_p2_6	なあ、ホノオ。	
MAP49_e9_p2_9	僕が生き返ったらどうする？	
MAP49_e9_p3_11	そんでオレは、剣を振り回して	
MAP49_e9_p3_12	走り回っていればいい…。	
MAP49_e9_p3_13	そう、それこそオレの望んだ未来だった…。	
MAP49_e9_p3_16	その未来が手に入るんだよ、ホノオ。	
MAP49_e9_p3_22	さあ、ぼくに紋章を継承しよう。	
MAP49_e9_p3_23	そして二人の夢を叶えよう。	
MAP49_e9_p3_29	　　　　　　ウィンは叫ぼうとしたが声が出ない	
MAP49_e9_p3_33	うっ…　　ううっ…	
MAP49_e9_p3_36	ホノオ、どうして泣くんだ？	
MAP49_e9_p3_39	うっ…　それはよう…	
MAP49_e9_p3_49	オマエがアニキの偽物だとわかって	
MAP49_e9_p3_50	心から悲しんでるからだよーーー！！	
MAP49_e9_p3_53	なんだって！？	
MAP49_e9_p3_56	くそー！！！	
MAP49_e9_p3_57	ホントにアニキかもって思ったのによー！！	
MAP49_e9_p3_60	いやいや、ホノオ！	
MAP49_e9_p3_61	ぼくホムラだから！！	
MAP49_e9_p3_64	あのなー試練さんよーーー	
MAP49_e9_p3_66	アニキはオレのことをバカにしたことは	
MAP49_e9_p3_67	一度もねえんだよ…	
MAP49_e9_p3_69	オレがマジで気にしているマジでマジでの	
MAP49_e9_p3_70	口癖のことを…	
MAP49_e9_p3_71	俺らしいとか絶対に言わねえんだよ、	
MAP49_e9_p3_72	本物ならよーーーーーーー！！	
MAP49_e9_p3_75	ぐっ！	
MAP49_e9_p3_78	あとなー試練さんよーーー	
MAP49_e9_p3_8	…ホムラ兄貴が王になって、この国を	
MAP49_e9_p3_81	アニキはよー…	
MAP49_e9_p3_82	王になりたくなかったんだよ…	
MAP49_e9_p3_84	アニキは王になりたくなかった…	
MAP49_e9_p3_85	アニキはいつも…	
MAP49_e9_p3_86	オレに王になれと言っていたんだ…	
MAP49_e9_p3_87	…オレにだけよーーーー！！！	
MAP49_e9_p3_89	だから、アニキなら、本物のアニキなら…	
MAP49_e9_p3_9	どんどん良くする。	
MAP49_e9_p3_91	王になりたいなんて言わねえんだよ！！	
MAP49_e9_p3_92	マジでよーーーーーーーー！！！！	
MAP49_e9_p3_95	ぐわーーーーーーーーーーー	
MAP49_e9_p4_13	…もう振り向いても大丈夫そう？	
MAP49_e9_p4_16	　　　　　　　　　　ウィンは頷いた	Win nodded
MAP49_e9_p4_34	なあ、ウィン。	
MAP49_e9_p4_35	オレの試練ぶり、どうだった？	
MAP49_e9_p4_38	　　　　　　　　　　ウィンは頷いた	Win nodded
MAP49_e9_p4_4	合格！！！！！！！！！	
MAP49_e9_p4_41	こんなのに付き合わせて悪かったな…	
MAP49_e9_p4_42	さあ、親父にどやされに行くか！	
MAP49_e9_p4_8	へ…？	
MAP50_e35_p0_16	ん？　おい、ナガレ。	
MAP50_e35_p0_17	誰か来たぞ。	
MAP50_e35_p0_20	うん…　なんかすごく強そうなひとたちだ…	
MAP50_e35_p0_21	手伝ってもら…	
MAP50_e35_p0_26	うるせえ！！　よそもんなんぞ邪魔だ！	
MAP50_e35_p0_27	あたしらだけで十分だろうが…	
MAP50_e35_p0_28	行くぞ、トリカゼ！マハリ！	
MAP50_e35_p0_37	そりゃそうだ。	
MAP50_e35_p0_38	ちょっとまっとけよー　よそもんさんがたー	
MAP50_e35_p0_41	えー！？	
MAP50_e35_p0_42	大丈夫かなあ…　ぼくの剣術で…	
MAP50_e35_p0_8	うおおお！？	
MAP50_e35_p0_9	なんだあのデッカイ魔物はー！！	
MAP50_e35_p1_100	俺らは火と風の紋章の継承者の、ホノオと	
MAP50_e35_p1_101	ウィンだ。	
MAP50_e35_p1_106	なんだって？	What did you say?
MAP50_e35_p1_109	闇のエレメントが復活しようとしてる。	
MAP50_e35_p1_11	つ、つええ…	
MAP50_e35_p1_110	それで、水の継承者と合流する為に、	
MAP50_e35_p1_111	オレたちはここに来たのさ！	
MAP50_e35_p1_114	　　ウィンとホノオは左手の紋章をナガレに見せた	
MAP50_e35_p1_118	本当みたいだな…。	
MAP50_e35_p1_119	じゃああたしも…	
MAP50_e35_p1_122	　　　　ナガレはウィンとホノオに紋章を見せた	
MAP50_e35_p1_125	あたしがセイリュー当主であり、	
MAP50_e35_p1_126	水の紋章の継承者さ！	
MAP50_e35_p1_129	あんたが継承者か！	
MAP50_e35_p1_130	これは頼りに………　　っておい	
MAP50_e35_p1_132	あんたの紋章…　なんか違うくねえか？	
MAP50_e35_p1_135	は…？	Huh...?
MAP50_e35_p1_136	なんだよ、違うって…	
MAP50_e35_p1_137	いやいや、本当にあたしが継承者だし…	
MAP50_e35_p1_140	おいおい、変なケチ入れんじゃねえぞ。	
MAP50_e35_p1_141	ナガレはれっきとした継承者さ。	
MAP50_e35_p1_144	本当です。	
MAP50_e35_p1_145	ナガレは先日、前当主のシズク様から、	
MAP50_e35_p1_146	正式な紋章継承の儀式を行いました。	
MAP50_e35_p1_149	その通り！！	
MAP50_e35_p1_150	これ以上あたしと紋章を侮辱するなら、	
MAP50_e35_p1_151	おまえたち、ただじゃおかねえぞ…	
MAP50_e35_p1_154	いやでもよ…	
MAP50_e35_p1_155	なあ、もしかして、それ墨か…？	
MAP50_e35_p1_156	墨か何かで書いてあるのか…？	
MAP50_e35_p1_159	は？	
MAP50_e35_p1_160	そうだよ。毎朝墨入れするのが、継承者の	
MAP50_e35_p1_161	役目だからな。	
MAP50_e35_p1_166	………えっ？	......Huh?
MAP50_e35_p1_169	……え？	
MAP50_e35_p1_17	ふーっ…	
MAP50_e35_p1_173	いやいやいやいやいやいやいやいや…	
MAP50_e35_p1_176	いやいやいやいやいやいや…　は？？	
MAP50_e35_p1_179	紋章は書いたり消えたりとかじゃないから！	
MAP50_e35_p1_18	こいつで終りみたいだな。	
MAP50_e35_p1_180	勝手に刻まれて、消えないから！！	
MAP50_e35_p1_181	何かもう、バシッてなるから！！	
MAP50_e35_p1_184	え…　なに？　何を言っているんだあんた…	
MAP50_e35_p1_185	だってあたしが継承者で…紋章が…	
MAP50_e35_p1_188	わかったわかった！	
MAP50_e35_p1_189	じゃあオレとウィンの紋章こすってみろ！	
MAP50_e35_p1_192	そんな馬鹿な…	
MAP50_e35_p1_199	　　　ナガレはウィンとホノオの紋章をこすった！	
MAP50_e35_p1_202	そんな馬鹿な………	
MAP50_e35_p1_205	いたいいたい…　もうわかったろ…	
MAP50_e35_p1_208	消えない…　消えないぞ…	
MAP50_e35_p1_214	消えない…！消えない！！そんな……！！	
MAP50_e35_p1_217	いたいいたい！！！いたいってのーーー！！！	
MAP50_e35_p1_224	消えない！！真っ赤になっても消えない…！	
MAP50_e35_p1_227	まっかっかになるまでこするんじゃねえ！！	
MAP50_e35_p1_23	いやー、久々に見たナガレちゃんの刀さばき、	
MAP50_e35_p1_230	………どういうことだ？	
MAP50_e35_p1_231	あたしの紋章はこいつらのと違う…？	
MAP50_e35_p1_234	じゃあおまえ、その紋章、ちゃんと光るか？	
MAP50_e35_p1_235	魔法は使えるのか？	
MAP50_e35_p1_238	光る…って？	
MAP50_e35_p1_239	ていうか、ま、まほう……？	
MAP50_e35_p1_24	惚れ惚れするねえ。	
MAP50_e35_p1_257	…な？	
MAP50_e35_p1_260	光った…　めちゃくちゃ光った……	
MAP50_e35_p1_263	そう、光るし…	
MAP50_e35_p1_264	オレは魔法で爆発起こせるし、ウィンは何か	
MAP50_e35_p1_265	体中風をまとって超速くなったりできるぞ。	
MAP50_e35_p1_27	ぼくの剣も敵にちゃんと効いてよかった…	
MAP50_e35_p1_32	お前の剣だって相当のもんだぞ。	
MAP50_e35_p1_33	ナガレとばかり比べているから、	
MAP50_e35_p1_34	自分じゃ分からないんだろうけどさ。	
MAP50_e35_p1_39	ああっ！そういえば……	
MAP50_e35_p1_46	ああ、よそもんさん、待たせたね。	
MAP50_e35_p1_47	もう片付いたよ。	
MAP50_e35_p1_50	おう、あんたらの剣術すげえな！	
MAP50_e35_p1_51	見惚れちまったぜ…	
MAP50_e35_p1_56	セイリューの剣を見たのは初めてかい？	
MAP50_e35_p1_59	ああ。	Yeah.
MAP50_e35_p1_60	あんたらの太刀筋が全然見えなかったぜ…。	
MAP50_e35_p1_66	…そっちの金髪の方は、そうでもなかった	
MAP50_e35_p1_67	みたいだけど…　	
MAP50_e35_p1_70	へ？	
MAP50_e35_p1_71	マジか、ウィン…？	
MAP50_e35_p1_74	自己紹介が遅れたな。	
MAP50_e35_p1_75	あたしはセイリュー当主のナガレだ。	
MAP50_e35_p1_78	なっ、あんたが！？	
MAP50_e35_p1_81	なんだよ？	
MAP50_e35_p1_82	見えないってかい？	
MAP50_e35_p1_85	ハハハ！	
MAP50_e35_p1_88	ナガレのお行儀が悪いからだねえ。	
MAP50_e35_p1_96	うるせえぞ、おまえら！	
MAP50_e35_p1_99	いや、あんたが当主なら話が早い！	
MAP50_e35_p2_13	ナガレ大丈夫！？	
MAP50_e35_p2_16	あああああああーーーーーーーーーーー！！！	
MAP50_e35_p2_19	お、おい…　大丈夫かそれ…？	
MAP50_e35_p2_25	おまえ！ナガレをそれとか言うな！！	
MAP50_e35_p2_28	いや、でも…	
MAP50_e35_p2_29	水の紋章がないと闇のエレメントの復活阻止	
MAP50_e35_p2_3	あーーーーーーーーーーーーーっ！！	
MAP50_e35_p2_30	できないから、ヤバいんじゃねえか…？	
MAP50_e35_p2_36	でも…　もしかしたらシズク様やオタキ様が	
MAP50_e35_p2_37	何か知っているんじゃないかな…	
MAP50_e35_p2_42	あ、そうかも…	
MAP50_e35_p2_45	そのしずく…？様と、お…たき？様ってのは？	
MAP50_e35_p2_50	オタキ様は先々代当主、シズク様は先代当主で、	
MAP50_e35_p2_51	ナガレのお姉さまになります。	
MAP50_e35_p2_53	オタキ様がご高齢の為、長女のシズク様に	
MAP50_e35_p2_54	継承したのですが、そのシズク様もご病気で…	
MAP50_e35_p2_55	それでナガレが、この若さで継承することに	
MAP50_e35_p2_56	なったんです。	
MAP50_e35_p2_59	もともと身体の弱かったシズク様をナガレは	
MAP50_e35_p2_60	すごく心配していたから、	
MAP50_e35_p2_61	自分が継承者になって喜んでいたのに…	
MAP50_e35_p2_63	かわいそうなナガレ…	
MAP50_e35_p2_66	ふーん…　	
MAP50_e35_p2_67	じゃあ、もしかしたら本当の継承者は、	
MAP50_e35_p2_68	そっちの二人のどっちかなのかもな…	
MAP50_e35_p2_71	ちがーーーーーーーーーう！！！！！！	
MAP50_e35_p2_72	継承者はあたしだ！！！！	
MAP50_e35_p2_73	あああああーーーーーーーーー！！！	
MAP50_e35_p2_78	ナガレ、大丈夫だよ。	
MAP50_e35_p2_79	まだ君が偽物だと決まったわけじゃない。	
MAP50_e35_p2_8	ナガレ！？	
MAP50_e35_p2_82	とりあえず家に帰ろう、ナガレ。	
MAP50_e35_p2_83	シズク様たちに聞いてみれば何かわかるさ！	
MAP50_e35_p2_88	と、いうわけで…	
MAP50_e35_p2_89	ぼくらはナガレを彼女の家に運びます。	
MAP50_e35_p2_90	あなたたちも後で来てください。	
MAP50_e35_p2_92	彼女たちセイリュー当主の家は、	
MAP50_e35_p2_93	この先すぐの橋を右に渡ったところです。	
MAP50_e35_p2_94	目立つ家なので、すぐわかると思います。	
MAP50_e35_p2_97	おう、わかった！	
MAP50_e35_p2_98	なんか色々と、すまなかった…	
MAP50_e39_p0_2	狩場に魔物が出まくってて、しばらく	Monsters are swarming the hunting grounds, so for a while
MAP50_e39_p0_3	ここは通行止めにさせてもらってる。	this way's closed to traffic.
MAP50_e39_p1_10	任せておいてくれると助かるよ。	I'd be glad if you left it to me.
MAP50_e39_p1_13	分かった。でも、狩り以外でも何か助けが	Got it. But if you need help with anything beyond hunting,
MAP50_e39_p1_14	いるなら、気兼ねしないで話してくれよ？	don't hesitate to say so, alright?
MAP50_e39_p1_2	狩場に魔物が出まくってて、しばらく	Monsters are swarming the hunting grounds, so for a while
MAP50_e39_p1_3	ここは通行止めにさせてもらってる。	this way's closed to traffic.
MAP50_e39_p1_6	北の村でもか…。助けはいらないのか？	In the northern village too...? You don't need help?
MAP50_e39_p1_9	ああ、むしろ狩人たちの邪魔になるから、	Nah, in fact we'd just get in the hunters' way, so
MAP50_e40_p0_2	　　　　　　上流土砂崩れのため通行禁止中	
MAP50_e43_p0_1	持ち出して役に立つようなものは何も見つけられなかった…	There was nothing worth taking with us...
MAP50_e44_p0_1	持ち出して役に立つようなものは何も見つけられなかった…	There was nothing worth taking with us...
MAP50_e45_p0_1	持ち出して役に立つようなものは何も見つけられなかった…	There was nothing worth taking with us...
MAP50_e46_p0_1	持ち出して役に立つようなものは何も見つけられなかった…	There was nothing worth taking with us...
MAP50_e47_p0_1	持ち出して役に立つようなものは何も見つけられなかった…	There was nothing worth taking with us...
MAP50_e48_p0_1	持ち出して役に立つようなものは何も見つけられなかった…	There was nothing worth taking with us...
MAP50_e49_p0_1	持ち出して役に立つようなものは何も見つけられなかった…	There was nothing worth taking with us...
MAP50_e50_p0_1	持ち出して役に立つようなものは何も見つけられなかった…	There was nothing worth taking with us...
MAP50_e51_p0_1	持ち出して役に立つようなものは何も見つけられなかった…	There was nothing worth taking with us...
MAP50_e52_p0_1	持ち出して役に立つようなものは何も見つけられなかった…	There was nothing worth taking with us...
MAP50_e53_p0_1	持ち出して役に立つようなものは何も見つけられなかった…	There was nothing worth taking with us...
MAP50_e54_p0_1	持ち出して役に立つようなものは何も見つけられなかった…	There was nothing worth taking with us...
MAP51_e10_p0_1	持ち出して役に立つようなものは何も見つけられなかった…	There was nothing worth taking with us...
MAP51_e3_p0_15	はい、確かに50Gいただきました。	
MAP51_e3_p0_16	では、どうぞごゆるりと…	
MAP51_e3_p0_2	長旅だったでしょう。	
MAP51_e3_p0_24	またのご利用をお待ちしております。	We look forward to your next visit.
MAP51_e3_p0_25	道中どうぞお気をつけて…	please do be careful on the road...
MAP51_e3_p0_3	お疲れでしたら、どうぞ私どもの宿を	
MAP51_e3_p0_30	お手持ちのお金がたりませんね…	You don't have enough money...
MAP51_e3_p0_4	ご利用ください。	
MAP51_e3_p0_9	一泊料金、皆さま合計で５０Ｇになります。	
MAP51_e3_p1_12	悪い、ありがとう、オジリ。	
MAP51_e3_p1_18	いいのいいの、あなたたちが頑張らなきゃ	
MAP51_e3_p1_19	世界は終わりなんだろう？	
MAP51_e3_p1_2	あら、ナガレ！久し振り！	
MAP51_e3_p1_20	お金なんかいらないよ！	
MAP51_e3_p1_28	またのご利用をお待ちしております。	We look forward to your next visit.
MAP51_e3_p1_29	道中どうぞお気をつけて…	please do be careful on the road...
MAP51_e3_p1_3	皆さん、お疲れでしょう。	
MAP51_e3_p1_34	お手持ちのお金がたりませんね…	You don't have enough money...
MAP51_e3_p1_4	どうぞ休んでかれてくださいな。	
MAP51_e3_p1_9	もちろん、お代はいりませんよ！	
MAP51_e4_p0_2	あ！ダメだよこんなところまで入ったら！	
MAP51_e4_p0_3	でも、一応、お客さんいらっしゃい！	
MAP51_e4_p1_10	すまないな、苦労をかけてる…	
MAP51_e4_p1_13	ナガレが謝る事じゃないだろー？	
MAP51_e4_p1_14	大丈夫、草とかいっぱい生えてるだろう？	
MAP51_e4_p1_15	レパートリー自体はたくさんあるんだ！	
MAP51_e4_p1_18	さすがキエヤマだな！	
MAP51_e4_p1_19	もう少しの辛抱だから、しっかり頼んだ！	
MAP51_e4_p1_2	うーん…　コメがたりないなあ…	
MAP51_e4_p1_3	どうやってやり繰りしよう…	
MAP51_e4_p1_6	…って、ナガレ！？	
MAP51_e4_p1_7	あんた、なにしてんの、こんなところで！？	
MAP51_e5_p0_1	持ち出して役に立つようなものは何も見つけられなかった…	There was nothing worth taking with us...
MAP51_e6_p0_1	持ち出して役に立つようなものは何も見つけられなかった…	There was nothing worth taking with us...
MAP51_e7_p0_1	持ち出して役に立つようなものは何も見つけられなかった…	There was nothing worth taking with us...
MAP51_e8_p0_1	持ち出して役に立つようなものは何も見つけられなかった…	There was nothing worth taking with us...
MAP51_e9_p0_1	持ち出して役に立つようなものは何も見つけられなかった…	There was nothing worth taking with us...
MAP52_e20_p0_1	持ち出して役に立つようなものは何も見つけられなかった…	There was nothing worth taking with us...
MAP52_e21_p0_1	持ち出して役に立つようなものは何も見つけられなかった…	There was nothing worth taking with us...
MAP52_e22_p0_1	持ち出して役に立つようなものは何も見つけられなかった…	There was nothing worth taking with us...
MAP52_e8_p0_2	セイリューに行きたい？	You want to go to Seiryu?
MAP52_e8_p0_3	ここも一応セイリューだけど。	This is Seiryu too, technically.
MAP52_e8_p0_4	わかってるよ、領主の村に行きたいんだろ。	I know, you want to go to the lord's village.
MAP52_e8_p0_6	ここからどんどん北に行けば着くよ。	Head north from here and you'll reach it.
MAP52_e8_p0_7	大きな村が見えてくるからすぐ分かる。	You'll see a big village, so it's easy to tell.
MAP52_e8_p1_10	あんた、もしかしてそうやって毎回	
MAP52_e8_p1_11	旅人に教えてあげてんのか…？	
MAP52_e8_p1_14	そうだよ。嫌になるときもあるけど、	
MAP52_e8_p1_15	まあ、最近はそんなに忙しくないし…	
MAP52_e8_p1_18	みんなあたしの知らないところで色々	
MAP52_e8_p1_19	働いてくれてるんだねえ。	
MAP52_e8_p1_2	セイリューに行きたい？	You want to go to Seiryu?
MAP52_e8_p1_3	ここも一応セイリューだけど。	This is Seiryu too, technically.
MAP52_e8_p1_4	わかってるよ、領主の村に行きたいんだろ。	I know, you want to go to the lord's village.
MAP52_e8_p1_6	ここからどんどん北に行けば着くよ。	Head north from here and you'll reach it.
MAP52_e8_p1_7	大きな村が見えてくるからすぐ分かる。	You'll see a big village, so it's easy to tell.
MAP53_e10_p0_1	持ち出して役に立つようなものは何も見つけられなかった…	There was nothing worth taking with us...
MAP53_e11_p0_1	持ち出して役に立つようなものは何も見つけられなかった…	There was nothing worth taking with us...
MAP53_e12_p0_1	持ち出して役に立つようなものは何も見つけられなかった…	There was nothing worth taking with us...
MAP53_e13_p0_1	持ち出して役に立つようなものは何も見つけられなかった…	There was nothing worth taking with us...
MAP53_e14_p0_2	　　　　　　見たことのない薬類が入っている	It's full of medicines I've never seen before.
MAP53_e4_p0_2	ああ、迷い込んだみたいだね。	Yeah, looks like they wandered in.
MAP53_e4_p0_3	ここはただの採石場だ。何もないよ。	This is just a quarry. Nothing here.
MAP53_e4_p1_10	お前こんなところに何しに…？	What are you doing in a place like this...?
MAP53_e4_p1_13	ちょっと寄り道しただけさ。	Just taking a little detour.
MAP53_e4_p1_14	それよりなんだよ、その驚きようは？	Anyway, why the surprise?
MAP53_e4_p1_17	いや…　あの悪ガキが突然きれいになって	Well... that little brat suddenly showed up all clean,
MAP53_e4_p1_18	やって来るもんだからこころの準備が…	and I wasn't prepared for it...
MAP53_e4_p1_19	え、本当にナガレなんだよな？	Wait, you're really Nagare, right?
MAP53_e4_p1_2	ああ、迷い込んだみたいだね。	Yeah, looks like they wandered in.
MAP53_e4_p1_22	褒められてんだか貶されてんだかわからん！	I can't tell if that's a compliment or an insult!
MAP53_e4_p1_3	ここはただの採石場だ。何もないよ。	This is just a quarry. Nothing here.
MAP53_e4_p1_6	よう、バモヤシ。おひさ！	Yo, Bamoyashi. Long time no see!
MAP53_e4_p1_9	うお！？ナガレ！？	Whoa!? Nagare!?
MAP53_e5_p0_10	　　　　　お茶を飲んで、みんなのＨＰが回復した！	Everyone drank tea and recovered HP!
MAP53_e5_p0_14	まだ村まで結構遠いし、魔物も出るから	The village is still pretty far, and monsters appear, so
MAP53_e5_p0_15	気を付けてねー	be careful now~
MAP53_e5_p0_2	旅人かい？	A traveler, are you?
MAP53_e5_p0_20	まだ村まで結構遠いし、魔物も出るから	The village is still pretty far, and monsters appear, so
MAP53_e5_p0_21	気を付けてねー	be careful now~
MAP53_e5_p0_3	なにもなくってガッカリしただろ。	Bet you're disappointed there's nothing here.
MAP53_e5_p0_4	まあ、よかったらお茶でも飲んでいけば？	Well, why not have some tea if you like?
MAP53_e5_p1_10	　　　　　お茶を飲んで、みんなのＨＰが回復した！	Everyone drank tea and recovered HP!
MAP53_e5_p1_14	こうやってまた、たまには顔見せに来てよね、	Come show your face once in a while, okay,
MAP53_e5_p1_15	ナガレ。	Nagare?
MAP53_e5_p1_18	うん、ありがとう！	Yeah, thank you!
MAP53_e5_p1_2	あ、ナガレじゃん。	Oh, it's Nagare.
MAP53_e5_p1_23	こうやってまた、たまには顔見せに来てよね、	Come show your face once in a while, okay,
MAP53_e5_p1_24	ナガレ。	Nagare?
MAP53_e5_p1_27	うん、ありがとう！	Yeah, thank you!
MAP53_e5_p1_3	せっかく来たんだし、よかったら	Since you came all this way, why not
MAP53_e5_p1_4	お茶でも飲んでいけば？	have some tea?
MAP53_e6_p0_1	持ち出して役に立つようなものは何も見つけられなかった…	There was nothing worth taking with us...
MAP53_e7_p0_2	　　　　セイリューとの連絡に用いられている手紙類だ	These are letters used to keep in touch with Seiryu.
MAP53_e8_p0_2	　　　　　　見たことのない薬類が入っている	It's full of medicines I've never seen before.
MAP53_e9_p0_1	持ち出して役に立つようなものは何も見つけられなかった…	There was nothing worth taking with us...
MAP54_e3_p0_2	あらいらっしゃい。	Oh, welcome.
MAP54_e3_p0_3	コメならここでは買えないよ。	You can't buy rice here.
MAP54_e3_p0_4	領民で分けあっているものだから。	It's shared among the villagers.
MAP54_e3_p0_6	だけど宿の食事とか、あと行商人から	But you can get it in inn meals, or buy portable
MAP54_e3_p0_7	携帯食のライスボールが買えたりするから、	rice balls from the peddlers,
MAP54_e3_p0_8	食べることはできるんだよ。	so you can still eat.
MAP54_e4_p0_1	持ち出して役に立つようなものは何も見つけられなかった…	There was nothing worth taking with us...
MAP54_e5_p0_1	持ち出して役に立つようなものは何も見つけられなかった…	There was nothing worth taking with us...
MAP54_e6_p0_1	持ち出して役に立つようなものは何も見つけられなかった…	There was nothing worth taking with us...
MAP54_e7_p0_1	持ち出して役に立つようなものは何も見つけられなかった…	There was nothing worth taking with us...
MAP55_e10_p0_2	おう、来たか。オタキ様もシズク様も、	
MAP55_e10_p0_3	アンタらが来てからじゃないと話さない	
MAP55_e10_p0_4	らしくて、ナガレが死にかけてる…。	
MAP55_e10_p1_11	　　　　　　　お金　1500G　を手渡された！	
MAP55_e10_p1_14	現金の方が便利だと思ってさ。	
MAP55_e10_p1_15	うちの店…　ああ、村の北の方に	
MAP55_e10_p1_16	うちの一族の店があるから、	
MAP55_e10_p1_19	そこで必要なものをそろえてから行きなよ。	
MAP55_e10_p1_2	話は聞いてたよ、あんたたち。	
MAP55_e10_p1_22	トリカゼ、ありがとう、恩に着る！	
MAP55_e10_p1_25	何言ってんだ、助け合うのがセイリューだろ？	
MAP55_e10_p1_26	それにあんたはセイリューの頭領だ！	
MAP55_e10_p1_27	堂々とあたしらを使ってくんな！	
MAP55_e10_p1_3	旅立ちだろ？	
MAP55_e10_p1_30	頭領って、野盗みたいな呼び方だな！	
MAP55_e10_p1_5	これはあたし…というかあたしら鍛冶屋の	
MAP55_e10_p1_6	一族からの餞別だ。	
MAP55_e10_p1_7	少しでも役立ててくれ。	
MAP55_e10_p2_11	心配すんな！オレとウィンもいる。	
MAP55_e10_p2_12	絶対に大丈夫だ！	
MAP55_e10_p2_15	ああ、信じてるぜ！	
MAP55_e10_p2_2	ナガレちゃん、必ず生きて帰ってこいよ	
MAP55_e10_p2_5	当たり前だろ。トリカゼらしくない弱気だな。	
MAP55_e10_p2_8	ハハ…　だな？	
MAP55_e11_p0_2	皆さんお待ちかねですよ。	
MAP55_e11_p0_3	特に…何も教えてもらえないまま放置されてる	
MAP55_e11_p0_4	ナガレがね…	
MAP55_e12_p0_10	遅いぞあんたら…	
MAP55_e12_p0_101	話してくれ、オタキ様。	
MAP55_e12_p0_104	うむ…	
MAP55_e12_p0_107	ホノオどのとウィンどのも、	
MAP55_e12_p0_108	どうぞお聞き下され…。	
MAP55_e12_p0_109	これは本来セイリュー当主のみに伝えられる	
MAP55_e12_p0_110	秘密じゃが…　	
MAP55_e12_p0_112	闇のエレメントの復活がはじまったいま…	
MAP55_e12_p0_113	もう隠す必要はないとわしは判断しますじゃ	
MAP55_e12_p0_116	お、おう…	
MAP55_e12_p0_119	秘密って…いったい…	
MAP55_e12_p0_127	　　　　代々セイリュー当主に口伝でのみ伝わる、	
MAP55_e12_p0_129	　　　　　　この地セイリューの伝説じゃ	
MAP55_e12_p0_132	　　　その昔、この地にひとびとが集い集落を作る前	
MAP55_e12_p0_135	　　　　この地は日夜大雨が降り続き、川は溢れ	
MAP55_e12_p0_138	　　　木は腐り、とてもひとが住める地ではなかった	
MAP55_e12_p0_142	　　　　　その地にはじまりの水の者が現れた	
MAP55_e12_p0_147	はじまりの、水の者？	
MAP55_e12_p0_148	なんだそれ？？聞いたことないぞ。	
MAP55_e12_p0_151	そんな伝説、フレイムでも聞いたことがねえ。	
MAP55_e12_p0_152	なんだなんだ、どうなるんだ！？	
MAP55_e12_p0_155	うるさい！	
MAP55_e12_p0_156	あんたら話の腰を折るんじゃない！	
MAP55_e12_p0_157	ただでさえ長くなるんじゃ！！	
MAP55_e12_p0_160	はい…	Yes...
MAP55_e12_p0_163	すんません…	
MAP55_e12_p0_167	　　　　　はじまりの水の者はとても疲れていた	
MAP55_e12_p0_17	よういらっしゃった、火と風の紋章の継承者	
MAP55_e12_p0_170	　　　　　　長い旅の末にこの地に迷い込み	
MAP55_e12_p0_171	　　遂には動けなくなって、洞窟の中で身をよこたえた	
MAP55_e12_p0_174	　　　　　　何度も眠り、何度も目を覚ましたが	
MAP55_e12_p0_176	　　　　　すさまじい雨は全くやむ気配がなかった	
MAP55_e12_p0_179	　　　　死ぬこともできず、かといって身体も動かず	
MAP55_e12_p0_18	のかたがた…	
MAP55_e12_p0_182	　　　　　　　やがてはじまりの水の者は	
MAP55_e12_p0_184	　　　　　　　　何か食べ物でもないかと	
MAP55_e12_p0_186	　　　　　　　　真っ暗闇の洞窟の奥へと	
MAP55_e12_p0_188	　　　　　　　　　歩き出したのじゃ	
MAP55_e12_p0_19	わしが先々代当主、オタキですじゃ	
MAP55_e12_p0_192	ちょっと待ってこの話、	
MAP55_e12_p0_193	龍の話か？龍出てくる話っぽいな！	
MAP55_e12_p0_196	そうなのか？りゅう？	
MAP55_e12_p0_197	なんだなんだどうなるんだ？？	
MAP55_e12_p0_200	だまらっしゃい！！	
MAP55_e12_p0_201	ナガレも黙って聞きなさい！！	
MAP55_e12_p0_202	長くなると言っておるじゃろ！！	
MAP55_e12_p0_205	はい…	Yes...
MAP55_e12_p0_208	　　　　　　　　真っ暗闇の中をふらふらと	
MAP55_e12_p0_210	　　　　　　　　　　歩いていると…	
MAP55_e12_p0_212	　　　　　　突然足元の感覚が、地面がなくなった	
MAP55_e12_p0_216	　　　　　　　　　はじまりの水の者は	
MAP55_e12_p0_218	　　　　　　　洞窟の奥で穴に落ちたのじゃな	
MAP55_e12_p0_22	私が先代当主のシズクです。	
MAP55_e12_p0_221	　　　　　　　　　　深い穴じゃった	
MAP55_e12_p0_223	　　　　　　　はじまりの水の者は落ちながら	
MAP55_e12_p0_225	　　　　　さすがに死んでしまうだろうと思った	
MAP55_e12_p0_228	　　　　　　　しかし気付くと生きていた	
MAP55_e12_p0_23	そちらの現当主、ナガレの姉でございます。	
MAP55_e12_p0_230	　　　　　濡れた岩肌の上で目を覚ましたのじゃ	
MAP55_e12_p0_233	　　　　　　　　そして目を見開いた	
MAP55_e12_p0_236	　　　　　　目の前に大きな龍がいたのじゃ	
MAP55_e12_p0_239	　　　　　　　　　それだけではない	
MAP55_e12_p0_242	　　　　　　龍の左目に　はじまりの水の者が	
MAP55_e12_p0_244	　　　　　　　腰に履いていた刀が深々と	
MAP55_e12_p0_246	　　　　　　　　突き刺さっていたのじゃ	
MAP55_e12_p0_249	　　　　　　はじまりの水の者が助かったのは	
MAP55_e12_p0_251	　　　　龍の目に刀が突き刺さったからだったのじゃ	
MAP55_e12_p0_257	うおおおおおおおおおおお！！	
MAP55_e12_p0_26	どうも…オレはホノオ。	
MAP55_e12_p0_260	やっぱり龍が出てくる話だったな！	
MAP55_e12_p0_263	あんたらもう少し静かに聞けないのかい…	
MAP55_e12_p0_264	これはあてっこクイズとかじゃないんじゃぞ…	
MAP55_e12_p0_268	　　　　　　　　　　龍は泣いた　啼いた	
MAP55_e12_p0_27	で、こっちがウィンです。	
MAP55_e12_p0_271	　　　　　　　　　　何千年と生きてきて　	
MAP55_e12_p0_273	　　　　　　　エレメントを守り続けてきて	
MAP55_e12_p0_275	　　　　　　　　　　その結果がこれか	
MAP55_e12_p0_278	　　　　　　　　　　龍は弱っていた	
MAP55_e12_p0_280	　　　　　　　　はじまりの水の者の刀が	
MAP55_e12_p0_282	　　　　　とどめになってしまったようじゃった	
MAP55_e12_p0_285	　　　　　　　　　憐れに思った水の者は	
MAP55_e12_p0_287	　　　　　　　　　　　自分の紋章を	
MAP55_e12_p0_289	　　　　　　　　　　龍に継承したのじゃ	
MAP55_e12_p0_292	　　　　　　自分の犯した罪のせめてもの償いにとな…	
MAP55_e12_p0_296	うおおおおおおおおおおお！？	
MAP55_e12_p0_299	てことは…てことはだ…	
MAP55_e12_p0_300	紋章は龍が持っているってことか！？	
MAP55_e12_p0_301	そうなのかオタキ様！！	
MAP55_e12_p0_304	そうじゃな…そうじゃが…	
MAP55_e12_p0_305	もう少しで終わるんじゃ…黙ってなさい！！	
MAP55_e12_p0_308	おう！	Oh!
MAP55_e12_p0_311	あーーーー！龍に会いたいーーーーー！！	
MAP55_e12_p0_315	　　　　　　　水の者から紋章を継承した龍は	
MAP55_e12_p0_317	　　　　　　　　　元気になったのじゃ	
MAP55_e12_p0_319	　　　　　　しかし潰れた目は元に戻らなかった	
MAP55_e12_p0_322	　　　　　　　　　　　龍は云った	
MAP55_e12_p0_325	　　　　　　　お前の過ちを赦すことはできない	
MAP55_e12_p0_327	　　　　　　　しかしお前のその慈悲のこころに	
MAP55_e12_p0_329	　　　　　　　　　少しだけ応えてやる	
MAP55_e12_p0_33	　　　　　　　　　ウィンはおじぎをした	
MAP55_e12_p0_332	　　　　　　　　　　これからお前を地上に	
MAP55_e12_p0_334	　　　　　　　　　　　帰してやるが	
MAP55_e12_p0_336	　　　　　　　　帰ったら必ず地上の洞窟を塞ぎ	
MAP55_e12_p0_338	　　　　　　　　　二度と人間が迷い込まぬよう	
MAP55_e12_p0_340	　　　　　　　　穴から落ちてこぬようにしろと	
MAP55_e12_p0_343	　　　　　　　地上に帰った水の者は約束を守り	
MAP55_e12_p0_345	　　　　　　　　　　　洞窟をふさぎ	
MAP55_e12_p0_347	　　　　　　　　そこにお社を建てたのじゃ	
MAP55_e12_p0_350	　　　　　二度と龍の上からひとが落ちぬようにとな…	
MAP55_e12_p0_353	　　　　　　　　　　そうするとやがて	
MAP55_e12_p0_355	　　　　　　　雨はやみ、川は穏やかになり	
MAP55_e12_p0_357	　　　　　　　　　　木々は青々と育ち	
MAP55_e12_p0_359	　　　　　　　この地は豊かになったのじゃ	
MAP55_e12_p0_36	自己紹介が済んだんだから、もういいだろ？	
MAP55_e12_p0_366	おわりじゃ！	
MAP55_e12_p0_37	本題だ！	
MAP55_e12_p0_370	うおおおおおおおおおおお……お？	
MAP55_e12_p0_373	よしわかった、早く龍をぶちのめしに行くぞ！	
MAP55_e12_p0_376	うおおお…　あ、そういう話か、これ？	
MAP55_e12_p0_379	ナガレ！そうやってすぐ村の守り神である	
MAP55_e12_p0_380	龍を、ぶちのめすとか、食べるとか	
MAP55_e12_p0_381	言っておるから、この話をしなかったんじゃ！	
MAP55_e12_p0_384	…え？	...Huh?
MAP55_e12_p0_389	クスクス…	
MAP55_e12_p0_394	…え？なに笑ってんの姉さま？	
MAP55_e12_p0_397	しかし…	However...
MAP55_e12_p0_398	そんなナガレが当主になった途端に、	
MAP55_e12_p0_399	この度の事態…闇の復活が起こるとはのう…	
MAP55_e12_p0_4	いらっしゃいましたね。	
MAP55_e12_p0_401	ナガレ…	
MAP55_e12_p0_402	これも龍の思し召しかも知れぬの。	
MAP55_e12_p0_403	わしやシズクでは、とてもじゃないが、	
MAP55_e12_p0_404	龍に会いになど行けぬからの。	
MAP55_e12_p0_407	…そうか。セイリュー当主はいざとなったら、	
MAP55_e12_p0_408	龍から本物の紋章を奪い返しに行かないと	
MAP55_e12_p0_409	だったんだな…。	
MAP55_e12_p0_412	そういうことじゃ…。	
MAP55_e12_p0_413	ナガレよ。セイリュー当主が代々伝えてきた	
MAP55_e12_p0_414	のは、このときの為だったのじゃ。	
MAP55_e12_p0_416	洞窟の奥にいるという龍と会うなど…	
MAP55_e12_p0_417	初代の水の者以来、誰もしたことのないこと。	
MAP55_e12_p0_419	何が起こるかも分からん…	
MAP55_e12_p0_420	そもそも龍から紋章を奪い返すなどという	
MAP55_e12_p0_421	ことが、本当に出来ることかも分からんのじゃ。	
MAP55_e12_p0_424	そうだよ！紋章は、本当にこころから	
MAP55_e12_p0_425	信頼した相手にしか継承できないはずだ！	
MAP55_e12_p0_427	龍から奪い返すなんて…	
MAP55_e12_p0_428	それこそ龍をぶちのめすなんて…	
MAP55_e12_p0_429	そんなことして、紋章を継承できるとは	
MAP55_e12_p0_430	とても思えないぞ…？	
MAP55_e12_p0_433	え…？そうなの…か？	
MAP55_e12_p0_436	ああ。だからこそ、紋章の奪い合いみたいな	
MAP55_e12_p0_437	争いごとも、いままでに起こったことが	
MAP55_e12_p0_438	ないって、オレのアニキや親父も言ってた。	
MAP55_e12_p0_441	そうなのだとすると…	
MAP55_e12_p0_442	龍に会えたとしても、一体どのように	
MAP55_e12_p0_443	紋章を継承するのでしょうか…？	
MAP55_e12_p0_446	なんだよ…　せっかく龍をぶちのめせると	
MAP55_e12_p0_447	思ったのに…	
MAP55_e12_p0_450	なあナガレよー…	
MAP55_e12_p0_451	おまえ、なんでそんなに龍をぶちのめす	
MAP55_e12_p0_452	ばかり言ってるんだ？	
MAP55_e12_p0_455	…あ？	
MAP55_e12_p0_458	だってよー…	
MAP55_e12_p0_459	大事なのは水の紋章を継承することだぞ？	
MAP55_e12_p0_46	あたしの紋章、やっぱり偽物なのか！？	
MAP55_e12_p0_461	水の紋章がねえと、	
MAP55_e12_p0_462	闇のエレメントに対抗できねえんだからよー。	
MAP55_e12_p0_463	その為なら、龍と話し合うとか、お願いして	
MAP55_e12_p0_464	返してもらうとか先に考えるもんじゃねのか？	
MAP55_e12_p0_467	………っ。	
MAP55_e12_p0_47	こいつらのはあたしのと違う！	
MAP55_e12_p0_470	ホノオどの…その件については、	
MAP55_e12_p0_471	ナガレをあまり責めないでやってください…。	
MAP55_e12_p0_473	詳しくはいま話せませんが…	
MAP55_e12_p0_474	いつか、ご理解いただける日が来ると	
MAP55_e12_p0_475	思いますので…　なにとぞ…	
MAP55_e12_p0_478	え…　ああ、はい…。	
MAP55_e12_p0_48	光るし、魔法使えるし…消えないんだぞ！？	
MAP55_e12_p0_484	そろそろ…この話もしまいにしよう。	
MAP55_e12_p0_491	ナガレ。おまえはこれから龍のお社に向かい、	
MAP55_e12_p0_492	その奥の洞窟から、龍の元を目指すのじゃ。	
MAP55_e12_p0_494	ホノオどの、ウィンどの、	
MAP55_e12_p0_495	あなたがたもご協力願えますな？	
MAP55_e12_p0_496	水の紋章の継承は、あなたがたにとっても	
MAP55_e12_p0_497	いま最も大事なことがらのはず。	
MAP55_e12_p0_5	どうぞお二方、こちらへ。	
MAP55_e12_p0_50	二人とも、知っていたのか！？	
MAP55_e12_p0_500	ああ！その点はもちろんだぜ！	
MAP55_e12_p0_506	　　　　　　　　　　　ウィンは頷いた	Win nodded
MAP55_e12_p0_509	ありがとうございますじゃ。	
MAP55_e12_p0_51	それとも、二人とも知らないのか！？	
MAP55_e12_p0_510	ナガレよ、決して無茶をするでないぞ。	
MAP55_e12_p0_512	おまえの使命は、龍を倒すことではない…。	
MAP55_e12_p0_513	水の紋章を継承し、真の継承者となり…	
MAP55_e12_p0_514	闇のエレメントの復活を止めることなの	
MAP55_e12_p0_515	じゃからな。	
MAP55_e12_p0_518	…はい。	...Yes.
MAP55_e12_p0_52	知らないのだったら、闇のエレメントとの	
MAP55_e12_p0_521	では、ホノオどの、ウィンどの。	
MAP55_e12_p0_522	ナガレをよろしく頼みましたぞ。	
MAP55_e12_p0_527	龍のお社は村を出て東へ向かえば見えてきます。	Leave the village and head east, and the Dragon Shrine will come into view.
MAP55_e12_p0_528	それと…	Also...
MAP55_e12_p0_53	戦い、どうなるんだ！？	
MAP55_e12_p0_530	旅立ちの前に、部屋の外にいる、	Before you set out, try talking to
MAP55_e12_p0_531	トリカゼとマハリに話し掛けてみて下さい。	Torikaze and Mahari, who are outside the room.
MAP55_e12_p0_532	何やら用意してくれているものがあるようです。	It seems they've prepared something for you.
MAP55_e12_p0_537	お社の場所なら当然あたしが知っているから、	
MAP55_e12_p0_538	あんたらはついてくるだけで大丈夫さ。	
MAP55_e12_p0_540	本物の紋章の力があるんだろ？	
MAP55_e12_p0_541	なあに、龍だってきっと大したことないさ。	
MAP55_e12_p0_542	ビビらないでくれよな。	
MAP55_e12_p0_545	…おう。	
MAP55_e12_p0_56	こら、ナガレ！	
MAP55_e12_p0_57	客人の前で怒鳴るのはおよしなさい！	
MAP55_e12_p0_62	あたしの紋章が偽物なら、	
MAP55_e12_p0_63	あたしは継承者としても当主としても偽物だ！	
MAP55_e12_p0_64	姉さまは知っていたのか！？	
MAP55_e12_p0_67	ナガレ、あなたは本物の当主であり、	
MAP55_e12_p0_68	継承者です。ただ、これにはわけが	
MAP55_e12_p0_69	あるのです…	
MAP55_e12_p0_72	だからそのワケを早く教えろってあたしは…	
MAP55_e12_p0_73	　　姉さま！！	
MAP55_e12_p0_79	ゴホンゴホン…ゴホッゴホッ…	
MAP55_e12_p0_82	姉さま、大丈夫か！？	
MAP55_e12_p0_83	さあ、もっと楽な格好をしてくれ…	
MAP55_e12_p0_86	ごめんなさい…　大丈夫よ…　	
MAP55_e12_p0_89	シズク、やっぱりわしから話すよ。	
MAP55_e12_p0_90	おまえさんはそこで楽にしていなさい。	
MAP55_e12_p0_91	つらかったら席を外してよいからの。	
MAP55_e12_p0_96	ありがとうございます、オタキ様。	
MAP55_e13_p1_10	　　　　　　　　万金丹を　5個	
MAP55_e13_p1_11	　　　　　ライスボールを　3個	
MAP55_e13_p1_12	　　　　　　　　　手渡された！	
MAP55_e13_p1_15	いくつか余っていた薬と…	
MAP55_e13_p1_16	うちで採れたコメで作ったごはんです。	
MAP55_e13_p1_17	旅先で食べてくださいね。	
MAP55_e13_p1_2	なんとか間に合いました…。	
MAP55_e13_p1_20	いつもマハリの家からは色々もらってるのに…	
MAP55_e13_p1_21	ありがとうな。助かるよ！	
MAP55_e13_p1_24	うちの一族は、ナガレたちはもちろん、	
MAP55_e13_p1_25	村のみんなを食べさせるためにある家だからね。	
MAP55_e13_p1_27	当然のおしごとをしているだけだよ。	
MAP55_e13_p1_28	ちょっと今年は不作で、あまりたくさん	
MAP55_e13_p1_29	あげられないのが申し訳ないけれど…	
MAP55_e13_p1_3	こんなものしかありませんが、	
MAP55_e13_p1_32	最近魔物や害虫が多いのも、きっと	
MAP55_e13_p1_33	闇のエレメントの影響なんだろうな。	
MAP55_e13_p1_35	大丈夫。	
MAP55_e13_p1_36	あたしが紋章を継承して闇のエレメントとかを	
MAP55_e13_p1_37	ぶちのめせば、またみんな腹いっぱいコメを	
MAP55_e13_p1_38	食えるようになるさ！	
MAP55_e13_p1_4	持って行って下さい。	
MAP55_e13_p1_41	そうだね！ナガレ、気を付けてね！	
MAP55_e13_p1_42	ホノオさんとウィンさんも、お気をつけて！	
MAP55_e13_p1_45	おう！まかせとけって！	
MAP55_e13_p1_9	　　　　　　　　　傷薬を　5個	
MAP55_e13_p2_2	最近お社の周りは、強い魔物が出る。	
MAP55_e13_p2_3	お二方もいらっしゃるから大丈夫かも知れない	
MAP55_e13_p2_4	けれど…　気を付けて。	
MAP55_e14_p0_1	持ち出して役に立つようなものは何も見つけられなかった…	There was nothing worth taking with us...
MAP55_e15_p0_1	持ち出して役に立つようなものは何も見つけられなかった…	There was nothing worth taking with us...
MAP55_e16_p0_1	持ち出して役に立つようなものは何も見つけられなかった…	There was nothing worth taking with us...
MAP55_e22_p1_11	きっともう少しの辛抱さ！	A little more patience, surely!
MAP55_e22_p1_12	ちゃんとごはん食べて元気出そう！	Eat properly and keep your spirits up!
MAP55_e22_p1_2	えらいことになったね…	This is quite the situation...
MAP55_e22_p1_3	でも、こういうときの為にも薬類は	But it's for times like this that we stock
MAP55_e22_p1_4	たくさん揃えてあるよ！	plenty of medicines!
MAP55_e22_p2_12	きっともう少しの辛抱さ！	A little more patience, surely!
MAP55_e22_p2_13	ちゃんとごはん食べて元気出そう！	Eat properly and keep your spirits up!
MAP55_e22_p2_2	えらいことになったね…	This is quite the situation...
MAP55_e22_p2_3	でも、こういうときの為にも薬類は	But it's for times like this that we stock
MAP55_e22_p2_4	たくさん揃えてあるよ！	plenty of medicines!
MAP55_e23_p1_17	まだ新作の刀は出来ていない…。	The new blade isn't done yet...
MAP55_e23_p1_18	洪水のせいで鍛冶場に行けなくなっちまった	The flood kept me from getting to
MAP55_e23_p1_19	からな…	the forge...
MAP55_e23_p1_2	ちょうど洪水の前に、	Just before the flood,
MAP55_e23_p1_3	行商人が置いて行った他国の武具もあるぞ。	a peddler left behind some foreign arms.
MAP55_e23_p1_4	必要なものがあったら買って行け。	If you need anything, buy it before you go.
MAP55_e23_p2_17	まだ新作の刀は出来ていない…。	The new blade isn't done yet...
MAP55_e23_p2_18	洪水のせいで鍛冶場に行けなくなっちまった	The flood kept me from getting to
MAP55_e23_p2_19	からな…	the forge...
MAP55_e23_p2_2	ちょうど洪水の前に、	Just before the flood,
MAP55_e23_p2_3	行商人が置いて行った他国の武具もあるぞ。	a peddler left behind some foreign arms.
MAP55_e23_p2_4	必要なものがあったら買って行け。	If you need anything, buy it before you go.
MAP55_e23_p3_12	な、なんだーーー！？	Wh-What the—!?
MAP55_e23_p3_13	この洗濯物を干す棒みてーな刀はよ！？	This blade looks like a clothes-drying pole!
MAP55_e23_p3_16	俺たちセイリューの民が使う、つばめ返し…	
MAP55_e23_p3_17	その秘剣を極限まで高められる刀を設計したら	
MAP55_e23_p3_18	こうなった…。	
MAP55_e23_p3_2	ナガレ、遂に新作が完成したぞ。	Nagare, the new blade is finally done.
MAP55_e23_p3_21	そ、そうなんだ…？	R-Really...?
MAP55_e23_p3_24	つばめ返しの威力は確かに上がったが…	
MAP55_e23_p3_25	普通に使う刀としての性能には自信がない…	
MAP55_e23_p3_28	だから、ナガレ、お前が実戦で使ってみて、	
MAP55_e23_p3_29	その使い勝手をあとで俺に教えて欲しい。	
MAP55_e23_p3_3	ひと振り目は当主であり、継承者であるお前に	
MAP55_e23_p3_32	その手間賃代わりの、タダってわけだな？	
MAP55_e23_p3_35	そういうわけでもない。	
MAP55_e23_p3_36	鍛冶屋として継承者のお前にしてやれることが	
MAP55_e23_p3_37	これくらいしかないんだ。	
MAP55_e23_p3_4	託そう。	
MAP55_e23_p3_40	そうか、邪推して悪かったよ！	
MAP55_e23_p3_41	あんたの気持ちと一緒に、有難くいただくよ！	
MAP55_e23_p3_9	　　　　　　ナガレは物干し竿を受け取った！	
MAP55_e23_p4_12	な、なんだーーー！？	Wh-What the—!?
MAP55_e23_p4_13	この洗濯物を干す棒みてーな刀はよ！？	This blade looks like a clothes-drying pole!
MAP55_e23_p4_16	秘剣つばめ返しを極限まで高められる刀を設計	
MAP55_e23_p4_17	したらこうなった…。	
MAP55_e23_p4_18	この形の刀を、大太刀と名付けた。	
MAP55_e23_p4_2	ナガレ、遂に新作が完成したぞ。	Nagare, the new blade is finally done.
MAP55_e23_p4_21	そ、そうなんだ…？	R-Really...?
MAP55_e23_p4_24	つばめ返しの威力は確かに上がったが…	
MAP55_e23_p4_25	普通に使う刀としての性能には自信がない…	
MAP55_e23_p4_28	だから、ナガレ、お前が実戦で使ってみて、	
MAP55_e23_p4_29	その使い勝手をあとで俺に教えて欲しい。	
MAP55_e23_p4_3	ひと振り目は当主であり、継承者であるお前に	
MAP55_e23_p4_32	その手間賃代わりの、タダってわけだな？	
MAP55_e23_p4_35	そういうわけでもない。	
MAP55_e23_p4_36	鍛冶屋として継承者のお前にしてやれることが	
MAP55_e23_p4_37	これくらいしかないんだ。	
MAP55_e23_p4_4	託そう。	
MAP55_e23_p4_40	そうか、邪推して悪かったよ！	
MAP55_e23_p4_41	あんたの気持ちと一緒に、有難くいただくよ！	
MAP55_e23_p4_9	　　　　　　ナガレは青江の大太刀を受け取った！	
MAP55_e23_p5_16	今回大太刀を作ってみて気付いたんだが、	
MAP55_e23_p5_17	刀にももっと色々なバリエーションを	
MAP55_e23_p5_18	増やせそうだ…。	
MAP55_e23_p5_2	物干し竿みたいなの以外に、ちゃんと普通の刀も	
MAP55_e23_p5_3	置いている…。	
MAP55_e23_p5_4	必要なものがあったら買って行け。	If you need anything, buy it before you go.
MAP55_e23_p6_14	今回大太刀を作ってみて気付いたんだが、	
MAP55_e23_p6_15	刀にももっと色々なバリエーションを	
MAP55_e23_p6_16	増やせそうだ…。	
MAP55_e23_p6_2	物干し竿みたいなの以外に、ちゃんと普通の刀も	
MAP55_e23_p6_3	置いている…。	
MAP55_e23_p6_4	必要なものがあったら買って行け。	If you need anything, buy it before you go.
MAP55_e24_p0_2	あらいらっしゃい。	Oh, welcome.
MAP55_e24_p0_3	コメならここでは買えないよ。	You can't buy rice here.
MAP55_e24_p0_4	領民で分けあっているものだから。	It's shared among the villagers.
MAP55_e24_p0_6	だけど宿の食事とか、あと行商人から	But you can get it in inn meals, or buy portable
MAP55_e24_p0_7	携帯食のライスボールが買えたりするから、	rice balls from the peddlers,
MAP55_e24_p0_8	食べることはできるんだよ。	so you can still eat.
MAP55_e24_p1_2	コメの蓄えはなんとか全部持ち出せたけど…	
MAP55_e24_p1_3	田んぼに植えていた分は全滅だねえ…。	
MAP55_e24_p1_5	だけどいまあるコメはちゃんとみんなと	
MAP55_e24_p1_6	分け合うから安心しな！	
MAP55_e24_p1_7	ただ、問題は来年からの収穫だね…	
MAP55_e25_p0_2	………どの薬も高過ぎる。	
MAP55_e25_p0_3	でもキラキラしていて綺麗だ…。	
MAP55_e25_p1_2	…ちょっと休ませてくれ。	
MAP55_e25_p1_3	朝からずっと外の瓦礫を片付けていて	
MAP55_e25_p1_4	くたくたなんだ。	
MAP55_e26_p0_12	万金丹を超える、便利でしかも安い薬を	To develop a medicine even more useful than Mankintan, and cheap to boot,
MAP55_e26_p0_13	開発するため、日夜研究の毎日！	I research day and night!
MAP55_e26_p0_14	そのためにも買い物して協力してください！	
MAP55_e26_p0_2	いらっしゃい！セイリューにも	
MAP55_e26_p0_3	錬金術師のお店開くの夢だったんだ！	
MAP55_e26_p1_13	万金丹を超える、便利でしかも安い薬を	To develop a medicine even more useful than Mankintan, and cheap to boot,
MAP55_e26_p1_14	開発するため、日夜研究の毎日！	I research day and night!
MAP55_e26_p1_15	そのためにも早く世界を救ってください！	
MAP55_e26_p1_2	命あってのものだねっていうからねー！	
MAP55_e26_p1_3	助けてもらったお礼に、薬の在庫は	
MAP55_e26_p1_4	格安でお分けさせてもらいますよ！	
MAP55_e27_p1_10	慣れているからな。その点では安心ていうか…	
MAP55_e27_p1_11	それでダメならどっちにしたってダメさ…。	
MAP55_e27_p1_14	きっと大丈夫さ…	
MAP55_e27_p1_15	この洪水もいつまでも続かない。	
MAP55_e27_p1_16	続けさせない…　あたしたちが！	
MAP55_e27_p1_2	みんなに洪水のこと知らせに来てから、	
MAP55_e27_p1_3	北に帰れなくなってしまった。	
MAP55_e27_p1_6	北の村のみんなは…　大丈夫そうなのか？	
MAP55_e27_p1_9	この辺りの連中よりはずっと天災や魔物にも	
MAP55_e7_p1_10	…うん。オタキ様、姉さまをお願いします。	
MAP55_e7_p1_2	ナガレよ…	
MAP55_e7_p1_3	つらい役目を任せることになってすまぬの…。	
MAP55_e7_p1_5	しかしじゃ、おまえなら必ずや、	
MAP55_e7_p1_6	龍から紋章を継承し、使命を果たせると	
MAP55_e7_p1_7	信じておる…。	
MAP55_e7_p2_100	…わしが幼子のころには、	
MAP55_e7_p2_101	当主が毎日お社に供え物を持って拝みに行く…	
MAP55_e7_p2_102	そういう習慣は、まだなかったのじゃよ。	
MAP55_e7_p2_104	そもそも、お社には誰も近づいちゃならん…	
MAP55_e7_p2_105	そういうしきたりだったのじゃ。	
MAP55_e7_p2_106	龍の元に再びひとが落ちぬようにとお社を	
MAP55_e7_p2_107	建てたのじゃから、それは当然じゃった。	
MAP55_e7_p2_109	じゃがある日…	
MAP55_e7_p2_11	ああ、無事じゃ、安心せい。	
MAP55_e7_p2_110	わしの父さまが…	
MAP55_e7_p2_111	毎日こそこそと、お社に行き始めたのじゃ…。	
MAP55_e7_p2_113	誰もが不審に思ったものじゃ…。	
MAP55_e7_p2_114	お社に近付いちゃならんと、普段から村の皆に	
MAP55_e7_p2_115	言って聞かせている、その当主自身が、	
MAP55_e7_p2_116	毎日お社に足を運んでいるのじゃからな…。	
MAP55_e7_p2_118	わしは一度、父さまに聞いてみた。	
MAP55_e7_p2_119	なぜお社に行くのか…	
MAP55_e7_p2_12	上流のものが、すぐに知らせてくれたお陰じゃ	
MAP55_e7_p2_120	村の皆に気味悪がられていても行くのか、とな	
MAP55_e7_p2_122	父さまは…しばらくわしの目をみつめて	
MAP55_e7_p2_123	黙っていたが…ふと逸らして、ポツリと言った	
MAP55_e7_p2_125	お社に不憫な子がおって	
MAP55_e7_p2_126	それがかわいそうなんじゃと…	
MAP55_e7_p2_129	それって…	
MAP55_e7_p2_132	そのときのわしは、信じんかったよ。	
MAP55_e7_p2_133	不憫な子がおるなら、村に連れてくればよいと、	
MAP55_e7_p2_134	子ども心にも思ったのじゃでな。	
MAP55_e7_p2_136	その明くる日じゃった…	
MAP55_e7_p2_137	父さまは倒れた。	
MAP55_e7_p2_138	布団の中で毎日みるみるうちに細うなった…。	
MAP55_e7_p2_140	しばらくして…	
MAP55_e7_p2_141	わしの兄さまが当主になった。	
MAP55_e7_p2_142	そして、やはり兄さまも…	
MAP55_e7_p2_143	毎日お社に通うたんじゃ。	
MAP55_e7_p2_145	それからは、ずーっとじゃ。	
MAP55_e7_p2_146	次の兄さまも、わしの夫も、わしの息子も…	
MAP55_e7_p2_147	みーんな、お社に通うようになったんじゃ。	
MAP55_e7_p2_149	それが正式に当主のお役目になったのは…	
MAP55_e7_p2_15	して、ナガレ…	
MAP55_e7_p2_150	わしの夫の代じゃったのう。	
MAP55_e7_p2_152	それまでは立場が弱くて、文句を言えんでおった	
MAP55_e7_p2_153	わしも…　夫にはさすがに言うたのじゃ。	
MAP55_e7_p2_154	あんたらは、お社の、龍の瘴気に当てられとる	
MAP55_e7_p2_155	んじゃ。だから皆早死にするんじゃとな。	
MAP55_e7_p2_158	えっ、オタキ様が！？	
MAP55_e7_p2_16	無事に水の紋章を継承できたようじゃの。	
MAP55_e7_p2_161	そうじゃ！わしは言うたぞ、ナガレ。	
MAP55_e7_p2_162	それでもじゃ…　夫はよわよわしく…	
MAP55_e7_p2_163	じゃが、優しい顔でこう言うた…	
MAP55_e7_p2_165	そうだとしても、タキ…	
MAP55_e7_p2_166	あの子には俺しかともだちがおらんのだ	
MAP55_e7_p2_167	とな…	
MAP55_e7_p2_170	…そんな…！	
MAP55_e7_p2_173	えっと…　でもよ…でも、オタキ様…	
MAP55_e7_p2_174	当主がバタバタと早死にする原因が、本当に	
MAP55_e7_p2_175	龍のしょ…しょうき？とかなのか…？	
MAP55_e7_p2_178	無論、証拠はない…。	
MAP55_e7_p2_179	最初に、わしにもわからんと言うたじゃろ！	
MAP55_e7_p2_182	え、いや、そうだけどさー	
MAP55_e7_p2_183	でも龍はすげーいいヤツだったぜ！？	
MAP55_e7_p2_186	…龍は、闇の結晶だと、四天王のミケーネが	
MAP55_e7_p2_187	言っていた。	
MAP55_e7_p2_19	うん。だけど…龍は死んでしまった。	
MAP55_e7_p2_190	だから、龍にそんなつもりがなくても…	
MAP55_e7_p2_191	近くにいる人間に何らかの悪影響を与えていた	
MAP55_e7_p2_192	っていう可能性はある…。	
MAP55_e7_p2_195	そ、そうなのか…？	
MAP55_e7_p2_198	うむ…　	
MAP55_e7_p2_199	わしも、ナガレと同じように考えたのじゃ。	
MAP55_e7_p2_2	ようお帰りになられましたな、継承者の皆様。	
MAP55_e7_p2_20	殺したんじゃない…　殺したんじゃないけど…	
MAP55_e7_p2_201	じゃから、わしの代からは、	
MAP55_e7_p2_202	その習慣をやめたのじゃよ。	
MAP55_e7_p2_203	あのままお社への参拝を続けておったら、	
MAP55_e7_p2_204	この家はなくなると思うたからの。	
MAP55_e7_p2_207	そうだったのか…。	
MAP55_e7_p2_208	オタキ様…　あたし、オタキ様の考え、	
MAP55_e7_p2_209	合っていたと思います。	
MAP55_e7_p2_21	殺したのと、同じだったかも知れない…。	
MAP55_e7_p2_212	そうか…。	I see...
MAP55_e7_p2_213	ナガレにそう言ってもらえたなら、わしも	
MAP55_e7_p2_214	長生きした甲斐があったわい…。	
MAP55_e7_p2_217	そして…それをあたしに内緒にしていたのも、	
MAP55_e7_p2_218	あたしが父さまたちが早死にしたことの恨みを、	
MAP55_e7_p2_219	わけも考えずただ龍の存在にぶつけていたから…	
MAP55_e7_p2_222	そんな私に教えたら、何をするか分からない。	
MAP55_e7_p2_223	だから、話せなかった…。	
MAP55_e7_p2_224	…そういうことなのですね？	
MAP55_e7_p2_227	…そうじゃ。	
MAP55_e7_p2_234	あーーーーーーーーーーーーーーー！！！！！	
MAP55_e7_p2_237	うお！？　まただ！	
MAP55_e7_p2_240	ああああああああああああ！！！！！	
MAP55_e7_p2_243	あたしはなんてバカだったんだーーーーー！！	
MAP55_e7_p2_246	お、おい…おまえそんな大声…	
MAP55_e7_p2_247	少しはみんなの迷惑をかんがえ…	
MAP55_e7_p2_25	まるで、友をなくしたような顔をしておるな…	
MAP55_e7_p2_250	いまなら分かるーーーーーーーー！！！！	
MAP55_e7_p2_251	あたしは何も考えてなかったーーーーーー！！	
MAP55_e7_p2_254	当主としてどころか！！！！！！！	
MAP55_e7_p2_255	人間として浅はかだったーーーーーー！！！	
MAP55_e7_p2_258	オタキ様の気持ちも…代々当主の気持ちも…	
MAP55_e7_p2_259	龍の気持ちも…　何も考えたことがなかった。	
MAP55_e7_p2_262	みんなそれぞれが、自分の大事なもの…	
MAP55_e7_p2_263	すべきことを、真剣に考えていたのに…	
MAP55_e7_p2_266	龍をぶちのめすとか、食べるとか言っていた	
MAP55_e7_p2_267	あたしを思い出すと…	
MAP55_e7_p2_268	死にたくなるほど恥ずかしい。	
MAP55_e7_p2_271	いや…それが、	
MAP55_e7_p2_272	はたから見てると結構おもしろいぞ…？	
MAP55_e7_p2_275	オタキ様、あたしは、父さまや、オタキ様…	
MAP55_e7_p2_276	代々の当主と、龍から受け継いだこの紋章で、	
MAP55_e7_p2_277	必ずや使命を果たします！	
MAP55_e7_p2_28	……わかるのか？　オタキ様には…？	
MAP55_e7_p2_280	よく言った！よく言ってくれたぞ、ナガレ！	
MAP55_e7_p2_283	そうとなれば、すぐ行動じゃ。	
MAP55_e7_p2_284	村はわしらに任せい！	
MAP55_e7_p2_285	おまえさん方はどうするんじゃ？	
MAP55_e7_p2_288	セイリューがこの有り様だと、	
MAP55_e7_p2_289	正直オレも自分の国が心配です…。	
MAP55_e7_p2_290	ウィンの国だって…　なあ？	
MAP55_e7_p2_296	　　　　　　　　　　ウィンは頷いた	Win nodded
MAP55_e7_p2_299	そうでしょうね…。	
MAP55_e7_p2_300	では、お二人は一度、それぞれのお国を	
MAP55_e7_p2_301	見に行かれてはどうですか？	
MAP55_e7_p2_304	そうさせてもらえるとありがてえ…。	
MAP55_e7_p2_307	ナガレはどうするの？	
MAP55_e7_p2_31	わからんよ。	
MAP55_e7_p2_310	あたしは…正直ここにいたいよ…	
MAP55_e7_p2_311	だけど…	
MAP55_e7_p2_314	ここの敵は当面片付けたようだし、	
MAP55_e7_p2_315	村のみんなも無事だと分かった。	
MAP55_e7_p2_316	二人のどちらかに付いて行こうと思う。	
MAP55_e7_p2_319	それなら…オレに付いてきてほしい。	
MAP55_e7_p2_32	なんとなく思ったことを言ったまでじゃ。	
MAP55_e7_p2_320	ウィン、悪いけど、いいか？	
MAP55_e7_p2_323	ウィンがいいなら、あたしもいいよ。	
MAP55_e7_p2_324	ホノオの国は火の国だろ。	
MAP55_e7_p2_325	あたしの水の力が役に立ちそうだ。	
MAP55_e7_p2_331	　　　　　　　　　　ウィンは頷いた	Win nodded
MAP55_e7_p2_334	助かる…　恩に着るぜ！ウィン！ナガレ！	
MAP55_e7_p2_337	ウィンならハヤテの魔法であたしたちよりも	
MAP55_e7_p2_338	速くウィンダムまで辿り着けるだろうし、	
MAP55_e7_p2_339	万が一のときには撤退もできるだろ？	
MAP55_e7_p2_34	しかしの…	
MAP55_e7_p2_342	とりあえず、この計画で行こう。	
MAP55_e7_p2_345	そうと決まったなら、早速出発をし！	
MAP55_e7_p2_348	このお屋敷の中に、村のお店のひとたちも	
MAP55_e7_p2_349	集まっています。	
MAP55_e7_p2_35	季節外れの突然の大雨…　そして洪水…	
MAP55_e7_p2_350	買い物を済ませてから行くとよいでしょう。	
MAP55_e7_p2_354	では、行って参ります！	
MAP55_e7_p2_355	村のことはお願いします！	
MAP55_e7_p2_36	お社の奥で、なにか大きなことが起こった結果	
MAP55_e7_p2_37	じゃろうとは思ったが…	
MAP55_e7_p2_40	龍は…、はじまりの水の者のことを、	
MAP55_e7_p2_41	友だちだと言っていた…	
MAP55_e7_p2_43	そのこどもであるあたしに、いつか紋章を	
MAP55_e7_p2_44	返す約束もしていたって…	
MAP55_e7_p2_45	オタキ様…　	
MAP55_e7_p2_46	ぜんぜん言い伝えと違うじゃないか！！	
MAP55_e7_p2_49	そうじゃったのか…　なるほどの…	
MAP55_e7_p2_5	そして、ナガレよ。よう、無事で…	
MAP55_e7_p2_52	龍があたしたちのともだちなら…	
MAP55_e7_p2_53	どうして父さまたちはあんなに早死にを	
MAP55_e7_p2_54	したんだよ！！	
MAP55_e7_p2_57	ナガレ…　	
MAP55_e7_p2_58	わしは、じかに龍にあっとらんし、	
MAP55_e7_p2_59	おまえみたいに、話もきいとらん。	
MAP55_e7_p2_61	だから、ナガレ…	
MAP55_e7_p2_62	おまえのその問いに、正しく答えてやることが	
MAP55_e7_p2_63	わしには出来んのじゃよ。	
MAP55_e7_p2_66	でも…　オタキ様は…	
MAP55_e7_p2_67	龍の祟りだと言っていたじゃないか…	
MAP55_e7_p2_69	…父さまが逝くまでの間は、当主は毎日、	
MAP55_e7_p2_70	お社にお供え物を運んで、拝んでいた…	
MAP55_e7_p2_72	それがよくないことだと、オタキ様が言って…	
MAP55_e7_p2_73	それからは、やらないことにしたんだろ？	
MAP55_e7_p2_76	…そんなことがあったのか…	
MAP55_e7_p2_8	オタキ様、みんなは無事なんだな…？	
MAP55_e7_p2_84	わかった…	
MAP55_e7_p2_85	わしの知っていることを、全て話そう、ナガレ。	
MAP55_e7_p2_89	じゃが、ナガレや…。	
MAP55_e7_p2_90	これはわしの考えじゃ、思いつきじゃ。	
MAP55_e7_p2_91	本当のことは、わしにもわからん。	
MAP55_e7_p2_94	そのつもりで、聞くのじゃ。	
MAP55_e7_p2_97	うん…　	
MAP55_e7_p3_2	村のことは任せなさい！	
MAP55_e8_p1_2	龍のお社は村を出て東へ向かえば見えてきます。	Leave the village and head east, and the Dragon Shrine will come into view.
MAP55_e8_p1_3	それと…	Also...
MAP55_e8_p1_5	旅立ちの前に、部屋の外にいる、	Before you set out, try talking to
MAP55_e8_p1_6	トリカゼとマハリに話し掛けてみて下さい。	Torikaze and Mahari, who are outside the room.
MAP55_e8_p1_7	何やら用意してくれているものがあるようです。	It seems they've prepared something for you.
MAP55_e8_p2_10	くれたの。	
MAP55_e8_p2_13	そうか…　よかった…！	
MAP55_e8_p2_16	とりあえず、いまはまず、オタキ様と話を…	
MAP55_e8_p2_2	お帰りなさい、みなさん…　ナガレ。	
MAP55_e8_p2_5	姉さま！村のみんなは！？	
MAP55_e8_p2_8	皆、無事です…	
MAP55_e8_p2_9	上流の村の方々が、すぐに洪水を知らせて	
MAP55_e8_p3_2	村のみんなはこの屋敷に集まっています。	
MAP55_e8_p3_3	買い物する必要があれば、	
MAP55_e8_p3_4	ここで済ませるとよいでしょう	
MAP56_e2_p0_12	近々あたらしい刀も完成するから、	
MAP56_e2_p0_13	またしばらくしたら覗きに来てみな。	
MAP56_e2_p0_2	刀を新調するのかい？少しは防具も	
MAP56_e2_p0_3	扱っているよ。まあ見ていきな。	
MAP56_e2_p1_13	近々あたらしい刀も完成するから、	
MAP56_e2_p1_14	またしばらくしたら覗きに来てみな。	
MAP56_e2_p1_2	刀を新調するのかい？少しは防具も	
MAP56_e2_p1_3	扱っているよ。まあ見ていきな。	
MAP56_e3_p0_11	毎度あり！	
MAP56_e3_p0_2	ここはよろず屋っていうか、薬屋だよ。	
MAP56_e3_p0_3	万金丹が他の国で買うより安いから、	
MAP56_e3_p0_4	まとめ買いしていったらどうだい？	
MAP56_e3_p1_13	毎度あり！	
MAP56_e3_p1_2	ここはよろず屋っていうか、薬屋だよ。	
MAP56_e3_p1_3	万金丹が他の国で買うより安いから、	
MAP56_e3_p1_4	まとめ買いしていったらどうだい？	
MAP57_e2_p0_12	万金丹を超える、便利でしかも安い薬を	To develop a medicine even more useful than Mankintan, and cheap to boot,
MAP57_e2_p0_13	開発するため、日夜研究の毎日！	I research day and night!
MAP57_e2_p0_14	そのためにも買い物して協力してください！	
MAP57_e2_p0_2	いらっしゃい！セイリューにも	
MAP57_e2_p0_3	錬金術師のお店開くの夢だったんだ！	
MAP57_e3_p0_2	………どの薬も高過ぎる。	
MAP57_e3_p0_3	でもキラキラしていて綺麗だ…。	
MAP58_e10_p0_1	ホノオ；	Hono:
MAP58_e10_p0_11	ホノオ；	Hono:
MAP58_e10_p0_12	お化け…！？	
MAP58_e10_p0_13	えっ、これお化けだったのか！こええ！！	
MAP58_e10_p0_16	むしろ、空中に浮いてる火がお化け以外の	
MAP58_e10_p0_17	なんなんだよ？	
MAP58_e10_p0_19	来るぞ…　　あんたら、構えろ！	
MAP58_e10_p0_2	なんだこれ…？火が浮いているぜ…	
MAP58_e10_p0_5	嫌な予感がする…	
MAP58_e10_p0_6	お社の近くにヒノタマっていうお化けが	
MAP58_e10_p0_7	出るって、ガキの頃によく言われたけど…	
MAP58_e10_p0_9	本当だったとはな。	
MAP58_e10_p1_1	ホノオ；	Hono:
MAP58_e10_p1_11	ホノオ；	Hono:
MAP58_e10_p1_12	お化け…！？	
MAP58_e10_p1_13	えっ、これお化けだったのか！こええ！！	
MAP58_e10_p1_16	むしろ、空中に浮いてる火がお化け以外の	
MAP58_e10_p1_17	なんなんだよ？	
MAP58_e10_p1_19	来るぞ…　　あんたら、構えろ！	
MAP58_e10_p1_2	なんだこれ…？火が浮いているぜ…	
MAP58_e10_p1_5	嫌な予感がする…	
MAP58_e10_p1_6	お社の近くにヒノタマっていうお化けが	
MAP58_e10_p1_7	出るって、ガキの頃によく言われたけど…	
MAP58_e10_p1_9	本当だったとはな。	
MAP58_e10_p2_10	それより…	
MAP58_e10_p2_100	自分を強いと感じられたのさ。	
MAP58_e10_p2_103	そうか…　いや、でもおまえのいまの動き、	
MAP58_e10_p2_104	多分オレらみたいに動き回るより、きっと	
MAP58_e10_p2_105	ぜんぜん強いぞ…？	
MAP58_e10_p2_108	ああ、そんなことは分かってるさ。	
MAP58_e10_p2_109	結局自分が身に着けたモンに感謝はしてるし、	
MAP58_e10_p2_11	さっきのバトルで気付いたことがある。	
MAP58_e10_p2_110	後悔もない。	
MAP58_e10_p2_113	ただ、これから先、あんたらの戦い方に文句	
MAP58_e10_p2_114	つけるときもあるだろうけれど…でも本当は、	
MAP58_e10_p2_115	あんたらの戦い方を好きだからな、ってことだ。	
MAP58_e10_p2_118	え…？	Huh...?
MAP58_e10_p2_119	あ…　はい…。　　　　？	
MAP58_e10_p2_12	結構すごいことだぞこれは…	
MAP58_e10_p2_15	へえ…なんだよ？	
MAP58_e10_p2_18	あんたらの紋章は、	
MAP58_e10_p2_19	同じタイプというか…同じ属性の攻撃から、	
MAP58_e10_p2_20	あんたらを守っているみたいだな。	
MAP58_e10_p2_23	…は？	...What?
MAP58_e10_p2_26	火をまとった攻撃はホノオにはあまり効かない	
MAP58_e10_p2_27	そして、風というか雷をまとった攻撃も、	
MAP58_e10_p2_28	ウィンにはあまり効いていなかった。	
MAP58_e10_p2_3	たいしたことなかった…	
MAP58_e10_p2_31	…えっ！　マジで！？	
MAP58_e10_p2_34	気付いてなかったとはな…。	
MAP58_e10_p2_35	あんたどんだけ必死で暴れてるんだよ。	
MAP58_e10_p2_38	マジか…いや、紋章の力ならありえそうだし…	
MAP58_e10_p2_39	実際オレも火の攻撃は、あまり痛くなかった…	
MAP58_e10_p2_4	よかった…　こ、こわかったぜ…！	
MAP58_e10_p2_40	マジか！	
MAP58_e10_p2_42	すげえじゃねえか！	
MAP58_e10_p2_43	いや、それより、バトル中にそんなところまで	
MAP58_e10_p2_44	見ているナガレ！　おまえすごいな…	
MAP58_e10_p2_47	戦いの最中は決して興奮せず、自然体でいろ。	
MAP58_e10_p2_48	理想は無の心で、戦場を正確に観察しろ…	
MAP58_e10_p2_50	剣を教わる一番最初から、	
MAP58_e10_p2_51	あたしらはそう教わるんだよ。	
MAP58_e10_p2_52	あんたらみたいに、血走った目で走り回ったり	
MAP58_e10_p2_53	しない。	
MAP58_e10_p2_62	なんだよ、二人して？	
MAP58_e10_p2_65	いや…　なんかズシッときた…	
MAP58_e10_p2_68	あんたもかい？	
MAP58_e10_p2_7	あれだけ大暴れしといて、怖かったってかい…	
MAP58_e10_p2_74	　　　　　　　　　　　ウィンは頷いた	Win nodded
MAP58_e10_p2_77	ふうん…。	
MAP58_e10_p2_78	でもね、あんたらの戦い方を変えろとは、	
MAP58_e10_p2_79	あたしは言わないからな。	
MAP58_e10_p2_8	むしろさっきのお化けの方に同情したくなるね	
MAP58_e10_p2_82	え…？　そう…なの？	
MAP58_e10_p2_85	うん。	
MAP58_e10_p2_86	あたしはあんたらみたいな戦い方の方が好きだし、	
MAP58_e10_p2_87	落ち着くんだよ。	
MAP58_e10_p2_89	小さい頃…	
MAP58_e10_p2_90	村のみんなから剣を教えられるときにさ…	
MAP58_e10_p2_91	こころを静かに、行儀よく、無駄な動きをせず、	
MAP58_e10_p2_92	ひとにやさしく、平和を祈り…　みたいな、	
MAP58_e10_p2_94	何を教えてもらってるんだか分からない、	
MAP58_e10_p2_95	セイリューの剣術が嫌で嫌で仕方なかったんだ。	
MAP58_e10_p2_97	あたしはむしろ、夢中になって叫んで、走って、	
MAP58_e10_p2_98	剣を振り回しているときの方が…	
MAP58_e10_p2_99	上手に動けていると感じられた。	
MAP58_e11_p1_10	ウィンのハヤテでスピードを上げ、	
MAP58_e11_p1_11	オレのキョウセンシで腕力を上げ…	
MAP58_e11_p1_13	そしてナガレのテッペキで落ちたときも安心…	
MAP58_e11_p1_14	という作戦で、縄を見事登り切ったぜーーー！	
MAP58_e11_p1_17	しかし本当に便利だな、紋章の力って…。	
MAP58_e11_p1_18	戦い以外にも、色々役に立ちそうだ。	
MAP58_e11_p1_21	…だけど、これからどうすんだ？	
MAP58_e11_p1_24	ミケーネを…四天王を追う。そして倒す。	
MAP58_e11_p1_27	どこにいるのかも分からんぞ？	
MAP58_e11_p1_30	…とりあえず、村に帰ろう。	
MAP58_e11_p1_31	姉さまたちに継承が済んだことを伝えたい。	
MAP58_e11_p1_34	ああ、そうだな！	
MAP58_e11_p1_7	…と、いうことでだ。	
MAP58_e11_p1_9	ナガレのアイデアで、	
MAP58_e5_p0_10	なんだ？	
MAP58_e5_p0_13	こっから龍のいるっていう洞窟に入れるのか？	
MAP58_e5_p0_16	そういう話だったろう。	
MAP58_e5_p0_19	で…　だからどうやって入るんだ？？	
MAP58_e5_p0_2	着いたよ。	
MAP58_e5_p0_22	お社をぶっ壊すしかないだろう？	
MAP58_e5_p0_25	えっ！？	Huh!?
MAP58_e5_p0_26	そんなことしていいのかよ！？	
MAP58_e5_p0_29	いいも何も、それしかないだろう。	
MAP58_e5_p0_3	ここが龍のお社だ。	
MAP58_e5_p0_30	洞窟ふさぐために作られているんだから、	
MAP58_e5_p0_31	これがある限り、洞窟に入れない。	
MAP58_e5_p0_34	そうだけど…	
MAP58_e5_p0_35	もったいないな、こんな立派な建物壊すのは…	
MAP58_e5_p0_38	いらねえよ、もう…　こんなもん。	
MAP58_e5_p0_41	………そうか？	
MAP58_e5_p0_44	さあ、ホノオ、とっととやれ。	
MAP58_e5_p0_45	あんたの魔法で爆発させればすぐだろう？	
MAP58_e5_p0_48	…ああ、ちょっと待ってろ。	
MAP58_e5_p0_6	おう！	Oh!
MAP58_e5_p0_7	…で？	
MAP58_e5_p1_10	なんだ？	
MAP58_e5_p1_13	こっから龍のいるっていう洞窟に入れるのか？	
MAP58_e5_p1_16	そういう話だったろう。	
MAP58_e5_p1_19	で…　だからどうやって入るんだ？？	
MAP58_e5_p1_2	着いたよ。	
MAP58_e5_p1_22	お社をぶっ壊すしかないだろう？	
MAP58_e5_p1_25	えっ！？	Huh!?
MAP58_e5_p1_26	そんなことしていいのかよ！？	
MAP58_e5_p1_29	いいも何も、それしかないだろう。	
MAP58_e5_p1_3	ここが龍のお社だ。	
MAP58_e5_p1_30	洞窟ふさぐために作られているんだから、	
MAP58_e5_p1_31	これがある限り、洞窟に入れない。	
MAP58_e5_p1_34	そうだけど…	
MAP58_e5_p1_35	もったいないな、こんな立派な建物壊すのは…	
MAP58_e5_p1_38	いらねえよ、もう…　こんなもん。	
MAP58_e5_p1_41	………そうか？	
MAP58_e5_p1_44	さあ、ホノオ、とっととやれ。	
MAP58_e5_p1_45	あんたの魔法で爆発させればすぐだろう？	
MAP58_e5_p1_48	…ああ、ちょっと待ってろ。	
MAP58_e5_p1_6	おう！	Oh!
MAP58_e5_p1_7	…で？	
MAP59_e6_p0_13	おい、なんでこんなに明るいんだ。	Hey, why is it so bright in here?
MAP59_e6_p0_14	真っ暗闇って話だったはずだが…。	I thought this place was supposed to be pitch black...
MAP59_e6_p0_17	ああ、それならオレとウィンの紋章を	Oh, that's because my crest and Win's
MAP59_e6_p0_18	光らせてるからだ。	are shining.
MAP59_e6_p0_21	え…？	Huh...?
MAP59_e6_p0_23	…そうなのか？	...Is that so?
MAP59_e6_p0_29	　　　　　　　　　　　ウィンは頷いた	Win nodded
MAP59_e6_p0_32	あ、そう…　べ、便利だな…	O-Oh... H-Handy, huh...
MAP59_e6_p1_13	おい、なんでこんなに明るいんだ。	Hey, why is it so bright in here?
MAP59_e6_p1_14	真っ暗闇って話だったはずだが…。	I thought this place was supposed to be pitch black...
MAP59_e6_p1_17	ああ、それならオレとウィンの紋章を	Oh, that's because my crest and Win's
MAP59_e6_p1_18	光らせてるからだ。	are shining.
MAP59_e6_p1_21	え…？	Huh...?
MAP59_e6_p1_23	…そうなのか？	...Is that so?
MAP59_e6_p1_29	　　　　　　　　　　　ウィンは頷いた	Win nodded
MAP59_e6_p1_32	あ、そう…　べ、便利だな…	O-Oh... H-Handy, huh...
MAP59_e6_p1_35	しっかし…　かなり魔物の気配がするぜ…	
MAP59_e6_p1_36	明るいからって油断すんなよー…	
MAP59_e7_p0_11	で…　どうすんだこれ…。	
MAP59_e7_p0_12	落っこちるのかよ…？	
MAP59_e7_p0_15	当たり前だろう？	
MAP59_e7_p0_16	落っこちながら龍の頭に、	
MAP59_e7_p0_17	みんなで剣をぶっ刺すのさ！	
MAP59_e7_p0_2	例の落っこちると龍がいるって穴…	
MAP59_e7_p0_20	いやいやいやいや…	
MAP59_e7_p0_21	本気で言ってるのか冗談なのか分からんから…	
MAP59_e7_p0_24	…もちろん冗談だよ。	
MAP59_e7_p0_25	屋敷から長い縄を持ってきてる。	
MAP59_e7_p0_26	これを伝って降りるぞ。	
MAP59_e7_p0_29	あ、そうですか…。	
MAP59_e7_p0_3	これだろうな…。	
MAP59_e7_p0_30	しかしそれだって、十分におっかねえなー…。	
MAP59_e7_p0_37	…結構降りたが…まだ全然下が見えねえぞ。	
MAP59_e7_p0_40	…水の者だかなんだかも、	
MAP59_e7_p0_41	落っこちながら考え事をしていたらしいから、	
MAP59_e7_p0_42	相当に深い穴なんだろうな。	
MAP59_e7_p0_47	少しひかりが見えてきた…！	
MAP59_e7_p0_48	そろそろ着くみたいだぞ！	
MAP59_e7_p0_51	…やっとかー	
MAP59_e7_p0_52	ちょっと待て…　	
MAP59_e7_p0_53	…なんか下から話し声がしねえか…？	
MAP59_e7_p0_56	………本当だ。	
MAP59_e7_p0_57	…龍じゃなくてひとがいる？	
MAP59_e7_p0_58	龍が話す？そうだとしても、誰と…？	
MAP59_e7_p0_6	そうだろうな。	
MAP59_e7_p0_61	あっ！！	Ah!!
MAP59_e7_p0_64	おわーーーっ！？	
MAP59_e7_p0_65	お、おちるーーーー！！！！	
MAP59_e7_p0_7	他にそれらしい穴はなかった…	
MAP59_e7_p0_8	間違いないだろう。	
MAP59_e8_p0_2	穴が見えてきた…	
MAP59_e8_p0_3	きっとあれに落ちたら龍がいる…。	
MAP59_e8_p0_4	みんな、気を引き締めた方がいい。	
MAP60_e10_p1_100	あたしたちにはそう伝わってるんだよ。	
MAP60_e10_p1_103	そうだったな…。	
MAP60_e10_p1_106	あれ、おかしいな…	
MAP60_e10_p1_107	ぼくは怒ってなんかないよ	
MAP60_e10_p1_108	だって…	
MAP60_e10_p1_11	そうだ！	
MAP60_e10_p1_111	友だちなんだから…！だから…	
MAP60_e10_p1_112	友だちのこどもたちの　きみたちもぼくの友だちだよね？	
MAP60_e10_p1_118	ああ…　友達だぜ！	
MAP60_e10_p1_119	龍！	
MAP60_e10_p1_12	おい、龍、大丈夫か…？	
MAP60_e10_p1_122	よかった…	
MAP60_e10_p1_123	最後に　友だちとの約束を守れて…	
MAP60_e10_p1_124	そして新しい友だちにも会えたんだ…	
MAP60_e10_p1_128	よかった…　	
MAP60_e10_p1_133	…龍？　おい…　死んだのか…	
MAP60_e10_p1_136	待ってくれ…　	
MAP60_e10_p1_137	あんたにはまだまだ聞きたいことがある…	
MAP60_e10_p1_138	龍！！	
MAP60_e10_p1_141	ナガレ…　やめろ。	
MAP60_e10_p1_142	静かに眠らせてやろうぜ。	
MAP60_e10_p1_145	だって…　こいつに聞かないと分からない…	
MAP60_e10_p1_148	分からないことだらけで、死んじまうなんて…	
MAP60_e10_p1_159	　　　　　　　　　龍の涙　を手に入れた	
MAP60_e10_p1_166	…で、どうやってここから出るんだ？	
MAP60_e10_p1_21	ぼくは　もうそろそろ　死んでしまう…	
MAP60_e10_p1_24	もともと、死にかけていたのを…	
MAP60_e10_p1_25	友達が紋章で助けてくれていたから…	
MAP60_e10_p1_26	それがなくなったら、もう　死んでしまうんだ	
MAP60_e10_p1_29	あんたがあたしに…	
MAP60_e10_p1_3	本当に消えちまいやがった…！	
MAP60_e10_p1_30	紋章を継承してくれたからなのか…？	
MAP60_e10_p1_33	でも　それは　約束だから…	
MAP60_e10_p1_36	約束…？	
MAP60_e10_p1_39	そう　ぼくの　初めての友達との　約束…	
MAP60_e10_p1_42	ぼくは　ずっと　ひとりでここにいた…	
MAP60_e10_p1_43	ずっと昔に　目が覚めてから　ずっとここで…	
MAP60_e10_p1_46	ある日　大昔だけどね…　ミケーネがやってきて…	
MAP60_e10_p1_47	ぼくから　力を奪っていった…	
MAP60_e10_p1_48	そしてぼくは　だんだんと死んでいったんだ…	
MAP60_e10_p1_51	苦しかった…　怖かった…	
MAP60_e10_p1_52	そして　さみしかった…	
MAP60_e10_p1_55	ぼくは　いったい　なんで　生きていたんだろうって…	
MAP60_e10_p1_56	ここで目覚めて…　そして　とつぜん　力を奪われて…	
MAP60_e10_p1_57	そして　死んでいくなんて…	
MAP60_e10_p1_6	おい、それより…　龍はどうなったんだ…？	
MAP60_e10_p1_60	それが…　闇の結晶ってことなのか…？	
MAP60_e10_p1_63	わかんない　わかんないよ	
MAP60_e10_p1_64	ミケーネがそう呼ぶけど　ぼくは…　ぼくだ	
MAP60_e10_p1_67	だんだん　くるしくなくなって　眠たくなって…	
MAP60_e10_p1_68	このままぼくは　しんでしまうんだなと思った…	
MAP60_e10_p1_69	そうしたら…	
MAP60_e10_p1_72	そうしたら…　あの友達が降って来たんだ！	
MAP60_e10_p1_75	…はじまりの水の者だな。	
MAP60_e10_p1_78	そう…　ぼくの友だち…	
MAP60_e10_p1_81	友だちは　ぼくの目を覚ましてくれた	
MAP60_e10_p1_82	すごく　痛くて　目が覚めたんだ	
MAP60_e10_p1_85	…急にひとが落ちてきて、	
MAP60_e10_p1_86	アンタの目に、刀が刺さったからか？	
MAP60_e10_p1_89	そう！　すごい！	
MAP60_e10_p1_90	ちゃんと伝わっているんだね！	
MAP60_e10_p1_91	友だちが　伝えてくれていたんだね！	
MAP60_e10_p1_94	でも待ってくれ、龍…	
MAP60_e10_p1_95	ちょっと聞いていた話と違うんだ。	
MAP60_e10_p1_98	龍は怒って、それを許す代わりに、	
MAP60_e10_p1_99	水の者から紋章を奪ったって…	
MAP60_e6_p0_100	だけど、おかしいわね。	
MAP60_e6_p0_101	水のエレメントパワーを感じないわ。	
MAP60_e6_p0_102	人数は足りているのに、どういうことかしら？	
MAP60_e6_p0_105	…っ！！	
MAP60_e6_p0_108	そんなの関係ねー！！	
MAP60_e6_p0_109	オマエなんぞ、二つで足りるってんだよー！！	
MAP60_e6_p0_112	さあて、それはどうかしら？	
MAP60_e6_p0_113	私の最も得意とする魔法も、氷…水の力。	
MAP60_e6_p0_116	継承者のお二人さんはともかく…	
MAP60_e6_p0_117	とてもじゃないけれど、そこのお嬢さんには	
MAP60_e6_p0_118	耐えられないと思うわ。死ぬわよ。	
MAP60_e6_p0_121	………あたしのことは気にしないでくれ！	
MAP60_e6_p0_122	龍と話すには、ミケーネを倒すしかない！！	
MAP60_e6_p0_125	くそーーーー！！	
MAP60_e6_p0_126	ナガレ、ぜってーに無理すんなよ！！	
MAP60_e6_p0_129	そう、やるって言うのね。	
MAP60_e6_p0_130	でも絶対に無理だと思うわ…だって…	
MAP60_e6_p0_133	こっちは更に…	
MAP60_e6_p0_134	この青龍さんも味方なのだから！	
MAP60_e6_p0_137	………なん、だと…！？	
MAP60_e6_p0_140	言ったでしょう…青龍さんは闇の結晶なの。	
MAP60_e6_p0_141	当然、私の味方だわ。	
MAP60_e6_p0_142	じゃあ、遊んであげる…	
MAP60_e6_p0_145	逃げられるなんて思わないでね。	
MAP60_e6_p0_146	ケンカを先に吹っ掛けてきたのは…	
MAP60_e6_p0_147	そっちなんだから…！	
MAP60_e6_p0_154	ちょっと、青龍さん！	
MAP60_e6_p0_155	どういうことなの！？	
MAP60_e6_p0_156	めちゃくちゃ痛かったんだけど！？	
MAP60_e6_p0_158	あなた、戦う気はあるの！？	
MAP60_e6_p0_159	四天王のミケーネが命令しているのよ！	
MAP60_e6_p0_16	さあ、青龍さん。	
MAP60_e6_p0_162	お、お前の味方になって…た、戦う気なんてない！	
MAP60_e6_p0_165	…え？	...Huh?
MAP60_e6_p0_168	…え？	...Huh?
MAP60_e6_p0_17	最強の闇の結晶よ…。	
MAP60_e6_p0_171	………な、に？	
MAP60_e6_p0_174	ミケーネの味方をして…	
MAP60_e6_p0_175	あの子たちと戦うつもりなんて…ないんだよ！	
MAP60_e6_p0_178	…どういうこと？	
MAP60_e6_p0_179	あっ！！	Ah!!
MAP60_e6_p0_18	いまこそ私の力となり、闇の復活を…	
MAP60_e6_p0_189	青龍…　それは…　水の紋章…！？	
MAP60_e6_p0_192	どうりで、何かおまえから不思議な力を	
MAP60_e6_p0_193	感じたのだ…　闇の力ではないものを…	
MAP60_e6_p0_196	…龍よ！その紋章をあたしに継承してくれ！！	
MAP60_e6_p0_199	きみは…？	
MAP60_e6_p0_202	あたしはセイリューの当主だ！	
MAP60_e6_p0_203	その紋章の本来の持ち主…	
MAP60_e6_p0_204	はじまりの水の者の末裔だ！！	
MAP60_e6_p0_207	きみが…！？	
MAP60_e6_p0_208	すごい…　本当に来てくれたんだね！	
MAP60_e6_p0_209	ぼくの友達の…そのこどもたちが！！	
MAP60_e6_p0_212	は…じ…ま…り…の…	
MAP60_e6_p0_213	み…ず…の…も…の…　だと…？	
MAP60_e6_p0_221	おい、コラ…	
MAP60_e6_p0_222	てめえ…　本当にあれの子孫なのか…？	
MAP60_e6_p0_225	…そうだ！セイリュー当主ナガレ…	
MAP60_e6_p0_226	正真正銘、はじまりの水の者のまつ…	
MAP60_e6_p0_236	…な、なにした…？	
MAP60_e6_p0_239	あたいの最強魔法、ミケーネブリザードの	
MAP60_e6_p0_240	一点集中凝縮版…　ミケーネビームさ。	
MAP60_e6_p0_243	水の紋章継承者ならまだしも、	
MAP60_e6_p0_244	ふつうの人間なら、即死だ。	
MAP60_e6_p0_249	…て、てめえ………！！！！	
MAP60_e6_p0_25	…って、何これ？	
MAP60_e6_p0_252	アレをあたいに思い出させたのが悪いんだよ。	
MAP60_e6_p0_253	しかもその子孫ってんだからな…	
MAP60_e6_p0_254	殺しちまうよ、そりゃあ。	
MAP60_e6_p0_257	…おい、ナガレ…マジでか…	
MAP60_e6_p0_258	おまえ、マジで死んでんのかよ…おい！！	
MAP60_e6_p0_264	もういいよ、青龍も、てめえらも…	
MAP60_e6_p0_265	まとめて殺してやる。終わりにしてやるよ。	
MAP60_e6_p0_268	ただし、本気になったあたいに…	
MAP60_e6_p0_269	勝てると思うなあ…	
MAP60_e6_p0_272	5ターンだ。	
MAP60_e6_p0_273	5ターン以内に皆殺しにしてやる…。	
MAP60_e6_p0_276	…っく、くっそーーーーーー！！！	
MAP60_e6_p0_279	水の紋章よ！	
MAP60_e6_p0_280	ぼくの最後のエレメンタルパワーで、	
MAP60_e6_p0_281	この魔法を発動してくれ…	
MAP60_e6_p0_284	イノチ！！！！！！！！！！！！！	
MAP60_e6_p0_29	うおおおおおおおおおおおおおお！！	
MAP60_e6_p0_294	…う、うーん　	
MAP60_e6_p0_297	な…ナガレ…！！	
MAP60_e6_p0_300	生き返りやがった…	
MAP60_e6_p0_307	青龍…　	
MAP60_e6_p0_308	てめえ………！！	
MAP60_e6_p0_311	ホノオ！ウィン！	
MAP60_e6_p0_312	ミケーネを抑えるんだ！！	
MAP60_e6_p0_313	その間に、あたしは青龍から紋章を継承する！	
MAP60_e6_p0_316	お！？	
MAP60_e6_p0_317	お、おう…　わかったぜ！！	
MAP60_e6_p0_32	うわあああああああああああ！！	
MAP60_e6_p0_320	ちい…！！	
MAP60_e6_p0_35	龍が…！！	
MAP60_e6_p0_38	いる…！！	
MAP60_e6_p0_41	ええ、龍よ。	
MAP60_e6_p0_42	何千年もこの地の闇の力を司り…	
MAP60_e6_p0_45	我々闇のエレメントの力の復活を	
MAP60_e6_p0_46	待ち続けていた…　最強の闇の結晶…	
MAP60_e6_p0_47	それが…	
MAP60_e6_p0_50	龍！！！	
MAP60_e6_p0_53	ええ、だからそう言っているんだけれど…	
MAP60_e6_p0_56	誰なのあなたたちは？	
MAP60_e6_p0_57	私、いまからこの青龍さんと大事な用が	
MAP60_e6_p0_58	あるんだけれど…	
MAP60_e6_p0_61	…え？　誰こいつ…？	
MAP60_e6_p0_64	あ、誰かいる…。	
MAP60_e6_p0_67	ちょっと、まさかいま気付いたの…？	
MAP60_e6_p0_68	私も龍ほどとは言えなくとも、結構派手な方の	
MAP60_e6_p0_69	つもりでいたんだけれど…	
MAP60_e6_p0_72	…いや、だからオマエ誰だ？	
MAP60_e6_p0_75	突然うえから落っこちといてきて…	
MAP60_e6_p0_76	こういう扱いされるのちょっと納得いかない…	
MAP60_e6_p0_77	…そこは分かっておいてね？	
MAP60_e6_p0_80	私は闇の四天王、ミケーネ！	
MAP60_e6_p0_81	いまからこの青龍さんの力を吸収して、	
MAP60_e6_p0_82	さっさと闇の力を開放しようというところよ！	
MAP60_e6_p0_85	四天王だーーーーーーーーーーー！？	
MAP60_e6_p0_88	そんなことはさせないぞ、ミケーネ！	
MAP60_e6_p0_89	こっちにもその龍に大事な用があるんでな！	
MAP60_e6_p0_92	そういうあなたたちは…	
MAP60_e6_p0_93	ふうん…　なるほどね。	
MAP60_e6_p0_96	紋章の継承者のようね。	
MAP60_e6_p0_97	あなたたちから、火と風のエレメントパワーを	
MAP60_e6_p0_98	感じるわ。	
MAP60_e6_p1_106	ここまでだ！ミケーネ！！	
MAP60_e6_p1_11	させるかーー！！	
MAP60_e6_p1_110	………負けたわ。	
MAP60_e6_p1_113	やったぜ！！	
MAP60_e6_p1_116	闇のエレメントの復活…	The revival of the Dark Element...
MAP60_e6_p1_117	これで弱まったんだな？	
MAP60_e6_p1_122	そうね…。	
MAP60_e6_p1_123	最強の闇の結晶である青龍が手に入らなかった	
MAP60_e6_p1_124	のは、大きいわ。	
MAP60_e6_p1_127	じゃあこれで、復活を阻止できたのか…？	
MAP60_e6_p1_130	…あなたたち、一体どこまで知っているの？	
MAP60_e6_p1_136	う…。	
MAP60_e6_p1_141	これから何が起こるのか…	
MAP60_e6_p1_142	わかっていない感じに見えるんだけれど？	
MAP60_e6_p1_145	何が起こる…？	
MAP60_e6_p1_148	あなたたちが、これだけ早く継承者を揃えた	
MAP60_e6_p1_149	ものだから…	
MAP60_e6_p1_150	もう少し知っているのかと思ったけれど、	
MAP60_e6_p1_154	そう…	I see...
MAP60_e6_p1_155	何も知らないのね。	
MAP60_e6_p1_158	な、なんだよ…	
MAP60_e6_p1_159	何が起こるってんだよーーー！？	
MAP60_e6_p1_16	おっと！	
MAP60_e6_p1_163	それなら…	In that case...
MAP60_e6_p1_164	まだ全然なんとかなるわね。	
MAP60_e6_p1_167	はあ、おかげですっかり頭が冷えたわ。	
MAP60_e6_p1_168	そうなったら、ここで時間を潰してられない。	
MAP60_e6_p1_17	背中を見せたら、後ろから叩っきるぜ！！	
MAP60_e6_p1_171	あっ！！　消えるぞコイツ！！	
MAP60_e6_p1_174	消える…？	
MAP60_e6_p1_177	コイツら、四天王は、倒しても消えて	
MAP60_e6_p1_178	どっかにいっちまうんだよ！！	
MAP60_e6_p1_179	前のときもそうだったぜ！！	
MAP60_e6_p1_182	なんだと…　なら、早くトドメを…！！	
MAP60_e6_p1_185	そういうこと…	
MAP60_e6_p1_186	じゃあね、あなたたち。	
MAP60_e6_p1_187	また会えることを願ってるわ…　本当よ。	
MAP60_e6_p1_20	えーい！！邪魔をするなああああああああ！！	
MAP60_e6_p1_23	さあ、青龍！	
MAP60_e6_p1_24	急いでわたしに、紋章を…！！	
MAP60_e6_p1_27	わかった…！！	
MAP60_e6_p1_43	　ナガレは、イヤシとイノチとテッペキの魔法をおぼえた！	
MAP60_e6_p1_46	この力が…　本当の紋章の力か…！！	
MAP60_e6_p1_53	さあ…　みんなでミケーネを…　たおすんだ…！	
MAP60_e6_p1_56	よくもあたしを殺してくれたなあ…	
MAP60_e6_p1_57	ミケーネ…！！	
MAP60_e6_p1_62	ええい…みすみす継承させてしまうとは…	
MAP60_e6_p1_63	あたいとしたことが、とんだ大失態だ…！！	
MAP60_e6_p1_66	てめえ、もう覚悟、できてるよなあ…？	
MAP60_e6_p1_67	あたしは紋章の力をまだ使ったことがないんだ	
MAP60_e6_p1_69	だからもちろん、手加減はできないし…	
MAP60_e6_p1_70	そして当然、手加減する気もない。	
MAP60_e6_p1_72	つまり、あたしもあんたを…	
MAP60_e6_p1_73	ころしちまうかも知れねえぞ、ってことだ…	
MAP60_e6_p1_74	…わかってるよなあーーーーーー！！？	
MAP60_e6_p1_77	あんだあ？この小娘がああああああああ！	
MAP60_e6_p1_78	ちょっと生き返ったからって、	
MAP60_e6_p1_79	えらくちょうしくれやがってよお……！！	
MAP60_e6_p1_81	上等じゃねえかコラーーーーーー！！！！	
MAP60_e6_p1_82	しにてえやつはまとめてかかってこいや…	
MAP60_e6_p1_83	コラああああああああああ！！！！！！！！	
MAP60_e6_p1_86	こ、こええ………！！	
MAP60_e6_p1_87	でもそんなこと言ってる場合じゃねえ…	
MAP60_e6_p1_88	ウィン、オレたちも行くぞ！！	
MAP60_e6_p1_94	　　　　　　　　　　ウィンは頷いた！	Win nodded!
MAP60_e6_p2_100	何言ってるかわかんねえ…！！	
MAP60_e6_p2_101	う、ウィン、オレたちも行くぞ！！	
MAP60_e6_p2_107	　　　　　　　　　　ウィンは頷いた！	Win nodded!
MAP60_e6_p2_11	やらせるかああああああーーッ！！！！	
MAP60_e6_p2_119	ここまでだ！ミケーネ！！	
MAP60_e6_p2_12	くおおおおおらああああ！！！！	
MAP60_e6_p2_123	………信じられない…	
MAP60_e6_p2_124	この短期間でここまでの力を持っているとは…	
MAP60_e6_p2_127	やったぜ！！	
MAP60_e6_p2_130	闇のエレメントの復活…	The revival of the Dark Element...
MAP60_e6_p2_131	これで弱まったんだな？	
MAP60_e6_p2_136	そうね…。	
MAP60_e6_p2_137	最強の闇の結晶である青龍が手に入らなかった	
MAP60_e6_p2_138	のは、大きいわ。	
MAP60_e6_p2_141	じゃあこれで、復活を阻止できたのか…？	
MAP60_e6_p2_144	…あなたたち、一体どこまで知っているの？	
MAP60_e6_p2_150	う…。	
MAP60_e6_p2_155	これから何が起こるのか…	
MAP60_e6_p2_156	わかっていない感じに見えるんだけれど？	
MAP60_e6_p2_159	何が起こる…？	
MAP60_e6_p2_162	あなたたちが、これだけ早く継承者を揃えた	
MAP60_e6_p2_163	ものだから…	
MAP60_e6_p2_164	もう少し知っているのかと思ったけれど、	
MAP60_e6_p2_168	そう…	I see...
MAP60_e6_p2_169	何も知らないのね。	
MAP60_e6_p2_17	おっと！	
MAP60_e6_p2_172	な、なんだよ…	
MAP60_e6_p2_173	何が起こるってんだよーーー！？	
MAP60_e6_p2_177	それなら…	In that case...
MAP60_e6_p2_178	まだ全然なんとかなるわね。	
MAP60_e6_p2_18	背中を見せたら、後ろから叩っきるぜ！！	
MAP60_e6_p2_181	はあ、おかげですっかり頭が冷えたわ。	
MAP60_e6_p2_182	そうなったら、ここで時間を潰してられない。	
MAP60_e6_p2_185	あっ！！　消えるぞコイツ！！	
MAP60_e6_p2_188	消える…？	
MAP60_e6_p2_191	コイツら、四天王は、倒しても消えて	
MAP60_e6_p2_192	どっかにいっちまうんだよ！！	
MAP60_e6_p2_193	前のときもそうだったぜ！！	
MAP60_e6_p2_196	なんだと…　なら、早くトドメを…！！	
MAP60_e6_p2_199	そういうこと…	
MAP60_e6_p2_200	じゃあね、あなたたち。	
MAP60_e6_p2_201	また会えることを願ってるわ…　本当よ。	
MAP60_e6_p2_21	えーい！！邪魔をするなああああああああ！！	
MAP60_e6_p2_24	さあ、青龍！	
MAP60_e6_p2_25	急いでわたしに、紋章を…！！	
MAP60_e6_p2_28	おっけーりょーーーかーーーーい	
MAP60_e6_p2_44	　ナガレは、イヤシとイノチとテッペキの魔法をおぼえた！	
MAP60_e6_p2_47	この感覚…なんて清々しい気分なんだ…	
MAP60_e6_p2_48	内から静かにこんこんと湧き出る鋭気…	
MAP60_e6_p2_49	この力が…　本当の紋章の力か…！！	
MAP60_e6_p2_56	さあ…　	
MAP60_e6_p2_57	みんなでミケーネを…　ぶっ飛ばせーーー！！	
MAP60_e6_p2_60	よくもあたしを殺してくれたよなあ…	
MAP60_e6_p2_61	おい、ミケーネ…！！	
MAP60_e6_p2_66	ええい…みすみす継承させてしまうとは…	
MAP60_e6_p2_67	あたいとしたことが、とんだ大失態だ…！！	
MAP60_e6_p2_70	てめえ…もう覚悟、できてるよなあ…？	
MAP60_e6_p2_71	あたしは紋章の力をまだ使ったことがない…	
MAP60_e6_p2_73	だからもちろん、手加減はできないし…	
MAP60_e6_p2_74	そして当然、手加減する気もない。	
MAP60_e6_p2_76	つまり、あたしもあんたを…	
MAP60_e6_p2_77	ころしちまうかも知れねえぞ、ってことだ…	
MAP60_e6_p2_78	…わかってるよなあーーーーーー！！？	
MAP60_e6_p2_81	あんだあ？この小娘がああああああああ！	
MAP60_e6_p2_82	ちょっと生き返ったからって、	
MAP60_e6_p2_83	えらくちょうしくれやがってよお……！！	
MAP60_e6_p2_85	上等じゃねえかコラーーーーーー！！！！	
MAP60_e6_p2_86	しにてえやつはまとめてかかってこいや…	
MAP60_e6_p2_87	コラああああああああああ！！！！！！！！	
MAP60_e6_p2_90	うるせえんだよピーピーガーガーと…	
MAP60_e6_p2_91	耳障りなんだよ、てめえのその甲高い声が…	
MAP60_e6_p2_92	御託は良いから、さっさとかかってこい！！	
MAP60_e6_p2_95	ちくしょテメコラァぁあああああん！！！？？	
MAP60_e6_p2_96	上等だ秒で始末したらぞおおオアァァン！？？	
MAP60_e6_p2_99	こ、こええ………！！	
MAP60_e8_p1_4	ほら…な？	
MAP60_e8_p1_7	みすみす逃がしてしまうとは…	
MAP60_e8_p1_8	うかつだった…！！	
MAP61_e10_p1_2	　　　　ハヤテを使えば目的地にすぐに行けるな	If we use Hayate, we'll reach our destination in no time.
MAP61_e10_p1_3	　　　　　　　　…と、ウィンは思った	...Win thought to himself.
MAP61_e10_p2_2	　　　　ハヤテを使えば目的地にすぐに行けるな	If we use Hayate, we'll reach our destination in no time.
MAP61_e10_p2_3	　　　　　　　　…と、ウィンは思った	...Win thought to himself.
MAP61_e11_p1_2	　　　　ハヤテを使えば目的地にすぐに行けるな	If we use Hayate, we'll reach our destination in no time.
MAP61_e11_p1_3	　　　　　　　　…と、ウィンは思った	...Win thought to himself.
MAP61_e11_p2_2	　　　　ハヤテを使えば目的地にすぐに行けるな	If we use Hayate, we'll reach our destination in no time.
MAP61_e11_p2_3	　　　　　　　　…と、ウィンは思った	...Win thought to himself.
MAP61_e12_p1_2	　　　　ハヤテを使えば目的地にすぐに行けるな	If we use Hayate, we'll reach our destination in no time.
MAP61_e12_p1_3	　　　　　　　　…と、ウィンは思った	...Win thought to himself.
MAP61_e12_p2_2	　　　　ハヤテを使えば目的地にすぐに行けるな	If we use Hayate, we'll reach our destination in no time.
MAP61_e12_p2_3	　　　　　　　　…と、ウィンは思った	...Win thought to himself.
MAP61_e13_p1_2	　　　　ハヤテを使えば目的地にすぐに行けるな	If we use Hayate, we'll reach our destination in no time.
MAP61_e13_p1_3	　　　　　　　　…と、ウィンは思った	...Win thought to himself.
MAP61_e13_p2_2	　　　　ハヤテを使えば目的地にすぐに行けるな	If we use Hayate, we'll reach our destination in no time.
MAP61_e13_p2_3	　　　　　　　　…と、ウィンは思った	...Win thought to himself.
MAP61_e14_p1_2	　　　　ハヤテを使えば目的地にすぐに行けるな	If we use Hayate, we'll reach our destination in no time.
MAP61_e14_p1_3	　　　　　　　　…と、ウィンは思った	...Win thought to himself.
MAP61_e14_p2_2	　　　　ハヤテを使えば目的地にすぐに行けるな	If we use Hayate, we'll reach our destination in no time.
MAP61_e14_p2_3	　　　　　　　　…と、ウィンは思った	...Win thought to himself.
MAP61_e15_p1_2	　　　　ハヤテを使えば目的地にすぐに行けるな	If we use Hayate, we'll reach our destination in no time.
MAP61_e15_p1_3	　　　　　　　　…と、ウィンは思った	...Win thought to himself.
MAP61_e15_p2_2	　　　　ハヤテを使えば目的地にすぐに行けるな	If we use Hayate, we'll reach our destination in no time.
MAP61_e15_p2_3	　　　　　　　　…と、ウィンは思った	...Win thought to himself.
MAP61_e16_p1_2	　　　　ハヤテを使えば目的地にすぐに行けるな	If we use Hayate, we'll reach our destination in no time.
MAP61_e16_p1_3	　　　　　　　　…と、ウィンは思った	...Win thought to himself.
MAP61_e16_p2_2	　　　　ハヤテを使えば目的地にすぐに行けるな	If we use Hayate, we'll reach our destination in no time.
MAP61_e16_p2_3	　　　　　　　　…と、ウィンは思った	...Win thought to himself.
MAP61_e17_p1_2	　　　　ハヤテを使えば目的地にすぐに行けるな	If we use Hayate, we'll reach our destination in no time.
MAP61_e17_p1_3	　　　　　　　　…と、ウィンは思った	...Win thought to himself.
MAP61_e17_p2_2	　　　　ハヤテを使えば目的地にすぐに行けるな	If we use Hayate, we'll reach our destination in no time.
MAP61_e17_p2_3	　　　　　　　　…と、ウィンは思った	...Win thought to himself.
MAP61_e18_p1_2	宿はなんとか営業中だぜ。	
MAP61_e18_p1_3	営業中っていうか、避難所みたいなもんだけど	
MAP61_e18_p1_6	ここはあたしがちゃーんと見張ってるから、	
MAP61_e18_p1_7	あんたらは使命とか何とかを頑張んな！	
MAP61_e19_p1_2	雨、やみそうにないですね…	
MAP61_e19_p1_5	あ、いえ、すいません…	
MAP61_e19_p1_6	別に変な意味で言ったんじゃ…	
MAP61_e19_p1_7	…ご武運をお祈りしています！	
MAP61_e20_p1_12	よし…　じゃあ行くか！	
MAP61_e20_p1_15	ウィン…　あんたには礼を言いたいが…	
MAP61_e20_p1_16	いまは言わないぞ。	
MAP61_e20_p1_19	オレもだ、ウィン！	
MAP61_e20_p1_2	…ここからは、ウィンと、オレたちで別行動だ	
MAP61_e20_p1_20	だって、またすぐに集まって、	
MAP61_e20_p1_21	闇のエレメントを倒さないとだからな！	
MAP61_e20_p1_27	　　　　　　　　　　ウィンは頷いた！	Win nodded!
MAP61_e20_p1_30	よし、行こう！	
MAP61_e20_p1_33	おう！！	
MAP61_e20_p1_5	出発するなら、先にここで買い物を済ませて	
MAP61_e20_p1_6	おこう。向こうに着いたらそれどころじゃない	
MAP61_e20_p1_7	可能性もあるからな。	
MAP61_e39_p0_2	狩場に魔物が出まくってて、しばらく	Monsters are swarming the hunting grounds, so for a while
MAP61_e39_p0_3	ここは通行止めにさせてもらってる。	this way's closed to traffic.
MAP61_e39_p1_10	任せておいてくれると助かるよ。	I'd be glad if you left it to me.
MAP61_e39_p1_13	分かった。でも、狩り以外でも何か助けが	Got it. But if you need help with anything beyond hunting,
MAP61_e39_p1_14	いるなら、気兼ねしないで話してくれよ？	don't hesitate to say so, alright?
MAP61_e39_p1_2	狩場に魔物が出まくってて、しばらく	Monsters are swarming the hunting grounds, so for a while
MAP61_e39_p1_3	ここは通行止めにさせてもらってる。	this way's closed to traffic.
MAP61_e39_p1_6	北の村でもか…。助けはいらないのか？	In the northern village too...? You don't need help?
MAP61_e39_p1_9	ああ、むしろ狩人たちの邪魔になるから、	Nah, in fact we'd just get in the hunters' way, so
MAP61_e49_p0_1	持ち出して役に立つようなものは何も見つけられなかった…	There was nothing worth taking with us...
MAP61_e50_p0_1	持ち出して役に立つようなものは何も見つけられなかった…	There was nothing worth taking with us...
MAP61_e53_p0_1	持ち出して役に立つようなものは何も見つけられなかった…	There was nothing worth taking with us...
MAP61_e54_p0_1	持ち出して役に立つようなものは何も見つけられなかった…	There was nothing worth taking with us...
MAP61_e55_p1_12	そんなことより、トリカゼ！	
MAP61_e55_p1_13	傷は深いのか！？	
MAP61_e55_p1_16	え…？　ああ、ちょっとねんざしただけさ！	
MAP61_e55_p1_17	それより…　あんたの家の方を頼む…	
MAP61_e55_p1_18	マハリが守っているはずだが…　	
MAP61_e55_p1_2	助かったぜ…　	
MAP61_e55_p1_21	わかった！	
MAP61_e55_p1_22	トリカゼはここで休んでいろ！いいな！	
MAP61_e55_p1_5	トリカゼ！大丈夫か！？	
MAP61_e55_p1_8	ちゃんと紋章…ぶんどってきたんだな…	
MAP61_e55_p1_9	ナガレちゃん…	
MAP61_e55_p2_2	あんたの家の方を頼む…	
MAP61_e55_p2_3	マハリが守っているはずだ…　	
MAP61_e56_p1_10	大丈夫…　ちょっと突き指しただけだよ	
MAP61_e56_p1_13	それより…	
MAP61_e56_p1_14	どうやら魔物たちはこれで片付いたみたいだね	
MAP61_e56_p1_17	しっかし…　一体何が起こったんだ…？	
MAP61_e56_p1_18	ひでえことになってるじゃねえか…	
MAP61_e56_p1_21	うん…	
MAP61_e56_p1_22	とりあえず、屋敷の中へ…	
MAP61_e56_p1_23	村のみんなが集まってるよ	
MAP61_e56_p1_4	ありがとう…　ナガレ…　みなさん…	
MAP61_e56_p1_7	マハリ！傷は！？　大事ないか！？	
MAP61_e56_p2_2	うん…	
MAP61_e56_p2_3	とりあえず、屋敷の中へ…	
MAP61_e56_p2_4	村のみんなが集まってるよ	
MAP61_e60_p0_11	おーい！！	Heyyy!!
MAP61_e60_p0_15	あたしだけじゃちょっとキツイんだ…	I can't handle this on my own...
MAP61_e60_p0_16	助太刀してくれーーー！！	Give me a hand—!!
MAP61_e60_p0_20	なんかすげえヤバイ感じだな…！	This feels seriously bad...!
MAP61_e60_p0_23	とにかくトリカゼに助太刀しよう！急げ！	Either way, let's help Torikaze! Hurry!
MAP61_e60_p0_5	お、おい…　なんだこりゃあ…！	H-Hey... what the heck is this...!
MAP61_e60_p0_8	川が氾濫した！？　みんなは大丈夫なのか！？	The river flooded!? Is everyone okay!?
MAP61_e61_p1_2	いまここを離れるわけにはいかねえ！！	I can't leave here now!!
MAP61_e65_p0_12	いまいくぜー！！	
MAP61_e65_p0_4	…マハリ！！	
MAP61_e65_p0_7	ナガレ！みなさん！	
MAP61_e65_p0_8	僕だけでは勝てそうにありません！！	
MAP61_e65_p0_9	助けてください！！	
MAP61_e7_p1_2	　　　　ハヤテを使えば目的地にすぐに行けるな	If we use Hayate, we'll reach our destination in no time.
MAP61_e7_p1_3	　　　　　　　　…と、ウィンは思った	...Win thought to himself.
MAP61_e7_p2_2	　　　　ハヤテを使えば目的地にすぐに行けるな	If we use Hayate, we'll reach our destination in no time.
MAP61_e7_p2_3	　　　　　　　　…と、ウィンは思った	...Win thought to himself.
MAP61_e8_p1_2	　　　　ハヤテを使えば目的地にすぐに行けるな	If we use Hayate, we'll reach our destination in no time.
MAP61_e8_p1_3	　　　　　　　　…と、ウィンは思った	...Win thought to himself.
MAP61_e8_p2_2	　　　　ハヤテを使えば目的地にすぐに行けるな	If we use Hayate, we'll reach our destination in no time.
MAP61_e8_p2_3	　　　　　　　　…と、ウィンは思った	...Win thought to himself.
MAP61_e9_p1_2	　　　　ハヤテを使えば目的地にすぐに行けるな	If we use Hayate, we'll reach our destination in no time.
MAP61_e9_p1_3	　　　　　　　　…と、ウィンは思った	...Win thought to himself.
MAP61_e9_p2_2	　　　　ハヤテを使えば目的地にすぐに行けるな	If we use Hayate, we'll reach our destination in no time.
MAP61_e9_p2_3	　　　　　　　　…と、ウィンは思った	...Win thought to himself.
MAP62_e10_p0_1	持ち出して役に立つようなものは何も見つけられなかった…	There was nothing worth taking with us...
MAP62_e11_p0_1	持ち出して役に立つようなものは何も見つけられなかった…	There was nothing worth taking with us...
MAP62_e12_p0_1	持ち出して役に立つようなものは何も見つけられなかった…	There was nothing worth taking with us...
MAP62_e14_p0_1	持ち出して役に立つようなものは何も見つけられなかった…	There was nothing worth taking with us...
MAP62_e17_p0_1	持ち出して役に立つようなものは何も見つけられなかった…	There was nothing worth taking with us...
MAP62_e18_p0_1	持ち出して役に立つようなものは何も見つけられなかった…	There was nothing worth taking with us...
MAP62_e19_p0_2	　　　　　扉が打ちつけられていて開けられない	The door is nailed shut and won't open.
MAP62_e1_p0_2	あっ！　騎士ウィンどの！	
MAP62_e1_p0_3	おつかれさまです！	
MAP62_e1_p0_6	いつ魔物がまた襲ってくるかビクビクです…	
MAP62_e20_p0_2	　　　　　扉が打ちつけられていて開けられない	The door is nailed shut and won't open.
MAP62_e21_p0_2	　　　　　扉が打ちつけられていて開けられない	The door is nailed shut and won't open.
MAP62_e22_p0_2	　　　　　扉が打ちつけられていて開けられない	The door is nailed shut and won't open.
MAP62_e23_p0_2	　　　　　扉が打ちつけられていて開けられない	The door is nailed shut and won't open.
MAP62_e24_p0_2	　　　　　扉が打ちつけられていて開けられない	The door is nailed shut and won't open.
MAP62_e25_p0_2	　　　　　扉が打ちつけられていて開けられない	The door is nailed shut and won't open.
MAP62_e26_p0_1	看板には、	The sign reads,
MAP62_e26_p0_2	『騎士団駐屯本部』	"""Knight Order Garrison HQ"""
MAP62_e26_p0_3	と、書いてある。	written in bold.
MAP62_e28_p0_2	　　　　　扉が打ちつけられていて開けられない	The door is nailed shut and won't open.
MAP62_e2_p2_2	　　　　ハヤテを使えば目的地にすぐに行けるな	If we use Hayate, we'll reach our destination in no time.
MAP62_e2_p2_3	　　　　　　　　…と、ウィンは思った	...Win thought to himself.
MAP62_e30_p0_2	ウィンダムの城下町、現在は異常なし！	
MAP62_e30_p0_3	ウィン殿、ご武運をお祈りしております！	
MAP62_e34_p0_2	いい匂いがしなくなっちまった…	
MAP62_e34_p0_3	…って、ウィン！？	
MAP62_e34_p0_6	あ、大丈夫、大丈夫！！	
MAP62_e34_p0_7	お前のご両親なら、お城に避難してるぜ！	
MAP62_e34_p0_8	無事だからな！！	
MAP62_e39_p2_2	　　　　ハヤテを使えば目的地にすぐに行けるな	If we use Hayate, we'll reach our destination in no time.
MAP62_e39_p2_3	　　　　　　　　…と、ウィンは思った	...Win thought to himself.
MAP62_e3_p2_2	　　　　ハヤテを使えば目的地にすぐに行けるな	If we use Hayate, we'll reach our destination in no time.
MAP62_e3_p2_3	　　　　　　　　…と、ウィンは思った	...Win thought to himself.
MAP62_e41_p1_11	行くぞ、ウィン！	
MAP62_e41_p1_18	　　　　　　　　　　ウィンは頷いた！	Win nodded!
MAP62_e41_p2_11	行くぞ、ウィン！	
MAP62_e41_p2_20	　　　　　　　　　　ウィンは頷いた！	Win nodded!
MAP62_e41_p3_10	　　　　　　　　　　ウィンは頷いた！	Win nodded!
MAP62_e41_p3_3	フン、なりはデカくても…	
MAP62_e41_p3_4	俺たちの相手じゃなかったな。	
MAP62_e41_p3_43	あーっ！！　　いた！！	
MAP62_e41_p3_44	えっ！　ウィン！？　それに…ピピン！！？？	
MAP62_e41_p3_56	おい、ピピン待ってくれ！！	
MAP62_e41_p3_57	ウィンも、助けてくれ！！	
MAP62_e41_p3_66	ふたりとも…すぐに城へ…　王の間へ…	
MAP62_e41_p3_71	四天王を名乗る奴が…　王の間に現れて…	
MAP62_e41_p3_72	あのままじゃ、王もみんなも殺されちまう！！	
MAP62_e4_p0_2	　　　　　扉が打ちつけられていて開けられない	The door is nailed shut and won't open.
MAP62_e50_p0_31	す、すごく大きなバケモノです……隊長…！	
MAP62_e50_p0_38	た、隊長…　か、かかか…　加勢します…！！	
MAP62_e50_p0_48	…下がれ！！	
MAP62_e50_p0_49	こいつは、お前らの手には負えん！！	
MAP62_e50_p0_52	こいつは俺に任せろ！！　	
MAP62_e50_p0_58	…ん？	
MAP62_e50_p0_70	…お前か。	
MAP62_e50_p0_79	…手伝え、ウィン！	
MAP62_e50_p0_82	　　　　　　　　　　ウィンは頷いた！	Win nodded!
MAP62_e5_p0_1	持ち出して役に立つようなものは何も見つけられなかった…	There was nothing worth taking with us...
MAP62_e6_p0_1	持ち出して役に立つようなものは何も見つけられなかった…	There was nothing worth taking with us...
MAP62_e7_p0_1	持ち出して役に立つようなものは何も見つけられなかった…	There was nothing worth taking with us...
MAP62_e8_p0_1	持ち出して役に立つようなものは何も見つけられなかった…	There was nothing worth taking with us...
MAP62_e9_p0_1	持ち出して役に立つようなものは何も見つけられなかった…	There was nothing worth taking with us...
MAP63_e17_p0_2	何をしてんだホノオ！？	
MAP63_e17_p0_3	今更戻ってもどうしようもない！	
MAP63_e17_p0_4	早く上の階へ行くぞ！	
MAP63_e18_p0_11	…ホノオ。	...Hono.
MAP63_e18_p0_12	いまは何も考えず、上を目指そう…	
MAP63_e18_p0_13	お前の知ってる敵が来ているんだろ…？	
MAP63_e18_p0_16	ああ…！	
MAP63_e18_p0_2	…城自体はかなり持ちこたえたみたいだね。	
MAP63_e18_p0_3	燃える岩がたくさん降ってきたってのに…	
MAP63_e18_p0_6	…ああ。	...Yeah.
MAP63_e18_p0_7	街の方もこれぐらい頑丈に作っておけば…	
MAP63_e18_p0_8	あんなひでえことにならなかったのによー…	
MAP63_e19_p0_2	親父…　みんな…　生きていてくれ…！	Dad... everyone... please be alive...!
MAP63_e20_p0_2	親父…　みんな…　生きていてくれ…！	Dad... everyone... please be alive...!
MAP63_e34_p0_2	　　　　ハヤテを使えば目的地にすぐに行けるな	If we use Hayate, we'll reach our destination in no time.
MAP63_e34_p0_3	　　　　　　　　…と、ウィンは思った	...Win thought to himself.
MAP63_e34_p1_2	　　　　ハヤテを使えば目的地にすぐに行けるな	If we use Hayate, we'll reach our destination in no time.
MAP63_e34_p1_3	　　　　　　　　…と、ウィンは思った	...Win thought to himself.
MAP63_e35_p0_11	…お、王子ぃぃぃ…	
MAP63_e35_p0_14	おい！しっかりしろ！	
MAP63_e35_p0_17	…は、はいぃぃ……	
MAP63_e35_p0_20	親父は無事なのか！？	
MAP63_e35_p0_23	…わ、わかりません	
MAP63_e35_p0_24	おそろしく強い…　全身鎧の奴が…　上へ…	
MAP63_e35_p0_27	なんだと…　まさか…！！	
MAP63_e35_p0_30	知っている奴なのか…　ホノオ！？	
MAP63_e35_p0_33	もしかしたら…な…	
MAP63_e35_p0_36	くっそー…	
MAP63_e35_p0_37	生きていてくれよ…　親父…！！	
MAP63_e35_p1_2	…お、王子　	
MAP63_e35_p1_3	あいつ…　めちゃくちゃ強いです…	
MAP63_e35_p1_6	ああ…知ってるさ…	
MAP63_e35_p2_2	…お、王子　	
MAP63_e35_p2_3	あいつ…　めちゃくちゃ強いです…	
MAP63_e35_p2_6	ああ…知ってるさ…	
MAP63_e35_p3_12	けっこう態度違くねーか…	
MAP63_e35_p3_2	あっ！　ナガレ様じゃないっすか！	
MAP63_e35_p3_3	ちっす！　この前はあざっす！！	
MAP63_e35_p3_6	よう！　元気になったみたいでよかったぜ！	
MAP63_e35_p3_9	へ？　あ、王子　どうもっす	
MAP63_e36_p0_2	親父…　みんな…　生きていてくれ…！	Dad... everyone... please be alive...!
MAP63_e40_p0_1	持ち出して役に立つようなものは何も見つけられなかった…	There was nothing worth taking with us...
MAP63_e41_p0_2	あそこの店からいい匂いがするんだー	That shop over there smells great!
MAP63_e41_p0_3	くんくん　何の匂いかわからないけれど	sniff sniff... I can't tell what it is,
MAP63_e41_p0_4	うまそうな匂いだぜー！	but it smells delicious!
MAP63_e41_p1_2	あそこの店からいい匂いがするんだー	That shop over there smells great!
MAP63_e41_p1_3	くんくん　何の匂いかわからないけれど	sniff sniff... I can't tell what it is,
MAP63_e41_p1_4	うまそうな匂いだぜー！	but it smells delicious!
MAP63_e42_p0_1	『シャムシールの扱い』	"""Handling the Shamshir"""
MAP63_e42_p0_10	少ない力と動きで深く鋭く切り込めるのが特徴である。	Its hallmark is deep, sharp cuts with minimal strength and movement.
MAP63_e42_p0_12	その為、腕力だけでなく、技量によっても多様な使い方、	Thus, depending on skill rather than brute force, it allows diverse
MAP63_e42_p0_13	戦法をとれる。	uses and tactics.
MAP63_e42_p0_14	何より小回りが利き、素早さが上がる点が優れている。	Above all, its agility and quick handling are its strengths.
MAP63_e42_p0_2	…と、表紙に書かれた本がある。読んでみようか…。	There's a book with these words on the cover. Should we read it...?
MAP63_e42_p0_6	シャムシールとはフレイム王国に古来より伝わる	The shamshir is the most representative and beloved sword
MAP63_e42_p0_7	最も代表的で最も愛されている刀剣である。	passed down in the Flame Kingdom since ancient times.
MAP63_e42_p0_9	他の国の刀剣類と比べると、刀身が反り返っており、	Compared to other nations' blades, its blade curves back, and
MAP63_e43_p0_1	『王家の方々の好きなカレー』	"""The Royal Family's Favorite Curries"""
MAP63_e43_p0_11	ホムラ王子は緑色、特にほうれん草ベースでたくさんの	Prince Homura likes green curry, especially spinach-based
MAP63_e43_p0_12	野菜が溶け込んだカレーを好む。油は決して入れ過ぎない。	with plenty of vegetables melted in. Never overdo the oil.
MAP63_e43_p0_13	辛さにも強くはない。野菜のうま味が決め手。王家の中では	He can't take much heat either. The vegetables' savor is key. Among the royals,
MAP63_e43_p0_14	母親譲りの好みなのかも知れない。	it might be a taste inherited from his mother.
MAP63_e43_p0_16	ホノオ王子は完全に辛党であり、油も大好きである。	Prince Hono is a complete chili-head and loves oil.
MAP63_e43_p0_17	しかし味音痴というわけではないので、ちゃんと辛く、	But he's not tasteless—he wants it properly spicy,
MAP63_e43_p0_18	濃く、うま味のあるものが望ましい。色は何でもＯＫ	rich, and flavorful. Any color is fine.
MAP63_e43_p0_19	のようである。	Apparently.
MAP63_e43_p0_2	…と、表紙に書かれた本がある。読んでみようか…。	There's a book with these words on the cover. Should we read it...?
MAP63_e43_p0_6	フレイム王はもっぱら赤いカレーである。常に赤だけで	King Flame exclusively eats red curry. Red alone is always
MAP63_e43_p0_7	ＯＫ。しかし唐辛子をたくさん入れればいいというわけ	fine. But it's not about loading it with chili peppers.
MAP63_e43_p0_8	ではない。辛党なわけではなく、唐辛子の味が好きなのだ	He's not a spice lover; he simply likes the taste of chili.
MAP63_e43_p0_9	と思われる。油や他スパイスで調整せよ。	Adjust with oil and other spices.
MAP63_e44_p0_11	…ホノオ。	...Hono.
MAP63_e44_p0_12	いまは何も考えず、上を目指そう…	
MAP63_e44_p0_13	お前の知ってる敵が来ているんだろ…？	
MAP63_e44_p0_16	ああ…！	
MAP63_e44_p0_2	…城自体はかなり持ちこたえたみたいだね。	
MAP63_e44_p0_3	燃える岩がたくさん降ってきたってのに…	
MAP63_e44_p0_6	…ああ。	...Yeah.
MAP63_e44_p0_7	街の方もこれぐらい頑丈に作っておけば…	
MAP63_e44_p0_8	あんなひでえことにならなかったのによー…	
MAP63_e45_p0_2	魔物が増えたってんで、最近は行商人も	With monsters on the rise, even the peddlers
MAP63_e45_p0_3	めっきり来なくなったなあ。	have stopped coming lately.
MAP63_e45_p1_2	魔物が増えたってんで、最近は行商人も	With monsters on the rise, even the peddlers
MAP63_e45_p1_3	めっきり来なくなったなあ。	have stopped coming lately.
MAP63_e46_p0_14	どけちー！！	Move it!!
MAP63_e46_p0_15	なんで1Gも渡せないんだよドケチーーー！！！	Why can't you spare even 1G, you cheapskate!!?
MAP63_e46_p0_18	考えてみろよ　その1Gもらったら俺がどんだけ	Think about it—if I got that 1G, just how happy
MAP63_e46_p0_19	よろこぶとおもうんだ？	do you think I'd be?
MAP63_e46_p0_2	にーちゃーん	Big bro!
MAP63_e46_p0_20	あんたのこと神様だと思うぞ！	I'll think of you as a god!
MAP63_e46_p0_23	お前のたったの1Gが俺にわたすだけで	Just by giving me a single 1G of yours,
MAP63_e46_p0_24	お前を神様にするんだぞ！？	you'd make yourself a god, you know!?
MAP63_e46_p0_25	その価値がわからないのかお前はーーーー！！	Can't you see that value!?
MAP63_e46_p0_3	少しでいいからお金めぐんでくれなーい？	Could you spare a little money?
MAP63_e46_p0_8	あっす	Yo.
MAP63_e46_p1_14	どけちー！！	Move it!!
MAP63_e46_p1_15	なんで1Gも渡せないんだよドケチーーー！！！	Why can't you spare even 1G, you cheapskate!!?
MAP63_e46_p1_18	考えてみろよ　その1Gもらったら俺がどんだけ	Think about it—if I got that 1G, just how happy
MAP63_e46_p1_19	よろこぶとおもうんだ？	do you think I'd be?
MAP63_e46_p1_2	にーちゃーん	Big bro!
MAP63_e46_p1_20	あんたのこと神様だと思うぞ！	I'll think of you as a god!
MAP63_e46_p1_23	お前のたったの1Gが俺にわたすだけで	Just by giving me a single 1G of yours,
MAP63_e46_p1_24	お前を神様にするんだぞ！？	you'd make yourself a god, you know!?
MAP63_e46_p1_25	その価値がわからないのかお前はーーーー！！	Can't you see that value!?
MAP63_e46_p1_3	少しでいいからお金めぐんでくれなーい？	Could you spare a little money?
MAP63_e46_p1_8	あっす	Yo.
MAP63_e47_p0_2	あんまり活気がないって？	Not much hustle and bustle, you say?
MAP63_e47_p0_3	みんな暑くて外に出たがらないのよ。	Nobody wants to go outside in this heat.
MAP63_e47_p0_4	お天気なのにもったいないと思わない？	Don't you think it's a waste, with such nice weather?
MAP63_e47_p1_2	あんまり活気がないって？	Not much hustle and bustle, you say?
MAP63_e47_p1_3	みんな暑くて外に出たがらないのよ。	Nobody wants to go outside in this heat.
MAP63_e47_p1_4	お天気なのにもったいないと思わない？	Don't you think it's a waste, with such nice weather?
MAP63_e48_p0_2	野盗が増えとると兵たちは一年中言うとるが、	The soldiers talk all year about how the bandits are increasing,
MAP63_e48_p0_3	別にいまはじまったことじゃない、昔から	but it's nothing new—since long ago
MAP63_e48_p0_4	一定数おるんじゃ。	there's always been a steady number of them.
MAP63_e48_p1_2	野盗が増えとると兵たちは一年中言うとるが、	The soldiers talk all year about how the bandits are increasing,
MAP63_e48_p1_3	別にいまはじまったことじゃない、昔から	but it's nothing new—since long ago
MAP63_e48_p1_4	一定数おるんじゃ。	there's always been a steady number of them.
MAP63_e49_p0_2	なんか今年は特に暑い気がしないか？	Don't you think it's especially hot this year?
MAP63_e49_p0_3	あたしの気のせいかねえ…	Or maybe it's just me...
MAP63_e49_p1_2	なんか今年は特に暑い気がしないか？	Don't you think it's especially hot this year?
MAP63_e49_p1_3	あたしの気のせいかねえ…	Or maybe it's just me...
MAP63_e50_p0_2	野盗が増えとると兵たちは一年中言うとるが、	The soldiers talk all year about how the bandits are increasing,
MAP63_e50_p0_3	別にいまはじまったことじゃない、昔から	but it's nothing new—since long ago
MAP63_e50_p0_4	一定数おるんじゃ。	there's always been a steady number of them.
MAP63_e50_p1_2	野盗が増えとると兵たちは一年中言うとるが、	The soldiers talk all year about how the bandits are increasing,
MAP63_e50_p1_3	別にいまはじまったことじゃない、昔から	but it's nothing new—since long ago
MAP63_e50_p1_4	一定数おるんじゃ。	there's always been a steady number of them.
MAP63_e51_p0_11	えー？　あっ王子！	
MAP63_e51_p0_12	いやでもこのひとらに城ん中うろうろさせたら	
MAP63_e51_p0_13	何するかわかんないんすよー	
MAP63_e51_p0_16	だからって閉じ込めたら窮屈で仕方ねえ…	
MAP63_e51_p0_17	これが民を守る王国のやることかよ！	
MAP63_e51_p0_2	あーダメダメ！　	
MAP63_e51_p0_20	メシも寝床も人数分しっかり出してますし…	
MAP63_e51_p0_21	王子、これは仕方ないんです。	
MAP63_e51_p0_22	ウィンダムとかとは治安がちがうんですよ	
MAP63_e51_p0_25	………だからってよー……	
MAP63_e51_p0_28	アニキがいたならこういうとき…	
MAP63_e51_p0_29	もっといいやり方出来たんだろうな…	
MAP63_e51_p0_3	こっから先は立ち入り禁止だし…	
MAP63_e51_p0_32	ホノオ！	
MAP63_e51_p0_35	あ、いや…別に弱音吐いたつもじゃりねえんだ…	
MAP63_e51_p0_36	やっぱり普段から民にもっとしっかり食わせる	
MAP63_e51_p0_37	必要があるんだなって思ったよ…	
MAP63_e51_p0_4	出るのも禁止です！	
MAP63_e51_p0_7	おいおい…町から避難してきた人間ここに	
MAP63_e51_p0_8	閉じ込めてんのかよ！？　かわいそうだろ！	
MAP63_e52_p1_10	手間自体はそんなでもないんす。	
MAP63_e52_p1_11	火降ってくるのが治まりさえすれば…	
MAP63_e52_p1_14	そうか…　すまんな　さっさと闇の何とかを	
MAP63_e52_p1_15	やっつけてくるぜ！	
MAP63_e52_p1_2	あっ！　危ないっす！	
MAP63_e52_p1_3	それ以上来ちゃダメっすよ！	
MAP63_e52_p1_6	城ん中、直せそうか？	
MAP63_e52_p1_9	もともと石積み上げまくってるだけなんで、	
MAP63_e53_p1_17	もしかして…　武器とか買いに来ました…？	
MAP63_e53_p2_17	もしかして…　武器とか買いに来ました…？	
MAP63_e54_p0_2	最近スパイスが高いわねーーー	Spices are so expensive lately...
MAP63_e54_p0_3	野菜も高いし…　なのに使えるお金は	Vegetables are pricey too... yet the money we can spend
MAP63_e54_p0_4	変わらないし…	never changes...
MAP63_e54_p1_2	最近スパイスが高いわねーーー	Spices are so expensive lately...
MAP63_e54_p1_3	野菜も高いし…　なのに使えるお金は	Vegetables are pricey too... yet the money we can spend
MAP63_e54_p1_4	変わらないし…	never changes...
MAP63_e55_p0_2	えっ？　牢屋じゃないよ。	Huh? This isn't a jail.
MAP63_e55_p0_3	ここは家畜小屋さ。	It's a livestock shed.
MAP63_e55_p1_2	あーーーわしの家畜小屋が…！！	
MAP63_e55_p1_3	ニワトリたちがーーーー	
MAP63_e55_p1_4	って、あれどうなってんの！？	
MAP63_e59_p1_12	ナ、ナガレ様のにぎったライスボール…	
MAP63_e59_p1_13	食べたいっす！！	
MAP63_e59_p1_16	あはは、平和になったらみんなで握ろう！	
MAP63_e59_p1_19	おい、オレの握ったライスボールはどうだ！？	
MAP63_e59_p1_2	この前ライスボール食べたんだけどさー	
MAP63_e59_p1_22	王子が握ったらボールじゃなくて	
MAP63_e59_p1_23	ナンになりそう　平たくなっちゃいそう	
MAP63_e59_p1_3	めちゃうま！　あれコメ手で握っただけ	
MAP63_e59_p1_4	なんだろ？　なんであんなにうまいの！？	
MAP63_e59_p1_7	セイリューのコメは柔らかいけど、握っても	
MAP63_e59_p1_8	ぜんぜんつぶれたりせず弾力があるんだ。	
MAP63_e59_p1_9	だから握ると逆に噛み応えが増すのさ。	
MAP64_e10_p0_1	『王のいないセイリュー』	"""Seiryu, the Land Without a King"""
MAP64_e10_p0_11	セイリューでは、大昔から、漁をしてきた一族、大工をして	In Seiryu, since ancient times, there have been families of fishers, carpenters,
MAP64_e10_p0_12	きた一族、作物を育ててきた一族、鍛冶をしてきた一族…	farmers, smiths...
MAP64_e10_p0_13	といった風な、複数の特権技術を持った一族がたくさん	many clans each holding exclusive skills,
MAP64_e10_p0_14	おり、それらの間での調停役といった感じである。	and the lord acts as a mediator between them.
MAP64_e10_p0_16	そういったそれぞれの分野のエキスパート達から困りごとや	When those experts bring problems or new ideas to him,
MAP64_e10_p0_17	新しいアイデアを相談されると、その解決策を他の	he asks other experts to solve them—that's
MAP64_e10_p0_18	エキスパートに領主がお願いするという形での統治である。	how his governance works.
MAP64_e10_p0_19	そして領主は代々早死にが多い。	And the lords have, for generations, tended to die young.
MAP64_e10_p0_2	…と、表紙に書かれた本がある。読んでみようか…。	There's a book with these words on the cover. Should we read it...?
MAP64_e10_p0_6	セイリューには王がおらず代わりに領主という代表者が	Seiryu has no king; instead, a representative called the lord exists,
MAP64_e10_p0_7	存在するが、その統治の実態には他の王国とは違う点が	but the reality of its rule differs from other kingdoms
MAP64_e10_p0_8	多い。領主は代々同じ一族が継ぐが、独自の軍隊はなく、	in many ways. The same clan inherits the lordship, but there's no standing army
MAP64_e10_p0_9	税金もない。領民からの善意の寄付のみで生活している。	and no taxes. They live solely on the people's goodwill donations.
MAP64_e11_p0_1	『ウィンダム王国の騎士団とは』	"""The Windam Knight Order"""
MAP64_e11_p0_10	ウィンダム王国では、騎士が王に次いで最も地位が高く、	In the Windam Kingdom, knights rank highest after the king,
MAP64_e11_p0_11	法律上では市民の財産没収などの権限もあるが、試験に	Legally they can seize citizens' property, but exams...
MAP64_e11_p0_12	おいて品行方正さや誇り高さも評価の対象となる為、	also assess upright conduct and pride,
MAP64_e11_p0_13	実際には蛮行は起こっていない。	no such outrages occur in practice.
MAP64_e11_p0_15	そして王の命令ひとつで騎士の階級は即時はく奪もできる。	And a single royal order can instantly strip one of knighthood.
MAP64_e11_p0_16	しかし騎士が自ら返上することも禁じられている。	Yet knights are also forbidden from renouncing it themselves.
MAP64_e11_p0_17	このように、実質的に騎士という階級は、特権階級とは	Thus, while knighthood is a privileged class, it is, in effect,
MAP64_e11_p0_18	いえ、厳しく制限された、象徴的でしかない階級とも言える。	a strictly limited, merely symbolic rank.
MAP64_e11_p0_2	…と、表紙に書かれた本がある。読んでみようか…。	There's a book with these words on the cover. Should we read it...?
MAP64_e11_p0_6	ウィンダム王国では騎士団と自らが呼ぶ独特の制度がある。	The Windam Kingdom has a unique system it calls the knight order.
MAP64_e11_p0_7	煌びやかな鎧兜に身を包み、高い給料と身分を約束された	Dressed in glittering armor and promised high pay and status,
MAP64_e11_p0_8	特権階級であるが、世襲制ではなく、試験制度で選ばれる。	they are a privileged class, yet not hereditary—chosen by examination.
MAP64_e12_p0_1	『階級ということ』	"""On Social Classes"""
MAP64_e12_p0_11	この地における、階級の存在について、フレイム王国の	One must say the people of the Flame Kingdom give little thought
MAP64_e12_p0_12	人々は意識が少ないと言わざるをえない。確かに厳しい	to social class. Truly, they aren't bound by harsh laws; everyone is free.
MAP64_e12_p0_13	法律で縛られることもない、ひとびとはみな自由で、	Everyone is free and unbound by harsh laws.
MAP64_e12_p0_14	思い悩む顔も他国にひとびとよりも少ない。	
MAP64_e12_p0_16	しかし、物乞いが努力することで商人たちのように金を	But can a beggar, through effort, grow rich like the merchants?
MAP64_e12_p0_17	儲けられる国だろうか？兵士が王族のような指揮官、	Can a soldier become a commander or general like royalty?
MAP64_e12_p0_18	将軍になれるだろうか？農民や大工に学問を学べるような	Do farmers and carpenters get chances to study?
MAP64_e12_p0_19	機会があるだろうか？	Do they?
MAP64_e12_p0_2	…と、表紙に書かれた本がある。読んでみようか…。	There's a book with these words on the cover. Should we read it...?
MAP64_e12_p0_6	フレイム王国はとても栄えており、旅先の目的地としても、	The Flame Kingdom prospers—as a travel destination,
MAP64_e12_p0_7	商売の場所としても、剣術に、技術、特に食文化の豊かな	a place of trade, of swordsmanship and craft, and above all
MAP64_e12_p0_8	地としても大陸随一である。それなのに、貧しいひとたち、	richest in food culture on the continent. Yet there are still poor people,
MAP64_e12_p0_9	他の地で見られない物乞いのひともたくさんいる。	and more beggars than anywhere else.
MAP64_e13_p0_1	『継承の試練』	"""The Trial of Succession"""
MAP64_e13_p0_11	南の遺跡の試練で何をするか、何が起こるかは、	What happens in the Southern Ruins' trial is known
MAP64_e13_p0_12	継承者にしか分からない。つまり、国王にしか	only to the inheritor—that is, only to the king.
MAP64_e13_p0_13	分からない。そしてそこで何が起こったかは、	And what happened there
MAP64_e13_p0_14	生涯口外してはならない。	must never be spoken of, for life.
MAP64_e13_p0_16	本当に国王となる資質があるか、火の紋章の継承者としての	It can only be said that it tests whether one truly
MAP64_e13_p0_17	資格があるかどうかを、試される場なのだとしか言えない。	has the makings of a king and the right to the Fire Crest.
MAP64_e13_p0_2	…と、表紙に書かれた本がある。読んでみようか…。	There's a book with these words on the cover. Should we read it...?
MAP64_e13_p0_6	フレイム王国の王となるもの、火の紋章の継承者となる者は	Those who would become king of Flame and inheritor of the Fire Crest
MAP64_e13_p0_7	必ず南の遺跡の試練を越えねばならない。	must pass the trial of the Southern Ruins.
MAP64_e13_p0_8	越えられない場合、挑戦しない場合には、次点の継承候補者	Should they fail or refuse, the right passes
MAP64_e13_p0_9	にその権利が移行する。	to the next candidate.
MAP64_e14_p0_1	『ウィンダム王国との戦争について』	"""On the War with the Windam Kingdom"""
MAP64_e14_p0_10	フレイム王国の兵士よりも優れています。	Our soldiers surpass those of the Flame Kingdom.
MAP64_e14_p0_11	しかし、装備や訓練に時間とお金をかけている分、	But the time and money we pour into equipment and training
MAP64_e14_p0_12	動員できる兵数は我が軍の半分にもなりません。	the troops they can field are no more than half of ours.
MAP64_e14_p0_14	しかし、長期戦となった場合には、組織だった補給や	However, in a prolonged war, organized supply lines and
MAP64_e14_p0_15	騎士を中心とした兵士の練度と士気の差によって、	the gap in training and morale around their knights
MAP64_e14_p0_16	我が軍は敗北すると思われます。	would likely lead to our defeat.
MAP64_e14_p0_17	短期に集中した決戦でしか勝ち目はないでしょう。	Our only chance is a decisive battle fought quickly.
MAP64_e14_p0_2	…と、表紙に書かれた本がある。読んでみようか…。	There's a book with these words on the cover. Should we read it...?
MAP64_e14_p0_6	国王陛下の命令の元、ウィンダム王国と戦争した場合に	Should we go to war with the Windam Kingdom by His Majesty's order,
MAP64_e14_p0_7	どうなるかを調査した結果ををここに報告します。	
MAP64_e14_p0_9	騎士団は定期的な軍事的訓練を行っており、その装備もまた	the knight order trains regularly, and its equipment is
MAP64_e15_p1_2	…ックーン！	...Yip!
MAP64_e15_p1_5	よしよし、ちゃんとメシもらってるみたいだな！	There, there, looks like you're being fed well!
MAP64_e15_p2_2	クッーン！ッっクーン！	Yip! Yip!
MAP64_e15_p2_5	しかし変な鳴き声の犬だぜ…	What a weird bark for a dog...
MAP64_e15_p3_13	…ナイフ？	...A knife?
MAP64_e15_p3_14	オマエ、一体どっからこんなモンを…？？	You, where on earth did you get something like this...??
MAP64_e15_p3_17	まあいいや、コレはオレがもらっとくぜ！	Whatever, I'll be taking this!
MAP64_e15_p3_2	フッーン！ッっフーン！	Hmph! Hmph!
MAP64_e15_p3_20	クーンックー！	Yip yip!
MAP64_e15_p3_24	　　　　ホノオはマンゴーシュを手に入れた！	Hono obtained a Main Gauche!
MAP64_e15_p3_5	しかし変な鳴き声の犬…	But what a weird bark for a dog...
MAP64_e15_p3_6	って、オマエなんでそんなモン咥えてんだ！？	Hey, why are you carrying something like that in your mouth!?
MAP64_e15_p3_9	　　　　　　ホノオは犬からそれを奪い取った！	Hono snatched it from the dog!
MAP64_e15_p4_2	クッーン！ッっクーン！	Yip! Yip!
MAP64_e15_p4_5	しかし変な鳴き声の犬だぜ…	What a weird bark for a dog...
MAP64_e16_p0_1	『バーン王』	"""King Burn"""
MAP64_e16_p0_11	砂漠の国であるフレイムは、大昔から様々な災禍に	Flame, a desert nation, suffered calamity after calamity
MAP64_e16_p0_12	見舞われ続けており、ひとびとの暮らしも、国の発展も、	since ancient times, leaving both its people's lives and its growth
MAP64_e16_p0_13	他国より遅れていたが、バーン王の築いた城壁により、	behind other nations—until King Burn's walls finally
MAP64_e16_p0_14	遂に安心して眠れる土地となった。	made it a land where one could sleep in peace.
MAP64_e16_p0_16	しかしその城壁の完成は、バーン王の使役した無数の民、	But those walls were built with the blood-mixed sweat
MAP64_e16_p0_17	無数の兵たちの、血の混じった汗によって成し遂げられた	of countless people and soldiers driven by King Burn.
MAP64_e16_p0_18	ものであった。	That was the price.
MAP64_e16_p0_2	…と、表紙に書かれた本がある。読んでみようか…。	There's a book with these words on the cover. Should we read it...?
MAP64_e16_p0_6	歴代フレイム国王で最も優れ、最も冷酷だった王が、	The greatest and most merciless king in Flame's history
MAP64_e16_p0_7	バーン王である。	was King Burn.
MAP64_e16_p0_8	砂漠にはびこる野盗、毒蛇、そして砂漠オオカミ。	Bandits, venomous snakes, and desert wolves plague the sands.
MAP64_e16_p0_9	一年中吹き荒れている砂嵐…。	Sandstorms rage all year round...
MAP64_e17_p0_101	だからよー…　オレがコイツを倒すんだから…	
MAP64_e17_p0_102	おまえは戦わなくていいって言ってんだよー！	
MAP64_e17_p0_106	頼む…　ナガレ…	
MAP64_e17_p0_107	おまえなら、みんなを助けられるだろ…？	
MAP64_e17_p0_110	おまえなら、ぜってーに親父たちを	
MAP64_e17_p0_111	助けてくれる…　そう信じられるから、	
MAP64_e17_p0_112	オレは戦いに集中できる…　	
MAP64_e17_p0_115	だからオマエもオレを信じてくれ…	
MAP64_e17_p0_116	オレはコイツに…　絶対に勝つ！！	
MAP64_e17_p0_120	…あんたがそこまで言うんだ	
MAP64_e17_p0_121	…わかった。そいつはあんたに任せる。	
MAP64_e17_p0_24	やっぱりアンタだったなあ………	
MAP64_e17_p0_27	ナウーーーーーーーーーッ！！！！！！	
MAP64_e17_p0_30	ホノ…オ…	
MAP64_e17_p0_35	親父…！大丈夫か！！	
MAP64_e17_p0_38	すまぬ…ホノオ…	
MAP64_e17_p0_39	街を…　城を守れなかった…	
MAP64_e17_p0_42	そんなこと、いまはいい！！	
MAP64_e17_p0_43	おい、親父、死ぬんじゃねえぞ！！	
MAP64_e17_p0_46	………急所は、外してある	
MAP64_e17_p0_51	…なに？	...What?
MAP64_e17_p0_57	へー………	
MAP64_e17_p0_58	…わかったぜ、アンタの考えてることがよー	
MAP64_e17_p0_64	ナガレ！	
MAP64_e17_p0_65	親父にイヤシの魔法をかけてくれ！	
MAP64_e17_p0_66	たぶん…他のみんなも全員生きてるぜ	
MAP64_e17_p0_72	…ちょっと待ってくれ！	
MAP64_e17_p0_73	あんたひとりで勝てる相手なのか、それは！？	
MAP64_e17_p0_76	さあ、どうかな…	
MAP64_e17_p0_77	でもよー　コイツきっと、オレとサシで	
MAP64_e17_p0_78	やりたいんだと思うぜー…	
MAP64_e17_p0_84	…なんだって？	...What did you say?
MAP64_e17_p0_87	頼む、ナガレ。	
MAP64_e17_p0_88	コイツはオレに任せて…　親父と…、	
MAP64_e17_p0_89	みんなを回復してやってくれ！	
MAP64_e17_p0_92	…そ、それはいいとしても！	
MAP64_e17_p0_93	ここの全員にイヤシの魔法を使ったら…	
MAP64_e17_p0_96	あたしのエレメントパワーがもたない…	
MAP64_e17_p0_97	多分なくなっちまう…	
MAP64_e17_p0_98	あたしが戦えなくなるぞ！！	
MAP64_e30_p1_12	おお…　これが紋章の魔法か…！	
MAP64_e30_p1_17	さてと…　待たせたなー…	
MAP64_e30_p1_18	ナウ―よーーーーーーーーーーー！！！！	
MAP64_e30_p1_25	アンタの言いたいことは顔を見るだけで	
MAP64_e30_p1_26	わかるんだぜー？	
MAP64_e30_p1_29	今度こそ1対1の戦いで我を倒して見せろ…　	
MAP64_e30_p1_30	…火の紋章の勇者よ！！	
MAP64_e30_p1_33	そう顔に書いてあるぜ、ナウ――――！！！！	
MAP64_e30_p1_39	こっちもこのときを待ってたんだ…	
MAP64_e30_p1_40	さあ、勝負だぜ！！　ナウ―！！	
MAP64_e30_p1_43	………（ゆっくりと頷いてから武器を構える	
MAP64_e30_p1_46	うおおおおおおおおおお！！！！	
MAP64_e30_p1_5	王様…いま助けます…	
MAP64_e30_p1_59	……………ッ！！　……見事なり…	
MAP64_e30_p1_6	イヤシ！！！！！！！！！	
MAP64_e30_p1_62	やったぜーーーーーーーーー！！！！	
MAP64_e30_p1_67	四天王を…	
MAP64_e30_p1_68	本当にひとりで倒しやがった…　ホノオ…！	
MAP64_e30_p1_71	さて、ナウ―…　	
MAP64_e30_p1_72	とどめを刺させてもらうぜ…	
MAP64_e30_p1_73	消えられたら困るからよー…	
MAP64_e30_p1_79	…何をしてる、ホノオ…！	
MAP64_e30_p1_80	消えられたら、追えなくなる…	
MAP64_e30_p1_81	早くトドメを刺すんだ！！	
MAP64_e30_p1_84	そうだよなあ…	
MAP64_e30_p1_85	そうなんだけどよー…	
MAP64_e30_p1_88	なんか…　情が移っちまって…	
MAP64_e30_p1_89	剣に力が入らねえんだ…	
MAP64_e30_p1_92	バカ！　ホノオのバカヤロー！	
MAP64_e30_p1_93	もういい…　	
MAP64_e30_p1_94	あんたが出来ないなら、あたしが…！	
MAP64_e31_p1_12	………ッ	......Hmph
MAP64_e31_p1_16	…っ！　ミケーネ………！！	
MAP64_e31_p1_21	ナウ―…　ピケピケがカンカンだよ？	
MAP64_e31_p1_22	計画は伝えてあるはずだ。	
MAP64_e31_p1_23	なぜこんなことをして時間を潰している？	
MAP64_e31_p1_29	し…　しまった…！	
MAP64_e31_p1_32	おまえがさっさとトドメを刺さないからだ！	
MAP64_e31_p1_33	ホノオ！！	
MAP64_e31_p1_36	ぐ…　すまん…！	
MAP64_e31_p1_41	また会ったわね、あなたたち…	
MAP64_e31_p1_42	私も遊んであげたいところなんだけれど…	
MAP64_e31_p1_43	ごめんなさい、そんな時間はないの。	
MAP64_e31_p1_46	この辺りで、ナウ―は返してもらうわ。	
MAP64_e31_p1_47	いま、こいつを失うわけにはいかないのよ。	
MAP64_e31_p1_50	そうはさせるかーー！！	
MAP64_e31_p1_53	あら、いいの？	
MAP64_e31_p1_54	いまここで…	
MAP64_e31_p1_55	私のミケーネブリザードを放って…	
MAP64_e31_p1_58	この部屋に転がっている連中を、	
MAP64_e31_p1_59	…改めて、皆殺しにしてあげてもいいのよ？	
MAP64_e31_p1_63	…くっ！	...Guh!
MAP64_e31_p1_66	じゃあそういうことで…	
MAP64_e31_p1_67	ナウ―は連れて行かせてもらうわ。	
MAP64_e31_p1_9	お遊びが過ぎるよ、ナウ―！	
MAP64_e31_p2_100	計画に支障がでるわ…　ナウー、行くわよ。	
MAP64_e31_p2_106	…な、なに！？	
MAP64_e31_p2_109	まだ…ピンピンしてやがるのかよ…？	
MAP64_e31_p2_112	あなたたち…強いわ。	
MAP64_e31_p2_113	あたしたちの予想を軽く超えるほどにね…。	
MAP64_e31_p2_116	きっとまた会うことになる…	
MAP64_e31_p2_117	そのときが、本当の最後になるわ。	
MAP64_e31_p2_12	………ッ	......Hmph
MAP64_e31_p2_16	…っ！　ミケーネ………！！	
MAP64_e31_p2_21	ナウ―…　ピケピケがカンカンだよ？	
MAP64_e31_p2_22	計画は伝えてあるはずだ。	
MAP64_e31_p2_23	なぜこんなことをして時間を潰している？	
MAP64_e31_p2_29	し…　しまった…！	
MAP64_e31_p2_32	おまえがさっさとトドメを刺さないからだ！	
MAP64_e31_p2_33	ホノオ！！	
MAP64_e31_p2_36	ぐ…　すまん…！	
MAP64_e31_p2_41	また会ったわね、あなたたち…	
MAP64_e31_p2_42	随分と一方的にナウーを可愛がってくれた	
MAP64_e31_p2_43	みたいね…	
MAP64_e31_p2_46	いくらナウーが正々堂々の肉体バトルを	
MAP64_e31_p2_47	自分に課しているとはいえ…	
MAP64_e31_p2_48	一方的過ぎたわ。	
MAP64_e31_p2_51	へへ…！！	
MAP64_e31_p2_52	それだけオレが強くなったってことだぜ！	
MAP64_e31_p2_55	あら、そんなに？	
MAP64_e31_p2_56	それなら…　	In that case...
MAP64_e31_p2_57	あたしとナウー、同時に相手にできるかしら？	
MAP64_e31_p2_60	なんだって…！？	
MAP64_e31_p2_63	本当はそんな時間ないんだけれど…	
MAP64_e31_p2_64	あなたたちには借りがあるからねえ…	
MAP64_e31_p2_65	ここで返させてもらうわ…！！	
MAP64_e31_p2_68	…くっ！	...Guh!
MAP64_e31_p2_71	な、ナガレ…	
MAP64_e31_p2_72	オレひとりじゃ無理だ…！！	
MAP64_e31_p2_75	そんなことは分かってるよ！！	
MAP64_e31_p2_76	…やるしかない…！！	
MAP64_e31_p2_79	ナウー？　もうさっきの傷は癒えたわね？	
MAP64_e31_p2_80	…次はもう少しだけ本気でやってちょうだい	
MAP64_e31_p2_86	来るぞ…！！	
MAP64_e31_p2_9	お遊びが過ぎるよ、ナウ―！	
MAP64_e31_p2_95	…やったぞ！！	
MAP64_e31_p2_98	…さすがに時間切れね。	
MAP64_e31_p2_99	これ以上パワーを消耗したら…	
MAP64_e32_p1_13	………くそっ……	
MAP64_e32_p1_25	親父…　すまん。	
MAP64_e32_p1_26	四天王を逃がしちまった…	
MAP64_e32_p1_29	わしにお前を責める資格はない…	
MAP64_e32_p1_30	お前は…よくやった。	
MAP64_e32_p1_33	…そうだと、いいな………	
MAP64_e32_p1_37	ホノオ！　あんたも早く手当を手伝え！	
MAP64_e32_p1_38	薬は持ってるだろ！？	
MAP64_e32_p1_43	お、おう…！！	
MAP64_e33_p1_10	無事に帰ってくれ…　ホノオ。	Come home safe... Hono.
MAP64_e33_p1_13	当たり前だろ？　あ、それより、	Of course, right? Oh, anyway,
MAP64_e33_p1_14	アレ、あるか？	you still have it, don't you?
MAP64_e33_p1_17	む、なんのことだ？	Hm? What do you mean?
MAP64_e33_p1_2	おお…　遂に継承者が揃ったか…。	Oh... at last, all the inheritors are gathered...
MAP64_e33_p1_20	王に代々受け継がれる、この国の宝剣だよ。	It's the treasured sword of this kingdom, passed down through its kings.
MAP64_e33_p1_21	ちょっとばかし前倒しにして…	A little ahead of schedule...
MAP64_e33_p1_22	アレをオレにくれないか？	could you give it to me?
MAP64_e33_p1_25	無論かまわんが…	I don't mind at all, but...
MAP64_e33_p1_26	一応しきたりでは王になるときに渡すものだ。	By tradition, it's meant to be given when one becomes king.
MAP64_e33_p1_27	しかし、なぜ急ごうと思った…？	But why the hurry...?
MAP64_e33_p1_3	…暗黒大陸に渡るのだな？	...You're crossing to the Dark Continent, aren't you?
MAP64_e33_p1_30	オレ戦いだと夢中になっちまって、あと先を	When I get into a fight, I get so caught up
MAP64_e33_p1_31	考えなくなっちまうところがあるからよ…	that I stop thinking ahead, you see...
MAP64_e33_p1_34	けど…　右手に王の剣があれば…	But... if I hold the king's sword in my right hand...
MAP64_e33_p1_35	ソレを見る度に思い出せるんじゃねえかと	I figured every time I look at it,
MAP64_e33_p1_36	思ってな…　大事なことを。	I'd remember... what matters most.
MAP64_e33_p1_39	そうか…　よくわかった。	I see... I understand.
MAP64_e33_p1_42	　　　　ホノオはゾモロドネガルを受け取った！	
MAP64_e33_p1_47	ありがとよ、親父！	Thanks, Dad!
MAP64_e33_p1_48	代わりに俺のシャムシールを親父に渡そうか？	How about I give you my Shamshir in return?
MAP64_e33_p1_51	それはやめておこう。形見にもらうようで…	Better not. It'd feel like a keepsake from the dead...
MAP64_e33_p1_52	弱気になりそうだからな…。	it would make me lose heart...
MAP64_e33_p1_55	あ、そう………	Ah, right...
MAP64_e33_p1_56	じゃあ親父、ちょっくら行ってくるぜ！	Well then, Dad, I'm heading out!
MAP64_e33_p1_59	うむ、我が息子に武運を！	Indeed, may fortune favor my son in battle!
MAP64_e33_p1_6	ああ！　行ってくるぜ、親父！	Yeah! I'm off, Dad!
MAP64_e33_p1_9	そうか…　	I see...
MAP64_e33_p2_10	無事に帰ってくれ…　ホノオ。	Come home safe... Hono.
MAP64_e33_p2_13	当たり前だろ？　あ、それより、	Of course, right? Oh, anyway,
MAP64_e33_p2_14	アレ、あるか？	you still have it, don't you?
MAP64_e33_p2_17	む、なんのことだ？	Hm? What do you mean?
MAP64_e33_p2_2	おお…　遂に継承者が揃ったか…。	Oh... at last, all the inheritors are gathered...
MAP64_e33_p2_20	王に代々受け継がれる、この国の宝剣だよ。	It's the treasured sword of this kingdom, passed down through its kings.
MAP64_e33_p2_21	ちょっとばかし前倒しにして…	A little ahead of schedule...
MAP64_e33_p2_22	アレをオレにくれないか？	could you give it to me?
MAP64_e33_p2_25	無論かまわんが…	I don't mind at all, but...
MAP64_e33_p2_26	一応しきたりでは王になるときに渡すものだ。	By tradition, it's meant to be given when one becomes king.
MAP64_e33_p2_27	しかし、なぜ急ごうと思った…？	But why the hurry...?
MAP64_e33_p2_3	…暗黒大陸に渡るのだな？	...You're crossing to the Dark Continent, aren't you?
MAP64_e33_p2_30	オレ戦いだと夢中になっちまって、あと先を	When I get into a fight, I get so caught up
MAP64_e33_p2_31	考えなくなっちまうところがあるからよ…	that I stop thinking ahead, you see...
MAP64_e33_p2_34	けど…　右手に王の剣があれば…	But... if I hold the king's sword in my right hand...
MAP64_e33_p2_35	ソレを見る度に思い出せるんじゃねえかと	I figured every time I look at it,
MAP64_e33_p2_36	思ってな…　大事なことを。	I'd remember... what matters most.
MAP64_e33_p2_39	そうか…　よくわかった。	I see... I understand.
MAP64_e33_p2_42	　　ホノオは本物のゾモロドネガルを受け取った！	
MAP64_e33_p2_47	ありがとよ、親父！	Thanks, Dad!
MAP64_e33_p2_48	代わりに俺のシャムシールを親父に渡そうか？	How about I give you my Shamshir in return?
MAP64_e33_p2_51	それはやめておこう。形見にもらうようで…	Better not. It'd feel like a keepsake from the dead...
MAP64_e33_p2_52	弱気になりそうだからな…。	it would make me lose heart...
MAP64_e33_p2_55	あ、そう………	Ah, right...
MAP64_e33_p2_56	じゃあ親父、ちょっくら行ってくるぜ！	Well then, Dad, I'm heading out!
MAP64_e33_p2_59	うむ、我が息子に武運を！	Indeed, may fortune favor my son in battle!
MAP64_e33_p2_6	ああ！　行ってくるぜ、親父！	Yeah! I'm off, Dad!
MAP64_e33_p2_9	そうか…　	I see...
MAP64_e33_p3_11	あたしは水の紋章の力を持つものとして、	
MAP64_e33_p3_12	当然のことをしただけです。	
MAP64_e33_p3_15	しかしフレイム王は…	
MAP64_e33_p3_16	まだお身体の具合が優れぬ様子で…	
MAP64_e33_p3_17	心配です。	
MAP64_e33_p3_2	ナガレ殿、　四天王の襲撃の際は、	
MAP64_e33_p3_20	わしのは寿命でしょうな。	
MAP64_e33_p3_21	ナガレ殿のおかげで傷はすっかり完治しておる	
MAP64_e33_p3_24	ひとり残すホノオが心配です…	
MAP64_e33_p3_25	世継ぎどころか、あやつにはいまだ妻もなく…	
MAP64_e33_p3_28	ナガレ殿のようなお強い方が、あやつの近くに	
MAP64_e33_p3_29	おってくれたなら、何の心配もないのだが…	
MAP64_e33_p3_3	本当にありがとうございました。	Thank you so much.
MAP64_e33_p3_32	あはは、そうですね。	
MAP64_e33_p3_35	親父ー？　そういうのやめろな？	
MAP64_e33_p3_6	ナガレ殿のおかげで、城の者たちの殆どが	
MAP64_e33_p3_7	いまは元気になりました。	
MAP64_e33_p3_8	このご恩、わしだけでなく皆忘れないでしょう	
MAP64_e33_p4_10	ああ…　はい、わかりました。	
MAP64_e33_p4_13	オレは？　一応次の王様なんだけど…？	
MAP64_e33_p4_2	我が兵たちにとって、ナガレ殿はいまや	
MAP64_e33_p4_3	皆の救世主、戦場の女神です。	
MAP64_e33_p4_6	よかったら兵たちに声をかけてやって下され。	
MAP64_e33_p4_7	全軍の士気がおおいに上がると思います。	
MAP64_e34_p0_1	『我々のエレメントと呼ぶもの』	"""What We Call Elements"""
MAP64_e34_p0_11	漠然と、火の恵み、水の恵、風の恵み…自然からの恩恵、	
MAP64_e34_p0_12	そのエネルギーといった感覚で使っている言葉である。	a word used with a sense of 'that energy'.
MAP64_e34_p0_13	しかしこの自然というものは、火と水と風のみで成り立つ	But is this nature truly built solely of fire, water, and wind?
MAP64_e34_p0_14	世界であろうか？	Is it?
MAP64_e34_p0_16	この世界、自然、そして生き物の大元のエネルギーの全てが	Is there any basis for thinking all the world's, nature's, and living things'
MAP64_e34_p0_17	火と水と風のエレメントのみで成り立つと考える根拠がある	root energies consist only of Fire, Water, and Wind Elements?
MAP64_e34_p0_18	のだろうか。それ以外にもこの世界には闇のエレメントが	Beyond them, a Dark Element is also thought to exist.
MAP64_e34_p0_19	存在すると考えられている。では闇の恵みとは何か？	So then, what is the Dark's blessing?
MAP64_e34_p0_2	…と、表紙に書かれた本がある。読んでみようか…。	There's a book with these words on the cover. Should we read it...?
MAP64_e34_p0_6	我々はこの土地を火と水と風のエレメントによって	We believe this land was made and protected by the Fire, Water,
MAP64_e34_p0_7	作られ守られていると考えている。それゆえに、この地を	and Wind Elements. That is why we call it
MAP64_e34_p0_8	エレメント大陸と呼ぶ。しかし、我々の使うこの、	the Element Continent. But what exactly does this word
MAP64_e34_p0_9	エレメントとは具体的に何を指す言葉なのだろうか？	'element' refer to?
MAP64_e35_p1_11	我が王国はまだまだナガレ様…そしてセイリュー	
MAP64_e35_p1_12	の皆様へのご恩をお返ししきれません。	
MAP64_e35_p1_13	お力になれることがあれば何でもお申しつけを！	
MAP64_e35_p1_2	おお…　ナガレ様！	
MAP64_e35_p1_3	我が軍の兵はお役に立ちましたでしょうか？	
MAP64_e35_p1_6	ええ、とても助かりました。	
MAP64_e35_p1_7	これで暗黒大陸に渡ることができます。	
MAP64_e35_p1_8	大臣のご尽力のおかげです	
MAP64_e36_p1_10	足りているとは恐れながら申せません…。	
MAP64_e36_p1_11	しかし、コメは栄養価が高い上、腹持ちが良く、	
MAP64_e36_p1_12	そのおかげで、兵や民たちはまだまだ元気です。	
MAP64_e36_p1_15	それを聞いて少し安心しました…。	
MAP64_e36_p1_16	セイリューでも食料は不足気味なので、	
MAP64_e36_p1_17	これ以上の支援は出来そうにないもので…。	
MAP64_e36_p1_2	これはこれはナガレ様、ご機嫌うるわしゅう。	
MAP64_e36_p1_20	存じ上げております…。	
MAP64_e36_p1_21	我が国でも少ない材料で多くの人数分用意できる	
MAP64_e36_p1_22	新料理を発明中です。	
MAP64_e36_p1_25	うお！マジかよ！？	
MAP64_e36_p1_26	どんな料理なんだろうな、楽しみだぜー	
MAP64_e36_p1_30	…殿下。いまは非常時ゆえ許しますが…	
MAP64_e36_p1_31	教育的説教がどんどんたまっておりますので、	
MAP64_e36_p1_32	覚悟しておいて下され。	
MAP64_e36_p1_35	えっ！　なんでだよ？	
MAP64_e36_p1_36	オレ怒られるようなことそんなにしてるか！？	
MAP64_e36_p1_39	あはは、あたしとオタキ様みたいだ。	
MAP64_e36_p1_5	これは行政官シダルタ殿、ご挨拶ありがとう	
MAP64_e36_p1_6	ございます。　セイリューからの食料支援は	
MAP64_e36_p1_7	足りていますか？	
MAP64_e37_p0_2	　　　左　ホノオ王子の部屋　右　ホムラ王子の部屋	Left: Prince Hono's room  Right: Prince Homura's room
MAP64_e4_p0_1	引き出しをこっそり開けてみると…	When we quietly opened the drawer...
MAP64_e4_p0_10	じいやなんか　なさけないと言って泣いた	Grandpa cried, saying I was pathetic
MAP64_e4_p0_12	オレが、いつまでたっても本を読まないから	Because I never read any books, no matter how much time passed
MAP64_e4_p0_13	あにきが本を読みまくってすげえあたまいいのは	Big bro reads tons of books and is super smart.
MAP64_e4_p0_14	オレだってわかってる	Even I know that.
MAP64_e4_p0_15	だけどなんかよめないんだよオレは	But somehow I just can't read them
MAP64_e4_p0_17	みんなオレをアニキとくらべてダメなやつだって言う	Everyone says I'm a hopeless loser compared to big bro
MAP64_e4_p0_18	アニキをみならえって言う	They tell me to be more like big bro
MAP64_e4_p0_19	だけどアニキだけはそんなこと言わないし	But big bro is the only one who never says that
MAP64_e4_p0_2	『くっそーーー！！！！』	"""Daaamn!!!!"""
MAP64_e4_p0_20	アニキだけはオレに本をよまなくてもいいって言う	Big bro is the only one who says I don't have to read
MAP64_e4_p0_22	だけどアニキちがうんだよ	But big bro, you're wrong
MAP64_e4_p0_23	オレだって本を読みたいんだよ	I want to read books too
MAP64_e4_p0_24	アニキみたいになりたいんだ	I want to be like you, big bro
MAP64_e4_p0_25	くっそーーーーーーーーーーー	Daaaaamn————
MAP64_e4_p0_3	…と、表紙に書かれた本がある。読んでみようか…。	There's a book with these words on the cover. Should we read it...?
MAP64_e4_p0_8	オヤジにめちゃくちゃどなられた	Dad yelled at me like crazy
MAP64_e4_p0_9	だいじんにもせっきょうされた	Even the minister lectured me
MAP64_e4_p1_1	引き出しをこっそり開けてみると…	When we quietly opened the drawer...
MAP64_e4_p1_10	じいやなんか　なさけないと言って泣いた	Grandpa cried, saying I was pathetic
MAP64_e4_p1_12	オレが、いつまでたっても本を読まないから	Because I never read any books, no matter how much time passed
MAP64_e4_p1_13	あにきが本を読みまくってすげえあたまいいのは	Big bro reads tons of books and is super smart.
MAP64_e4_p1_14	オレだってわかってる	Even I know that.
MAP64_e4_p1_15	だけどなんかよめないんだよオレは	But somehow I just can't read them
MAP64_e4_p1_17	みんなオレをアニキとくらべてダメなやつだって言う	Everyone says I'm a hopeless loser compared to big bro
MAP64_e4_p1_18	アニキをみならえって言う	They tell me to be more like big bro
MAP64_e4_p1_19	だけどアニキだけはそんなこと言わないし	But big bro is the only one who never says that
MAP64_e4_p1_2	『くっそーーー！！！！』	"""Daaamn!!!!"""
MAP64_e4_p1_20	アニキだけはオレに本をよまなくてもいいって言う	Big bro is the only one who says I don't have to read
MAP64_e4_p1_22	だけどアニキちがうんだよ	But big bro, you're wrong
MAP64_e4_p1_23	オレだって本を読みたいんだよ	I want to read books too
MAP64_e4_p1_24	アニキみたいになりたいんだ	I want to be like you, big bro
MAP64_e4_p1_25	くっそーーーーーーーーーーー	Daaaaamn————
MAP64_e4_p1_28	うお！？うわっ！！えっ！？	Whoa!? Wah!! Huh!?
MAP64_e4_p1_3	…と、表紙に書かれた本がある。読んでみようか…。	There's a book with these words on the cover. Should we read it...?
MAP64_e4_p1_31	てめえウィン…俺がちょっと目を離したスキに	You little—! Win... while I wasn't looking,
MAP64_e4_p1_32	なに勝手に読んでんだよーーー	what are you reading on your own!?
MAP64_e4_p1_38	おまえなにだまってんだよ…	What are you not saying...?
MAP64_e4_p1_39	なに黙ってんだよーーーーーー！！	Why aren't you saying anything!?
MAP64_e4_p1_8	オヤジにめちゃくちゃどなられた	Dad yelled at me like crazy
MAP64_e4_p1_9	だいじんにもせっきょうされた	Even the minister lectured me
MAP64_e4_p2_1	引き出しをこっそり開けてみると…	When we quietly opened the drawer...
MAP64_e4_p2_10	じいやなんか　なさけないと言って泣いた	Grandpa cried, saying I was pathetic
MAP64_e4_p2_12	オレが、いつまでたっても本を読まないから	Because I never read any books, no matter how much time passed
MAP64_e4_p2_13	あにきが本を読みまくってすげえあたまいいのは	Big bro reads tons of books and is super smart.
MAP64_e4_p2_14	オレだってわかってる	Even I know that.
MAP64_e4_p2_15	だけどなんかよめないんだよオレは	But somehow I just can't read them
MAP64_e4_p2_17	みんなオレをアニキとくらべてダメなやつだって言う	Everyone says I'm a hopeless loser compared to big bro
MAP64_e4_p2_18	アニキをみならえって言う	They tell me to be more like big bro
MAP64_e4_p2_19	だけどアニキだけはそんなこと言わないし	But big bro is the only one who never says that
MAP64_e4_p2_2	『くっそーーー！！！！』	"""Daaamn!!!!"""
MAP64_e4_p2_20	アニキだけはオレに本をよまなくてもいいって言う	Big bro is the only one who says I don't have to read
MAP64_e4_p2_22	だけどアニキちがうんだよ	But big bro, you're wrong
MAP64_e4_p2_23	オレだって本を読みたいんだよ	I want to read books too
MAP64_e4_p2_24	アニキみたいになりたいんだ	I want to be like you, big bro
MAP64_e4_p2_25	くっそーーーーーーーーーーー	Daaaaamn————
MAP64_e4_p2_28	てめえウィン…俺がちょっと目を離したスキに	You little—! Win... while I wasn't looking,
MAP64_e4_p2_29	なに勝手に読んでんだよーーー	what are you reading on your own!?
MAP64_e4_p2_3	…と、表紙に書かれた本がある。読んでみようか…。	There's a book with these words on the cover. Should we read it...?
MAP64_e4_p2_35	おまえなにだまってんだよ…	What are you not saying...?
MAP64_e4_p2_36	なに黙ってんだよーーーーーー！！	Why aren't you saying anything!?
MAP64_e4_p2_42	おまえもだまってねえで、なんとか言えよ！	You too—don't just stand there, say something!
MAP64_e4_p2_45	ふーん…あんた、かわいいな。	Hmm... you're kinda cute.
MAP64_e4_p2_48	う…うわ…そういうのはやめて…	Wh-...Whoa... please don't do that...
MAP64_e4_p2_49	それならむしろ黙っててくれ…	Then rather, just stay quiet...
MAP64_e4_p2_8	オヤジにめちゃくちゃどなられた	Dad yelled at me like crazy
MAP64_e4_p2_9	だいじんにもせっきょうされた	Even the minister lectured me
MAP64_e5_p0_1	引き出しをこっそり開けてみると…	When we quietly opened the drawer...
MAP64_e5_p0_11	ポケットに入っていたカラカラに乾いたパンを差し出して	When I offered him the bone-dry bread from my pocket,
MAP64_e5_p0_12	みると…物乞い、いや、彼は、僕に頭をさげてありがとう、	he bowed his head and thanked me—
MAP64_e5_p0_13	ありがとうとと呟き、涙を流しながらひざまづいたのだ。	"He murmured ""thank you"" and knelt down, tears streaming down his face."
MAP64_e5_p0_15	乾いたパンひとつで殺人者が刹那に善人になったのだ。	With a single dry piece of bread, a murderer became a good man in an instant.
MAP64_e5_p0_16	乾いたパン一つにその力があるのに、僕らが毎日食べている	If one dry piece of bread holds that much power, then the meals we eat every day—
MAP64_e5_p0_17	食事は、その一食で、あの乾いたパン何個分だろうか…。	That one meal was worth how many of those dry pieces of bread, I wonder...
MAP64_e5_p0_2	『日記　というよりも覚書のようなもの』	"""A Diary — or Rather, Some Scraps of Notes"""
MAP64_e5_p0_3	…と、表紙に書かれた本がある。読んでみようか…。	There's a book with these words on the cover. Should we read it...?
MAP64_e5_p0_8	昨日の朝、散歩をしていたら突然物乞いに襲われた。	Yesterday morning, while out for a walk, I was suddenly attacked by a beggar.
MAP64_e5_p0_9	恐怖を必死で抑えながら語りかけたが全く要領を得ない。	I spoke to him while desperately suppressing my fear, but he made no sense at all.
MAP64_e5_p1_1	引き出しをこっそり開けてみると…	When we quietly opened the drawer...
MAP64_e5_p1_11	ポケットに入っていたカラカラに乾いたパンを差し出して	When I offered him the bone-dry bread from my pocket,
MAP64_e5_p1_12	みると…物乞い、いや、彼は、僕に頭をさげてありがとう、	he bowed his head and thanked me—
MAP64_e5_p1_13	ありがとうとと呟き、涙を流しながらひざまづいたのだ。	"He murmured ""thank you"" and knelt down, tears streaming down his face."
MAP64_e5_p1_15	乾いたパンひとつで殺人者が刹那に善人になったのだ。	With a single dry piece of bread, a murderer became a good man in an instant.
MAP64_e5_p1_16	乾いたパン一つにその力があるのに、僕らが毎日食べている	If one dry piece of bread holds that much power, then the meals we eat every day—
MAP64_e5_p1_17	食事はその一食で、あの乾いたパン何個分だろうか…。	That one meal was worth how many of those dry pieces of bread, I wonder...
MAP64_e5_p1_2	『日記　というよりも覚書のようなもの』	"""A Diary — or Rather, Some Scraps of Notes"""
MAP64_e5_p1_20	やっぱ兄貴はすげえ…　何がすげえのかは	Big bro really is amazing... I can't quite say what's so amazing,
MAP64_e5_p1_21	よく分からねえんだが…やっぱ兄貴はすげえ。	but big bro really is amazing.
MAP64_e5_p1_22	何かこう、胸にズシンと来るんだ…	Something just hits me right in the chest...
MAP64_e5_p1_3	…と、表紙に書かれた本がある。読んでみようか…。	There's a book with these words on the cover. Should we read it...?
MAP64_e5_p1_8	昨日の朝、散歩をしていたら突然物乞いに襲われた。	Yesterday morning, while out for a walk, I was suddenly attacked by a beggar.
MAP64_e5_p1_9	恐怖を必死で抑えながら語りかけたが全く要領を得ない。	I spoke to him while desperately suppressing my fear, but he made no sense at all.
MAP64_e5_p2_1	引き出しをこっそり開けてみると…	When we quietly opened the drawer...
MAP64_e5_p2_11	ポケットに入っていたカラカラに乾いたパンを差し出して	When I offered him the bone-dry bread from my pocket,
MAP64_e5_p2_12	みると…物乞い、いや、彼は、僕に頭をさげてありがとう、	he bowed his head and thanked me—
MAP64_e5_p2_13	ありがとうと呟き、涙を流しながらひざまずいたのだ。	"He murmured ""thank you"" and knelt down, tears streaming down his face."
MAP64_e5_p2_15	乾いたパンひとつで殺人者が刹那に善人になったのだ。	With a single dry piece of bread, a murderer became a good man in an instant.
MAP64_e5_p2_16	乾いたパン一つにその力があるのに、僕らが毎日食べている	If one dry piece of bread holds that much power, then the meals we eat every day—
MAP64_e5_p2_17	食事はその一食で、あの乾いたパン何個分だろうか…。	That one meal was worth how many of those dry pieces of bread, I wonder...
MAP64_e5_p2_2	『日記　というよりも覚書のようなもの』	"""A Diary — or Rather, Some Scraps of Notes"""
MAP64_e5_p2_20	やっぱ兄貴はすげえ…　何がすげえのかは	Big bro really is amazing... I can't quite say what's so amazing,
MAP64_e5_p2_21	よく分からねえんだが…やっぱ兄貴はすげえ。	but big bro really is amazing.
MAP64_e5_p2_22	何かこう、胸にズシンと来るんだ…	Something just hits me right in the chest...
MAP64_e5_p2_25	…ホノオ。	...Hono.
MAP64_e5_p2_26	あんた本当アタマ悪そうな喋り方が…	The way you talk really makes you sound dumb...
MAP64_e5_p2_27	天才的だわ。	it's genius.
MAP64_e5_p2_3	…と、表紙に書かれた本がある。読んでみようか…。	There's a book with these words on the cover. Should we read it...?
MAP64_e5_p2_30	あんだとー？	What was that—?
MAP64_e5_p2_31	まあ、喋り方っていうか、オレ、ホントに	Well, it's not just the way I talk—I really am
MAP64_e5_p2_32	頭悪いからな。でもズシンと来ねえかよ？	dumb. But it hits you right here, doesn't it?
MAP64_e5_p2_35	…来るよ。	
MAP64_e5_p2_8	昨日の朝、散歩をしていたら突然物乞いに襲われた。	Yesterday morning, while out for a walk, I was suddenly attacked by a beggar.
MAP64_e5_p2_9	恐怖を必死で抑えながら語りかけたが全く要領を得ない。	I spoke to him while desperately suppressing my fear, but he made no sense at all.
MAP64_e6_p0_1	持ち出して役に立つようなものは何も見つけられなかった…	There was nothing worth taking with us...
MAP64_e7_p0_10	　　　　　　　　ことの経緯を説明した	They explained the situation.
MAP64_e7_p0_13	なんだとーーーーーーーーーーーー！！！！	What did you say—!!!!
MAP64_e7_p0_15	闇のエレメントが、本当に…	The Dark Element, truly...
MAP64_e7_p0_16	ただの伝説だと思っていたが…	I thought it was just a legend...
MAP64_e7_p0_18	ウィン殿。	Sir Win.
MAP64_e7_p0_19	火の紋章の継承者である我が息子、ホノオは…	My son Hono, inheritor of the Fire Crest, is...
MAP64_e7_p0_2	おや、これはこれは騎士どの。	Oh, well, well, if it isn't a knight.
MAP64_e7_p0_21	我が国伝統の継承の試練のため、南の遺跡に	He's headed to the Southern Ruins for our kingdom's
MAP64_e7_p0_22	向かったところなのだ…。	traditional trial of succession...
MAP64_e7_p0_23	最近のあそこは以前と違い魔物が増えたので、	Lately that place has more monsters than before, so
MAP64_e7_p0_24	本当は行かせたくなかったのだがな…	I truly didn't want to let him go...
MAP64_e7_p0_26	ただでさえ試練など中止したかったところに、	I'd have liked to cancel the trial as it was, and now
MAP64_e7_p0_27	ウィン殿からのこの報告…	comes this report from Sir Win...
MAP64_e7_p0_28	ああ、力ずくでも止めればよかったが、	Ah, I should have stopped him by force, but
MAP64_e7_p0_29	今更言っても詮無いことよ。	it's no use saying so now.
MAP64_e7_p0_3	まずは　お茶でもいかがかな？	First, how about some tea?
MAP64_e7_p0_31	ウィン殿、恐縮だが、そなたの力で…	Sir Win, I'm ashamed to ask, but with your strength...
MAP64_e7_p0_32	あの聞き分けのない我が息子を連れ戻して	please bring back my headstrong son...
MAP64_e7_p0_33	ほしい…。試練どころではないと分かれば、	Once he realizes this is no time for trials,
MAP64_e7_p0_34	あやつも頭を冷やすだろう。	he'll cool his head.
MAP64_e7_p0_9	　　　　ウィンはフレイム王に自己紹介をしてから	After introducing himself to King Flame, Win
MAP64_e8_p0_2	本来次期国王は、紋章を継承したあとにすぐ	Normally, the next king must, right after inheriting the crest,
MAP64_e8_p0_3	南の遺跡へひとりで赴き、試練を果たさねば	journey alone to the Southern Ruins and complete the trial
MAP64_e8_p0_4	ならん…	—that's the rule...
MAP64_e8_p0_6	しかし最近南の遺跡に魔物が増えたのと、	But with monsters increasing in the Southern Ruins lately,
MAP64_e8_p0_7	何より王子が死んでしまうのを恐れて、	and above all fearing the prince might die,
MAP64_e8_p0_8	王は今回の試練を見送るつもりだったのだ…	the king intended to skip the trial this time...
MAP64_e9_p0_2	私も試練には反対したのだが…	I opposed the trial as well, but...
MAP64_e9_p0_3	ホノオ王子は勝手に行ってしまった。	Prince Hono went off on his own.
MAP64_e9_p0_4	まったく…思慮の浅いお方で頭が痛い…。	Good grief... that thoughtless boy gives me a headache...
MAP65_e10_p0_105	陛下…	
MAP65_e10_p0_108	まさか、こやつのことを…？	
MAP65_e10_p0_111	…ボクのことを、知っているの？	
MAP65_e10_p0_114	…いや、知らんな	
MAP65_e10_p0_126	やっぱりココって…	
MAP65_e10_p0_127	バーーーカ！！しかいないのーーーー！！？？　	
MAP65_e10_p0_23	だははは！	
MAP65_e10_p0_24	本当にキミたちは…	
MAP65_e10_p0_27	ボクの思い通りに動いてくれるねー！	
MAP65_e10_p0_30	素直っていうか、バカっていうかー？	
MAP65_e10_p0_33	ぬわにいいいいいいいいいいい！？	
MAP65_e10_p0_36	皆！　うかつに近づくな！　距離を取れ！	
MAP65_e10_p0_41	ろ、ロイどの！！	
MAP65_e10_p0_42	これだけ囲んでしまえば、一気に倒せますぞ！	
MAP65_e10_p0_43	いまのうちに全員で…	
MAP65_e10_p0_46	サクソン殿、待たれよ。	
MAP65_e10_p0_47	この敵はただ者ではない…	
MAP65_e10_p0_50	この者は、闇の四天王…	
MAP65_e10_p0_51	さきほどそう名乗ったはず！	
MAP65_e10_p0_56	こ、こんな派手なだけの若造があああ？	
MAP65_e10_p0_59	皆の者、ロイに従え！	
MAP65_e10_p0_60	ロイの命令を、我の命令と思え！！	
MAP65_e10_p0_63	…ロイ、すまぬ、ここは、頼む…	
MAP65_e10_p0_68	仕方ありませんな…	
MAP65_e10_p0_69	しかし、オレにも作戦などはありませんぞ…	
MAP65_e10_p0_7	兵たちよー！　囲めーい！！	
MAP65_e10_p0_72	…うむ	
MAP65_e10_p0_77	へー？	
MAP65_e10_p0_78	少しはちゃんとしたおつむの子も、	
MAP65_e10_p0_79	いるんだーーー？	
MAP65_e10_p0_8	こやつを決して逃がすなーー！！	
MAP65_e10_p0_82	ご明察ーーー！	
MAP65_e10_p0_83	ボクこそは闇の四天王最弱かつ最強の…	
MAP65_e10_p0_86	堕天の炎…　ダフィールさーーー！！	
MAP65_e10_p0_90	…なに！	
MAP65_e10_p0_93	…闇の四天王…　最弱、かつ最強…	
MAP65_e10_p0_96	…堕天の炎…　ダフィールだと…！！？	
MAP65_e11_p0_2	…サクソンめ、なにが闇のエレメントだ。	...That Saxon, what's this about a Dark Element.
MAP65_e11_p0_3	自分の能無しを、おとぎ話で誤魔化すなんて、	Covering up his own incompetence with fairy tales—
MAP65_e11_p0_4	恥知らずにもほどがある。	the shamelessness knows no bounds.
MAP65_e12_p0_1	持ち出して役に立つようなものは何も見つけられなかった…	There was nothing worth taking with us...
MAP65_e13_p0_1	持ち出して役に立つようなものは何も見つけられなかった…	There was nothing worth taking with us...
MAP65_e14_p0_1	持ち出して役に立つようなものは何も見つけられなかった…	There was nothing worth taking with us...
MAP65_e15_p0_1	持ち出して役に立つようなものは何も見つけられなかった…	There was nothing worth taking with us...
MAP65_e16_p0_1	持ち出して役に立つようなものは何も見つけられなかった…	There was nothing worth taking with us...
MAP65_e17_p0_1	持ち出して役に立つようなものは何も見つけられなかった…	There was nothing worth taking with us...
MAP65_e18_p0_1	『ウィンダム王国の歴史』	"""History of the Windam Kingdom"""
MAP65_e18_p0_11	南の国のフレイムや、西の山奥のセイリューでは、	In the southern land of Flame and in Seiryu, deep in the western mountains,
MAP65_e18_p0_12	辺境の田舎に、いつのまにか大きな城が建っていて	it's said that great castles suddenly rose in remote countryside,
MAP65_e18_p0_13	王国が出来ていたので驚いたと伝わっている。	and kingdoms were born before anyone could be surprised.
MAP65_e18_p0_15	風のエレメントの加護で突然出来たお城と国である、	
MAP65_e18_p0_16	そういう噂が、ウィンダム王国以外でもそれなりに	Such rumors are believed to a fair degree
MAP65_e18_p0_17	信じられている。	outside the Windam Kingdom as well.
MAP65_e18_p0_18	とにかくこの国では何でも風のエレメントのおかげである。	In any case, in this country, everything is thanks to the Wind Element.
MAP65_e18_p0_2	…と表紙に書かれた本がある。読んでみようか…・	There's a book with these words on the cover. Should we read it...?
MAP65_e18_p0_6	大昔からある国だと伝わるが、実際にどのくらい大昔から	The kingdom is said to have existed since ancient times, though
MAP65_e18_p0_7	あるのかは、あまりよく分からない。	how ancient exactly isn't well known.
MAP65_e18_p0_8	色々な本や言い伝えから、500年くらい前には、	From various books and legends, it seems that around 500 years ago,
MAP65_e18_p0_9	国王がいて、兵士がいて、街があったらしい。	there was a king, soldiers, and a town here.
MAP65_e19_p0_1	『サクソンの日記』	"""Saxon's Diary"""
MAP65_e19_p0_12	領内を荒らし回っていた野盗の集団を、遂に追い詰めた。	At last, I cornered the bandit gang that had been ravaging the territory.
MAP65_e19_p0_13	この戦いで大手柄を挙げることで、あのロイを差し置いて	If I distinguish myself in this battle, ahead of that Roi,
MAP65_e19_p0_14	わしが騎士団長になれないものか…。ううむ。	perhaps I can become Knight Commander... Hmm.
MAP65_e19_p0_17	もうずっとわしが騎士団長代行のままだ。	I've been Acting Knight Commander all this time.
MAP65_e19_p0_18	実質的にはわしが騎士団を率いているとはいえ…	Even if in practice I lead the knight order...
MAP65_e19_p0_19	紋章のないわしにいざとなった時に国を守れるだろうか…	Without a crest, can I really protect the country in a crisis...?
MAP65_e19_p0_2	…と、表紙に書かれた本がある。読んでみようか…	There's a book with these words on the cover. Should we read it...
MAP65_e19_p0_7	代々何度も騎士団長、そして風の紋章を受け継いできた	My family has inherited the position of Knight Commander and the Wind Crest
MAP65_e19_p0_8	我が一族…。わしもその栄誉が欲しかったのに、あのロイ	for generations... I too wanted that honor, but because of that man Roi,
MAP65_e19_p0_9	とかいう男がいるせいで…。悔しい。	How frustrating.
MAP65_e1_p0_2	ウィン、きさまどこへ行くつもりだ！？	Win, where exactly do you think you're going!?
MAP65_e1_p0_3	王の間へ行かなくていいのか！？	Don't you need to go to the throne room!?
MAP65_e2_p0_2	ウィン、きさまどこへ行くつもりだ！？	Win, where exactly do you think you're going!?
MAP65_e2_p0_3	王の間へ行かなくていいのか！？	Don't you need to go to the throne room!?
MAP65_e31_p0_11	随分と焦ってるようだが、それも当然だな。	You look quite flustered, and rightly so.
MAP65_e31_p0_12	西の監視塔なら、毎月サクソン団長代行が	As for the West Watchtower, Acting Commander Saxon
MAP65_e31_p0_13	見回りを命じられているはずだからな。	should be ordered to patrol it every month.
MAP65_e31_p0_16	ええい、ピピンめ、無礼なあああああ！！	Bah! Pipin, you insolent—!
MAP65_e31_p0_19	確かに前回の見回りでは異常なかったのだ！	It's true that nothing was abnormal during the last patrol!
MAP65_e31_p0_2	わしは忙しいのだウィン！邪魔を…	I'm a busy man, Win! Don't bother—
MAP65_e31_p0_20	魔物どころか、ねずみ一匹さえ、クモ一匹さえ	Not a single monster—not even one mouse,
MAP65_e31_p0_21	いなかったのだ！！	not even one spider!!
MAP65_e31_p0_24	どうだかね…。	Who can say...
MAP65_e31_p0_27	しつこいぞ、ピピン！し、しかし…	Persistent, aren't you, Pipin! B-But...
MAP65_e31_p0_28	もしかすれば、闇のエレメントの復活が	Perhaps the revival of the Dark Element is
MAP65_e31_p0_29	近いのかも知れぬ…	near...
MAP65_e31_p0_3	ん？西の監視塔に人食いの魔物が出たから	Hm? A man-eating monster appeared at the West Watchtower, so
MAP65_e31_p0_32	ふたりとも、気を引き締めていくのだ！！	Both of you, stay sharp!!
MAP65_e31_p0_4	調査に行く、だと…？	you're going to investigate...?
MAP65_e31_p0_7	そ、それは大変だのう！	T-That is serious indeed!
MAP65_e31_p0_8	気を付けて行ってまいれよ！	Do go carefully!
MAP65_e32_p0_10	派手なバケモノが…王の間に…！	
MAP65_e32_p0_13	仕方ない…　このままもうしばらく隠れていろ。	
MAP65_e32_p0_16	あっ！　騎士さま、お待ちを…！！	
MAP65_e32_p0_2	ひ…ひい！　　…って、騎士さま…？	
MAP65_e32_p0_20	　　　　　美味しいパンを　３個　もらった！	
MAP65_e32_p0_23	私にはこれしかできることがありません…	
MAP65_e32_p0_24	たいしたものではないですが…お持ちください	
MAP65_e32_p0_27	フン…　ないよりはいいだろう。	
MAP65_e32_p0_5	おい、料理人！　	
MAP65_e32_p0_6	逃げ遅れたのか？	
MAP65_e32_p0_9	は…はい…　仕事を終えて戻ろうとしたら…	
MAP65_e32_p1_10	派手なバケモノが…王の間に…！	
MAP65_e32_p1_13	仕方ない…　このままもうしばらく隠れていろ。	
MAP65_e32_p1_16	あっ！　騎士さま、お待ちを…！！	
MAP65_e32_p1_2	ひ…ひい！　　…って、騎士さま…？	
MAP65_e32_p1_20	　　　　　高級医療キットを　３個　もらった！	
MAP65_e32_p1_23	私にはこれしかできることがありません…	
MAP65_e32_p1_24	たいしたものではないですが…お持ちください	
MAP65_e32_p1_27	フン…　ないよりはいいだろう。	
MAP65_e32_p1_5	おい、料理人！　	
MAP65_e32_p1_6	逃げ遅れたのか？	
MAP65_e32_p1_9	は…はい…　仕事を終えて戻ろうとしたら…	
MAP65_e32_p2_2	ウィンさま…　	
MAP65_e32_p2_3	私はいつも、ウィンさまのお家のパンの味を	
MAP65_e32_p2_4	お手本に、パンを作ってるんです…	
MAP65_e32_p2_7	やっと、近い味が作れたと思います…！	
MAP65_e32_p2_8	よかったら、いつかご感想をお聞かせ下さい…	
MAP65_e33_p0_13	よし。	Alright.
MAP65_e33_p0_14	…突入する！	...Charging in!
MAP65_e33_p0_23	…ならさっさと済ませろ！	...Then hurry up and get it done!
MAP65_e33_p0_4	…これから突入するが、	...We're about to charge in, but
MAP65_e33_p0_7	…その前に、装備の点検、回復等…	...before that, check your gear, heal up...
MAP65_e33_p0_8	ひととおり済ませてあるだろうな？	you've done all that, right?
MAP65_e34_p0_13	よし。	Alright.
MAP65_e34_p0_14	…突入する！	...Charging in!
MAP65_e34_p0_25	…ならさっさと済ませろ！	...Then hurry up and get it done!
MAP65_e34_p0_4	…これから突入するが、	...We're about to charge in, but
MAP65_e34_p0_7	…その前に、装備の点検、回復等…	...before that, check your gear, heal up...
MAP65_e34_p0_8	ひととおり済ませてあるだろうな？	you've done all that, right?
MAP65_e35_p0_13	よし。	Alright.
MAP65_e35_p0_14	…突入する！	...Charging in!
MAP65_e35_p0_25	…ならさっさと済ませろ！	...Then hurry up and get it done!
MAP65_e35_p0_4	…これから突入するが、	...We're about to charge in, but
MAP65_e35_p0_7	…その前に、装備の点検、回復等…	...before that, check your gear, heal up...
MAP65_e35_p0_8	ひととおり済ませてあるだろうな？	you've done all that, right?
MAP65_e36_p1_101	だはは！！	
MAP65_e36_p1_102	いや、だからー　継承者じゃない人間なんて…	
MAP65_e36_p1_105	ボクにとっては、ハエ以下の存在なわけー	
MAP65_e36_p1_106	むしろハエよりずっとうるさいから…　	
MAP65_e36_p1_107	もっとムカつくんだよねーーーーーー？？	
MAP65_e36_p1_11	んーーーーー？？	
MAP65_e36_p1_110	キサマのそのクドい喋り方にはウンザリだ…	
MAP65_e36_p1_111	もういい！　ダフィール、かかってこい！！	
MAP65_e36_p1_114	ウィン、さっきのバトルの感覚を忘れるな！	
MAP65_e36_p1_115	俺が攻撃で、お前がサポートだ！！	
MAP65_e36_p1_121	　　　　　　　　　　ウィンは頷いた！	Win nodded!
MAP65_e36_p1_124	あーーー　やるのねーーー	
MAP65_e36_p1_125	継承者がひとりってのが残念だったけど…	
MAP65_e36_p1_126	まあ、いっかーーー！！	
MAP65_e36_p1_129	じゃあ　いくよー	
MAP65_e36_p1_130	せーの…	
MAP65_e36_p1_133	プレイボ―――――――ル！！	
MAP65_e36_p1_183	うわーーーなんだ！	
MAP65_e36_p1_184	突然まものがたくさん…！	
MAP65_e36_p1_194	ぐおおおおおお！！	
MAP65_e36_p1_195	突然魔物の大群が！！！！！	
MAP65_e36_p1_196	えーーーーい、戦えーーーーい！！	
MAP65_e36_p1_200	くっ！！まずい…！　こうなっては…	
MAP65_e36_p1_201	俺もどうにかして剣を抜かねば…！	
MAP65_e36_p1_205	な、なにが起こっている！？	
MAP65_e36_p1_206	やめろ！　お前ら！！	
MAP65_e36_p1_209	人間はもはや私しかおらぬのか…！	
MAP65_e36_p1_210	ええいっ！　ならば一匹でも多く道連れに…！	
MAP65_e36_p1_217	ハーイ　みんながんばってーーー	
MAP65_e36_p1_220	そう…	I see...
MAP65_e36_p1_221	戦うのはボクじゃなくって　みなさんでーす！	
MAP65_e36_p1_228	クッ…！	
MAP65_e36_p1_229	これはキサマの仕業なのか…　ダフィール！！	
MAP65_e36_p1_232	そうだよーん　ボクはひとっていうかー	
MAP65_e36_p1_233	いきもの全般を操ったり惑わしたりするのが	
MAP65_e36_p1_234	得意なのさーーー	
MAP65_e36_p1_237	みんな目を覚ませ…！！	
MAP65_e36_p1_238	俺たちは同士討ちをしている…！！	
MAP65_e36_p1_241	この術は継承者には通用しないんだけどーーー	
MAP65_e36_p1_244	ふつうのニンゲンだと効いちゃうワケー	
MAP65_e36_p1_245	さあ継承者さーん　ふつうのニンゲンに	
MAP65_e36_p1_246	ころされちゃうよー？　いいのーーー？	
MAP65_e36_p1_253	ウィン…！	Win...!
MAP65_e36_p1_254	ハヤテの魔法でここを脱出するしかない…！	
MAP65_e36_p1_26	おお…　ピピン！！　それに、ウィン！！	
MAP65_e36_p1_260	どうせお前にこいつらは殺せないだろうが…	
MAP65_e36_p1_261	なら、逃げるしかないだろ…！！	
MAP65_e36_p1_267	逃げたらこいつらが助からないってんだろ…	
MAP65_e36_p1_268	バカが…！！　相変わらずだな、お前は…！！	
MAP65_e36_p1_275	いやいやいやいやいや…	No no no no no...
MAP65_e36_p1_278	…ったく　俺としたことがドジったもんだ…	
MAP65_e36_p1_279	お前といると…　焼きがまわりっ放しだ！	
MAP65_e36_p1_289	おい、赤いのさー	
MAP65_e36_p1_29	ピピンだとーーー！？	
MAP65_e36_p1_290	なんでオマエ　大丈夫なんだー？	
MAP65_e36_p1_293	…なに？	...What?
MAP65_e36_p1_296	オマエ、継承者じゃないだろ？	
MAP65_e36_p1_297	なんでボクの術効いてないワケー？	
MAP65_e36_p1_30	騎士を突然やめたきさまが…	
MAP65_e36_p1_300	…さあな。	
MAP65_e36_p1_301	キサマの術が、キサマの思っているよりも	
MAP65_e36_p1_302	全然大したことない証拠じゃないのか？	
MAP65_e36_p1_306	やめやめーーー	
MAP65_e36_p1_307	試合中断しまーーーーーーーーす	
MAP65_e36_p1_31	今更どの顔を下げてやってきたのだー！！？？	
MAP65_e36_p1_34	フン…　無能のお前に代わって…	
MAP65_e36_p1_35	このバケモンを俺が退治しに来てやったのさ。	
MAP65_e36_p1_370	はっ…！　俺は…一体…？	
MAP65_e36_p1_379	な…何が起こったんだ？　	
MAP65_e36_p1_38	ぐぬぬぬ…　きさまああああーーー！！	
MAP65_e36_p1_388	どうした…？　なぜ皆　傷を負っている！？	
MAP65_e36_p1_391	…術を、解いたのか？	
MAP65_e36_p1_399	ピピン…　ウィン…	
MAP65_e36_p1_400	何が起こった…？	
MAP65_e36_p1_403	…そいつが幻惑の術みたいなものを使った。	
MAP65_e36_p1_404	それで、俺とウィン以外のお前らは…	
MAP65_e36_p1_405	味方を魔物と思って、同士討ちを始めたのさ。	
MAP65_e36_p1_408	な…なんと！	
MAP65_e36_p1_41	サクソン殿！　ここはこらえて下され！！	
MAP65_e36_p1_411	そうなんだけどー	
MAP65_e36_p1_412	やめたーーーーーーーー	
MAP65_e36_p1_415	なぜやめた！？	
MAP65_e36_p1_418	もっといいこと思い付いたからさーーー	
MAP65_e36_p1_421	なに…？	
MAP65_e36_p1_426	さすがに時間を食いすぎちゃったからー	
MAP65_e36_p1_427	最後まで見られないのは残念なんだけどーーー	
MAP65_e36_p1_430	もっと面白い方を操ることにしたよー	
MAP65_e36_p1_431	これはきっと、みんなも楽しめると思うなー	
MAP65_e36_p1_434	なにを言っている…！	
MAP65_e36_p1_437	そこの赤いのさー　天才なんだってー？	
MAP65_e36_p1_438	なのにずいぶんと…　	
MAP65_e36_p1_44	風の紋章の継承者ウィンと…	
MAP65_e36_p1_441	内に…　闇を抱えているみたいだねー…	
MAP65_e36_p1_442	そういう子には…　とっておきのがあるのさ	
MAP65_e36_p1_449	今度はなんだ…？	
MAP65_e36_p1_45	天才騎士ピピンが来てくれたのであれば、	
MAP65_e36_p1_452	じゃあねー　みんなーーー	
MAP65_e36_p1_453	ボクはあんまりみんなを楽しませてあげられ	
MAP65_e36_p1_454	なかったけどー	
MAP65_e36_p1_457	この子がみんなを楽しませてくれるからーーー	
MAP65_e36_p1_458	じゃあねーーーー	
MAP65_e36_p1_46	四天王ダフィールをも、きっと倒せますぞ！！	
MAP65_e36_p1_51	ぐぬぬ…	
MAP65_e36_p1_56	陛下…　構いませんな？	
MAP65_e36_p1_59	…いいだろう。	...Very well.
MAP65_e36_p1_64	へーーーーー！！	
MAP65_e36_p1_65	キミが？　そっちの金色のが継承者ー？	
MAP65_e36_p1_7	…そこまでだ、バケモン	
MAP65_e36_p1_70	そんでー？　ナニナニ？？	
MAP65_e36_p1_71	そっちの赤いのが…	
MAP65_e36_p1_72	てんさい…　きし…？　　　　ハ？？？	
MAP65_e36_p1_75	よくわかんないけどーーーーー	
MAP65_e36_p1_76	ふつうの人間なワケねー	
MAP65_e36_p1_79	フン！	
MAP65_e36_p1_80	それなら…　俺が普通かどうか、試してみろ！	
MAP65_e36_p1_83	いやいやいや　だはははは！！	
MAP65_e36_p1_84	えーーー？　継承者は　ひとり？	
MAP65_e36_p1_85	ひとりだけーーーーーー？？？	
MAP65_e36_p1_88	ウィン！　おまえだけなのか！？	
MAP65_e36_p1_94	　　　　　　　　　　ウィンは頷いた	Win nodded
MAP65_e36_p1_97	継承者がウィンだけでも…	
MAP65_e36_p1_98	ピピンもいるのだ！　負けるわけがないわい！	
MAP65_e36_p2_101	だはは！！	
MAP65_e36_p2_102	いや、だからー　継承者じゃない人間なんて…	
MAP65_e36_p2_105	ボクにとっては、ハエ以下の存在なわけー	
MAP65_e36_p2_106	むしろハエよりずっとうるさいから…　	
MAP65_e36_p2_107	もっとムカつくんだよねーーーーーー？？	
MAP65_e36_p2_11	んーーーーー？？	
MAP65_e36_p2_110	キサマのそのクドい喋り方にはウンザリだ…	
MAP65_e36_p2_111	もういい！　ダフィール、かかってこい！！	
MAP65_e36_p2_114	ウィン、さっきのバトルの感覚を忘れるな！	
MAP65_e36_p2_115	俺が攻撃で、お前がサポートだ！！	
MAP65_e36_p2_121	　　　　　　　　　　ウィンは頷いた！	Win nodded!
MAP65_e36_p2_124	あーーー　やるのねーーー	
MAP65_e36_p2_125	継承者がひとりってのが残念だったけど…	
MAP65_e36_p2_126	まあ、いっかーーー！！	
MAP65_e36_p2_129	じゃあ　いくよー	
MAP65_e36_p2_130	せーの…	
MAP65_e36_p2_133	プレイボ―――――――ル！！	
MAP65_e36_p2_184	うわーーーなんだ！	
MAP65_e36_p2_185	突然まものがたくさん…！	
MAP65_e36_p2_195	ぐおおおおおお！！	
MAP65_e36_p2_196	突然魔物の大群が！！！！！	
MAP65_e36_p2_197	えーーーーい、戦えーーーーい！！	
MAP65_e36_p2_201	くっ！！まずい…！　こうなっては…	
MAP65_e36_p2_202	俺もどうにかして剣を抜かねば…！	
MAP65_e36_p2_206	な、なにが起こっている！？	
MAP65_e36_p2_207	やめろ！　お前ら！！	
MAP65_e36_p2_210	人間はもはや私しかおらぬのか…！	
MAP65_e36_p2_211	ええいっ！　ならば一匹でも多く道連れに…！	
MAP65_e36_p2_218	ハーイ　みんながんばってーーー	
MAP65_e36_p2_221	そう…	I see...
MAP65_e36_p2_222	戦うのはボクじゃなくって　みなさんでーす！	
MAP65_e36_p2_229	クッ…！	
MAP65_e36_p2_230	これはキサマの仕業なのか…　ダフィール！！	
MAP65_e36_p2_233	そうだよーん　ボクはひとっていうかー	
MAP65_e36_p2_234	いきもの全般を操ったり惑わしたりするのが	
MAP65_e36_p2_235	得意なのさーーー	
MAP65_e36_p2_238	みんな目を覚ませー！！	
MAP65_e36_p2_239	俺たちは同士討ちをしている！！	
MAP65_e36_p2_242	この術は継承者には通用しないんだけどーーー	
MAP65_e36_p2_245	ふつうのニンゲンだと効いちゃうワケー	
MAP65_e36_p2_246	さあ継承者さーん　ふつうのニンゲンに	
MAP65_e36_p2_247	ころされちゃうよー？　いいのーーー？	
MAP65_e36_p2_254	ウィン…！	Win...!
MAP65_e36_p2_255	ハヤテの魔法でここを脱出するしかない…！	
MAP65_e36_p2_26	おお…　ピピン！！　それに、ウィン！！	
MAP65_e36_p2_261	どうせお前にこいつらは殺せないだろうが…	
MAP65_e36_p2_262	なら、逃げるしかないだろ…！！	
MAP65_e36_p2_268	逃げたらこいつらが助からないってんだろ…	
MAP65_e36_p2_269	バカが…！！　相変わらずだな、お前は…！！	
MAP65_e36_p2_276	いやいやいやいやいや…	No no no no no...
MAP65_e36_p2_279	…ったく　俺としたことがドジったもんだ…	
MAP65_e36_p2_280	お前といると…　焼きがまわりっ放しだ！	
MAP65_e36_p2_29	ピピンだとーーー！？	
MAP65_e36_p2_290	おい、赤いのさー	
MAP65_e36_p2_291	なんでオマエ　大丈夫なんだー？	
MAP65_e36_p2_294	…なに？	...What?
MAP65_e36_p2_297	オマエ、継承者じゃないだろ？	
MAP65_e36_p2_298	なんでボクの術効いてないワケー？	
MAP65_e36_p2_30	騎士を突然やめたきさまが…	
MAP65_e36_p2_301	…さあな。	
MAP65_e36_p2_302	キサマの術が、キサマの思っているよりも	
MAP65_e36_p2_303	全然大したことない証拠じゃないのか？	
MAP65_e36_p2_307	やめやめーーー	
MAP65_e36_p2_308	試合中断しまーーーーーーーーす	
MAP65_e36_p2_31	今更どの顔を下げてやってきたのだー！！？？	
MAP65_e36_p2_34	フン…　無能のお前に代わって…	
MAP65_e36_p2_35	このバケモンを俺が退治しに来てやったのさ。	
MAP65_e36_p2_371	はっ…！　俺は…一体…？	
MAP65_e36_p2_38	ぐぬぬぬ…　きさまああああーーー！！	
MAP65_e36_p2_380	な…何が起こったんだ？　	
MAP65_e36_p2_389	どうした…？　なぜ皆　傷を負っている！？	
MAP65_e36_p2_392	…術を、解いたのか？	
MAP65_e36_p2_400	ピピン…　ウィン…	
MAP65_e36_p2_401	何が起こった…？	
MAP65_e36_p2_404	…そいつが幻惑の術みたいなものを使った。	
MAP65_e36_p2_405	それで、俺とウィン以外のお前らは…	
MAP65_e36_p2_406	味方を魔物と思って、同士討ちを始めたのさ。	
MAP65_e36_p2_409	な…なんと！	
MAP65_e36_p2_41	サクソン殿！　ここはこらえて下され！！	
MAP65_e36_p2_412	そうなんだけどー	
MAP65_e36_p2_413	やめたーーーーーーーー	
MAP65_e36_p2_416	なぜやめた！？	
MAP65_e36_p2_419	もっといいこと思い付いたからさーーー	
MAP65_e36_p2_422	なに…？	
MAP65_e36_p2_427	キミ…　何者だい？	
MAP65_e36_p2_430	どういう意味だ…？	
MAP65_e36_p2_433	ちょっとだけ試させてもらっていいかなー？	
MAP65_e36_p2_434	肉弾戦はボクの苦手とするところなんだケド…	
MAP65_e36_p2_437	ひさびさにー	
MAP65_e36_p2_438	ボクの炎で焼けるニンゲンの匂いをかいで	
MAP65_e36_p2_439	みたくなったからーーーー！！！！？	
MAP65_e36_p2_44	風の紋章の継承者ウィンと…	
MAP65_e36_p2_442	フン、いいだろう。	
MAP65_e36_p2_443	俺もバケモンの血が何色なのかを、	
MAP65_e36_p2_444	確かめてみたくなったからな。	
MAP65_e36_p2_447	来いよーー？	
MAP65_e36_p2_448	赤いのーーーーーーと金髪ーーーーー！！？？	
MAP65_e36_p2_45	天才騎士ピピンが来てくれたのであれば、	
MAP65_e36_p2_457	さすがに時間を食いすぎちゃったなー　更に、	
MAP65_e36_p2_458	ボクら以外のみんなを退屈させちゃったねー？	
MAP65_e36_p2_46	四天王ダフィールをも、きっと倒せますぞ！！	
MAP65_e36_p2_461	お待たせーーー	
MAP65_e36_p2_462	さっきのより面白い方を操ることにしたからー	
MAP65_e36_p2_463	これはきっと、みんなも楽しめると思うなー	
MAP65_e36_p2_466	なにを言っている…！	
MAP65_e36_p2_469	そこの赤いのさー　天才なんだってー？	
MAP65_e36_p2_470	なのにずいぶんと…　	
MAP65_e36_p2_473	内に…　闇を抱えているみたいだねー…	
MAP65_e36_p2_474	そういう子には…　とっておきのがあるのさ	
MAP65_e36_p2_481	今度はなんだ…？	
MAP65_e36_p2_484	じゃあねー　みんなーーー	
MAP65_e36_p2_485	ボクはあんまりみんなを楽しませてあげられ	
MAP65_e36_p2_486	なかったけどー	
MAP65_e36_p2_489	この子がみんなを楽しませてくれるからーーー	
MAP65_e36_p2_490	じゃあねーーーー	
MAP65_e36_p2_51	ぐぬぬ…	
MAP65_e36_p2_56	陛下…　構いませんな？	
MAP65_e36_p2_59	…いいだろう。	...Very well.
MAP65_e36_p2_64	へーーーーー！！	
MAP65_e36_p2_65	キミが？　そっちの金色のが継承者ー？	
MAP65_e36_p2_7	…そこまでだ、バケモン	
MAP65_e36_p2_70	そんでー？　ナニナニ？？	
MAP65_e36_p2_71	そっちの赤いのが…	
MAP65_e36_p2_72	てんさい…　きし…？　　　　ハ？？？	
MAP65_e36_p2_75	よくわかんないけどーーーーー	
MAP65_e36_p2_76	ふつうの人間なワケねー	
MAP65_e36_p2_79	フン！	
MAP65_e36_p2_80	それなら…　俺が普通かどうか、試してみろ！	
MAP65_e36_p2_83	いやいやいや　だはははは！！	
MAP65_e36_p2_84	えーーー？　継承者は　ひとり？	
MAP65_e36_p2_85	ひとりだけーーーーーー？？？	
MAP65_e36_p2_88	ウィン！　おまえだけなのか！？	
MAP65_e36_p2_94	　　　　　　　　　　ウィンは頷いた	Win nodded
MAP65_e36_p2_97	継承者がウィンだけでも…	
MAP65_e36_p2_98	ピピンもいるのだ！　負けるわけがないわい！	
MAP65_e37_p1_100	俺の全てを掠め取っていった生意気なガキめ…	
MAP65_e37_p1_110	それは違う…！　ピピン…！	
MAP65_e37_p1_111	もしお前が大事なものを奪われたとしたなら…	
MAP65_e37_p1_114	それを奪ったのは俺だ…　ウィンではない！！	
MAP65_e37_p1_12	この子とは…　一体…？	
MAP65_e37_p1_120	…貴様はウィンの次だ。	
MAP65_e37_p1_121	そこでおとなしく首を洗って待っていろ。	
MAP65_e37_p1_124	くっ…　ピピン…！	
MAP65_e37_p1_129	ピピンを倒せ！　ウィン！！	
MAP65_e37_p1_130	殺してもかまわん！！	
MAP65_e37_p1_138	…陛下！　ピピンは操られているのです！	
MAP65_e37_p1_139	ピピンは正気なら、決してこのようなことを	
MAP65_e37_p1_140	する男ではありません！！	
MAP65_e37_p1_143	だからといってどうせよと言うのだ！	
MAP65_e37_p1_144	このままではウィンも、我々も殺されるのだ、	
MAP65_e37_p1_147	ウィンよ！　紋章の力を持つお前なら、	
MAP65_e37_p1_148	ピピンを倒すこともできるはずだ…	
MAP65_e37_p1_149	ウィンよ、ピピンを倒すのだ！！	
MAP65_e37_p1_152	くっ…！	
MAP65_e37_p1_155	なにか…　なにか手はないのか…！	
MAP65_e37_p1_158	…お喋りは終わったか？	
MAP65_e37_p1_159	なら、始めさせてもらう。	
MAP65_e37_p1_162	ウィン…　死ねえええええええええ！！	
MAP65_e37_p1_223	　　　　ウィンは力いっぱいピピンを抱きおさえた！	
MAP65_e37_p1_229	……ウィン、どの…！	
MAP65_e37_p1_233	…どけっ！！	
MAP65_e37_p1_245	…む！まだ操られているのか…！？	
MAP65_e37_p1_257	…操りの術は解けたようだな、ピピン…	
MAP65_e37_p1_266	…俺に触るな…！！	
MAP65_e37_p1_289	…もう、ほっといてくれ　ウィン…	
MAP65_e37_p1_3	消えた…！	
MAP65_e37_p1_318	　　　あの日から始まった嵐と魔物の度重なる襲来は	
MAP65_e37_p1_320	　　　　　　　　それから一週間を過ぎても	
MAP65_e37_p1_322	　　　　　　　　　治まることはなかった	
MAP65_e37_p1_325	　　　　　　　　ウィンダムには風と雷が…	
MAP65_e37_p1_328	　　　　　　　セイリューには大雨と洪水が…	
MAP65_e37_p1_331	　　　　　　フレイムには燃え盛る岩の雨が…	
MAP65_e37_p1_334	　　　　　　　連日のように襲い掛かっていた	
MAP65_e37_p1_339	　　　　　　　　　これらの異常気象が	
MAP65_e37_p1_342	　　闇のエレメント復活によるものだとは分かりながらも	
MAP65_e37_p1_345	　　　　我々はどうすればよいのか分からなかった…	
MAP65_e37_p1_350	　　　　　継承者たちの紋章の輝きは増していた	
MAP65_e37_p1_353	　　　　　　　それはいまも尚、闇の力が	
MAP65_e37_p1_356	　　　　　強まり続けていることを示していた	
MAP65_e37_p1_360	　　　　　　　　　しかし、あの日以来	
MAP65_e37_p1_363	　　　　　　　闇の四天王が現れる事もなく	
MAP65_e37_p1_366	　　　　　　　　我々はいたずらにときを	
MAP65_e37_p1_369	　　　　　　　　　　失い続けていた…	
MAP65_e37_p1_43	まさか…　ピピン…！！	
MAP65_e37_p1_51	…よくも俺の紋章継承を………	
MAP65_e37_p1_52	騎士団長の椅子を………	
MAP65_e37_p1_6	あやつ…なにかおかしなことを言い捨てて…	
MAP65_e37_p1_68	横取りしてくれたなあ…　ウィン………ッ！！	
MAP65_e37_p1_74	な、なんてことだ…　ピピンが…	
MAP65_e37_p1_77	操られたというのかーーーーーー！！？？	
MAP65_e37_p1_89	ザコどもは俺の邪魔をするなよ…	
MAP65_e37_p1_9	この子がみんなを楽しませる、と…	
MAP65_e37_p1_90	束になって来たって…　かないっこねえんだ。	
MAP65_e37_p1_93	俺の獲物は…　貴様だけだ…ウィン	
MAP65_e37_p1_99	俺の目的を…　俺の居場所を…	
MAP65_e37_p2_100	かすめ取っていった生意気なガキめ…！	
MAP65_e37_p2_110	それは違う…！　ピピン…！	
MAP65_e37_p2_111	もしお前が大事なものを奪われたとしたなら…	
MAP65_e37_p2_114	それを奪ったのは俺だ…　ウィンではない！！	
MAP65_e37_p2_12	この子とは…　一体…？	
MAP65_e37_p2_120	…貴様はウィンの次だ。	
MAP65_e37_p2_121	そこでおとなしく首を洗って待っていろ。	
MAP65_e37_p2_124	くっ…　ピピン…！	
MAP65_e37_p2_129	ピピンを倒せ！　ウィン！！	
MAP65_e37_p2_130	殺してもかまわん！！	
MAP65_e37_p2_138	…陛下！　ピピンは操られているのです！	
MAP65_e37_p2_139	ピピンは正気なら、決してこのようなことを	
MAP65_e37_p2_140	する男ではありません！！	
MAP65_e37_p2_143	だからといってどうせよと言うのだ！	
MAP65_e37_p2_144	このままではウィンも、我々も殺されるのだ、	
MAP65_e37_p2_147	ウィンよ！　紋章の力を持つお前なら、	
MAP65_e37_p2_148	ピピンを倒すこともできるはずだ…	
MAP65_e37_p2_149	ウィンよ、ピピンを倒すのだ！！	
MAP65_e37_p2_152	くっ…！	
MAP65_e37_p2_155	なにか…　なにか手はないのか…！	
MAP65_e37_p2_158	…お喋りは終わったか？	
MAP65_e37_p2_159	なら、始めさせてもらう。	
MAP65_e37_p2_162	ウィン…　死ねえええええええええ！！	
MAP65_e37_p2_223	　　　　ウィンは力いっぱいピピンを抱きおさえた！	
MAP65_e37_p2_229	……ウィン、どの…！	
MAP65_e37_p2_233	…どけっ！！	
MAP65_e37_p2_245	…む！まだ操られているのか…！？	
MAP65_e37_p2_257	…操りの術は解けたようだな、ピピン…	
MAP65_e37_p2_266	…俺に触るな…！！	
MAP65_e37_p2_289	…もう、ほっといてくれ　ウィン…	
MAP65_e37_p2_3	消えた…！	
MAP65_e37_p2_318	　　　あの日から始まった嵐と魔物の度重なる襲来は	
MAP65_e37_p2_320	　　　　　　　　それから一週間を過ぎても	
MAP65_e37_p2_322	　　　　　　　　　治まることはなかった	
MAP65_e37_p2_325	　　　　　　　　ウィンダムには風と雷が…	
MAP65_e37_p2_328	　　　　　　　セイリューには大雨と洪水が…	
MAP65_e37_p2_331	　　　　　　フレイムには燃え盛る岩の雨が…	
MAP65_e37_p2_334	　　　　　　　連日のように襲い掛かっていた	
MAP65_e37_p2_339	　　　　　　　　　これらの異常気象が	
MAP65_e37_p2_342	　　闇のエレメント復活によるものだとは分かりながらも	
MAP65_e37_p2_345	　　　　我々はどうすればよいのか分からなかった…	
MAP65_e37_p2_350	　　　　　継承者たちの紋章の輝きは増していた	
MAP65_e37_p2_353	　　　　　　　それはいまも尚、闇の力が	
MAP65_e37_p2_356	　　　　　強まり続けていることを示していた	
MAP65_e37_p2_360	　　　　　　　　　しかし、あの日以来	
MAP65_e37_p2_363	　　　　　　　闇の四天王が現れる事もなく	
MAP65_e37_p2_366	　　　　　　　　我々はいたずらにときを	
MAP65_e37_p2_369	　　　　　　　　　　失い続けていた…	
MAP65_e37_p2_43	まさか…　ピピン…！！	
MAP65_e37_p2_51	…よくも俺の名誉を…	
MAP65_e37_p2_52	騎士団長の椅子を……	
MAP65_e37_p2_6	あやつ…なにかおかしなことを言い捨てて…	
MAP65_e37_p2_68	横取りしてくれたなあ…　ウィン………ッ！！	
MAP65_e37_p2_74	な、なんてことだ…　ピピンが…	
MAP65_e37_p2_77	操られたというのかーーーーーー！！？？	
MAP65_e37_p2_89	ザコどもは俺の邪魔をするなよ…	
MAP65_e37_p2_9	この子がみんなを楽しませる、と…	
MAP65_e37_p2_90	束になって来ても、かないっこないんだからな	
MAP65_e37_p2_93	俺の獲物は…　貴様だけだ…ウィン	
MAP65_e37_p2_99	俺の目標を…　俺の居場所を…！	
MAP65_e38_p1_2	ときは来た！　もはや語るべきことはない！	
MAP65_e38_p1_3	紋章の勇者たちよ　ゆけい！！	
MAP65_e39_p1_11	これは若い頃に名工が俺の為に鍛えてくれた	
MAP65_e39_p1_12	レイピアなんだが…	
MAP65_e39_p1_15	レイピアとしてはとても重い上に大きく、	
MAP65_e39_p1_16	俺にはついぞ扱い切れないまま…	
MAP65_e39_p1_17	そして剣を握れなくなってしまった。	
MAP65_e39_p1_2	ウィン、お前に譲りたいものがある。	
MAP65_e39_p1_20	しかしいまのお前なら…	
MAP65_e39_p1_21	きっとこの剣の強さを引き出せるかも知れん。	
MAP65_e39_p1_3	良かったら受け取ってくれ。	
MAP65_e39_p1_8	　　　　　ウィンはロイスペシャルを受け取った！	
MAP65_e39_p2_11	これは若い頃に名工が俺の為に鍛えてくれた	
MAP65_e39_p2_12	レイピアなんだが…	
MAP65_e39_p2_15	レイピアとしてはとても重い上に大きく、	
MAP65_e39_p2_16	俺にはついぞ扱い切れないまま…	
MAP65_e39_p2_17	そして剣を握れなくなってしまった。	
MAP65_e39_p2_2	ウィン、お前に譲りたいものがある。	
MAP65_e39_p2_20	しかしいまのお前なら…	
MAP65_e39_p2_21	きっとこの剣の強さを引き出せるかも知れん。	
MAP65_e39_p2_3	良かったら受け取ってくれ。	
MAP65_e39_p2_8	　　　　　ウィンは本物のロイスペシャルを受け取った！	
MAP65_e39_p3_2	暗黒大陸には、強力な魔物と毒以外にも、	
MAP65_e39_p3_3	他にどんな脅威があるのか誰も知らない。	
MAP65_e39_p3_6	…細心の注意を払って臨んでいただきたい。	
MAP65_e3_p0_2	ウィン、きさまどこへ行くつもりだ！？	Win, where exactly do you think you're going!?
MAP65_e3_p0_3	王の間へ行かなくていいのか！？	Don't you need to go to the throne room!?
MAP65_e41_p2_101	その危険な暗黒大陸に、	
MAP65_e41_p2_102	これよりそなたは向かうのだ。	
MAP65_e41_p2_105	あの光の柱が現れてから、異常気象や魔物の	
MAP65_e41_p2_106	襲来も多少マシになった…	
MAP65_e41_p2_109	闇のエレメントの復活が、止まったのかとも	
MAP65_e41_p2_110	思ったが…　そう考えるのは楽観に過ぎる。	
MAP65_e41_p2_113	闇の四天王は、何かを計画していると、	
MAP65_e41_p2_114	我々に言い残していった…	
MAP65_e41_p2_117	そしてあの日以来…	
MAP65_e41_p2_118	四天王は我々の前に、姿を現していない…	
MAP65_e41_p2_121	つまりあの地で！四天王どもが悪だくみを…	
MAP65_e41_p2_122	闇のエレメントの復活の準備をしているに	
MAP65_e41_p2_123	違いないのだー！！	
MAP65_e41_p2_131	サクソン！！	
MAP65_e41_p2_132	なぜ最後のセリフだけロイから奪った！！	
MAP65_e41_p2_137	いいっ！！？？	
MAP65_e41_p2_138	い、いや！　わしは決してそんなつもりで…！	
MAP65_e41_p2_141	陛下、よいのです。	
MAP65_e41_p2_142	俺はそんなの気にしませんし…	
MAP65_e41_p2_143	サクソン殿には決して悪気はありませんよ。	
MAP65_e41_p2_146	……………そうか。	
MAP65_e41_p2_149	は、はいぃ……！	
MAP65_e41_p2_158	…と、いうわけでだ。	
MAP65_e41_p2_16	陛下、ウィンが参りました。	
MAP65_e41_p2_161	ウィン、この作戦には大きな2つの障害がある。	
MAP65_e41_p2_162	まずひとつは、橋だ。	
MAP65_e41_p2_165	暗黒大陸に渡るには、橋をかけねばならん。	
MAP65_e41_p2_166	そこで、セイリューの方々に資材の供出を	
MAP65_e41_p2_167	依頼しなければならん。	
MAP65_e41_p2_170	橋の工事には、フレイム王国にも協力を	
MAP65_e41_p2_171	あおぐつもりだ。	
MAP65_e41_p2_174	そして橋の工事中と完成後は…	
MAP65_e41_p2_175	騎士団を半分に割き、それを警護に当てる。	
MAP65_e41_p2_176	警護の指揮は、サクソン殿にお願いした。	
MAP65_e41_p2_179	お任せあれ！！	
MAP65_e41_p2_182	頼もしいぞ、サクソン！	
MAP65_e41_p2_185	俺は前線にいっても足手まといだろうし、	
MAP65_e41_p2_186	本国の騎士団の指揮に当たり、防備を固める。	
MAP65_e41_p2_189	もうひとつの障害だが、それは毒だ。	
MAP65_e41_p2_19	うむ。	
MAP65_e41_p2_192	さっきも言ったが、大昔の言い伝えによれば、	
MAP65_e41_p2_193	暗黒大陸に渡ると病気になるという…	
MAP65_e41_p2_196	しかし闇の力に耐性のある継承者なら…	
MAP65_e41_p2_197	影響を受けないかもしれない。	
MAP65_e41_p2_200	こればかりは半ば賭けになるが、	
MAP65_e41_p2_201	やはり影響があったとなれば、作戦は	
MAP65_e41_p2_202	即時中止して構わない。	
MAP65_e41_p2_205	だからといって、少し無理そうだという位で	
MAP65_e41_p2_206	諦める騎士であっては困るがな、ウィン！	
MAP65_e41_p2_214	いや、相手は正体のわからない毒気…	
MAP65_e41_p2_215	病気です。	
MAP65_e41_p2_216	騎士と言えども、無理は厳禁と考えます。	
MAP65_e41_p2_219	そうか。わかった。	
MAP65_e41_p2_224	随分と説明が長くなったが…	
MAP65_e41_p2_225	ウィン、分かったな。	
MAP65_e41_p2_228	セイリューとフレイムへの応援依頼については、	
MAP65_e41_p2_229	ハヤテの力を使えるウィンに頼みたい。	
MAP65_e41_p2_235	　　　　　　　　　　　ウィンは頷いた	Win nodded
MAP65_e41_p2_238	話が終わったのであれば、ウィン、	
MAP65_e41_p2_239	いますぐ旅立つのだ！！	
MAP65_e41_p2_240	まずはセイリューへと…	
MAP65_e41_p2_245	その必要ならないぜーーーーーーーー	
MAP65_e41_p2_25	風の紋章の継承者…　	
MAP65_e41_p2_26	そして我が王国の騎士、ウィンよ。	
MAP65_e41_p2_30	そなたに重大な任務を与える…	
MAP65_e41_p2_31	南の暗黒大陸に向かい、光の柱の立った地を	
MAP65_e41_p2_32	調べるのだ！！	
MAP65_e41_p2_42	ええい！　ウィン、何とか申せ！	
MAP65_e41_p2_51	陛下…　やはり俺から順序立ててウィンには	
MAP65_e41_p2_52	説明した方がよろしいかと…。	
MAP65_e41_p2_55	南の暗黒大陸については、この国では	
MAP65_e41_p2_56	ほとんどのものが、まず、その存在すら	
MAP65_e41_p2_57	知りません。　きっと、ウィンも…。	
MAP65_e41_p2_60	むう、わしもロイどのから教えられるまでは	
MAP65_e41_p2_61	聞いたこともなかったからのう…。	
MAP65_e41_p2_64	…そうか。　では、ロイ、頼む。	
MAP65_e41_p2_67	は。	
MAP65_e41_p2_74	ウィン、お前も先日、南の山脈の空…	
MAP65_e41_p2_75	そこに、巨大な光の柱が立つのを見ただろう。	
MAP65_e41_p2_81	　　　　　　　　　　　ウィンは頷いた	Win nodded
MAP65_e41_p2_84	あの場所は、かつて暗黒大陸と呼ばれていた、	
MAP65_e41_p2_85	未開の、無人の、忘れ去られた土地なのだ。	
MAP65_e41_p2_87	かつてあの地に橋をかけたが、そこから大量の	
MAP65_e41_p2_88	凶暴な魔物が流れ込み、この大陸のひとびとが	
MAP65_e41_p2_89	たくさん死んだのだ。	
MAP65_e41_p2_91	しかも橋を渡り、向こう側へ渡ったものは、	
MAP65_e41_p2_92	すべて何かの病気にかかり、すぐに死んで	
MAP65_e41_p2_93	しまったという…。	
MAP65_e41_p2_95	そのため、橋が落とされてから、誰もその地に	
MAP65_e41_p2_96	近付こうとしなくなったのだ。	
MAP65_e41_p2_97	我々の得体の知れない脅威の眠る地…	
MAP65_e41_p2_98	それが、暗黒大陸なのだ。	
MAP65_e44_p1_105	感謝します。	
MAP65_e44_p1_108	しかし…　	However...
MAP65_e44_p1_109	なぜこうも早く準備が出来たのです？	
MAP65_e44_p1_110	我々は、やっと動き出したところで…	
MAP65_e44_p1_113	へへへ！	
MAP65_e44_p1_114	切れ者のロイさんを出し抜いてやったぜ！！	
MAP65_e44_p1_117	…面目ない。	
MAP65_e44_p1_120	いやいや、マジにしないでくれよロイさん…	
MAP65_e44_p1_123	皆さんも、南の大陸に光の柱が立つのを	
MAP65_e44_p1_124	見られたかと思います。	
MAP65_e44_p1_127	我が一族の先々代当主、オタキ様はすぐに	
MAP65_e44_p1_128	暗黒大陸に橋をかけねばならないと言いました	
MAP65_e44_p1_131	ていうかさー	
MAP65_e44_p1_132	アンタらもアレ見て、すぐあそこに行かないと	
MAP65_e44_p1_133	って思わなかったのかよ？	
MAP65_e44_p1_136	…重ね重ね面目ない。	
MAP65_e44_p1_139	我々が橋の建設の準備をしている間に、	
MAP65_e44_p1_140	既にフレイムからの兵の一団がこちらに	
MAP65_e44_p1_141	到着しました。	
MAP65_e44_p1_144	資材も人員も確保できたので、急いで建設を	
MAP65_e44_p1_145	開始したんです。	
MAP65_e44_p1_148	…なるほど。	
MAP65_e44_p1_151	その為、こうしてウィンダム王国への	
MAP65_e44_p1_152	連絡が遅れたことをお詫びします。	
MAP65_e44_p1_157	ていうかさー	
MAP65_e44_p1_158	ウィンならハヤテの力があるんだから…	
MAP65_e44_p1_161	別にこっちから連絡に行かなくても、	
MAP65_e44_p1_162	向こうから来るって思ったんだよなー？	
MAP65_e44_p1_165	…ま、まあな。	
MAP65_e44_p1_170	オレらに顔見せにも来ねーで、	
MAP65_e44_p1_171	オマエなにやってたんだよ、ウィン？	
MAP65_e44_p1_177	…ウィンを責めないでやっていただきたい。	
MAP65_e44_p1_178	軍の指揮権は俺にある。	
MAP65_e44_p1_187	い、いや…　責めてなんかいねーよ！	
MAP65_e44_p1_188	ただ、少し気になっただけさ！	
MAP65_e44_p1_193	それよりだ！	
MAP65_e44_p1_194	橋も出来て、三人も揃ったんだ！	
MAP65_e44_p1_197	さっさと闇のなんたらを全部やっつけに	
MAP65_e44_p1_198	いこーぜ！　ウィン！！	
MAP65_e44_p1_204	　　　　　　　　　　ウィンは頷いた！	Win nodded!
MAP65_e44_p1_207	フレイム王国とセイリューの迅速な動きに	
MAP65_e44_p1_208	こころより感謝する！	
MAP65_e44_p1_226	ときは来た！　もはや語るべきことはない！	
MAP65_e44_p1_227	紋章の勇者たちよ　ゆけい！！	
MAP65_e44_p1_230	うお！なんかかっこいい…！	
MAP65_e44_p1_233	あはは…	
MAP65_e44_p1_236	暗黒大陸には、強力な魔物と毒以外にも、	
MAP65_e44_p1_237	他にどんな脅威があるのか誰も知らない。	
MAP65_e44_p1_240	…細心の注意を払って臨んでいただきたい。	
MAP65_e44_p1_245	橋はセイリューの南…	
MAP65_e44_p1_246	採石場の裏の川にある。	
MAP65_e44_p1_249	しかし、道中の魔物も以前よりずっと	
MAP65_e44_p1_250	強くなっている…。	
MAP65_e44_p1_251	ウィン、身体はなまってないか？	
MAP65_e44_p1_254	ウィンなら心配ねーよ！	
MAP65_e44_p1_255	どこへだって風の速さで飛んでいくぜ！	
MAP65_e44_p1_261	　　　　　　　　　ウィンはうなずいた！	Win nodded!
MAP65_e44_p1_30	どうもー　王様！	
MAP65_e44_p1_31	ウィン、久し振りだな！！	
MAP65_e44_p1_38	ご無沙汰しております、ウィンダム国王。	
MAP65_e44_p1_41	おお…　フレイム王子のホノオ殿下と、	
MAP65_e44_p1_42	セイリュー領主ナガレ殿…！	
MAP65_e44_p1_45	なんと！	
MAP65_e44_p1_46	こうなると、紋章の継承者がそろい踏みですな！	
MAP65_e44_p1_49	…ちょうどいま、おふたりの元へウィンを	
MAP65_e44_p1_50	行かせようとしていたところなのだが…	
MAP65_e44_p1_51	しかし…　ここへは、なぜ…？	
MAP65_e44_p1_54	ロイ騎士団長、橋は完成しましたよ。	
MAP65_e44_p1_57	な、なんと…！	
MAP65_e44_p1_60	橋の警備の方も万端だぜ！	
MAP65_e44_p1_61	フレイムは城の守りに割く兵が	
MAP65_e44_p1_62	十分に足りてるんでねー	
MAP65_e44_p1_65	とはいえ…　	
MAP65_e44_p1_66	あいつらには随分と工事を手伝って	
MAP65_e44_p1_67	もらったので、かなり疲れているんです。	
MAP65_e44_p1_70	なので…騎士団の方々にもご協力いただけると	
MAP65_e44_p1_71	助かります。	
MAP65_e44_p1_74	も！　もちろんですぞーーー！！	
MAP65_e44_p1_77	行け！！　サクソン！！	
MAP65_e4_p0_2	騎士ウィン、お前にはまだ実戦経験がない。	Knight Win, you have no real combat experience yet.
MAP65_e4_p0_3	この任務を良い機会とし、ピピンから多くを	Use this mission as a good opportunity to learn much from Pipin.
MAP65_e4_p0_4	学ぶのだ。よいな…　下がれ。	Understood... You're dismissed.
MAP65_e5_p0_11	とは言え、きついときはきついって言えよ？	
MAP65_e5_p0_12	継承者は誰よりも我慢しなきゃいけないって、	
MAP65_e5_p0_13	誰かに言われたわけでもないだろ？	
MAP65_e5_p0_18	まあ、そんなもんだよなー。	
MAP65_e5_p0_19	俺は、お前がいつも通りに受け答えしてくれて、	
MAP65_e5_p0_2	よう、ウィン。最近どうだ？	Yo, Win. How's it going?
MAP65_e5_p0_20	それだけでも安心したぜー	
MAP65_e5_p0_7	さすがっていうか…　本当か？	
MAP65_e5_p0_8	まあ、暗い顔してたってしょうがないけどさ。	
MAP65_e6_p0_11	一体どんな危険が待ち受けているのか…	
MAP65_e6_p0_12	俺には皆目見当もつかんが…	
MAP65_e6_p0_13	ウィン、無事を祈る。	
MAP65_e6_p0_18	なんでだ、仕事だろう？	
MAP65_e6_p0_19	まさかウィン、	
MAP65_e6_p0_2	…仕事か？	...More work?
MAP65_e6_p0_20	お前、陛下の話を聞いてなかったのか？	
MAP65_e6_p0_23	…　と、ピピンなら言うところだな。	
MAP65_e6_p0_7	南の暗黒大陸だってな…	
MAP65_e6_p0_8	そんな場所があるなんて、俺は初耳だった。	
MAP65_e8_p0_10	お、俺は…　この部屋を守るのが仕事だ…	
MAP65_e8_p0_11	王からそう命じられている！！	
MAP65_e8_p0_14	こんな非常時でも…　か？	
MAP65_e8_p0_17	そ、そうだ…	
MAP65_e8_p0_18	俺がここを動くのは、国王陛下から…	
MAP65_e8_p0_19	ここをどけと命令されたときだけだ！	
MAP65_e8_p0_2	ウィン…！　それに…　ピピン！？	
MAP65_e8_p0_22	フン…	
MAP65_e8_p0_27	…まさに適材適所ってやつだな。	
MAP65_e8_p0_28	融通の利かない男だが、警備をさせるには	
MAP65_e8_p0_29	これほど信用できる人間はいまい。	
MAP65_e8_p0_3	どうしてここに！？	
MAP65_e8_p0_6	お前こそ、ここで何をしている…？	
MAP65_e8_p0_7	王の間に敵がいる…　知っているはずだ。	
MAP65_e8_p1_2	こんなときだからこそ、よからぬことを	Precisely in times like these, there are those
MAP65_e8_p1_3	考えるやつも出てくるんでな。	who'd plot mischief.
MAP65_e8_p1_4	以前にも増して、警備を強化している。	We've strengthened security more than ever.
MAP65_e8_p2_10	すまんが、そうだ。	
MAP65_e8_p2_11	信用していないわけじゃない。	
MAP65_e8_p2_12	そこはご理解いただきたい、殿下。	
MAP65_e8_p2_15	お、　おお…？	
MAP65_e8_p2_18	おい、別に王の部屋でなくとも、	
MAP65_e8_p2_19	単純にプライベートの空間だ。	
MAP65_e8_p2_2	こんなときだからこそ、よからぬことを	Precisely in times like these, there are those
MAP65_e8_p2_20	なぜ入ろうとする？	
MAP65_e8_p2_3	考えるやつも出てくるんでな。	who'd plot mischief.
MAP65_e8_p2_4	以前にも増して、警備を強化している。	We've strengthened security more than ever.
MAP65_e8_p2_7	ウィンや、オレらでもか？	
MAP65_e9_p0_11	すまんが、そうだ。	
MAP65_e9_p0_12	信用していないわけじゃない。	
MAP65_e9_p0_13	そこはご理解いただきたい、殿下。	
MAP65_e9_p0_16	お、　おお…？	
MAP65_e9_p0_19	おい、別に王の部屋でなくとも、	
MAP65_e9_p0_20	単純にプライベートの空間だ。	
MAP65_e9_p0_21	なぜ入ろうとする？	
MAP65_e9_p0_3	こんなときだからこそ、よからぬことを	Precisely in times like these, there are those
MAP65_e9_p0_4	考えるやつも出てくるんでな。	who'd plot mischief.
MAP65_e9_p0_5	以前にも増して、警備を強化している。	We've strengthened security more than ever.
MAP65_e9_p0_8	ウィンや、オレらでもか？	
MAP66_e10_p0_2	　　　　ハヤテを使えば目的地にすぐに行けるな	If we use Hayate, we'll reach our destination in no time.
MAP66_e10_p0_3	　　　　　　　　…と、ウィンは思った	...Win thought to himself.
MAP66_e10_p1_2	　　　　ハヤテを使えば目的地にすぐに行けるな	If we use Hayate, we'll reach our destination in no time.
MAP66_e10_p1_3	　　　　　　　　…と、ウィンは思った	...Win thought to himself.
MAP66_e11_p0_2	　　　　ハヤテを使えば目的地にすぐに行けるな	If we use Hayate, we'll reach our destination in no time.
MAP66_e11_p0_3	　　　　　　　　…と、ウィンは思った	...Win thought to himself.
MAP66_e11_p1_2	　　　　ハヤテを使えば目的地にすぐに行けるな	If we use Hayate, we'll reach our destination in no time.
MAP66_e11_p1_3	　　　　　　　　…と、ウィンは思った	...Win thought to himself.
MAP66_e15_p0_1	ここでなら休んでいくことが出来る。	You can rest here.
MAP66_e15_p0_2	休んでいこうか…。	Should we rest...?
MAP66_e16_p0_1	ここでなら休んでいくことが出来る。	You can rest here.
MAP66_e16_p0_2	休んでいこうか…。	Should we rest...?
MAP66_e17_p0_1	ここでなら休んでいくことが出来る。	You can rest here.
MAP66_e17_p0_2	休んでいこうか…。	Should we rest...?
MAP66_e18_p0_1	ここでなら休んでいくことが出来る。	You can rest here.
MAP66_e18_p0_2	休んでいこうか…。	Should we rest...?
MAP66_e19_p0_1	ここでなら休んでいくことが出来る。	You can rest here.
MAP66_e19_p0_2	休んでいこうか…。	Should we rest...?
MAP66_e20_p0_1	ここでなら休んでいくことが出来る。	You can rest here.
MAP66_e20_p0_2	休んでいこうか…。	Should we rest...?
MAP66_e21_p0_1	持ち出して役に立つようなものは何も見つけられなかった…	There was nothing worth taking with us...
MAP66_e22_p0_1	持ち出して役に立つようなものは何も見つけられなかった…	There was nothing worth taking with us...
MAP66_e23_p0_1	持ち出して役に立つようなものは何も見つけられなかった…	There was nothing worth taking with us...
MAP66_e24_p0_2	レザーコートを　一着　手に入れた！	Obtained a Leather Coat!
MAP66_e24_p1_1	持ち出して役に立つようなものは何も見つけられなかった…	There was nothing worth taking with us...
MAP66_e25_p0_1	持ち出して役に立つようなものは何も見つけられなかった…	There was nothing worth taking with us...
MAP66_e26_p0_1	持ち出して役に立つようなものは何も見つけられなかった…	There was nothing worth taking with us...
MAP66_e27_p0_1	持ち出して役に立つようなものは何も見つけられなかった…	There was nothing worth taking with us...
MAP66_e28_p0_1	持ち出して役に立つようなものは何も見つけられなかった…	There was nothing worth taking with us...
MAP66_e29_p0_1	持ち出して役に立つようなものは何も見つけられなかった…	There was nothing worth taking with us...
MAP66_e30_p0_1	持ち出して役に立つようなものは何も見つけられなかった…	There was nothing worth taking with us...
MAP66_e31_p0_1	持ち出して役に立つようなものは何も見つけられなかった…	There was nothing worth taking with us...
MAP66_e32_p0_1	持ち出して役に立つようなものは何も見つけられなかった…	There was nothing worth taking with us...
MAP66_e33_p0_1	持ち出して役に立つようなものは何も見つけられなかった…	There was nothing worth taking with us...
MAP66_e34_p0_1	固いパンを　１個　手に入れた！	Obtained a Hard Bread!
MAP66_e34_p1_1	持ち出して役に立つようなものは何も見つけられなかった…	There was nothing worth taking with us...
MAP66_e35_p0_1	持ち出して役に立つようなものは何も見つけられなかった…	There was nothing worth taking with us...
MAP66_e36_p0_1	持ち出して役に立つようなものは何も見つけられなかった…	There was nothing worth taking with us...
MAP66_e37_p0_1	持ち出して役に立つようなものは何も見つけられなかった…	There was nothing worth taking with us...
MAP66_e37_p0_4	おい、勝手に触るんじゃねえ！	Hey, don't touch that without asking!
MAP66_e38_p0_1	持ち出して役に立つようなものは何も見つけられなかった…	There was nothing worth taking with us...
MAP66_e39_p0_1	『ここ最近の事件と報告』	"""Recent Incidents and Reports"""
MAP66_e39_p0_11	・西の監視塔の見回りについて	- About patrolling the West Watchtower
MAP66_e39_p0_12	他国との戦争の為に作られた西の塔ですが、定期的に	The western tower was built for wars with other nations, but bandits
MAP66_e39_p0_13	泥棒や魔物が住み着くので、見回りが大変です。	and monsters regularly move in, making patrols a hassle.
MAP66_e39_p0_14	壊してしまってはどうでしょう。	Perhaps we should just demolish it.
MAP66_e39_p0_16	・騎士と兵士の槍嫌いについて	- About knights and soldiers hating spears
MAP66_e39_p0_17	王国では戦争の為に槍の訓練が推奨されていますが、	The kingdom recommends spear training for war, but spears are
MAP66_e39_p0_18	槍は重くて長いので、兵はおろか、騎士でさえ全然	heavy and long, so not just soldiers—even knights aren't
MAP66_e39_p0_19	練習していません。槍のイメージアップが必要です。	practicing at all. Spears need a better image.
MAP66_e39_p0_2	…と、書かれた本がある。読んでみようか？	There's a book with these words written in it. Should we read it?
MAP66_e39_p0_6	・フレイムからの野盗、ごろつき、密売人の流入	- Influx of bandits, thugs, and smugglers from Flame
MAP66_e39_p0_7	関所の警備の強化をしています。通行手形の発行手続きを	We've strengthened security at the checkpoint. We've made the permit
MAP66_e39_p0_8	複雑にして、料金も値上げしました。	issuing process more complicated and raised the fees.
MAP66_e39_p0_9	街のパトロールも増やしました。	We've also increased town patrols.
MAP66_e40_p0_1	『色々な見積もりリスト』	"""Various Estimates List"""
MAP66_e40_p0_11	城内宿舎の改築　資材6540G　人手5800G	Renovating castle barracks - materials 6540G, labor 5800G
MAP66_e40_p0_12	出来ます。ベットの数が元々足りていませんしね…。	It can be done. The number of beds has never been enough...
MAP66_e40_p0_13	各区画への公衆トイレ設置　資材4500G　人手7200G	Public toilets in each ward - materials 4500G, labor 7200G
MAP66_e40_p0_14	各区画でなくとも一個か二個でもいいです。切実に…。	Even one or two would do, not per ward. We beg you...
MAP66_e40_p0_16	武器庫の掃除　資材800G　人手300G	Cleaning the armory - materials 800G, labor 300G
MAP66_e40_p0_17	陛下からストロングに御自ら命令してください！	Please order Strong to do it yourself, Your Majesty!
MAP66_e40_p0_18	軍馬の購入　資材？？？　人手？？？	Purchasing warhorses - materials ???, labor ???
MAP66_e40_p0_19	一体いつからこの大陸には馬がいなくなったのでしょう…	Just when did horses disappear from this continent, I wonder...
MAP66_e40_p0_2	…と、表紙に書かれた本がある。読んでみようか。	There's a book with these words on the cover. Should we read it?
MAP66_e40_p0_6	バルコニーの改修　資材5136G　人手107050G	Renovating the balcony - materials 5136G, labor 107050G
MAP66_e40_p0_7	とてもじゃないですが無理です陛下…！	It's quite impossible, Your Majesty...!
MAP66_e40_p0_8	城下町のバリアフリー化　資材3460G 人手6845G	Accessibility for the castle town - materials 3460G, labor 6845G
MAP66_e40_p0_9	出来なくもないですが、車椅子使っている国民ゼロです…	It's possible, but there are zero citizens using wheelchairs...
MAP66_e41_p0_17	お前たちのために一級品の品だけは、	
MAP66_e41_p0_18	俺の独断で抑えてある…。	
MAP66_e41_p0_19	でも金だけは持ってきてくれよな。	
MAP66_e41_p0_2	無料の支給品はもう当分回せないと思ってくれ	
MAP66_e41_p0_3	すまんな、これでも俺は全体を見てちゃんと	
MAP66_e41_p0_4	管理しているつもりだよ。	
MAP66_e41_p1_17	お前たちのために一級品の品だけは、	
MAP66_e41_p1_18	俺の独断で抑えてある…。	
MAP66_e41_p1_19	でも金だけは持ってきてくれよな。	
MAP66_e41_p1_2	無料の支給品はもう当分回せないと思ってくれ	
MAP66_e41_p1_3	すまんな、これでも俺は全体を見てちゃんと	
MAP66_e41_p1_4	管理しているつもりだよ。	
MAP66_e42_p0_2	雨漏りどころじゃなくなっちゃったね…	
MAP66_e42_p0_3	でもお城が無事でよかったよ…　うん…	
MAP66_e43_p0_14	だよな…。	
MAP66_e43_p0_15	でもオレ、あのとき、なんかグッと来たぜ…	
MAP66_e43_p0_16	お前は正しかったと思うよ！	
MAP66_e43_p0_2	ウィン！　大丈夫か！？	
MAP66_e43_p0_3	ピピンの件…　大変だったな。	
MAP66_e43_p0_8	マジかよ…お前、タフだなあ。	
MAP66_e44_p0_2	あーいそがしい！いそがしい！	Ah, so busy! So busy!
MAP66_e44_p0_3	ちょっと、どいてちょうだい！	
MAP66_e44_p0_4	…って継承者さま！　失礼しましたーーー！！	
MAP66_e44_p1_10	なんだか、自分が偉くなった気がするよな！	
MAP66_e44_p1_13	いや、あんた元々王子さまだから…。	
MAP66_e44_p1_2	あーいそがしいいそがいい！	
MAP66_e44_p1_3	ちょっと、どいてちょうだい！	
MAP66_e44_p1_4	…って継承者さま！　失礼しましたーーー！！	
MAP66_e44_p1_7	継承者さまって、なにげに初めて言われた。	
MAP66_e45_p0_1	持ち出して役に立つようなものは何も見つけられなかった…	There was nothing worth taking with us...
MAP66_e46_p0_10	忙しいんですよーーー！！！！！！！！！	
MAP66_e46_p0_16	私はあなたの騎士団長就任の際については、	
MAP66_e46_p0_17	断固反対させていただきますからね………	
MAP66_e46_p0_18	覚悟しておいてくだされ！！！！！！！！	
MAP66_e46_p0_2	騎士どの…	
MAP66_e46_p0_3	さすがにいまは、お分かりいただけるはず…	
MAP66_e46_p0_8	お分かりになるなら、なぜ！！？	
MAP66_e46_p0_9	わたしに！？　話しかけたのです？？？？	
MAP66_e47_p0_1	何かのメモ…	A note of some kind...
MAP66_e47_p0_2	私の隣の家の人が夜中に歌を歌います。	My neighbor sings in the middle of the night.
MAP66_e47_p0_3	文句を言ったら笛を吹き出しました。	When I complained, he started playing the flute.
MAP66_e47_p0_4	彼は、音楽家になるんだそうです！助けて下さい。	He says he's going to become a musician! Please help me.
MAP66_e48_p0_2	ちょっと！仕事の邪魔をしないで下さい！	Hey! Don't interfere with my work!
MAP66_e48_p0_3	さっきからあなたはウロチョロと…	You've been wandering around since a while ago...
MAP66_e48_p0_4	何してるんです、本当に騎士なのか！？	What are you doing? Are you really a knight!?
MAP66_e49_p0_1	何かのメモ…	A note of some kind...
MAP66_e49_p0_2	靴底がはがれました。先月は穴があきました。	My shoe soles came off. Last month they got holes.
MAP66_e49_p0_3	この国の靴は、もろすぎます！抜本的に解決してください！	This kingdom's shoes are far too fragile! Please fix this fundamentally!
MAP66_e49_p0_4	働き者ほど、靴代でお金がかかります！	The harder you work, the more you spend on shoes!
MAP66_e50_p0_1	持ち出して役に立つようなものは何も見つけられなかった…	There was nothing worth taking with us...
MAP66_e51_p0_1	ピピンへの苦情の手紙やメモがたくさん置いてある…	A pile of complaint letters and notes about Pipin...
MAP66_e51_p0_10	早く行くぞ！	Let's go, quickly!
MAP66_e51_p0_3	ピピンに嫌みを言われて傷付いた…	Pipin said something nasty and hurt me...
MAP66_e51_p0_4	ピピンが俺の剣術をバカにした…	Pipin mocked my swordsmanship...
MAP66_e51_p0_5	ピピンが俺の喋り方をバカにした…	Pipin mocked the way I talk...
MAP66_e51_p0_6	ピピンが小鳥に話し掛けていた…	Pipin was talking to a little bird...
MAP66_e51_p0_9	おい！何読んでやがる！	Hey! What are you reading!?
MAP66_e51_p1_1	ピピンへの苦情の手紙やメモがたくさん置いてある…	A pile of complaint letters and notes about Pipin...
MAP66_e51_p1_3	ピピンに嫌みを言われて傷付いた…	Pipin said something nasty and hurt me...
MAP66_e51_p1_4	ピピンが俺の剣術をバカにした…	Pipin mocked my swordsmanship...
MAP66_e51_p1_5	ピピンが俺の喋り方をバカにした…	Pipin mocked the way I talk...
MAP66_e51_p1_6	ピピンが小鳥に話し掛けていた…	Pipin was talking to a little bird...
MAP66_e52_p0_2	あんなに立派だったお城が…	
MAP66_e52_p0_3	ひどいもんだねえ…	
MAP66_e53_p0_11	いやー…　	
MAP66_e53_p0_12	儲かってるのにあんまり嬉しくないですね…	
MAP66_e53_p0_13	さすがにこれだけみんなが大変そうだと…	
MAP66_e53_p0_2	あー、どうも…　道具屋です。	
MAP66_e53_p0_3	なんか街が崩壊してからの方がめっちゃ	
MAP66_e53_p0_4	お客さん来て…　もうかってます…	
MAP66_e53_p1_12	いやー…　	
MAP66_e53_p1_13	儲かってるのにあんまり嬉しくないですね…	
MAP66_e53_p1_14	さすがにこれだけみんなが大変そうだと…	
MAP66_e53_p1_2	あー、どうも…　道具屋です。	
MAP66_e53_p1_3	なんか街が崩壊してからの方がめっちゃ	
MAP66_e53_p1_4	お客さん来て…　もうかってます…	
MAP66_e54_p0_2	　　　先にロイに会いに行こうと、ウィンは思った	Win decided to go see Roi first.
MAP66_e55_p0_2	　　　先にロイに会いに行こうと、ウィンは思った	Win decided to go see Roi first.
MAP66_e56_p0_2	　　　先にロイに会いに行こうと、ウィンは思った	Win decided to go see Roi first.
MAP66_e57_p0_1	『スキルの勉強』	"""Studying Skills"""
MAP66_e57_p0_10	スキルポイントは、バトル中に敵を攻撃したり、	Skill Points build up during battle by attacking enemies,
MAP66_e57_p0_11	攻撃されたりすることで溜まるが、戦いながら探ると	or by being attacked. If you probe as you fight,
MAP66_e57_p0_12	よいだろう。ぼうぎょをすると大きく溜まるのは確かだ。	you'll figure it out. Guarding definitely builds it up a lot.
MAP66_e57_p0_13	使いたいスキルがあるときは活用するといいだろう。	Use it when there's a skill you want to use.
MAP66_e57_p0_15	使用できるスキルの種類は、武器ごとに違うが、	The skills available differ by weapon, but
MAP66_e57_p0_16	品質のよい武器ほど、使用できるスキルの種類が増える	the better the weapon, the more skill types become available.
MAP66_e57_p0_17	傾向にあるようだ。	That seems to be the trend.
MAP66_e57_p0_2	…と、表紙に書かれた本がある。読んでみようか。	There's a book with these words on the cover. Should we read it?
MAP66_e57_p0_6	スキルとは、装備している武器ごとに使える特技のことで、	Skills are special techniques usable with the weapon you have equipped.
MAP66_e57_p0_7	スキルポイント（SP)を消費して使うことのできる、	They cost Skill Points (SP) to use,
MAP66_e57_p0_8	強力だったり、便利な技の数々である。	and include powerful and handy techniques.
MAP66_e58_p0_2	南の空が真っ赤に燃えるのを見たという者も	
MAP66_e58_p0_3	おるとか…　	
MAP66_e58_p0_4	じゃが、この子らにそんなことは言えん…	
MAP66_e59_p0_2	フレイムのみんなは大丈夫かなあ…？	
MAP66_e59_p1_10	わたし、マイ、よろしくね！	
MAP66_e59_p1_2	フレイムのみんなは大丈夫かなあ…？	
MAP66_e59_p1_5	フレイムの王子のオレがこんなに元気だぜ！	
MAP66_e59_p1_6	きっとみんなも元気だ！	
MAP66_e59_p1_9	わーい、王子さまだ！	
MAP66_e60_p0_2	フレイムの家族が気になるけれど…	
MAP66_e60_p0_3	しばらくはここを出られないみたいで…	
MAP66_e61_p0_16	いいねえ　若いってのは！	
MAP66_e61_p0_17	でも、遠慮すんなよ。このくらいしか、	
MAP66_e61_p0_18	俺たちにはおまえにしてやれないんだからさ	
MAP66_e61_p0_2	おっ、疲れたかー？	
MAP66_e61_p0_7	それなら隣のベッドで休んで行けよ？	
MAP66_e61_p0_8	おまえが来たら、優先してベッドを	
MAP66_e61_p0_9	使わせるように言われているからな！	
MAP66_e61_p1_10	使わせるように言われているからな！	
MAP66_e61_p1_17	オレらはまだまだ元気だぜ！	
MAP66_e61_p1_2	おっ、おまえら！	
MAP66_e61_p1_20	いいねえ　若いってのは！	
MAP66_e61_p1_21	でも、遠慮すんなよ。このくらいしか、	
MAP66_e61_p1_22	俺たちにはおまえらにしてやれないんだからさ	
MAP66_e61_p1_3	疲れたかー？	
MAP66_e61_p1_8	それなら隣のベッドで休んで行けよ？	
MAP66_e61_p1_9	おまえらが来たら、優先してベッドを	
MAP66_e62_p0_2	宿に置いてきた食材…もう全部腐ってしまった	
MAP66_e62_p0_3	ろうなあ…。	
MAP66_e62_p0_4	帰宅許可が出るまで、城から出られないんです…	
MAP66_e63_p0_2	こっちの皿はこっち！　この器はこっち！	
MAP66_e63_p0_3	速い、俺速い！　まるで風の紋章を使う	
MAP66_e63_p0_4	ウィンのように！	
MAP66_e63_p1_2	こっちの皿はこっち！　この器はこっち！	
MAP66_e63_p1_3	速い、俺速い！　まるで風の紋章を使う	
MAP66_e63_p1_4	ウィンのように！	
MAP66_e63_p1_7	こいつ本当に兵士かよ、極めてるぞ。	
MAP66_e64_p0_2	わーいおしろだおしろだーーーー！！	
MAP66_e65_p0_13	ありがとう、ウィン！	
MAP66_e65_p0_14	お城のみんながお腹いっぱいでいられるよう、	
MAP66_e65_p0_15	私もがんばるから、ウィンもがんばんなさい！	
MAP66_e65_p0_19	あら、まだパンが嫌いなの？	
MAP66_e65_p0_2	ウィン…！	Win...!
MAP66_e65_p0_20	騎士様になって、普段いいものばかり	
MAP66_e65_p0_21	食べているのかしら！？	
MAP66_e65_p0_3	元気そうね…　よかった！！	
MAP66_e65_p0_6	ほら、パン持っていきなさい！	
MAP66_e65_p0_7	あ、でもお金は貰うよ！	
MAP66_e65_p0_8	おとなだからね、自分のお金で払おう！	
MAP66_e66_p0_2	ウィン！！　無事だったな！！	
MAP66_e66_p0_3	よかった！！	
MAP66_e66_p0_6	父さんたちもこの通り元気だ！	
MAP66_e66_p0_7	心配しないで、仕事に精を出しなさい。	
MAP66_e67_p0_11	こんな時代だけど、夢は諦めてないんです…	
MAP66_e67_p0_12	お金貯めて、大きなラボを作るんだ！	
MAP66_e67_p0_2	いらっしゃいませ騎士様！	Welcome, Sir Knight!
MAP66_e67_p0_3	めっちゃ在庫少なくなっちゃったんだけど…	
MAP66_e67_p0_4	仕方ない！　騎士様には売っちゃいます！	
MAP66_e9_p0_2	　　　　ハヤテを使えば目的地にすぐに行けるな	If we use Hayate, we'll reach our destination in no time.
MAP66_e9_p0_3	　　　　　　　　…と、ウィンは思った	...Win thought to himself.
MAP66_e9_p1_2	　　　　ハヤテを使えば目的地にすぐに行けるな	If we use Hayate, we'll reach our destination in no time.
MAP66_e9_p1_3	　　　　　　　　…と、ウィンは思った	...Win thought to himself.
MAP67_e10_p0_2	食糧庫のパンが最近減っている。何が起こっているんだ？	Bread's been disappearing from the larder lately. What's going on?
MAP67_e10_p0_3	誰かに調べて欲しいが、もしかしたら犯人が騎士団に	I want someone to look into it, but the culprit might be in the knight order itself...
MAP67_e10_p0_4	いるかも知れない…。誰に相談すればいいんだろう…。	Who can I even talk to about this...
MAP67_e11_p0_1	書きかけの手紙がある…	There's an unfinished letter...
MAP67_e11_p0_12	その後には知らない名前が五人くらい書いてある。	After it are about five names I don't recognize.
MAP67_e11_p0_2	読んでみようか…。	Should we read it...?
MAP67_e11_p0_6	騎士団長ロイ様へ	To Lord Roi, Knight Commander
MAP67_e11_p0_7	新たな騎士候補者のリストをお送りします。	I send you the list of new knight candidates.
MAP67_e11_p0_8	どの者も将来の楽しみな者たちです。	They are all promising youths for the future.
MAP67_e11_p0_9	いつもお手数をおかけしますが、ご確認ください。	I apologize for the trouble as always; please review it.
MAP67_e12_p0_1	『世界の武器』	"""Weapons of the World"""
MAP67_e12_p0_11	曲剣。フレイム王国のみで生産される、刃の反った剣。	Curved sword: a blade with a curved edge, produced only in the Flame Kingdom.
MAP67_e12_p0_12	振り回しやすく、素早さが少し上がる。	Easy to swing, slightly raises agility.
MAP67_e12_p0_13	刀。セイリューでのみ生産される。美しく鋭い剣。切れ味が	Katana: produced only in Seiryu. A beautiful, sharp sword. Its edge is
MAP67_e12_p0_14	抜群だが、取り回しが悪く、素早さが下がる。	excellent, but it's hard to handle and lowers agility.
MAP67_e12_p0_16	他に、大剣という、重くて凄まじい威力の剣や、	There are also great swords—heavy blades of fearsome power—
MAP67_e12_p0_17	短剣、刺剣、槍といった、突き刺す武器もある。	and thrusting weapons like daggers, rapiers, and spears.
MAP67_e12_p0_18	この三つは敵の急所を突きやすい（会心率があがる）が、	These three hit enemy vitals easily (raising critical rate), but
MAP67_e12_p0_19	槍は元の威力が他のふたつよりも高い分、素早さが下がる。	spears have higher base power than the other two at the cost of agility.
MAP67_e12_p0_2	…と、表紙に書かれた本がある。読んでみようか…。	There's a book with these words on the cover. Should we read it...?
MAP67_e12_p0_6	このエレメント大陸には、大きく分けて次のような武器が	On this Element Continent, the weapons that are widespread fall
MAP67_e12_p0_7	普及している。	roughly into the following types.
MAP67_e12_p0_8	直剣。もっとも普通の剣で、主にウインダム王国で生産され	Straight sword: the most ordinary sword, produced mainly in the Windam Kingdom.
MAP67_e12_p0_9	ている。扱いやすい。	Easy to handle.
MAP67_e13_p0_1	『エレメンタルパワー』	"""Elemental Power"""
MAP67_e13_p0_11	かつて大昔、この大陸が生まれる前、紋章の力で闇の	Long ago, before this continent was born, the power of the crests sealed the Dark
MAP67_e13_p0_12	エレメントを彼方に封じ、火水風のエレメントの加護を	Element far away, and this land flourished under the blessing of the Fire, Water, and Wind Elements—
MAP67_e13_p0_13	受けてこの地が栄えたと伝わるが、その紋章の力が、	or so the legends say. Just what that crest power
MAP67_e13_p0_14	実際にどんなものだったのかは、よく分からない。	truly was, however, is not well understood.
MAP67_e13_p0_16	ただ、紋章の魔法の力、エレメンタルパワーは、継承者の	Still, there are tales that the crests' magical power—Elemental Power—is
MAP67_e13_p0_17	精神力そのものであるいう言い伝えもある。	none other than the inheritor's very mental strength.
MAP67_e13_p0_18	そうであるのなら、精神の弱いものが継承者になると、	If that's so, then when someone weak of spirit becomes an inheritor,
MAP67_e13_p0_19	魔法の力も弱まってしまうのかも知れない。	their magical power might also weaken.
MAP67_e13_p0_2	…と、表紙に書かれた本がある。読んでみようか？	There's a book with these words on the cover. Should we read it?
MAP67_e13_p0_6	火、水、風、それぞれの紋章は、闇のエレメントが復活し、	When the Dark Element revives, each crest—fire, water, and wind—
MAP67_e13_p0_7	その力を強めるほどに、紋章も輝きを増し、不思議な魔法の	glows brighter as it strengthens, granting the inheritor strange magical
MAP67_e13_p0_8	力を紋章継承者に与えるという。	power.
MAP67_e13_p0_9	この魔法の力が、エレメンタルパワーである。	That magical power is Elemental Power.
MAP67_e14_p0_1	『怖くない！五分で怖くなくなる錬金術』	"""Don't Be Scared! Alchemy Without Fear in Five Minutes"""
MAP67_e14_p0_11	例えばみんながよく心配するのが、各ポーション類…	What everyone worries about, for instance, are the potions and such—
MAP67_e14_p0_12	飲み薬に使われている、材料のことだと思います。	specifically, the ingredients used in the medicines.
MAP67_e14_p0_13	確かに私たちは材料を教えません、隠していますが、	It's true we don't reveal the ingredients; we keep them hidden, but
MAP67_e14_p0_14	決して危なかったり汚かったりするものは使っていません。	We never use anything dangerous or unclean.
MAP67_e14_p0_16	私たちは、材料がバレると売れなくなるから、隠して	We don't hide the ingredients because they'd stop selling
MAP67_e14_p0_17	いるのではないのです！とても専門的で、難易度の高い	if they got out! We just don't want people casually copying
MAP67_e14_p0_18	製法で作るものなので、皆さんに気軽に真似をされて、	our highly specialized, difficult methods and
MAP67_e14_p0_19	大怪我したり病気になって欲しくないだけなのです！	ending up badly injured or sick!
MAP67_e14_p0_2	…と、表紙に書かれた本がある。読んでみようか。	There's a book with these words on the cover. Should we read it?
MAP67_e14_p0_6	錬金術師と呼ばれる（というより自分たちで呼んでいる）	It's been about a hundred years since people called alchemists—
MAP67_e14_p0_7	ひとたちが、正体の分からない薬を大変な高額で売り出す	or rather, who call themselves that—began selling unknown medicines
MAP67_e14_p0_8	ようになって百年くらいでしょうか。	at exorbitant prices.
MAP67_e14_p0_9	でも効き目が凄いから、みんな本当は憧れているでしょう？	But since they work wonders, everyone secretly admires them, right?
MAP67_e15_p0_1	読みかけの本がある…	There's a half-read book...
MAP67_e15_p0_2	読んでみようか…。	Should we read it...?
MAP67_e15_p0_6	騎士は国王の命令に絶対に背いてはいけません。	Knights must never disobey the king's orders.
MAP67_e15_p0_7	次に、騎士団長の命令にも背いてはいけません。	Next, they must not disobey the Knight Commander's orders either.
MAP67_e15_p0_8	命令を聞かないと、騎士をやめさせられます。	Disobey orders and you'll be stripped of your knighthood.
MAP67_e15_p0_9	騎士をやめると、ただの兵士か、市民になります。	If you lose your knighthood, you become a mere soldier or a citizen.
MAP67_e16_p0_1	『この世界の紋章』	"""The Crests of This World"""
MAP67_e16_p0_10	この紋章は、闇のエレメントが復活する際に輝き出し、	These crests begin to shine when the Dark Element revives,
MAP67_e16_p0_11	闇のエレメントによって世界が暗闇に覆われ、魔物に	and are said to prevent the world from being shrouded in darkness and
MAP67_e16_p0_12	溢れるのを防ぐことが出来ると言われている。	overrun by monsters at the Dark Element's hands.
MAP67_e16_p0_14	紋章は、持ち主が最も信頼している人間へと継承される。	A crest passes to the person its holder trusts most.
MAP67_e16_p0_15	しかし紋章が輝いたのを誰も見たことがない為、現実には	But since no one has ever seen a crest shine, in practice
MAP67_e16_p0_16	権力者が継承している。フレイム王国では代々国王が、	those in power inherit them. In the Flame Kingdom, the king;
MAP67_e16_p0_17	セイリューでは領主が、ウィンダムでは騎士団長である。	in Seiryu, the lord; and in Windam, the Knight Commander.
MAP67_e16_p0_2	…という本がある。読んでみようか…。	There's a book on this. Should we read it...?
MAP67_e16_p0_6	エレメント大陸は火と水と風のエレメントによって	The Element Continent is a land forged by the Fire, Water, and Wind Elements,
MAP67_e16_p0_7	作られた土地で、エレメントの加護の証である紋章が、	and crests—marks of the Elements' blessing—are
MAP67_e16_p0_8	それぞれの紋章継承者の手の甲に刻まれる。	engraved on the back of each inheritor's hand.
MAP67_e17_p0_1	『恐怖！闇のエレメント復活！』	"""Terror! The Dark Element Returns!"""
MAP67_e17_p0_11	よし！ここで水の紋章の出番です。水の紋章の勇者が	Alright! Now it's the Water Crest's turn! When the hero of the Water Crest
MAP67_e17_p0_12	片手を振りかざすと、大きな津波があらわれました。	raised a hand, a great tsunami appeared.
MAP67_e17_p0_13	火はまたたくまに消えました。しかし、闇のエレメントも	The fire vanished in an instant. But the Dark Element was
MAP67_e17_p0_14	流されてしまい、どこにいったか分かりません。	washed away too, and no one knows where it went.
MAP67_e17_p0_16	このままでは世界は暗黒に包まれ、魔物が増え、ひとの	At this rate, the world will be swallowed by darkness, monsters will multiply, and the land will
MAP67_e17_p0_17	住めない土地になってしまう！しかし気付けば風の勇者が	become uninhabitable! But wait—the hero of Wind is gone!
MAP67_e17_p0_18	いません。なんと！風の紋章のハヤテの力で疾風となった	What!? Transformed into a gale by the Wind Crest's Hayate,
MAP67_e17_p0_19	風の勇者が闇のエレメントを追いかけています！	the Wind hero is chasing after the Dark Element!
MAP67_e17_p0_2	…と、表紙に書かれた本がある。読んでみようか…。	There's a book with these words on the cover. Should we read it...?
MAP67_e17_p0_21	そのスピードはすさまじく、火の勇者と水の勇者は	His speed is incredible, and the Fire and Water heroes were
MAP67_e17_p0_22	置いていかれました。最早闇のエレメントも風の勇者も	left behind. Now no one knows where the Dark Element
MAP67_e17_p0_23	どこにいるのか分かりません。さあ二人はどうやって合流	or the Wind hero are. How will those two meet up again!?
MAP67_e17_p0_24	するのか！？次回をおたのしみに！	Stay tuned for next time!
MAP67_e17_p0_6	火を噴く火の紋章！ぎゃーーーーーーーーー闇のエレメント	The Fire Crest breathes flame! Gyaaaaah—the Dark Element
MAP67_e17_p0_7	は燃えました。風の紋章がカマイタチを呼び、火はもっと	burned! The Wind Crest summoned a Kamaitachi, and the fire blazed
MAP67_e17_p0_8	激しくなりました。いかん！火が凄くて闇のエレメントが	even fiercer. Oh no! The flames are so intense we can't
MAP67_e17_p0_9	よく見えない！近付くこともできません。	even see the Dark Element! We can't get close!
MAP67_e18_p0_1	持ち出して役に立つようなものは何も見つけられなかった…	There was nothing worth taking with us...
MAP67_e19_p0_2	吾輩は王国書記官のデアール卿であーる。	I am Lord Dear, the kingdom's scribe, yessir.
MAP67_e19_p0_4	吾輩は現在王国の被害状況を調べているので	
MAP67_e19_p0_5	あーる！	
MAP67_e19_p0_6	他国の情報もまとめているのであーる！	
MAP67_e20_p0_2	この食堂もすっかり使われなくなりました…	
MAP67_e20_p0_3	王でさえ、いまは兵と同じ食事を食べて	
MAP67_e20_p0_4	らっしゃいます。	
MAP67_e20_p1_11	民が苦しんでいるときに、領主だけいいモン	
MAP67_e20_p1_12	食っていいわけないだろ。当たり前だ。	
MAP67_e20_p1_15	え…？　あ、そうか…　そう、だよな…。	
MAP67_e20_p1_18	そうだぞ。	
MAP67_e20_p1_2	この食堂もすっかり使われなくなりました…	
MAP67_e20_p1_3	王でさえ、いまは兵と同じ食事を食べて	
MAP67_e20_p1_4	らっしゃいます。	
MAP67_e20_p1_7	うげ…　ただでさえこの国のメシは、その…	
MAP67_e20_p1_8	あれだってのによー…　	
MAP67_e21_p0_2	城の壊れた部分を調べて回っているんだけれど	
MAP67_e21_p0_3	ひどいなあ…	
MAP67_e21_p0_4	ぜんぶ直るのに何年かかることやら…	
MAP67_e21_p1_10	あっ、すいません…　フレイムのホノオ殿下…	
MAP67_e21_p1_11	フレイムはもっとひどいんでしたね…。	
MAP67_e21_p1_14	セイリューの木材や石材を川で運べば…	
MAP67_e21_p1_15	ここもフレイムもすぐに復興できるかも知れない	
MAP67_e21_p1_18	そんなことができるのか、ナガレ！？	
MAP67_e21_p1_2	城の壊れた部分を調べて回っているんだけれど	
MAP67_e21_p1_21	うん。だけど、この悪天候と魔物の増加が	
MAP67_e21_p1_22	止まってからじゃないと無理だ。	
MAP67_e21_p1_25	闇のエレメントだな…　とにかくよー	
MAP67_e21_p1_28	み、みなさんのご武運をお祈りしております！	
MAP67_e21_p1_3	ひどいなあ…	
MAP67_e21_p1_4	ぜんぶ直るのに何年かかることやら…	
MAP67_e22_p0_2	あーいそがしいいそがしい！	
MAP67_e22_p0_7	どの食器もクロスも綺麗で見るのに忙しい！	
MAP67_e23_p0_2	ヒマじゃのう…	
MAP67_e23_p0_3	家に帰りたいんじゃがのう…	
MAP67_e23_p0_4	魔物が出るっていうんで、街に入れんのじゃあ	
MAP67_e24_p0_11	あなたほど世界中を飛び回っても見つからない	
MAP67_e24_p0_12	のね…	
MAP67_e24_p0_2	ウィン！　面白い本は見つかった？	
MAP67_e24_p0_8	　　　　　　　　　　ウィンは首を振った	
MAP67_e24_p1_11	…なにこれ。	
MAP67_e24_p1_12	こんな装丁の本なんて見たことない…。	
MAP67_e24_p1_13	なんて綺麗で頑丈な…どこで作られた本なの？	
MAP67_e24_p1_19	…分からないのね？	
MAP67_e24_p1_2	ウィン！　面白い本は見つかった？	
MAP67_e24_p1_20	どういうことかしら…　しかも新しく見えるし	
MAP67_e24_p1_23	ウィン…　この本て、私にくれるの？	
MAP67_e24_p1_28	ありがとう！　ウィン！！	
MAP67_e24_p1_29	じゃあ早速読むから、しばらく私に近付かない	
MAP67_e24_p1_30	ようにしてね！！	
MAP67_e24_p1_37	そ！　そう……………	
MAP67_e24_p1_38	ものすごく…貴重なもののようだしね…	
MAP67_e24_p1_39	…今後夜道に気を付けてとだけ言っておく…	
MAP67_e24_p1_8	　　　　　　ウィンは奇書を取り出して見せた	
MAP67_e24_p2_10	あっちいけ！！！！	
MAP67_e24_p2_9	じゃますんなっていっただろ！！！！！？？	
MAP67_e25_p0_12	よかったー　あれ、騎士であるあなたが	Oh good~ ...but as a knight,
MAP67_e25_p0_13	持っていても、何の役にも立ちませんし、	it would be of no use to you anyway,
MAP67_e25_p0_14	そりゃ売りますよね。　よかったー	so of course you'd sell it. Oh good~
MAP67_e25_p0_19	あー…　素材や財宝はためこんでも、	Ah... hoarding materials and treasure
MAP67_e25_p0_2	ウィンさん、魔物をたおしたときにたまに	Win, sometimes when you defeat monsters,
MAP67_e25_p0_20	俺ら兵士や騎士には、役に立ちません。	doesn't do us soldiers or knights any good.
MAP67_e25_p0_21	お店で売ってお金に変えた方がいいですよ？	Better to sell them at a shop and turn them into money, right?
MAP67_e25_p0_3	手に入る、魔物の素材とか財宝…	you get monster materials or treasure...
MAP67_e25_p0_4	ちゃんと売ってますよね？	
MAP67_e25_p1_12	そうでしょう？	
MAP67_e25_p1_13	確かに魔物がお金持ってるわけないですけど、	
MAP67_e25_p1_14	そんなところまでリアルにしなくてもなあ…	
MAP67_e25_p1_19	そうですかー？	
MAP67_e25_p1_2	ウィンさん、魔物をたおしたときにたまに	Win, sometimes when you defeat monsters,
MAP67_e25_p1_20	まあ、店でまとめて売って、一気にお金持ちに	
MAP67_e25_p1_21	なるの、ちょっと楽しいですよね…	
MAP67_e25_p1_3	手に入る、魔物の素材とか財宝…	you get monster materials or treasure...
MAP67_e25_p1_4	いちいち売るの面倒ですよねえ？	
MAP68_e2_p1_14	…ロイ騎士団長がお呼びだ。	
MAP68_e2_p1_15	先日の光の柱の件で、話があるらしい…。	
MAP68_e2_p1_23	　　　　　　　　　ウィンは頷いた	Win nodded
MAP68_e2_p1_7	…ウィン、外は危ないぞ。	
MAP68_e2_p1_8	長居するのはよくないと、忠告させてもらう。	
MAP69_e1_p0_12	　　　　　　　　　　南の暗黒大陸に	
MAP69_e1_p0_14	　　　　　　　　巨大な光の柱が立つのを	
MAP69_e1_p0_16	　　　　　　　　　　　見るまでは…	
MAP70_e11_p1_2	…街には入らない方がいい、ウィン…	...Better not go into town, Win...
MAP70_e11_p1_5	あのとき、燃え盛る岩がたくさん降ってきて…	Back then, burning rocks rained down in droves...
MAP70_e11_p1_6	この街はがれきの山になってしまったんだ。	This town was reduced to a mountain of rubble.
MAP70_e14_p0_2	いまはこんなところに用はないんじゃねーか？	
MAP70_e15_p0_103	ひ、ひでえ目にあった…	
MAP70_e15_p0_106	きっとこの先、もっと酷い目が待ってる…	
MAP70_e15_p0_107	何が起こるか分からないな…。	
MAP70_e15_p0_19	うお！　めちゃくちゃ紋章が光った！！	
MAP70_e15_p0_22	…なんだ？　急に身体に力が漲るような…	
MAP70_e15_p0_23	これは…	
MAP70_e15_p0_26	　　　　　　ウィンはシップウの魔法をおぼえた！	
MAP70_e15_p0_29	　　　　　ホノオはダイバクハツの魔法をおぼえた！	
MAP70_e15_p0_32	　　　　　ナガレはイヤシノアメの魔法をおぼえた！	
MAP70_e15_p0_52	な、なんだ！？　紋章がずっと光ってるぞ！？	
MAP70_e15_p0_55	　　　　ウィンたちのステータスが幾つかアップした！	
MAP70_e15_p0_62	なんだよ突然…この急激なパワーアップ感は…	
MAP70_e15_p0_63	いまならどんな敵が相手でも負ける気が…	
MAP70_e15_p0_67	ちょっと黙れ、ホノオ！！	
MAP70_e15_p0_70	あ！？　なんだよ急にーーー！？	
MAP70_e15_p0_74	紋章は闇の力が強まるのに合わせて、	
MAP70_e15_p0_75	その輝きを増して、力を強めるんだろ…？	
MAP70_e15_p0_78	あたしたちがこんなに急に強くなるってこと…	
MAP70_e15_p0_79	それはつまり…	
MAP70_e15_p0_82	あ…　闇のエレメントの力が急に	
MAP70_e15_p0_83	めちゃくちゃ強くなってるってこと…か…	
MAP70_e15_p0_87	あれ…？　なんか暗く………	
MAP70_e15_p0_88	げえっ！？　な、なんだありゃああああ！！	
MAP70_e15_p0_91	なんかデッカイ化け物が……！！	
MAP70_e15_p0_94	降って来たあああああああ！！	
MAP70_e15_p1_19	うお！　めちゃくちゃ紋章が光った！！	
MAP70_e15_p1_22	…なんだ？　急に身体に力が漲るような…	
MAP70_e15_p1_23	これは…	
MAP70_e15_p1_26	　　　　　　ウィンはシップウの魔法をおぼえた！	
MAP70_e15_p1_29	　　　　　ホノオはダイバクハツの魔法をおぼえた！	
MAP70_e15_p1_32	　　　　　ナガレはイヤシノアメの魔法をおぼえた！	
MAP70_e15_p1_39	なんだよ突然…この急激なパワーアップ感は…	
MAP70_e15_p1_40	いまならどんな敵が相手でも負ける気が…	
MAP70_e15_p1_44	ちょっと黙れ、ホノオ！！	
MAP70_e15_p1_47	あ！？　なんだよ急にーーー！？	
MAP70_e15_p1_51	紋章は闇の力が強まるのに合わせて、	
MAP70_e15_p1_52	その輝きを増して、力を強めるんだろ…？	
MAP70_e15_p1_55	あたしたちがこんなに急に強くなるってこと…	
MAP70_e15_p1_56	それはつまり…	
MAP70_e15_p1_59	あ…　闇のエレメントの力が急に	
MAP70_e15_p1_60	めちゃくちゃ強くなってるってこと…か…	
MAP70_e15_p1_64	あれ…？　なんか暗く………	
MAP70_e15_p1_65	げえっ！？　な、なんだありゃああああ！！	
MAP70_e15_p1_68	なんかデッカイ化け物が……！！	
MAP70_e15_p1_71	降って来たあああああああ！！	
MAP70_e15_p1_80	ひ、ひでえ目にあった…	
MAP70_e15_p1_83	きっとこの先、もっと酷い目が待ってる…	
MAP70_e15_p1_84	何が起こるか分からないな…。	
MAP70_e17_p0_5	　　　ウィンは先にフレイム王に会おうと思った　　　	Win decided to see King Flame first.
MAP70_e18_p0_5	　　　ウィンは先にフレイム王に会おうと思った　　　	Win decided to see King Flame first.
MAP70_e25_p0_104	　　　　　　　　　　　ウィンは頷いた	Win nodded
MAP70_e25_p0_20	おい、まただ！　さっきよりも激しい…！	
MAP70_e25_p0_27	　　　　　ウィンはイカヅチの魔法をおぼえた！	
MAP70_e25_p0_30	　　　　　ホノオはドコンジョウの魔法をおぼえた！	
MAP70_e25_p0_33	　　ナガレはマンキンタンとツナミの魔法をおぼえた！	
MAP70_e25_p0_36	　　　　　全員のステータスが幾つかアップした！	
MAP70_e25_p0_43	なんだこの感じ…　オレ強過ぎになったぞ！！	
MAP70_e25_p0_46	…まるで神様にでもなったような、か…？	
MAP70_e25_p0_49	そんな感じだぜナガレ！	
MAP70_e25_p0_50	いまならもう、どんなバケモンが出てきても	
MAP70_e25_p0_51	全く負ける気がしねーぜ！！	
MAP70_e25_p0_57	バカ！　あたしらが強くなるほど…	
MAP70_e25_p0_58	闇の力も同じように強まってるんだ！	
MAP70_e25_p0_61	だから喜んでる場合じゃないんだぞ！	
MAP70_e25_p0_64	あ、ああ…　そうだったな…！	
MAP70_e25_p0_65	しかしこの無敵感は、確かにちょっとな…	
MAP70_e25_p0_66	不気味なくらいだぜー………	
MAP70_e25_p0_72	…こりゃまたスゲーのが飛んで来たぜ。	
MAP70_e25_p0_73	ありゃあ…　龍みてーな形してんなー？	
MAP70_e25_p0_76	あれもさっさと片付けて、闇も封じて…	
MAP70_e25_p0_77	これを終わりにするぞ！！	
MAP70_e25_p0_86	これからあんなのがガンガンこの大陸に	
MAP70_e25_p0_87	飛んでくるってんだろ…？	
MAP70_e25_p0_88	急がねえと…	
MAP70_e25_p0_91	あたし、なぜかちっとも怖くないんだ…	
MAP70_e25_p0_92	何だかもう、村のみんなとの暮らしも…	
MAP70_e25_p0_93	遠くに感じる…	
MAP70_e25_p0_96	そんなん言うなよ、ナガレ！	
MAP70_e25_p0_97	くっそーーーー………	
MAP70_e25_p0_98	さっさと行こうぜ！　ウィン！！	
MAP70_e25_p1_20	おい、まただ！　さっきよりも激しい…！	
MAP70_e25_p1_27	　　　　　ウィンはイカヅチの魔法をおぼえた！	
MAP70_e25_p1_30	　　　　　ホノオはドコンジョウの魔法をおぼえた！	
MAP70_e25_p1_33	　　ナガレはマンキンタンとツナミの魔法をおぼえた！	
MAP70_e25_p1_38	なんだこの感じ…　オレ強過ぎになったぞ！！	
MAP70_e25_p1_41	…まるで神様にでもなったような、か…？	
MAP70_e25_p1_44	そんな感じだぜナガレ！	
MAP70_e25_p1_45	いまならもう、どんなバケモンが出てきても	
MAP70_e25_p1_46	全く負ける気がしねーぜ！！	
MAP70_e25_p1_52	バカ！　あたしらが強くなるほど…	
MAP70_e25_p1_53	闇の力も同じように強まってるんだ！	
MAP70_e25_p1_56	だから喜んでる場合じゃないんだぞ！	
MAP70_e25_p1_59	あ、ああ…　そうだったな…！	
MAP70_e25_p1_60	しかしこの無敵感は、確かにちょっとな…	
MAP70_e25_p1_61	不気味なくらいだぜー………	
MAP70_e25_p1_67	…こりゃまたスゲーのが飛んで来たぜ。	
MAP70_e25_p1_68	ありゃあ…　イヌ…？みてーな形してんなー？	
MAP70_e25_p1_71	あれもさっさと片付けて、闇も封じて…	
MAP70_e25_p1_72	これを終わりにするぞ！！	
MAP70_e25_p1_81	これからあんなのがガンガンこの大陸に	
MAP70_e25_p1_82	飛んでくるってんだろ…？	
MAP70_e25_p1_83	急がねえと…	
MAP70_e25_p1_86	あたし、なぜかちっとも怖くないんだ…	
MAP70_e25_p1_87	何だかもう、村のみんなとの暮らしも…	
MAP70_e25_p1_88	遠くに感じる…	
MAP70_e25_p1_91	そんなん言うなよ、ナガレ！	
MAP70_e25_p1_92	くっそーーーー………	
MAP70_e25_p1_93	さっさと行こうぜ！　ウィン！！	
MAP70_e25_p1_99	　　　　　　　　　　　ウィンは頷いた	Win nodded
MAP70_e6_p0_2	かなり崩壊している…	
MAP70_e6_p0_3	これ以上近付くのは危険だ。	
MAP71_e14_p0_1	持ち出して役に立つようなものは何も見つけられなかった…	There was nothing worth taking with us...
MAP71_e15_p0_1	持ち出して役に立つようなものは何も見つけられなかった…	There was nothing worth taking with us...
MAP71_e16_p0_1	持ち出して役に立つようなものは何も見つけられなかった…	There was nothing worth taking with us...
MAP71_e17_p1_2	ここから南…フレイム砂漠はマジで暑いぜ。	South of here... the Flame Desert is seriously hot.
MAP71_e17_p1_3	そんで魔物も強い。野盗も出る。	And the monsters are strong. Bandits too.
MAP71_e17_p1_4	ウィン、マジで気をつけて行けよ。	Win, be really careful out there.
MAP71_e17_p2_2	ここも近々閉鎖されると思うよ…	
MAP71_e17_p2_3	火の岩もそうだけれど…	
MAP71_e17_p2_4	魔物の侵入を防げなくなってきたんだ。	
MAP71_e18_p0_2	いやあまいったよー	Man, this is rough.
MAP71_e18_p0_3	こう入出国が厳しいとなると	With entry and exit being this strict,
MAP71_e18_p0_4	商売あがったりさー	my business is going under.
MAP71_e19_p0_2	おっ！ウィン、ちゃんと万金丹持ったか？	Oh! Win, did you bring Mankintan?
MAP71_e19_p0_3	ヘビがでるぞ、ヘビ！！	Snakes, there'll be snakes!!
MAP71_e22_p0_2	まいったのう…とてもじゃないが、	This is a pickle... at this rate,
MAP71_e22_p0_3	日が暮れる前に通れるようには	there's no way I'll get through
MAP71_e22_p0_4	ならなそうじゃのう	before sundown.
MAP71_e23_p0_2	騎士さまも　とおせんぼされたの？	Did they stop you too, Sir Knight?
MAP71_e23_p0_3	だったらうちの宿に泊まっていきなよ！	Then stay at our inn!
MAP71_e7_p1_2	　　　　　　　　　　閉店しました	
MAP71_e7_p1_3	　　　　　　　　　…と、書いてある	
MAP71_e8_p1_2	　　　　　扉が打ちつけられていて開かない	
MAP71_e9_p0_2	あれ、ウィンじゃないか。	Oh, if it isn't Win.
MAP71_e9_p0_3	どうしたんだ？ここは通行手形がないと	What brings you here? Without a permit,
MAP71_e9_p0_4	騎士でも通ることはできないぞ。	even knights can't pass this way.
MAP71_e9_p0_7	ここはフレイム王国への関所だ。	This is the checkpoint to the Flame Kingdom.
MAP71_e9_p0_8	…おい、ウィン。なんでここへ来たんだ？	...Hey, Win. Why did you come here?
MAP71_e9_p1_2	あれ、ウィンじゃないか。	Oh, if it isn't Win.
MAP71_e9_p1_3	どうしたんだ？ここは通行手形がないと	What brings you here? Without a permit,
MAP71_e9_p1_4	騎士でも通ることはできないぞ。	even knights can't pass this way.
MAP71_e9_p2_10	それはまさに国王陛下の発行する通行手形！！	That's the permit issued by His Majesty the King!!
MAP71_e9_p2_11	ははーーーっ	Yes, sir!
MAP71_e9_p2_12	騎士ウィン様どうぞお通りくださいませー	Sir Knight Win, please, right this way~
MAP71_e9_p2_2	あれ、ウィンじゃないか。	Oh, if it isn't Win.
MAP71_e9_p2_3	どうしたんだ？ここは通行手形がないと	What brings you here? Without a permit,
MAP71_e9_p2_4	騎士でも通ることはできないぞ。	even knights can't pass this way.
MAP71_e9_p2_7	　　　　　　　　ウィンは通行手形を見せた！	Win showed his permit!
MAP72_e10_p0_10	騎士さま、ヘビに噛まれるみたいですぞ	Sir Knight, I see you getting bitten by a snake.
MAP72_e10_p0_17	えー　ああ　そう…	Uh— oh, I see...
MAP72_e10_p0_2	おー、騎士さま、ここでお会いしたのも運命！	Oh, Sir Knight, meeting you here must be fate!
MAP72_e10_p0_3	よかったら占ってさしあげましょうぞ！	Shall I tell your fortune?
MAP72_e10_p0_7	うーむ　むむむむ…　見えてきた	Hmm, mmm... I can see it now.
MAP72_e10_p0_9	ヘビに噛まれるのが見えるー…	I see you getting bitten by a snake~...
MAP72_e11_p0_2	んー？あら、ウィンじゃないか！	
MAP72_e11_p0_3	元気だったかい？	
MAP72_e11_p0_6	あたしらは街に嵐がきたときに避難してきた	
MAP72_e11_p0_7	んだけれど…　この通りどこへも行けずじまい	
MAP72_e11_p0_8	になっちまったよ。バカだねえ	
MAP72_e12_p0_2	おお、ウィン…！	
MAP72_e12_p0_3	勇者様なんだってなあ	
MAP72_e12_p0_4	…立派になって！	
MAP72_e12_p0_6	もう、以前のウィンとは見違えるのう…	
MAP72_e12_p0_7	お前に会えて、希望が持てたぞ…	
MAP72_e13_p0_1	持ち出して役に立つようなものは何も見つけられなかった…	There was nothing worth taking with us...
MAP72_e14_p0_1	持ち出して役に立つようなものは何も見つけられなかった…	There was nothing worth taking with us...
MAP72_e15_p0_1	持ち出して役に立つようなものは何も見つけられなかった…	There was nothing worth taking with us...
MAP72_e16_p0_1	持ち出して役に立つようなものは何も見つけられなかった…	There was nothing worth taking with us...
MAP72_e17_p0_1	持ち出して役に立つようなものは何も見つけられなかった…	There was nothing worth taking with us...
MAP72_e18_p0_1	持ち出して役に立つようなものは何も見つけられなかった…	There was nothing worth taking with us...
MAP72_e19_p0_1	持ち出して役に立つようなものは何も見つけられなかった…	There was nothing worth taking with us...
MAP72_e20_p0_1	持ち出して役に立つようなものは何も見つけられなかった…	There was nothing worth taking with us...
MAP72_e21_p0_1	持ち出して役に立つようなものは何も見つけられなかった…	There was nothing worth taking with us...
MAP72_e22_p0_1	持ち出して役に立つようなものは何も見つけられなかった…	There was nothing worth taking with us...
MAP72_e3_p0_1	持ち出して役に立つようなものは何も見つけられなかった…	There was nothing worth taking with us...
MAP72_e4_p0_1	持ち出して役に立つようなものは何も見つけられなかった…	There was nothing worth taking with us...
MAP72_e5_p0_1	持ち出して役に立つようなものは何も見つけられなかった…	There was nothing worth taking with us...
MAP72_e6_p0_15	はい、確かにお金はいただきましたよ。	Yes, I've certainly received your payment.
MAP72_e6_p0_16	ゆっくり休んでいきなされ。	Rest easy here.
MAP72_e6_p0_2	いらっしゃい、ここは国から国へと移動する	Welcome. This is an inn for people traveling
MAP72_e6_p0_24	もうとっくにお日様が昇っているよ。	The sun's been up for a while now.
MAP72_e6_p0_25	そろそろ出立なさったらどうだい？	How about setting off soon?
MAP72_e6_p0_3	行商人や旅人のための宿屋だよ。	from country to country—merchants and travelers.
MAP72_e6_p0_30	お金が足りないみたいだね…。	Looks like you don't have enough money...
MAP72_e6_p0_31	悪いけれど、また今度来てくださいね。	Sorry, but please come back another time.
MAP72_e6_p0_8	はいはい、一泊で５０Ｇだよ。	Sure, sure, 50G a night.
MAP72_e6_p0_9	休んでいきなさるかい？	Would you like to rest?
MAP72_e8_p0_11	私はしばらくここで足止めですから…	I'll be stuck here for a while...
MAP72_e8_p0_12	もし品を気に入ったら、また来てくださいね！	If you like anything, please come again!
MAP72_e8_p0_2	いやー困りました。	Oh dear, this is a problem.
MAP72_e8_p0_3	まさかセイリューの橋が壊れるなんてね。	I never expected the Seiryu bridge to break.
MAP72_e8_p0_4	虫の知らせみたいなの感じるなあ。	I have a sense of foreboding...
MAP72_e8_p0_6	おっと失礼、よかったら少し品を見て下さい！	Oh, pardon me! Have a look at my wares!
MAP72_e8_p1_11	もし品を気に入ったら、また来てください。	If you like anything, please come again.
MAP72_e8_p1_2	壊れていた橋が直ったらしいです。	It seems the broken bridge has been repaired.
MAP72_e8_p1_3	よかった…これで帰ることができる…	Thank goodness... now I can go home...
MAP72_e8_p1_5	おっと失礼、よかったら少し品を見て下さい！	Oh, pardon me! Have a look at my wares!
MAP72_e9_p0_2	西にも行けない、国にも帰れない…	Can't go west, can't go home...
MAP72_e9_p0_3	あー、ウィンダムに行ってみるかー	Ah, maybe I'll try Windam...
MAP72_e9_p0_4	ごはんまずいんだよなあ、あそこー	though the food there is bad...
MAP73_e20_p0_1	持ち出して役に立つようなものは何も見つけられなかった…	There was nothing worth taking with us...
MAP73_e21_p0_1	持ち出して役に立つようなものは何も見つけられなかった…	There was nothing worth taking with us...
MAP73_e22_p0_1	持ち出して役に立つようなものは何も見つけられなかった…	There was nothing worth taking with us...
MAP74_e10_p0_1	持ち出して役に立つようなものは何も見つけられなかった…	There was nothing worth taking with us...
MAP74_e11_p0_1	持ち出して役に立つようなものは何も見つけられなかった…	There was nothing worth taking with us...
MAP74_e12_p0_1	持ち出して役に立つようなものは何も見つけられなかった…	There was nothing worth taking with us...
MAP74_e13_p0_1	持ち出して役に立つようなものは何も見つけられなかった…	There was nothing worth taking with us...
MAP74_e14_p0_2	この辺りはほとんど洪水の影響ないよ。	
MAP74_e14_p0_3	だけど、しばらく石堀りはお休みだな。	
MAP74_e14_p0_4	魔物が増えてるから。	
MAP74_e14_p0_6	ああ、完成した橋なら、南に行けばすぐ分かる。	
MAP74_e4_p0_2	ああ、迷い込んだみたいだね。	Yeah, looks like they wandered in.
MAP74_e4_p0_3	ここはただの採石場だ。何もないよ。	This is just a quarry. Nothing here.
MAP74_e4_p1_10	お前こんなところに何しに…？	What are you doing in a place like this...?
MAP74_e4_p1_13	ちょっと寄り道しただけさ。	Just taking a little detour.
MAP74_e4_p1_14	それよりなんだよ、その驚きようは？	Anyway, why the surprise?
MAP74_e4_p1_17	いや…　あの悪ガキが突然きれいになって	Well... that little brat suddenly showed up all clean,
MAP74_e4_p1_18	やって来るもんだからこころの準備が…	and I wasn't prepared for it...
MAP74_e4_p1_19	え、本当にナガレなんだよな？	Wait, you're really Nagare, right?
MAP74_e4_p1_2	ああ、迷い込んだみたいだね。	Yeah, looks like they wandered in.
MAP74_e4_p1_22	褒められてんだか貶されてんだかわからん！	I can't tell if that's a compliment or an insult!
MAP74_e4_p1_3	ここはただの採石場だ。何もないよ。	This is just a quarry. Nothing here.
MAP74_e4_p1_6	よう、バモヤシ。おひさ！	Yo, Bamoyashi. Long time no see!
MAP74_e4_p1_9	うお！？ナガレ！？	Whoa!? Nagare!?
MAP74_e5_p0_10	　　　　　お茶を飲んで、みんなのＨＰが回復した！	Everyone drank tea and recovered HP!
MAP74_e5_p0_14	まだ村まで結構遠いし、魔物も出るから	The village is still pretty far, and monsters appear, so
MAP74_e5_p0_15	気を付けてねー	be careful now~
MAP74_e5_p0_2	旅人かい？	A traveler, are you?
MAP74_e5_p0_20	まだ村まで結構遠いし、魔物も出るから	The village is still pretty far, and monsters appear, so
MAP74_e5_p0_21	気を付けてねー	be careful now~
MAP74_e5_p0_3	なにもなくってガッカリしただろ。	Bet you're disappointed there's nothing here.
MAP74_e5_p0_4	まあ、よかったらお茶でも飲んでいけば？	Well, why not have some tea if you like?
MAP74_e5_p1_10	　　　　　お茶を飲んで、みんなのＨＰが回復した！	Everyone drank tea and recovered HP!
MAP74_e5_p1_14	こうやってまた、たまには顔見せに来てよね、	Come show your face once in a while, okay,
MAP74_e5_p1_15	ナガレ。	Nagare?
MAP74_e5_p1_18	うん、ありがとう！	Yeah, thank you!
MAP74_e5_p1_2	あ、ナガレじゃん。	Oh, it's Nagare.
MAP74_e5_p1_23	こうやってまた、たまには顔見せに来てよね、	Come show your face once in a while, okay,
MAP74_e5_p1_24	ナガレ。	Nagare?
MAP74_e5_p1_27	うん、ありがとう！	Yeah, thank you!
MAP74_e5_p1_3	せっかく来たんだし、よかったら	Since you came all this way, why not
MAP74_e5_p1_4	お茶でも飲んでいけば？	have some tea?
MAP74_e6_p0_1	持ち出して役に立つようなものは何も見つけられなかった…	There was nothing worth taking with us...
MAP74_e7_p0_2	　　　　セイリューとの連絡に用いられている手紙類だ	These are letters used to keep in touch with Seiryu.
MAP74_e8_p0_2	　　　　　　見たことのない薬類が入っている	It's full of medicines I've never seen before.
MAP74_e9_p0_2	　　　　　　　　　編みかけのマフラーだ	
MAP75_e10_p0_1	持ち出して役に立つようなものは何も見つけられなかった…	There was nothing worth taking with us...
MAP75_e12_p0_11	ちなみに、転倒させられるスキルも、	
MAP75_e12_p0_12	使えるのは槍だけだ。	
MAP75_e12_p0_13	転倒させれば味方全体の通常攻撃の威力が	
MAP75_e12_p0_14	増すから、EP節約にもなるぜ！	
MAP75_e12_p0_18	まあ確かに、スキルとかも他の武器の方が	
MAP75_e12_p0_19	使いやすかったりするよな。	
MAP75_e12_p0_2	ウィン！　どうだい、槍は使ってる？	
MAP75_e12_p0_20	だけどお前、紋章ですばやく動けるだろ？	
MAP75_e12_p0_21	だから槍の重さも気にならないはずだ。	
MAP75_e12_p0_23	重さが気にならないとなれば、槍は単純に、	
MAP75_e12_p0_24	素の威力が高いダガー、レイピアと同じだ。	
MAP75_e12_p0_25	会心率を考えれば、実は最強の威力の武器	
MAP75_e12_p0_26	にもなるんだぜ？	
MAP75_e12_p0_3	いまはどっち派だい？	
MAP75_e12_p0_7	やっぱりな！	
MAP75_e12_p0_8	特に紋章の力で素早く動けるお前なら、	
MAP75_e12_p0_9	槍の取り回しの悪さもほとんど影響しないしな	
MAP75_e13_p0_1	『七転び七起きれず』	"""Seven Falls, Can't Get Up Eight Times"""
MAP75_e13_p0_10	毒にかかったり、眠ってしまったり、混乱したり…	Getting poisoned, falling asleep, being confused...
MAP75_e13_p0_11	そういった状態異常は、すぐに死にはつながらないが、	These ailments won't kill you right away, but
MAP75_e13_p0_12	転倒は即死につながりかねない。	a knockdown can be a death sentence.
MAP75_e13_p0_14	しかも、薬を飲んで治したりもできない。	What's more, you can't even cure it with medicine.
MAP75_e13_p0_15	ドタバタしながら、少しでも早く起き上がれることを	All you can do is flail about and pray you get up
MAP75_e13_p0_16	祈るしかない…。	as quickly as possible...
MAP75_e13_p0_2	…と、表紙に書かれた本がある。読んでみようか…。	There's a book with these words on the cover. Should we read it...?
MAP75_e13_p0_6	戦闘中に、転倒してしまったら大ピンチだ。	If you get knocked down mid-battle, you're in big trouble.
MAP75_e13_p0_7	しばらくなんの行動も取れなくなるし、	You can't act for a while,
MAP75_e13_p0_8	何よりも、防御力がゼロになってしまうのだ。	and worst of all, your defense drops to zero.
MAP75_e14_p0_1	『素早さの重要性』	"""The Importance of Agility"""
MAP75_e14_p0_11	もちろん、頑丈な防具を着れば、受けるダメージが減るし、	Of course, sturdy armor reduces damage taken,
MAP75_e14_p0_12	強力な武器を持てば、与えるダメージが増える。	and a powerful weapon increases damage dealt.
MAP75_e14_p0_13	しかし、素早さが低ければ、動く前にすべての敵から	But if your agility is low, every enemy will attack
MAP75_e14_p0_14	攻撃されるだろう。	before you can move.
MAP75_e14_p0_16	敵の中には強力な状態異常攻撃や、全体攻撃を持つものも	Some enemies have powerful ailment attacks
MAP75_e14_p0_17	多い。	or group attacks.
MAP75_e14_p0_18	そういった攻撃を浴びれば、強力な武器も防具も、	If you're hit by those, even strong weapons and armor
MAP75_e14_p0_19	殆ど役に立たない。	are nearly useless.
MAP75_e14_p0_2	…と、表紙に書かれた本がある。読んでみようか…。	There's a book with these words on the cover. Should we read it...?
MAP75_e14_p0_6	戦闘中に、敵よりも早く動けるかどうかは、	Whether you can act before your enemies in battle
MAP75_e14_p0_7	素早さにかかっている。	depends on agility.
MAP75_e14_p0_8	しかし、頑丈な防具や、強い武器を持てば、その重さで	But sturdy armor and strong weapons are heavy,
MAP75_e14_p0_9	素早さは下がってしまう。	and lower your agility.
MAP75_e15_p0_2	おい、ウィン！勝手に読まないでくれよ！	Hey, Win! Don't go reading on your own!
MAP75_e16_p0_2	おい、ウィン！勝手に読まないでくれよ！	Hey, Win! Don't go reading on your own!
MAP75_e17_p0_1	『武器や防具の品質』	"""Weapon and Armor Quality"""
MAP75_e17_p0_10	するが、反面、重くなったりするものもあるので、	On the other hand, some get heavier...
MAP75_e17_p0_11	必ずしも、品質のいいものを装備すればいいという	so equipping the highest quality gear isn't
MAP75_e17_p0_12	ものでもない、かも知れない…。	always the best choice, perhaps...
MAP75_e17_p0_14	相手や場所、自分の役割によって、	Depending on the enemy, the place, and your role,
MAP75_e17_p0_15	バランスの取れた組み合わせにするのが良いだろう。	a well-balanced setup is probably best.
MAP75_e17_p0_2	…と、表紙に書かれた本がある。読んでみようか…。	There's a book with these words on the cover. Should we read it...?
MAP75_e17_p0_6	この世界の武器や防具は、種類自体はすくないが、	The weapons and armor of this world are few in type, but
MAP75_e17_p0_7	品質によって、普通のものや、優れたものが存在する。	depending on quality, there are ordinary and excellent pieces.
MAP75_e17_p0_9	当然、品質の良いものほど強力だったり頑丈だったり	Naturally, higher quality means more power and sturdiness...
MAP75_e18_p0_1	『バックラーとは』	"""About the Buckler"""
MAP75_e18_p0_11	通常の盾に比べれば、防御力は数段落ちるが、	Compared to normal shields, its defense is several ranks lower, but
MAP75_e18_p0_12	回避率が大きく上がるので、ただの軽くて弱い盾という	it greatly raises evasion, so it's not just a light, weak shield.
MAP75_e18_p0_13	わけではない。	Not at all.
MAP75_e18_p0_15	なので、通常の大きさの魔物や人間を相手にする場合には、	So against monsters and humans of ordinary size,
MAP75_e18_p0_16	通常の盾よりも有効な場面が多い。	it's often more effective than a normal shield.
MAP75_e18_p0_17	しかし、巨大な敵や、どうしても避けられない攻撃を	However, against giant enemies or those with
MAP75_e18_p0_18	用いてくる相手には、あまり有効ではない。	unavoidable attacks, it isn't very effective.
MAP75_e18_p0_2	…と、表紙に書かれた本がある。読んでみようか…。	There's a book with these words on the cover. Should we read it...?
MAP75_e18_p0_6	相手に突きつけるように構える小型の盾で、	A small shield held out toward the opponent,
MAP75_e18_p0_7	中型、大型の盾とは異なった技術を要する。	requiring different technique than medium or large shields.
MAP75_e18_p0_8	受け止めるのではなく、受け流す、絡めとるなどして、	Rather than blocking, it deflects and entangles,
MAP75_e18_p0_9	回避やカウンターの布石にする盾である。	serving as a setup for evasions and counters.
MAP75_e3_p0_2	ウィン、いまのところ街は大丈夫だ。	
MAP75_e3_p0_3	各家の見回りも計画通り出来ている。	
MAP75_e3_p0_4	略奪等の悪さも、一件もない。	
MAP75_e3_p0_7	それより、お前んちの親御さん、城で	
MAP75_e3_p0_8	働いてるってな。みんなうまいパンが	
MAP75_e3_p0_9	食べられるってよろこんでるよ。	
MAP75_e4_p0_1	持ち出して役に立つようなものは何も見つけられなかった…	There was nothing worth taking with us...
MAP75_e5_p0_1	持ち出して役に立つようなものは何も見つけられなかった…	There was nothing worth taking with us...
MAP75_e6_p0_1	持ち出して役に立つようなものは何も見つけられなかった…	There was nothing worth taking with us...
MAP75_e7_p0_1	持ち出して役に立つようなものは何も見つけられなかった…	There was nothing worth taking with us...
MAP75_e8_p0_1	持ち出して役に立つようなものは何も見つけられなかった…	There was nothing worth taking with us...
MAP75_e9_p0_1	持ち出して役に立つようなものは何も見つけられなかった…	There was nothing worth taking with us...
MAP76_e24_p0_2	俺は歴戦の勇士なんで、こんな任務軽いっすよ	
MAP76_e25_p0_2	どうも状態異常使ってくる魔物が多いね。	
MAP76_e25_p0_3	万金丹を多めに買っておいた方がよさそっす。	
MAP76_e26_p0_2	ライスボールとか万金丹とか、売っている街で	
MAP76_e26_p0_3	微妙に値段違うの知ってるか？	
MAP76_e26_p0_4	びっくりしたよー	
MAP76_e28_p0_2	この前セイリューの錬金術師の店に行ったら、	
MAP76_e28_p0_3	ちょっと割引してましたよ？	
MAP76_e28_p0_4	行ってみてくださいっす。	
MAP76_e29_p0_2	紋章の継承者だと、暗黒大陸の病気が効かない	
MAP76_e29_p0_3	って本当か？　羨ましいな…	
MAP76_e29_p0_4	誰も見たことのない土地へ行けるんだからな。	
MAP76_e30_p0_1	持ち出して役に立つようなものは何も見つけられなかった…	There was nothing worth taking with us...
MAP76_e31_p0_2	　　　　　　すごく強そうなお酒が入っている	
MAP76_e7_p0_13	騎士団のみんな、橋の警備よろしくな！	
MAP76_e7_p0_2	け、継承者の皆様に…敬礼！	
MAP76_e7_p0_7	おっ！　なんだそれ！	
MAP76_e7_p0_8	騎士団はそうやってあいさつすんのか！？	
MAP76_e8_p0_2	継承者御一行様、お通りー！	
MAP77_e10_p0_2	　　　　　　固いパンがたくさん入っている	
MAP77_e11_p0_1	持ち出して役に立つようなものは何も見つけられなかった…	There was nothing worth taking with us...
MAP77_e3_p0_12	　　　　　　　ウィンは蜻蛉斬を受け取った！	
MAP77_e3_p0_16	この巨大な槍はわしが若い頃から愛用していた	
MAP77_e3_p0_17	すごく強力な槍だ！	
MAP77_e3_p0_18	我が一族に代々伝わる品だ！	
MAP77_e3_p0_2	人数は足りないが…	We're short on numbers, but...
MAP77_e3_p0_21	ん？　確かにこの槍は大事なものだが…	
MAP77_e3_p0_22	いまはそれよりも、少しでもお前たちの力に	
MAP77_e3_p0_23	なるものは何でも渡さねばなるまい！	
MAP77_e3_p0_26	なーに！　遠慮はいらんぞ！	
MAP77_e3_p0_27	平和になったら返してくれればいいのだ！	
MAP77_e3_p0_3	未知の魔物が相手では、数を揃えればいいという	against unknown monsters, numbers alone aren't
MAP77_e3_p0_4	ものでもなかろう…	necessarily the answer...
MAP77_e3_p0_7	そうだ、ウィン！	
MAP77_e3_p0_8	お前に良いものをやろう！	
MAP77_e3_p1_12	　　　　ウィンは本物の蜻蛉斬を受け取った！	
MAP77_e3_p1_16	この巨大な槍はわしが若い頃から愛用していた	
MAP77_e3_p1_17	すごく強力な槍だ！	
MAP77_e3_p1_18	我が一族に代々伝わる品だ！	
MAP77_e3_p1_2	人数は足りないが…	We're short on numbers, but...
MAP77_e3_p1_21	ん？　確かにこの槍は大事なものだが…	
MAP77_e3_p1_22	いまはそれよりも、少しでもお前たちの力に	
MAP77_e3_p1_23	なるものは何でも渡さねばなるまい！	
MAP77_e3_p1_26	なーに！　遠慮はいらんぞ！	
MAP77_e3_p1_27	平和になったら返してくれればいいのだ！	
MAP77_e3_p1_3	未知の魔物が相手では、数を揃えればいいという	against unknown monsters, numbers alone aren't
MAP77_e3_p1_4	ものでもなかろう…	necessarily the answer...
MAP77_e3_p1_7	そうだ、ウィン！	
MAP77_e3_p1_8	お前に良いものをやろう！	
MAP77_e3_p2_2	人数は足りないが…	We're short on numbers, but...
MAP77_e3_p2_3	未知の魔物が相手では、数を揃えればいいという	against unknown monsters, numbers alone aren't
MAP77_e3_p2_4	ものでもなかろう…	necessarily the answer...
MAP77_e3_p2_7	セイリューから支給されたライスボールで	
MAP77_e3_p2_8	我が兵たちの士気も上々！	
MAP77_e3_p2_9	ここはわしらに安心してまかせい！	
MAP77_e4_p0_2	昨日なんかめちゃくちゃ火吐くイヌ来ました！	
MAP77_e4_p0_3	やばいっすよアレ！！	
MAP77_e5_p0_2	ちょっと剣が足りないすねー	
MAP77_e5_p0_3	魔物が固くってすぐ刃こぼれしちゃうんすよ	
MAP77_e6_p0_14	は、はははは、はひいひいいいいいいいい！！！	
MAP77_e6_p0_2	あ…騎士さまお疲れ様です！！	
MAP77_e6_p0_3	ぼく新人のトールです……！！	
MAP77_e6_p0_8	ふわあああおおおおおおおおおおお！！	
MAP77_e6_p0_9	よろしくおなながいいしままーーーーす！！！	
MAP77_e7_p0_2	　　　　　　刃こぼれした剣が乱雑にしまってある	
MAP77_e8_p0_1	持ち出して役に立つようなものは何も見つけられなかった…	There was nothing worth taking with us...
MAP77_e9_p0_2	　　　　　　　　中にはコメが入っている	
MAP78_e1_p0_11	ツヴァイハンダーを手に入れた！	
MAP78_e2_p0_11	にっかり青江を手に入れた！	
MAP78_e3_p0_2	　　　　ハヤテを使えば目的地にすぐに行けるな	If we use Hayate, we'll reach our destination in no time.
MAP78_e3_p0_3	　　　　　　　　…と、ウィンは思った	...Win thought to himself.
MAP78_e4_p0_2	　　　　ハヤテを使えば目的地にすぐに行けるな	If we use Hayate, we'll reach our destination in no time.
MAP78_e4_p0_3	　　　　　　　　…と、ウィンは思った	...Win thought to himself.
MAP78_e5_p0_2	　　　　ハヤテを使えば目的地にすぐに行けるな	If we use Hayate, we'll reach our destination in no time.
MAP78_e5_p0_3	　　　　　　　　…と、ウィンは思った	...Win thought to himself.
MAP78_e6_p0_12	まー、どのみちここまで来といて、	
MAP78_e6_p0_13	今更引き返すつもりはねーけど。	
MAP78_e6_p0_16	ウィン、どうする？	
MAP78_e6_p0_17	入っちまってもいいかー？	
MAP78_e6_p0_2	…ここから先は、進んだら全てが終わるまで、	
MAP78_e6_p0_22	よっしゃー！	Alright!
MAP78_e6_p0_23	じゃあいくかーーーー！	Then let's go—!
MAP78_e6_p0_3	もう戻れない気がするな…。	
MAP78_e6_p0_30	確かに…　薬とか、もっと買っておいた方が	
MAP78_e6_p0_31	いいかも。	
MAP78_e6_p0_6	なんだよそれ、カンか？	
MAP78_e6_p0_9	そうだよ。	
MAP78_e6_p1_2	よっしゃー！	Alright!
MAP78_e6_p1_3	じゃあいくかーーーー！	Then let's go—!
MAP78_e7_p0_13	おいおい…　なんだよココは！	
MAP78_e7_p0_14	街…？　いや、城…？　があったのか…？	
MAP78_e7_p0_17	この地は未開の、無人の地のはずだ…	
MAP78_e7_p0_18	もっと大昔にはここにひとが住んでいたのか？	
MAP78_e7_p0_21	なんか建物とかも…見た事ねえ感じだ。	
MAP78_e7_p0_22	オレらもしかして、歴史上の大発見してる…？	
MAP78_e7_p0_25	そうかもな。	
MAP78_e8_p0_11	グラディウスを手に入れた！	
MAP79_e1_p0_100	色々教えてあげちゃっても構わないんだよねえ。	
MAP79_e1_p0_103	ホノオ、乗せられるなって！	
MAP79_e1_p0_104	絶対にこいつは時間稼ぎしてるんだよ！	
MAP79_e1_p0_107	…青いのちょっと黙って！	
MAP79_e1_p0_110	えっ？　でも知りたくないか？	
MAP79_e1_p0_113	知っても闇のエレメントが復活しちまったら	
MAP79_e1_p0_114	意味がないだろう！	
MAP79_e1_p0_115	それに、	
MAP79_e1_p0_118	そのあやしいガイコツが本当のことを	
MAP79_e1_p0_119	あたしたちに教えるなんて保証はない！	
MAP79_e1_p0_122	うおい青いの！　せめて名前で呼べよ！！	
MAP79_e1_p0_123	この際ピカピカでもいいからさ…	
MAP79_e1_p0_124	ガイコツってなんだよーくやしーーー！！	
MAP79_e1_p0_127	じゃ、じゃあ…	
MAP79_e1_p0_128	触りだけ！　触りだけ急いで教えてくれ…	
MAP79_e1_p0_129	ピクピク！！	
MAP79_e1_p0_13	まあ、私は四天王筆頭…	
MAP79_e1_p0_132	なんでわざわざケイレンさせたんだよ！？	
MAP79_e1_p0_133	でもまだ名前呼ぼうとするだけこっちの子は	
MAP79_e1_p0_134	いい子だなあ…	
MAP79_e1_p0_137	触りだけ教えてくれ、ピコピコ。	
MAP79_e1_p0_14	つまり四天王最強の大魔導士…！	
MAP79_e1_p0_140	いやお前のはわざとだろおおおおお！！？？	
MAP79_e1_p0_141	バトルになったら真っ先にやっつけるからな、	
MAP79_e1_p0_142	青いのは！！！	
MAP79_e1_p0_145	ごめんちょっと喋り疲れた…　いいや、	
MAP79_e1_p0_146	じゃあ触りだけなるべく急いで教えてやろう…	
MAP79_e1_p0_149	ゴクリ…	
MAP79_e1_p0_15	ピ！　ケ！　ピ！　ケ！様だからなあ！！！	
MAP79_e1_p0_155	あともう少しでこの土地と同じ毒の瘴気…	
MAP79_e1_p0_156	闇インフルエンザがエレメント大陸全土に	
MAP79_e1_p0_157	広がり、覆いつくす…！！	
MAP79_e1_p0_160	そしてすべての人間が不治の病気にかかり…	
MAP79_e1_p0_161	死んでしまうのだああああああああーー！！！	
MAP79_e1_p0_164	……は？　はああああああ！？	
MAP79_e1_p0_167	思っていた以上にヤバイじゃないか！！	
MAP79_e1_p0_168	相手が病気じゃ…防ぎようも逃げようもない！！	
MAP79_e1_p0_171	さらにさらにさーーらーーーにーーーー！！	
MAP79_e1_p0_174	我々四天王は王を戴くことにしたのだよ…	
MAP79_e1_p0_175	そう、キミらと同じように…闇のエレメントの	
MAP79_e1_p0_176	加護による闇の王国を作るのだあああああ！！	
MAP79_e1_p0_179	あ？　王ってなんだよ…？　国…？	
MAP79_e1_p0_18	つまり本来はラスボスポジションッ…！！	
MAP79_e1_p0_182	闇のエレメントパワー…それ自体は膨大で、	
MAP79_e1_p0_183	強大な自然の圧倒的エネルギー…	
MAP79_e1_p0_184	だが…人格は持たない。	
MAP79_e1_p0_187	我々も四天王も、いわば闇のエレメントパワー	
MAP79_e1_p0_188	から生まれ出た闇の結晶に過ぎない…	
MAP79_e1_p0_189	たまたま人格を持った副産物に過ぎん。	
MAP79_e1_p0_19	本当だったらもっと後で出てくるものなんだ。	
MAP79_e1_p0_192	四天王だけでは…　闇のエレメントが世界から	
MAP79_e1_p0_193	駆逐されるのを防げなかったのだ………	
MAP79_e1_p0_194	…だ、か、ら、こ、そ！！！！	
MAP79_e1_p0_197	だからこそ我々は闇のエレメントパワー自体に	
MAP79_e1_p0_198	人格を与える事にしたーーーーーーーー！！	
MAP79_e1_p0_201	膨大で強大な自然を司るパワー！！	
MAP79_e1_p0_202	それ自体が人格を持ち…	
MAP79_e1_p0_203	全てを己の意思で律する王となる…	
MAP79_e1_p0_206	大魔王の誕生だああああああああ！！	
MAP79_e1_p0_209	う、うお…	
MAP79_e1_p0_210	話がデカ過ぎて全然わかんねーぜ…	
MAP79_e1_p0_213	この地をすべて人間の住めない土地にして…	
MAP79_e1_p0_214	魔王とやらの治める闇の王国を作る…	
MAP79_e1_p0_215	そういうことかあああ、ピキピキーー！！	
MAP79_e1_p0_218	フハハハハハハ！！　血管が浮き出るほどに、	
MAP79_e1_p0_219	物凄く怒っているな、青いのー！！！	
MAP79_e1_p0_22	ピ…？　なんだって？	
MAP79_e1_p0_220	…え、もしかしていまの私の名前…？	
MAP79_e1_p0_223	しかし魔王を作る…闇のエレメンタルパワーに	
MAP79_e1_p0_224	人格を与えるには…　強靭な精神をもつ	
MAP79_e1_p0_225	依り代が必要だ…　よりしろな？	
MAP79_e1_p0_228	つまり四天王が身を捧げる必要があった！	
MAP79_e1_p0_229	我々のみが、闇の力を用いて意思を発揮できる	
MAP79_e1_p0_230	特異な存在だからなーーーーー！！	
MAP79_e1_p0_233	ぐはっ！　も、もうダメだ…	
MAP79_e1_p0_234	ナガレーーー　かいせつをたのむーー！！！	
MAP79_e1_p0_237	…闇のエレメントそれ自体に人格を与えて	
MAP79_e1_p0_238	魔王にするためには、強い人格をもつ四天王が	
MAP79_e1_p0_239	身代わりというか本体になる必要がある…	
MAP79_e1_p0_242	つまり、貴様たちがここ最近あたしらの国に	
MAP79_e1_p0_243	姿を見せなかったのも、魔王になる為の準備を	
MAP79_e1_p0_244	していたから…　そういうことだなピコピコ！	
MAP79_e1_p0_247	そういうことだ、青いの！！	
MAP79_e1_p0_248	物分かりの良さに免じて名前イジリについては	
MAP79_e1_p0_249	この際もう面倒だし、いいよ、許す！！！！	
MAP79_e1_p0_25	時間が惜しいんだよ！	
MAP79_e1_p0_252	そんなことはさせないぜええええええ…	
MAP79_e1_p0_253	ピ…ピキじゃなくて…ピｋッカ…	
MAP79_e1_p0_256	この子いい子だな…	
MAP79_e1_p0_257	一生懸命名前言おうとしてるじゃないか…	
MAP79_e1_p0_258	いや、ていうかなんで言えないんだあああ！？	
MAP79_e1_p0_26	お喋りはその辺にして、さっさとバトルしろ、	
MAP79_e1_p0_261	しかしおかしいぞ…	
MAP79_e1_p0_262	魔王になることを急いでいるんなら、	
MAP79_e1_p0_263	どうして貴様はここにいる…？	
MAP79_e1_p0_266	四天王最強のお前が、ラスボスであるお前が…	
MAP79_e1_p0_267	なぜここで時間を稼いでいるんだ？	
MAP79_e1_p0_268	…魔王にならなくていいのか？	
MAP79_e1_p0_27	ピカピカ！	
MAP79_e1_p0_277	いやーもう…　私は長く生き過ぎたんだ。	
MAP79_e1_p0_283	皆は私に魔王になれと言ったよ…。	
MAP79_e1_p0_284	闇のエレメントの復活の為に、文字通り	
MAP79_e1_p0_285	もっとも骨を折ってきたのが私だからな！！	
MAP79_e1_p0_291	だが私はもう疲れた…　くるぴー！！	
MAP79_e1_p0_292	だから…	That's why...
MAP79_e1_p0_293	新しい闇の時代は、あいつらに託すつもりだ…	
MAP79_e1_p0_30	くーっ　まただッ！！	
MAP79_e1_p0_300	それに…　ここまで闇の復活に同調し、	
MAP79_e1_p0_301	自然の力を操る力までを持ってしまった	
MAP79_e1_p0_302	キミたちを止められるのは…	
MAP79_e1_p0_305	もう私しかいない！！！！	
MAP79_e1_p0_306	キミたちを止められるのは、私しかいない！！	
MAP79_e1_p0_309	だから…最強のアンタが時間稼ぎに	
MAP79_e1_p0_31	ひとの名前くらいちゃんと覚えろ！！	
MAP79_e1_p0_310	出向いたってワケか…	
MAP79_e1_p0_311	他の四天王に未来を託して…！	
MAP79_e1_p0_314	ほらあたしの言った通りじゃないか！	
MAP79_e1_p0_315	時間稼ぎだった！！	
MAP79_e1_p0_318	自分の夢の叶うところを、自分で見られなくても	
MAP79_e1_p0_319	いいってんだな…　叶うなら！！	
MAP79_e1_p0_32	失礼だろうがああああああああ！！	
MAP79_e1_p0_322	そのとおおおおおおおり！！！！	
MAP79_e1_p0_325	おい！だから感心してる場合じゃない！	
MAP79_e1_p0_326	これ以上時間稼ぎに付き合ったらダメだろ！？	
MAP79_e1_p0_329	青いの！！　もう大丈夫だ！！	
MAP79_e1_p0_330	十分に稼がせてもらったぞーーーーー！！	
MAP79_e1_p0_333	あと少しで、新たな光の柱が立あああつ！！	
MAP79_e1_p0_334	そうしたら闇インフルエンザが全土に広がり…	
MAP79_e1_p0_337	闇のエレメントによる王国が誕生するのだ！！	
MAP79_e1_p0_340	ウィン！ホノオ！！	
MAP79_e1_p0_341	バトル準備しろ！！	
MAP79_e1_p0_344	お、おう！！	
MAP79_e1_p0_35	いや、ごめん…　違うんだよ、	
MAP79_e1_p0_350	　　　　　　　　　ウィンはうなずいた！	Win nodded!
MAP79_e1_p0_353	これで最後だ…　マジで最後だ…	
MAP79_e1_p0_354	絶対にこれで本当のマジで最後にするのだ…	
MAP79_e1_p0_357	お前たち、継承者たちに………	
MAP79_e1_p0_358	いじわるされまくる時代はなーーーーー！！	
MAP79_e1_p0_359	いくぞおおおおおおおおおお！！	
MAP79_e1_p0_36	ちょっと聞き取りにくいんだ…　	
MAP79_e1_p0_37	もう一回いいか？	
MAP79_e1_p0_40	…ピケピケ	
MAP79_e1_p0_43	えっと…よくわからんから…	
MAP79_e1_p0_44	ピカピカでいいな！！	
MAP79_e1_p0_47	いいから！　早くバトルしろ！！	Just hurry up and fight!!
MAP79_e1_p0_5	うおーい待っていたぞおうおおおお…	
MAP79_e1_p0_50	なんでだろう…　私の名前は、何…？	
MAP79_e1_p0_51	キミらのお国ではなんか恥ずかしい言葉とか	
MAP79_e1_p0_52	だったりするのか…？　不安になってきた	
MAP79_e1_p0_55	あー　でもそこのキミ！！	
MAP79_e1_p0_56	そこの金髪の子は、前に一度会ったよね？	
MAP79_e1_p0_57	覚えてるーーーーーー？？	
MAP79_e1_p0_6	紋章の継承者たちよおおおおーーーーー！！	
MAP79_e1_p0_63	え、ウィン、コイツと知り合いなのか？	
MAP79_e1_p0_66	　　　　　　ウィンは紋章を継承する前	
MAP79_e1_p0_67	　　　　　　ピピンと一緒に西の監視塔に　	
MAP79_e1_p0_68	　　　　　　　　行ったことを話した	
MAP79_e1_p0_71	ピピンか…　	
MAP79_e1_p0_72	ウィンダムで操られて暴れたあの天才騎士だな	
MAP79_e1_p0_78	いいから！　早くバトルしろ！！	Just hurry up and fight!!
MAP79_e1_p0_81	まあまあ！　そう慌てなさんなって…	
MAP79_e1_p0_82	私たちがココで何をしているかとかー…	
MAP79_e1_p0_83	これからキミたちの世界に何が起こるかー…	
MAP79_e1_p0_86	本当はラスボスで！四天王のリーダーである！	
MAP79_e1_p0_87	このピケピケ様がああああ、	
MAP79_e1_p0_88	くわしく説明してあげようと思ってーーーー	
MAP79_e1_p0_9	出て来やがったなー　見たことないやつ！！	
MAP79_e1_p0_91	わーざわざ！！	
MAP79_e1_p0_92	一番最初に来てあげてるんだよー！！？？？	
MAP79_e1_p0_95	えっ…？　教えてくれるのか！？	
MAP79_e1_p0_98	四天王最強の私だから。当然キミたちを！！	
MAP79_e1_p0_99	ここで殺せるワケ。どうせ死ぬキミたちになら	
MAP79_e1_p1_100	色々教えてあげちゃっても構わないんだよねえ。	
MAP79_e1_p1_103	ホノオ、乗せられるなって！	
MAP79_e1_p1_104	絶対にこいつは時間稼ぎしてるんだよ！	
MAP79_e1_p1_107	…青いのちょっと黙って！	
MAP79_e1_p1_110	えっ？　でも知りたくないか？	
MAP79_e1_p1_113	知っても闇のエレメントが復活しちまったら	
MAP79_e1_p1_114	意味がないだろう！	
MAP79_e1_p1_115	それに、	
MAP79_e1_p1_118	そのあやしいガイコツが本当のことを	
MAP79_e1_p1_119	あたしたちに教えるなんて保証はない！	
MAP79_e1_p1_122	うおい青いの！　せめて名前で呼べよ！！	
MAP79_e1_p1_123	この際ピカピカでもいいからさ…	
MAP79_e1_p1_124	ガイコツってなんだよーくやしーーー！！	
MAP79_e1_p1_127	じゃ、じゃあ…	
MAP79_e1_p1_128	触りだけ！　触りだけ急いで教えてくれ…	
MAP79_e1_p1_129	ピクピク！！	
MAP79_e1_p1_13	まあ、私は四天王筆頭…	
MAP79_e1_p1_132	なんでわざわざケイレンさせたんだよ！？	
MAP79_e1_p1_133	でもまだ名前呼ぼうとするだけこっちの子は	
MAP79_e1_p1_134	いい子だなあ…	
MAP79_e1_p1_137	触りだけ教えてくれ、ピコピコ。	
MAP79_e1_p1_14	つまり四天王最強の大魔導士…！	
MAP79_e1_p1_140	いやお前のはわざとだろおおおおお！！？？	
MAP79_e1_p1_141	バトルになったら真っ先にやっつけるからな、	
MAP79_e1_p1_142	青いのは！！！	
MAP79_e1_p1_145	ごめんちょっと喋り疲れた…　いいや、	
MAP79_e1_p1_146	じゃあ触りだけなるべく急いで教えてやろう…	
MAP79_e1_p1_149	ゴクリ…	
MAP79_e1_p1_15	ピ！　ケ！　ピ！　ケ！様だからなあ！！！	
MAP79_e1_p1_155	あともう少しでこの土地と同じ毒の瘴気…	
MAP79_e1_p1_156	闇インフルエンザがエレメント大陸全土に	
MAP79_e1_p1_157	広がり、覆いつくす…！！	
MAP79_e1_p1_160	そしてすべての人間が不治の病気にかかり…	
MAP79_e1_p1_161	死んでしまうのだああああああああーー！！！	
MAP79_e1_p1_164	……は？　はああああああ！？	
MAP79_e1_p1_167	思っていた以上にヤバイじゃないか！！	
MAP79_e1_p1_168	相手が病気じゃ…防ぎようも逃げようもない！！	
MAP79_e1_p1_171	さらにさらにさーーらーーーにーーーー！！	
MAP79_e1_p1_174	我々四天王は王を戴くことにしたのだよ…	
MAP79_e1_p1_175	そう、キミらと同じように…闇のエレメントの	
MAP79_e1_p1_176	加護による闇の王国を作るのだあああああ！！	
MAP79_e1_p1_179	あ？　王ってなんだよ…？　国…？	
MAP79_e1_p1_18	つまり本来はラスボスポジションッ…！！	
MAP79_e1_p1_182	闇のエレメントパワー…それ自体は膨大で、	
MAP79_e1_p1_183	強大な自然の圧倒的エネルギー…	
MAP79_e1_p1_184	だが…人格は持たない。	
MAP79_e1_p1_187	我々も四天王も、いわば闇のエレメントパワー	
MAP79_e1_p1_188	から生れ出た闇の結晶に過ぎない…	
MAP79_e1_p1_189	たまたま人格を持った副産物に過ぎん。	
MAP79_e1_p1_19	本当だったらもっと後で出てくるものなんだ。	
MAP79_e1_p1_192	四天王だけでは…　闇のエレメントが世界から	
MAP79_e1_p1_193	駆逐されるのを防げなかったのだ………	
MAP79_e1_p1_194	…だ、か、ら、こ、そ！！！！	
MAP79_e1_p1_197	だからこそ我々は闇のエレメントパワー自体に	
MAP79_e1_p1_198	人格を与える事にしたーーーーーーーー！！	
MAP79_e1_p1_201	膨大で強大な自然を司るパワー！！	
MAP79_e1_p1_202	それ自体が人格を持ち…	
MAP79_e1_p1_203	全てを己の意思で律する王となる…	
MAP79_e1_p1_206	大魔王の誕生だああああああああ！！	
MAP79_e1_p1_209	う、うお…	
MAP79_e1_p1_210	話がデカ過ぎて全然わかんねーぜ…	
MAP79_e1_p1_213	この地をすべて人間の住めない土地にして…	
MAP79_e1_p1_214	魔王とやらの治める闇の王国を作る…	
MAP79_e1_p1_215	そういうことかあああ、ピキピキーー！！	
MAP79_e1_p1_218	フハハハハハハ！！　血管が浮き出るほどに、	
MAP79_e1_p1_219	物凄く怒っているな、青いのー！！！	
MAP79_e1_p1_22	ピ…？　なんだって？	
MAP79_e1_p1_220	…え、もしかしていまの私の名前…？	
MAP79_e1_p1_223	しかし魔王を作る…闇のエレメンタルパワーに	
MAP79_e1_p1_224	人格を与えるには…　強靭な精神をもつ	
MAP79_e1_p1_225	依り代が必要だ…　よりしろな？	
MAP79_e1_p1_228	つまり四天王が身を捧げる必要があった！	
MAP79_e1_p1_229	我々のみが、闇の力を用いて意思を発揮できる	
MAP79_e1_p1_230	特異な存在だからなーーーーー！！	
MAP79_e1_p1_233	ぐはっ！　も、もうダメだ…	
MAP79_e1_p1_234	ナガレーーー　かいせつをたのむーー！！！	
MAP79_e1_p1_237	…闇のエレメントそれ自体に人格を与えて	
MAP79_e1_p1_238	魔王にするためには、強い人格をもつ四天王が	
MAP79_e1_p1_239	身代わりというか本体になる必要がある…	
MAP79_e1_p1_242	つまり、貴様たちがここ最近あたしらの国に	
MAP79_e1_p1_243	姿を見せなかったのも、魔王になる為の準備を	
MAP79_e1_p1_244	していたから…　そういうことだなピコピコ！	
MAP79_e1_p1_247	そういうことだ、青いの！！	
MAP79_e1_p1_248	物分かりの良さに免じて名前イジリについては	
MAP79_e1_p1_249	この際もう面倒だし、いいよ、許す！！！！	
MAP79_e1_p1_25	時間が惜しいんだよ！	
MAP79_e1_p1_252	そんなことはさせないぜええええええ…	
MAP79_e1_p1_253	ピ…ピキじゃなくて…ピｋッカ…	
MAP79_e1_p1_256	この子いい子だな…	
MAP79_e1_p1_257	一生懸命名前言おうとしてるじゃないか…	
MAP79_e1_p1_258	いや、ていうかなんで言えないんだあああ！？	
MAP79_e1_p1_26	お喋りはその辺にして、さっさとバトルしろ、	
MAP79_e1_p1_261	しかしおかしいぞ…	
MAP79_e1_p1_262	魔王になることを急いでいるんなら、	
MAP79_e1_p1_263	どうして貴様はここにいる…？	
MAP79_e1_p1_266	四天王最強のお前が、ラスボスであるお前が…	
MAP79_e1_p1_267	なぜここで時間を稼いでいるんだ？	
MAP79_e1_p1_268	…魔王にならなくていいのか？	
MAP79_e1_p1_27	ピカピカ！	
MAP79_e1_p1_277	いやーもう…　私は長く生き過ぎたんだ。	
MAP79_e1_p1_283	皆は私に魔王になれと言ったよ…。	
MAP79_e1_p1_284	闇のエレメントの復活の為に、文字通り	
MAP79_e1_p1_285	もっとも骨を折ってきたのが私だからな！！	
MAP79_e1_p1_291	だが私はもう疲れた…　くるぴー！！	
MAP79_e1_p1_292	だから…	That's why...
MAP79_e1_p1_293	新しい闇の時代は、あいつらに託すつもりだ…	
MAP79_e1_p1_30	くーっ　まただッ！！	
MAP79_e1_p1_300	それに…　ここまで闇の復活に同調し、	
MAP79_e1_p1_301	自然の力を操る力までを持ってしまった	
MAP79_e1_p1_302	キミたちを止められるのは…	
MAP79_e1_p1_305	もう私しかいない！！！！	
MAP79_e1_p1_306	キミたちを止められるのは、私しかいない！！	
MAP79_e1_p1_309	だから…最強のアンタが時間稼ぎに	
MAP79_e1_p1_31	ひとの名前くらいちゃんと覚えろ！！	
MAP79_e1_p1_310	出向いたってワケか…	
MAP79_e1_p1_311	他の四天王に未来を託して…！	
MAP79_e1_p1_314	ほらあたしの言った通りじゃないか！	
MAP79_e1_p1_315	時間稼ぎだった！！	
MAP79_e1_p1_318	自分の夢の叶うところを、自分で見られなくても	
MAP79_e1_p1_319	いいってんだな…　叶うなら！！	
MAP79_e1_p1_32	失礼だろうがああああああああ！！	
MAP79_e1_p1_322	そのとおおおおおおおり！！！！	
MAP79_e1_p1_325	おい！だから感心してる場合じゃない！	
MAP79_e1_p1_326	これ以上時間稼ぎに付き合ったらダメだろ！？	
MAP79_e1_p1_329	青いの！！　もう大丈夫だ！！	
MAP79_e1_p1_330	十分に稼がせてもらったぞーーーーー！！	
MAP79_e1_p1_333	あと少しで、新たな光の柱が立あああつ！！	
MAP79_e1_p1_334	そうしたら闇インフルエンザが全土に広がり…	
MAP79_e1_p1_337	闇のエレメントによる王国が誕生するのだ！！	
MAP79_e1_p1_340	ウィン！ホノオ！！	
MAP79_e1_p1_341	バトル準備しろ！！	
MAP79_e1_p1_344	お、おう！！	
MAP79_e1_p1_35	いや、ごめん…　違うんだよ、	
MAP79_e1_p1_350	　　　　　　　　　ウィンはうなずいた！	Win nodded!
MAP79_e1_p1_353	これで最後だ…　マジで最後だ…	
MAP79_e1_p1_354	絶対にこれで本当のマジで最後にするのだ…	
MAP79_e1_p1_357	お前たち、継承者たちに………	
MAP79_e1_p1_358	いじわるされまくる時代はなーーーーー！！	
MAP79_e1_p1_359	いくぞおおおおおおおおおお！！	
MAP79_e1_p1_36	ちょっと聞き取りにくいんだ…　	
MAP79_e1_p1_37	もう一回いいか？	
MAP79_e1_p1_40	…ピケピケ	
MAP79_e1_p1_43	えっと…よくわからんから…	
MAP79_e1_p1_44	ピカピカでいいな！！	
MAP79_e1_p1_47	いいから！　早くバトルしろ！！	Just hurry up and fight!!
MAP79_e1_p1_5	うおーい待っていたぞおうおおおお…	
MAP79_e1_p1_50	なんでだろう…　私の名前は、何…？	
MAP79_e1_p1_51	キミらのお国ではなんか恥ずかしい言葉とか	
MAP79_e1_p1_52	だったりするのか…？　不安になってきた	
MAP79_e1_p1_55	あー　でもそこのキミ！！	
MAP79_e1_p1_56	そこの金髪の子は、前に一度会ったよね？	
MAP79_e1_p1_57	覚えてるーーーーーー？？	
MAP79_e1_p1_6	紋章の継承者たちよおおおおーーーーー！！	
MAP79_e1_p1_63	え、ウィン、コイツと知り合いなのか？	
MAP79_e1_p1_66	　　　　　　ウィンは紋章を継承する前	
MAP79_e1_p1_67	　　　　　　ピピンと一緒に西の監視塔に　	
MAP79_e1_p1_68	　　　　　　　　行ったことを話した	
MAP79_e1_p1_71	ピピンか…　	
MAP79_e1_p1_72	ウィンダムで操られて暴れたあの天才騎士だな	
MAP79_e1_p1_78	いいから！　早くバトルしろ！！	Just hurry up and fight!!
MAP79_e1_p1_81	まあまあ！　そう慌てなさんなって…	
MAP79_e1_p1_82	私たちがココで何をしているかとかー…	
MAP79_e1_p1_83	これからキミたちの世界に何が起こるかー…	
MAP79_e1_p1_86	本当はラスボスで！四天王のリーダーである！	
MAP79_e1_p1_87	このピケピケ様がああああ、	
MAP79_e1_p1_88	くわしく説明してあげようと思ってーーーー	
MAP79_e1_p1_9	出て来やがったなー　見たことないやつ！！	
MAP79_e1_p1_91	わーざわざ！！	
MAP79_e1_p1_92	一番最初に来てあげてるんだよー！！？？？	
MAP79_e1_p1_95	えっ…？　教えてくれるのか！？	
MAP79_e1_p1_98	四天王最強の私だから。当然キミたちを！！	
MAP79_e1_p1_99	ここで殺せるワケ。どうせ死ぬキミたちになら	
MAP79_e1_p2_17	だ……出し切ったああああああああああああ	
MAP79_e1_p2_20	千年くらい鍛え続けてきた私の魔力…	
MAP79_e1_p2_21	そして夢…　願い…　熱い思い………	
MAP79_e1_p2_24	すべて出し切ったああああああああ！！！！	
MAP79_e1_p2_6	ではではではー………	
MAP79_e1_p2_7	さらば！！	
MAP79_e1_p2_8	世界よ…………グッドバイ！！！！！！！！！	
MAP79_e1_p3_15	だ……出し切ったああああああああああああ	
MAP79_e1_p3_18	千年くらい鍛え続けてきた私の魔力…	
MAP79_e1_p3_19	そして夢…　願い…　熱い思い………	
MAP79_e1_p3_22	すべて出し切ったああああああああ！！！！	
MAP79_e1_p3_6	世界よ…………グッドバイ！！！！！！！！！	
MAP79_e1_p4_10	…なんだ？	
MAP79_e1_p4_13	最後に………　一回でいい……	
MAP79_e1_p4_14	私の名前をちゃんと呼んでくれえええ………！	
MAP79_e1_p4_17	…え、いや…　	
MAP79_e1_p4_18	でもうまく呼べる気が一切しないんだよな…	
MAP79_e1_p4_21	ごめん	
MAP79_e1_p4_24	ゆっくり言うから……！！	
MAP79_e1_p4_25	最後のちからを振り絞って…一回だけ言うから	
MAP79_e1_p4_28	よく…　聞いてね……　いい…か…？	
MAP79_e1_p4_3	…めちゃくちゃ強かったぜ…　ピ…ピｋ…！！	
MAP79_e1_p4_31	…え、お、おう…！	
MAP79_e1_p4_34	わ…　私の名前は………………	
MAP79_e1_p4_37	ピ………ＱＥ…　ピ……Ｑ………	
MAP79_e1_p4_40	ウッ！！！！！！！！！！！！！！！！	
MAP79_e1_p4_6	人間たちよ…　最後に………	
MAP79_e1_p4_7	ひとつだけ………	
MAP79_e1_p5_26	で…　次はどうすればいいんだ？	
MAP79_e1_p5_27	行き止まりに見えるぞ？	
MAP79_e1_p5_3	発音が難しいんだよなあ…	
MAP79_e1_p5_30	アイツがいた後ろの地面に、	
MAP79_e1_p5_31	なんだか青い模様が描かれているな。	
MAP79_e1_p5_32	あれに乗ったら何か起こりそうじゃないか？	
MAP79_e1_p5_35	えー？　そんなことあるかよー？	
MAP79_e1_p5_38	他に何かヒントがあるわけでもないし、	
MAP79_e1_p5_39	何より急がないといけないんだ。	
MAP79_e1_p5_40	なんでもやってみよう！	
MAP79_e1_p5_43	お、おう…！	
MAP79_e1_p5_6	聞いたことのない発音なんだよ…	
MAP79_e1_p5_9	さようなら、ピＱＥピＱＥ…	
MAP79_e3_p0_12	うわっ、なんだよココはー…	
MAP79_e3_p0_15	いかにも、ここは闇の何かですって感じだな…	
MAP79_e3_p0_18	しかしなんつーか…　静かだな。	
MAP79_e3_p0_21	魔物の気配がしない…。	
MAP79_e3_p0_22	闇に近付いているはずなのに。	
MAP79_e3_p0_25	とはいえ、落ち着く場所ってワケでもねー…	
MAP79_e3_p0_28	一応気を引き締めていこうぜ！	
MAP79_e3_p0_34	　　　　　　　　　ウィンはうなずいた	
MAP79_e6_p0_10	ヒールポーションを手に入れた！	Obtained a Heal Potion!
MAP79_e7_p0_1	あ	
MAP80_e2_p0_2	あれ？　何も起こらねえぞ？	
MAP80_e2_p0_5	一方通行なんだろうな。	
MAP80_e2_p0_6	どの道、もう引き返すわけにはいかない！	
MAP80_e3_p0_12	まあ他に道があるわけでもないしな…	
MAP80_e3_p0_13	急ぐぞ！　いつ闇いんふるなんとかが	
MAP80_e3_p0_14	始まってもおかしくねえ！！	
MAP80_e3_p0_20	　　　　　　　　ウィンはうなずいた	
MAP80_e3_p0_6	あれ？　さっきと同じところじゃねえか！？	
MAP80_e3_p0_9	ちょっと違う気がする…　壁の色とか…	
MAP80_e4_p0_12	ミケーネ…!!!	
MAP80_e4_p0_16	…まさかピケピケが負けるなんて思わなったわ。	
MAP80_e4_p0_19	あたしたちの産み出そうとする闇の力が、	
MAP80_e4_p0_20	これまでのものよりも大きいのだから…	
MAP80_e4_p0_21	継承者の力の増大もまた大きくて当然、か…	
MAP80_e4_p0_24	ピケピケはアンタらの為にめちゃくちゃ	
MAP80_e4_p0_25	時間稼いでから…　	
MAP80_e4_p0_28	死んだぜーーーーミケーネーーーー！！	
MAP80_e4_p0_31	おバカめ！！　知ってるわよ！！	
MAP80_e4_p0_34	あんたは、なんでここにいるんだ！？	
MAP80_e4_p0_35	闇いんふるやら魔王やらはまだなのか！？	
MAP80_e4_p0_38	ちっ………	
MAP80_e4_p0_39	間に合っているならあたしはここにいないよ！	
MAP80_e4_p0_42	なら、アンタも時間稼ぎに来たってワケかい？	
MAP80_e4_p0_43	へへ…アンタら、思ったよりも余裕ねえんだな	
MAP80_e4_p0_46	やっぱりピケピケの存在は重要だったわ…	
MAP80_e4_p0_47	あたしたちだけで無理に闇の復活を早めるには	
MAP80_e4_p0_48	魔力が不足していたのよね…。	
MAP80_e4_p0_51	黙れミケーネ！！	
MAP80_e4_p0_52	話をする気はない！！	
MAP80_e4_p0_53	さっさとバトル準備をしろ！！	
MAP80_e4_p0_56	あんだあ…このガキィ…？	
MAP80_e4_p0_57	どうもてめえは無駄に頭が回るみてえだなあ…	
MAP80_e4_p0_58	早死にすんぞコラァ…？	
MAP80_e4_p0_61	こっちはあんたに時間を稼がせたくないんだ、	
MAP80_e4_p0_62	当然だろ！！	
MAP80_e4_p0_65	稼ぎたいならバトルで稼げ！	
MAP80_e4_p0_66	いくぞ、ミケーネ！！	
MAP80_e4_p0_69	ふーん…	
MAP80_e4_p0_70	まあ、あたしは別にいいんだけどねえ…	
MAP80_e4_p0_73	ウィン！　ホノオ！　問答無用でいくぞ！！	
MAP80_e4_p0_74	いまのあたし達なら、こいつくらい…	
MAP80_e4_p0_75	きっと楽勝だ！！	
MAP80_e4_p0_78	お、おう！　そうだな…　さっさと倒すぜ！！	
MAP80_e4_p0_84	　　　　　　　　　　ウィンはうなずいた！	Win nodded!
MAP80_e4_p0_87	そう、仕方ないわ…	
MAP80_e4_p0_88	そんなに急いでいるのね…　	
MAP80_e4_p0_89	あなたたちの…　死を	
MAP80_e4_p0_9	な…　コイツは…！！	
MAP80_e4_p0_92	ミッッケェーーネッブリザーードッ！！！！	
MAP80_e5_p0_10	狂戦士のキノコを手に入れた！	
MAP80_e5_p2_10	狂戦士のキノコを手に入れた！	
MAP81_e1_p1_15	さあ、一対一だ、ミケーネ…	
MAP81_e1_p1_16	あんたには青龍のときの貸しもある…　それを	
MAP81_e1_p1_17	いまここで、きっちり返してもらう…！！	
MAP81_e1_p1_20	ナガレ、って言ったわね…	
MAP81_e1_p1_21	あなた、ブリザードを封じてすでに勝った気で	
MAP81_e1_p1_22	いるみたいだけれど…	
MAP81_e1_p1_25	あなたのツナミもあたしには効かない…	
MAP81_e1_p1_26	ブリザードで同じように相殺できるわ。	
MAP81_e1_p1_29	だから…あなたとあたしの戦いは、	
MAP81_e1_p1_3	離れろーーーーー！！	
MAP81_e1_p1_30	ほとんど魔法なしの、純粋な決闘になる。	
MAP81_e1_p1_31	あなた、相当剣術に自信あるようだけれど…	
MAP81_e1_p1_34	…あたしもかなり得意なのよね、剣も鞭も。	
MAP81_e1_p1_37	知っているさ。	
MAP81_e1_p1_38	あんたは得物を使っても只者じゃない。	
MAP81_e1_p1_39	身のこなしを見れば分かる。	
MAP81_e1_p1_42	フフフ…　そう。	
MAP81_e1_p1_43	じゃあ始めましょうか…。	
MAP81_e1_p1_46	この真剣勝負、受けて立つわ！	
MAP81_e1_p1_47	ナガレ、勝負ッ……！！！！！	
MAP81_e1_p1_50	うおおおおおおお！！！！	
MAP81_e1_p2_15	さあ、一対一だ、ミケーネ…	
MAP81_e1_p2_16	あんたには青龍のときの貸しもある…　それを	
MAP81_e1_p2_17	いまここで、きっちり返してもらう…！！	
MAP81_e1_p2_20	ナガレ、って言ったわね…	
MAP81_e1_p2_21	あなた、ブリザードを封じてすでに勝った気で	
MAP81_e1_p2_22	いるみたいだけれど…	
MAP81_e1_p2_25	あなたのツナミもあたしには効かない…	
MAP81_e1_p2_26	ブリザードで同じように相殺できるわ。	
MAP81_e1_p2_29	だから…あなたとあたしの戦いは、	
MAP81_e1_p2_3	離れろーーーーー！！	
MAP81_e1_p2_30	ほとんど魔法なしの、純粋な決闘になる。	
MAP81_e1_p2_31	あなた、相当剣術に自信あるようだけれど…	
MAP81_e1_p2_34	…あたしもかなり得意なのよね、剣も鞭も。	
MAP81_e1_p2_37	知っているさ。	
MAP81_e1_p2_38	あんたは得物を使っても只者じゃない。	
MAP81_e1_p2_39	身のこなしを見れば分かる。	
MAP81_e1_p2_42	フフフ…　そう。	
MAP81_e1_p2_43	じゃあ始めましょうか…。	
MAP81_e1_p2_46	この真剣勝負、受けて立つわ！	
MAP81_e1_p2_47	ナガレ、勝負ッ……！！！！！	
MAP81_e1_p2_50	うおおおおおおお！！！！	
MAP81_e1_p3_10	ああ…　早くしてくれ…　苦しいんだ…	
MAP81_e1_p3_13	………さらば、ミケーネ	
MAP81_e1_p3_16	…秘剣！　つばめ返し！！	
MAP81_e1_p3_22	な…なんだと…！！？？	
MAP81_e1_p3_25	つ、かまえた……	
MAP81_e1_p3_28	斬られながら…　剣を握るあたしの腕を…！？	
MAP81_e1_p3_31	直につかまれてのブリザードを…	
MAP81_e1_p3_32	ツナミで防げはしまい…	
MAP81_e1_p3_33	つばめ返し…返し！！	
MAP81_e1_p3_36	ごめん…ホノオ…！　ウィン…！！	
MAP81_e1_p3_4	あ…　あたしの…　ま、負け…だ…	
MAP81_e1_p3_7	悪いけど、トドメを刺させてもらう。	
MAP81_e4_p0_100	さっきのだって殆どマグレなんだ！！	
MAP81_e4_p0_103	だけど、あたしひとりなら…	
MAP81_e4_p0_104	全く負ける気がしないんだよ。	
MAP81_e4_p0_105	分かるな！？	
MAP81_e4_p0_108	…わ、わかるけど…よ…	
MAP81_e4_p0_118	いまだ！！　行け！！	
MAP81_e4_p0_121	…くっ！！	
MAP81_e4_p0_14	ハァ…　ハァ…	
MAP81_e4_p0_148	なめたマネしやがって………	
MAP81_e4_p0_149	ガキンチョどもがああああ！！！！！！	
MAP81_e4_p0_152	ナガレ…　死ぬなよ………	
MAP81_e4_p0_17	ウィン…　ホノオ…　無事だな？	
MAP81_e4_p0_25	あ、ああ…！　髪の毛ちょっと凍ったけどな！	
MAP81_e4_p0_28	よし…　間に合った！！	
MAP81_e4_p0_33	こ…ここの…グァガガガキィ…ててめええ…	
MAP81_e4_p0_34	なあにしやがったあああああ！！！！？？？	
MAP81_e4_p0_37	あたしの最大出力ミケーネブリザードはあああ	
MAP81_e4_p0_38	絶対零度ッ！！　その固さは永久凍土ッ…！！	
MAP81_e4_p0_41	いまのでてめえらは秒で全員カッチンコチンに	
MAP81_e4_p0_42	なってたハズなんだよー………　それをよー…	
MAP81_e4_p0_43	なにしてくれたんだああ！？ああああ！！？？	
MAP81_e4_p0_46	とっさにツナミを起こして…	
MAP81_e4_p0_47	向かってくる冷気を全て相殺したのさ…	
MAP81_e4_p0_50	つ…、ツナミだああああああ！！！？？	
MAP81_e4_p0_53	ミケーネブリザード…　破れたり！！	
MAP81_e4_p0_56	…ブリザードを打ち消すほど大きなツナミを…	
MAP81_e4_p0_57	そう、そんなにまで強大な力を持ったのね…	
MAP81_e4_p0_60	ナガレ…　かっこよすぎだぜーーーー！！	
MAP81_e4_p0_63	…ウィン、ホノオ。	
MAP81_e4_p0_64	頼みがあるんだ。	
MAP81_e4_p0_67	あ、えっ？　は？	
MAP81_e4_p0_68	な、なんだよ、急に…？	
MAP81_e4_p0_71	時間がない、ミケーネをあたしに任せて、	
MAP81_e4_p0_72	ふたりは先に行ってくれ！！	
MAP81_e4_p0_75	…！！　な、ナガレ！！	
MAP81_e4_p0_8	…お、オレ…　なんで大丈夫なんだ…？	
MAP81_e4_p0_81	ミケーネならあたしだけで大丈夫だ！	
MAP81_e4_p0_82	さっきのを見たろ？　三人で戦う必要がない！	
MAP81_e4_p0_85	い、いや…	
MAP81_e4_p0_86	でもオマエだけ残していくなんてよー…	
MAP81_e4_p0_89	ジャマなんだ、二人は！！	
MAP81_e4_p0_98	あんたたち二人をツナミで守りながら戦う自信	
MAP81_e4_p0_99	がない！！	
MAP82_e1_p0_10	…またあの模様に乗ってみても、	
MAP82_e1_p0_11	きっと一方通行なんだよな…。	
MAP82_e1_p0_20	わかってる…　バカなこと言ってるよなオレ…	
MAP82_e1_p0_23	ナガレの思いに応えるためにも…	
MAP82_e1_p0_24	オレたちは行くしかねえんだ…	
MAP82_e1_p0_25	止まってるヒマなんかねえ…	
MAP82_e1_p0_28	でもよ、ウィン…　	
MAP82_e1_p0_29	オレ、気が付いちまったんだ…	
MAP82_e1_p0_32	さっきナガレに任せて先に進んだとき…	
MAP82_e1_p0_33	オレはまるでナガレの言葉に納得して…	
MAP82_e1_p0_36	ナガレを信じて先に進んだつもりでいたけどよ…	
MAP82_e1_p0_37	ちがう…　全然ちがうんだ…	
MAP82_e1_p0_40	オレはホッとしたんだよ…	
MAP82_e1_p0_41	あの恐ろしい氷の魔法と戦わずに済んで…	
MAP82_e1_p0_42	オレはミケーネが怖かったんだ…！！！！	
MAP82_e1_p0_49	なんてこった…　オレとしたことがよー…	
MAP82_e1_p0_50	怖かっただけだった…　オレはアイツを信じて	
MAP82_e1_p0_51	任せたわけじゃなかったんだぜ…？	
MAP82_e1_p0_54	そんな気持ちで…　アイツをひとりで	
MAP82_e1_p0_55	置いてきちまった…　オレは…　オレは…	
MAP82_e1_p0_61	　　　　　　ウィンはホノオの肩をつかんで	
MAP82_e1_p0_62	　　　　　　　　　　うなずいた	
MAP82_e1_p0_66	ああ…　スマン…	
MAP82_e1_p0_67	ウィン、サンキュな…	
MAP82_e1_p0_70	行くぜ、ウィン！！	
MAP82_e1_p0_71	ハヤテの力で一気に頼む！！	
MAP82_e1_p0_77	　　　　　　　　　ウィンはうなずいた！	Win nodded!
MAP82_e2_p0_2	もう、進むしかねえだろ…ウィン？	
MAP82_e3_p1_101	ウィン、行ってくれ…	
MAP82_e3_p1_102	すぐに、ナガレと一緒にオマエに追いつくぜ！	
MAP82_e3_p1_12	…そ、それが、アンタの本当の姿かよ…？	
MAP82_e3_p1_121	ウィン…　またな！！	
MAP82_e3_p1_127	　　　　　　　　　ウィンはうなずいた！	Win nodded!
MAP82_e3_p1_140	へへ…！	
MAP82_e3_p1_141	デカくなっても相変わらずみてえだな…	
MAP82_e3_p1_142	アンタはよー！！	
MAP82_e3_p1_148	心づかいマジサンキュだぜ…	
MAP82_e3_p1_149	でもよ…　オレは結構ドタマに来てんだぜー…	
MAP82_e3_p1_15	やたらデケーじゃねえか…　てことは、オイ…	
MAP82_e3_p1_152	アンタとは正々堂々のマジバトルして、	
MAP82_e3_p1_153	その上で勝ったと思ってたのによーーー…	
MAP82_e3_p1_156	アンタ実は本気じゃなかったんだもんなー…	
MAP82_e3_p1_159	アンタは確かにマジメだけどよー	
MAP82_e3_p1_16	それならよー…	
MAP82_e3_p1_160	そういうところは逆に良くないと思うぜ？	
MAP82_e3_p1_161	オレ、結構キズ付いたからな！？	
MAP82_e3_p1_167	でも今回ばかりは…	
MAP82_e3_p1_168	さすがにマジでやってくれるよなー……	
MAP82_e3_p1_169	ナウ――――――よおおおおーーー！！！？	
MAP82_e3_p1_172	………コクリ	
MAP82_e3_p1_175	これでアンタとの…	
MAP82_e3_p1_176	本当のマジで絶対最後のガチバトルだー！！	
MAP82_e3_p1_179	いっくぜえええええええええーーー！！！！	
MAP82_e3_p1_19	前にオレと戦ったときは…	
MAP82_e3_p1_20	いつも手ェ抜いてたってことかよーーーー！？	
MAP82_e3_p1_23	ナァウゥーーーーーッ！！！！！	
MAP82_e3_p1_31	…ウィン！！　頼みがある…	
MAP82_e3_p1_32	…って、言わなくても分かると思うけどよー…	
MAP82_e3_p1_35	コイツを…　ナウーをオレに任せて…	
MAP82_e3_p1_36	ウィンは、先に進んでくれ！！	
MAP82_e3_p1_42	この先は、もうダフィールとかって…	
MAP82_e3_p1_43	四天王最弱の奴しかいないだろ…？	
MAP82_e3_p1_46	それならウィンだけでも…	
MAP82_e3_p1_47	闇なんとかだか魔王だかも防げると思うんだ…	
MAP82_e3_p1_5	…は？　…なんだよそれ…	
MAP82_e3_p1_53	ウィン、頼む…	
MAP82_e3_p1_54	オレは自分の弱気を…　克服したい…	
MAP82_e3_p1_57	ナガレを信じないまま…　あそこに置いてきた	
MAP82_e3_p1_58	自分を…　こうでもしねえと許せねーんだ！！	
MAP82_e3_p1_64	ウィン、オレのことも信じてくれ…	
MAP82_e3_p1_65	オレはナウーに一度勝ってる、完勝でな！	
MAP82_e3_p1_66	デカくなってても…　負けるワケねえ！！	
MAP82_e3_p1_69	ウィン！　何よりもう時間がねーんだ！！	
MAP82_e3_p1_70	…まあ、その時間のほとんども	
MAP82_e3_p1_71	オレが無駄口叩いて潰した気がするけどよー…	
MAP82_e3_p1_74	なおのこと、ここでオレにも…	
MAP82_e3_p1_75	ナガレみてえにカッコつけさせてくれよ…	
MAP82_e3_p1_76	頼む…　ウィン！！	
MAP82_e3_p1_81	…アンタもいいだろう？	
MAP82_e3_p1_82	オレとの本気での一騎打ち。	
MAP82_e3_p1_83	その為にウィンを行かせてやっても…	
MAP82_e3_p1_86	オレの知ってるアンタなら行かせてくれるぜ？	
MAP82_e3_p1_87	それとも…　デカくなったらそんな心意気も、	
MAP82_e3_p1_88	アンタからは、なくなっちまうのかー？	
MAP82_e3_p2_101	ウィン、行ってくれ…	
MAP82_e3_p2_102	すぐに、ナガレと一緒にオマエに追いつくぜ！	
MAP82_e3_p2_12	…そ、それが、アンタの本当の姿かよ…？	
MAP82_e3_p2_121	ウィン…　またな！！	
MAP82_e3_p2_127	　　　　　　　　　ウィンはうなずいた！	Win nodded!
MAP82_e3_p2_140	へへ…！	
MAP82_e3_p2_141	デカくなっても相変わらずみてえだな…	
MAP82_e3_p2_142	アンタはよー！！	
MAP82_e3_p2_148	心づかいマジサンキュだぜ…	
MAP82_e3_p2_149	でもよ…　オレは結構ドタマに来てんだぜー…	
MAP82_e3_p2_15	やたらデケーじゃねえか…　てことは、オイ…	
MAP82_e3_p2_152	アンタとは正々堂々のマジバトルして、	
MAP82_e3_p2_153	その上で勝ったと思ってたのによーーー…	
MAP82_e3_p2_156	アンタ実は本気じゃなかったんだもんなー…	
MAP82_e3_p2_159	アンタは確かにマジメだけどよー	
MAP82_e3_p2_16	それならよー…	
MAP82_e3_p2_160	そういうところは逆に良くないと思うぜ？	
MAP82_e3_p2_161	オレ、結構キズ付いたからな！？	
MAP82_e3_p2_167	でも今回ばかりは…	
MAP82_e3_p2_168	さすがにマジでやってくれるよなー……	
MAP82_e3_p2_169	ナウ――――――よおおおおーーー！！！？	
MAP82_e3_p2_172	………コクリ	
MAP82_e3_p2_175	これでアンタとの…	
MAP82_e3_p2_176	本当のマジで絶対最後のガチバトルだー！！	
MAP82_e3_p2_179	いっくぜえええええええええーーー！！！！	
MAP82_e3_p2_19	前にオレと戦ったときは…	
MAP82_e3_p2_20	いつも手ェ抜いてたってことかよーーーー！？	
MAP82_e3_p2_23	ナァウゥーーーーーッ！！！！！	
MAP82_e3_p2_31	…ウィン！！　頼みがある…	
MAP82_e3_p2_32	…って、言わなくても分かると思うけどよー…	
MAP82_e3_p2_35	コイツを…　ナウーをオレに任せて…	
MAP82_e3_p2_36	ウィンは、先に進んでくれ！！	
MAP82_e3_p2_42	この先は、もうダフィールとかって…	
MAP82_e3_p2_43	四天王最弱の奴しかいないだろ…？	
MAP82_e3_p2_46	それならウィンだけでも…	
MAP82_e3_p2_47	闇なんとかだか魔王だかも防げると思うんだ…	
MAP82_e3_p2_5	…は？　…なんだよそれ…	
MAP82_e3_p2_53	ウィン、頼む…	
MAP82_e3_p2_54	オレは自分の弱気を…　克服したい…	
MAP82_e3_p2_57	ナガレを信じないまま…　あそこに置いてきた	
MAP82_e3_p2_58	自分を…　こうでもしねえと許せねーんだ！！	
MAP82_e3_p2_64	ウィン、オレのことも信じてくれ…	
MAP82_e3_p2_65	オレはナウーに一度勝ってる、完勝でな！	
MAP82_e3_p2_66	デカくなってても…　負けるワケねえ！！	
MAP82_e3_p2_69	ウィン！　何よりもう時間がねーんだ！！	
MAP82_e3_p2_70	…まあ、その時間のほとんども	
MAP82_e3_p2_71	オレが無駄口叩いて潰した気がするけどよー…	
MAP82_e3_p2_74	なおのこと、ここでオレにも…	
MAP82_e3_p2_75	ナガレみてえにカッコつけさせてくれよ…	
MAP82_e3_p2_76	頼む…　ウィン！！	
MAP82_e3_p2_81	…アンタもいいだろう？	
MAP82_e3_p2_82	オレとの本気での一騎打ち。	
MAP82_e3_p2_83	その為にウィンを行かせてやっても…	
MAP82_e3_p2_86	オレの知ってるアンタなら行かせてくれるぜ？	
MAP82_e3_p2_87	それとも…　デカくなったらそんな心意気も、	
MAP82_e3_p2_88	アンタからは、なくなっちまうのかー？	
MAP82_e3_p3_10	どの道すぐにくたばるだろうよ…　ナウー…	
MAP82_e3_p3_13	……ぐ…　ぐ…ふ…　	
MAP82_e3_p3_21	…オレは行くぜ。　じゃあな、ナウー…	
MAP82_e3_p3_3	…勝ったのか？	
MAP82_e3_p3_30	…アンタは最後まで、正々堂々だった…	
MAP82_e3_p3_31	オレのわがまま…	
MAP82_e3_p3_32	一騎打ちにも応じてくれた…。	
MAP82_e3_p3_38	敵ながら…	
MAP82_e3_p3_39	尊敬に値する戦士だったぜ…ナウー	
MAP82_e3_p3_45	…獄滅…石牢陣…！！	
MAP82_e3_p3_54	な…何をした…？	
MAP82_e3_p3_57	…我の…最強魔法…　石牢陣…	
MAP82_e3_p3_6	……っ…　ぐはっ…！！	
MAP82_e3_p3_60	…ホノオ…	
MAP82_e3_p3_61	その陣の中に入ったオマエは…　もう動けぬ…	
MAP82_e3_p3_62	徐々に…　石となる…	
MAP82_e3_p3_65	マジか…　動けねえ…　足が…	
MAP82_e3_p3_66	石になっちまってる…！！！！	
MAP82_e3_p3_69	…我の　勝ちだ　ぐふっ！！	
MAP82_e3_p3_9	…さすがにその傷じゃあ…	
MAP82_e3_p4_10	だけどそれじゃあ強すぎるから…	
MAP82_e3_p4_11	卑怯だから…　自分で禁止してたんだな…	
MAP82_e3_p4_12	石化の魔法をよー…	
MAP82_e3_p4_15	それでも最後には自分の美学よりも…	
MAP82_e3_p4_16	果たすべき使命の方を、選んだんだな…	
MAP82_e3_p4_17	ナウー…	
MAP82_e3_p4_21	それに比べてオレは…　まただぜ…	
MAP82_e3_p4_22	使命を忘れて　トドメをさせずに…	
MAP82_e3_p4_23	このザマだ…	
MAP82_e3_p4_26	もう身体の半分が石になっちまった…	
MAP82_e3_p4_27	どうしようも…ねえ……　くっそーーー…	
MAP82_e3_p4_30	ナガレ…！　ウィン…！　すまねえ！！	
MAP82_e3_p4_31	オレはここまでっぽいぜ……　くっ…	
MAP82_e3_p4_34	くっそおおおおーーーーッ！！！！！！	
MAP82_e3_p4_5	こんなすげえ技があったなら…	
MAP82_e3_p4_6	しょっぱなに使えば、オレなんて相手にも	
MAP82_e3_p4_7	ならなかったろうによー…	
MAP82_e4_p0_15	アンタまで時間稼ぎに出て来ちゃってよー…	
MAP82_e4_p0_18	そんなんで計画大丈夫なのかー？	
MAP82_e4_p0_19	もうほとんど失敗なんじゃねーのー？？	
MAP82_e4_p0_25	アンタにはオレ、バシッと勝ってるし…	
MAP82_e4_p0_26	今更またやり合うこともないんじゃねーの？	
MAP82_e4_p0_7	へへ…　アンタかい…　ナウーーー！！！！	
MAP82_e5_p0_11	　　　　　　　ヒールポーションを手に入れた！	Obtained a Heal Potion!
MAP82_e5_p2_11	　　　　　　　ヒールポーションを手に入れた！	Obtained a Heal Potion!
MAP83_e14_p0_10	どんどんエレメントパワーが集まってるじゃーん！！	
MAP83_e14_p0_110	ヤバッ！！　チョーやる気マンマン！！	
MAP83_e14_p0_111	気合いがハンパなーーーーーい！！！！	
MAP83_e14_p0_114	てことは、あんれええええええええ？？？	
MAP83_e14_p0_117	あっ　もしかしてキミさー……	
MAP83_e14_p0_118	めちゃくちゃ急いでる感じですかーー？？？	
MAP83_e14_p0_124	あっ　そうなんだー	
MAP83_e14_p0_125	アレでしょ？　	
MAP83_e14_p0_126	ボクが闇のエレメントと一体になってー…	
MAP83_e14_p0_129	魔王になっちゃうのをー	
MAP83_e14_p0_130	止めないとだから？？	
MAP83_e14_p0_133	そんでそんでーーー	
MAP83_e14_p0_134	闇インフルエンザでみんなが死んじゃうのを	
MAP83_e14_p0_135	防がないとだからーーー	
MAP83_e14_p0_138	コレ正解だわー！！	
MAP83_e14_p0_139	絶対に正解だとは思うんだけどーーーー	
MAP83_e14_p0_140	一応確認しまーーーーーーす！！	
MAP83_e14_p0_143	正解ですかーーーー？？？？？	
MAP83_e14_p0_149	　　　　　　　　　　ウィンは頷いた	Win nodded
MAP83_e14_p0_152	だはははははははは！！！！	
MAP83_e14_p0_153	やったーーーーーーだーいせーいかーい！！	
MAP83_e14_p0_158	そう…	I see...
MAP83_e14_p0_159	そういうことだったらー…	
MAP83_e14_p0_16	えーーー？　ホントにいいのーーー？？	
MAP83_e14_p0_162	大変ホントに申し訳ないんですけどーーー…	
MAP83_e14_p0_165	オマエ…　チョーマヌケだよーーん！！！！	
MAP83_e14_p0_17	このパワーをボクがぜーんぶもらっちゃって！！	
MAP83_e14_p0_29	…チッ！　なんだよー　来ちゃったじゃないかー	
MAP83_e14_p0_37	アイツら…　意外と使えない奴らだったのねー	
MAP83_e14_p0_38	…って、え？	
MAP83_e14_p0_43	ハ？　もしかして、キミひとりなの…？？	
MAP83_e14_p0_49	いやいやいやいやいや…	No no no no no...
MAP83_e14_p0_52	ハァ…！！？？？？？	
MAP83_e14_p0_56	なになになになにー？？	
MAP83_e14_p0_57	えっ、どしたのんマジで！？	
MAP83_e14_p0_60	だははは！　キミひとり！！	
MAP83_e14_p0_61	他のコはやられちゃったんだー！？	
MAP83_e14_p0_66	かわいそーーーーー！！	
MAP83_e14_p0_67	えっ、じゃあ何？　ひとりでボクを倒しに？？	
MAP83_e14_p0_7	だははは！！	
MAP83_e14_p0_74	　　　　　　　　　ウィンは武器を構えた！	
MAP83_e14_p0_77	いやいやムリだから！！	
MAP83_e14_p0_78	ひとりっていくら何でも…　プププー！！	
MAP83_e14_p0_81	しかもキミ、風の紋章のコじゃん…	
MAP83_e14_p0_82	前に会ったコじゃん…	
MAP83_e14_p0_83	ボクの火の魔法も防げないじゃーーん！！	
MAP83_e14_p0_88	マジで何しに来たの？	
MAP83_e14_p0_89	理解に苦しむっていうか、いみふすぎーー！！	
MAP83_e14_p1_107	ただのゴミじゃないか、継承者でさえ…	
MAP83_e14_p1_110	まあ、いっかー…	
MAP83_e14_p1_111	大魔王になったら、アッチに行けばいいや…	
MAP83_e14_p1_114	と、いうワケでーーー	
MAP83_e14_p1_115	風の継承者くん　キミはもう…	
MAP83_e14_p1_120	…用済み　じゃあねーーーーー！！！！	
MAP83_e14_p1_16	そしてまだまだ闇のエレメントパワーは	
MAP83_e14_p1_17	ボクのところに集まり続けている…	
MAP83_e14_p1_20	このままでも十分にとんでもなく強いのに…	
MAP83_e14_p1_21	まだまだ強くなるんだよボクはーーー！！！	
MAP83_e14_p1_24	ちょうどいいからキミでボクの新しい力を	
MAP83_e14_p1_25	試してあげるよーーーー！！！	
MAP83_e14_p1_26	でも強過ぎてー…	
MAP83_e14_p1_29	うっかり１ターンで殺しちゃったら…	
MAP83_e14_p1_3	もう魔王になっちゃったよーーーーーーん！！	
MAP83_e14_p1_30	めんごねーーーーーー！！！！？	
MAP83_e14_p1_44	…と、いう夢を見た…　こわーーーー！！！	
MAP83_e14_p1_59	あー　やっぱりー？	
MAP83_e14_p1_62	これほどの闇のエレメントパワー相手だと…	
MAP83_e14_p1_63	継承者のキミでも全く歯が立たないんだねー？	
MAP83_e14_p1_66	………っ	
MAP83_e14_p1_70	一応生きてるみたいだけど…	
MAP83_e14_p1_71	さすがにもう戦えなさそうだなあ…	
MAP83_e14_p1_76	…つまんねーの！！	
MAP83_e14_p1_89	これからもっとパワーが増して…	
MAP83_e14_p1_90	本当の魔王に…	
MAP83_e14_p1_93	大魔王ダフィール様になるっていうのに…！！	
MAP83_e14_p1_96	カンタンにくたばりやがってえええええ！！！	
MAP83_e14_p2_107	ただのゴミじゃないか、継承者でさえ…	
MAP83_e14_p2_110	まあ、いっかー…	
MAP83_e14_p2_111	大魔王になったら、アッチに行けばいいや…	
MAP83_e14_p2_114	と、いうワケでーーー	
MAP83_e14_p2_115	風の継承者くん　キミはもう…	
MAP83_e14_p2_120	…用済み　じゃあねーーーーー！！！！	
MAP83_e14_p2_16	そしてまだまだ闇のエレメントパワーは	
MAP83_e14_p2_17	ボクのところに集まり続けている…	
MAP83_e14_p2_20	このままでも十分にとんでもなく強いのに…	
MAP83_e14_p2_21	まだまだ強くなるんだよボクはーーー！！！	
MAP83_e14_p2_24	ちょうどいいからキミでボクの新しい力を	
MAP83_e14_p2_25	試してあげるよーーーー！！！	
MAP83_e14_p2_26	でも強過ぎてー…	
MAP83_e14_p2_29	うっかり１ターンで殺しちゃったら…	
MAP83_e14_p2_3	もう魔王になっちゃったよーーーーーーん！！	
MAP83_e14_p2_30	めんごねーーーーーー！！！！？	
MAP83_e14_p2_44	…と、いう夢を見た…　こわーーーー！！！	
MAP83_e14_p2_59	あー　やっぱりー？	
MAP83_e14_p2_62	これほどの闇のエレメントパワー相手だと…	
MAP83_e14_p2_63	継承者のキミでも全く歯が立たないんだねー？	
MAP83_e14_p2_66	………っ	
MAP83_e14_p2_70	一応生きてるみたいだけど…	
MAP83_e14_p2_71	さすがにもう戦えなさそうだなあ…	
MAP83_e14_p2_76	…つまんねーの！！	
MAP83_e14_p2_89	これからもっとパワーが増して…	
MAP83_e14_p2_90	本当の魔王に…	
MAP83_e14_p2_93	大魔王ダフィール様になるっていうのに…！！	
MAP83_e14_p2_96	カンタンにくたばりやがってえええええ！！！	
MAP83_e14_p3_11	ダフィ－－－ルッ…ファイアーーッ！！！！	
MAP83_e14_p3_18	バクハツ！！	
MAP83_e14_p3_7	堕天の炎に焼かれて…	
MAP83_e14_p3_8	一瞬でホネになれ…	
MAP83_e14_p4_100	まあいい…　まあ、いいさ！！	
MAP83_e14_p4_101	紋章が揃ったところで…	
MAP83_e14_p4_104	ボクが全ての闇のエレメンタルパワーを	
MAP83_e14_p4_105	手に入れれば同じこと…　	
MAP83_e14_p4_106	オマエらなんて相手じゃないんだよーー！！	
MAP83_e14_p4_144	そんな時間は与えない…！	
MAP83_e14_p4_145	お喋りに付き合うつもりもない！！	
MAP83_e14_p4_148	俺はガキの遊びに根気よく付き合ってやる	
MAP83_e14_p4_149	ような、オトナじゃないんでな…！	
MAP83_e14_p4_152	ボクの操りの術でケンカさせたのに…	
MAP83_e14_p4_153	キミたち随分と仲がいいじゃないか…	
MAP83_e14_p4_156	行くぞ、ウィン！！	
MAP83_e14_p4_19	…久し振りだな。	
MAP83_e14_p4_2	ウィン！！　…生きているな？　　イヤシ！！	
MAP83_e14_p4_34	オマエは…　あのときの赤いの…だなー…？	
MAP83_e14_p4_37	…キサマにはいつか会いたいと思っていた。	
MAP83_e14_p4_38	まさか、こんな絶好の機会が来るとはな…	
MAP83_e14_p4_41	さすがの俺でも予想していなかったな。	
MAP83_e14_p4_44	赤いの…　てめええええ………！！	
MAP83_e14_p4_47	その両手の輝きは……　まさか…………！！	
MAP83_e14_p4_67	　　　　　　ピピンの右手には火の紋章が…	
MAP83_e14_p4_68	　　　　　左手には水の紋章が輝いている！！	
MAP83_e14_p4_71	…託された。	
MAP83_e14_p4_74	あいつらから託されたんだ…	
MAP83_e14_p4_75	ふたつの紋章を継承者から…　このオレがな。	
MAP83_e14_p4_78	チクショーーーー！！！！！	
MAP83_e14_p4_8	な、なななな…？	
MAP83_e14_p4_81	意味ねえじゃんかよアイツらーーーー！！！！	
MAP83_e14_p4_82	役立たずがああああああーー！！！！	
MAP83_e14_p4_85	ウィン…　俺は散々、お前に迷惑をかけた…	
MAP83_e14_p4_88	正直なところ、気まずいったらないんだが…、	
MAP83_e14_p4_89	…俺と一緒に戦えるな？	
MAP83_e14_p4_9	何が起こった…！！？？	
MAP83_e14_p4_95	　　　　　　　　　ウィンは大きく頷いた！	
MAP83_e14_p5_100	まあいい…　まあ、いいさ！！	
MAP83_e14_p5_101	紋章が揃ったところで…	
MAP83_e14_p5_104	ボクが全ての闇のエレメンタルパワーを	
MAP83_e14_p5_105	手に入れれば同じこと…　	
MAP83_e14_p5_106	オマエらなんて相手じゃないんだよーー！！	
MAP83_e14_p5_144	そんな時間は与えない…！	
MAP83_e14_p5_145	お喋りに付き合うつもりもない！！	
MAP83_e14_p5_148	俺はガキの遊びに根気よく付き合ってやる	
MAP83_e14_p5_149	ような、オトナじゃないんでな…！	
MAP83_e14_p5_152	ボクの操りの術でケンカさせたのに…	
MAP83_e14_p5_153	キミたち随分と仲がいいじゃないか…	
MAP83_e14_p5_156	一気に行くぞ、ウィン！！	
MAP83_e14_p5_19	…久し振りだな。	
MAP83_e14_p5_2	ウィン！！　…生きているな？　　イヤシ！！	
MAP83_e14_p5_34	オマエは…　あのときの赤いの…だなー…？	
MAP83_e14_p5_37	…キサマにはいつか会いたいと思っていた。	
MAP83_e14_p5_38	まさか、こんな絶好の機会が来るとはな…	
MAP83_e14_p5_41	さすがの俺でも予想していなかったな。	
MAP83_e14_p5_44	赤いの…　てめええええ………！！	
MAP83_e14_p5_47	その両手の輝きは……　まさか…………！！	
MAP83_e14_p5_67	　　　　　　ピピンの右手には火の紋章が…	
MAP83_e14_p5_68	　　　　　左手には水の紋章が輝いている！！	
MAP83_e14_p5_71	…託された。	
MAP83_e14_p5_74	あいつらから託されたんだ…	
MAP83_e14_p5_75	ふたつの紋章を継承者から…　このオレがな。	
MAP83_e14_p5_78	チクショーーーー！！！！！	
MAP83_e14_p5_8	な、なななな…？	
MAP83_e14_p5_81	意味ねえじゃんかよアイツらーーーー！！！！	
MAP83_e14_p5_82	役立たずがああああああーー！！！！	
MAP83_e14_p5_85	ウィン…　俺は散々、お前に迷惑をかけた…	
MAP83_e14_p5_88	正直なところ、気まずいったらないんだが…、	
MAP83_e14_p5_89	…俺と一緒に戦えるな？	
MAP83_e14_p5_9	何が起こった…！！？？	
MAP83_e14_p5_95	　　　　　　　　　ウィンは大きく頷いた！	
MAP85_e1_p0_2	ここから先は、ウィンダム王とお妃さまの	Past here are the bedchambers of King Windam and his queen...
MAP85_e1_p0_3	寝室だぜ　…って、	hey, you know—
MAP85_e1_p0_4	お前そんなこと知ってるだろ。あっち行った。	you already know that. Let's go.
MAP85_e4_p0_15	も、申し上げます！！	
MAP85_e4_p0_18	暗黒大陸に…また光の柱が立ちました…！！	
MAP85_e4_p0_23	…なに！？	
MAP85_e4_p0_26	…ウィン…！！	
MAP85_e5_p0_12	どこの自称天才さんの話だ？おい？	Who's this self-proclaimed genius, huh?
MAP85_e5_p0_15	げっ！いたのかピピン！！	Gah! Pipin, you're here!!
MAP85_e5_p0_16	ま、とりあえず、ウィン！がんばれよ！	Well, anyway, Win! Do your best!
MAP85_e5_p0_17	…ピピンもな。	...You too, Pipin.
MAP85_e5_p0_2	よう、ウィン。最近どうだ？	Yo, Win. How's it going?
MAP85_e5_p0_22	なんだなんだ、騎士学校トップで卒業した	What's this? You graduated top of the knight academy,
MAP85_e5_p0_23	お前が、そんなパッとしない顔して。	and you're wearing such a dull face.
MAP85_e5_p0_24	最近実家のパン食べてないのか？	Haven't been eating your folks' bread lately?
MAP85_e5_p0_7	そりゃあよかった！俺はお前ならきっと	Glad to hear it! I'm sure you'll
MAP85_e5_p0_8	騎士団長になると思ってるんだ。	become Knight Commander one day.
MAP85_e5_p0_9	あんな性格の悪い自称天才でなく…	Not some mean-spirited self-proclaimed genius like that guy...
MAP85_e5_p1_13	そうか…。	I see...
MAP85_e5_p1_14	俺はてっきりケンカでもしたのかと。	I figured you two had gotten into a fight.
MAP85_e5_p1_2	よう、ウィン。あれ、ピピンは…	Yo, Win. Huh, where's Pipin...
MAP85_e5_p1_7	うんてウィン…	Umm, Win...
MAP85_e5_p1_8	なんだお前ら、ケンカしたかー？	What's this, you two fighting?
MAP85_e5_p2_14	ちがうってなんだよ…	It's not what you think...
MAP85_e5_p2_15	おい！手を隠すなって！	Hey! Don't hide your hand!
MAP85_e5_p2_2	ウィン、聞いたぞ！	Win, I heard!
MAP85_e5_p2_3	おまえ…　紋章を継承したって…！	You... inherited the crest...!
MAP85_e5_p2_8	てことはお前…将来の騎士団長じゃねえか…	That means you... you're gonna be Knight Commander someday...
MAP85_e5_p2_9	出世早すぎるだろ！すげえな！	Talk about a fast promotion! Amazing!
MAP85_e6_p0_12	ああ。	Yeah.
MAP85_e6_p0_15	…それなら安心だ。	...Then I'm relieved.
MAP85_e6_p0_16	ピピンと一緒なら、ウィンも色々勉強に	With Pipin alongside you, Win will learn a great deal.
MAP85_e6_p0_17	なるだろう。ピピン、ウィンをよろしくな。	Pipin, take good care of Win.
MAP85_e6_p0_2	…仕事か？	...More work?
MAP85_e6_p0_22	なんでだ！仕事だろう！？	Why!? It's a mission, right!?
MAP85_e6_p0_23	まさかウイン、	Don't tell me, Win,
MAP85_e6_p0_24	お前、陛下の話を聞いてなかったのか！？	you weren't listening to His Majesty!?
MAP85_e6_p0_27	俺も聞いていた、仕事だよな？ウィン。	I heard it too. It's a mission, right, Win?
MAP85_e6_p0_28	知っていて聞いた俺が悪かったよ。	Fine, my bad for asking when I already knew.
MAP85_e6_p0_29	…しかしピピンは怒り過ぎだ。うるさい。	...But Pipin's overreacting. So loud.
MAP85_e6_p0_32	…クッ	...Ugh
MAP85_e6_p0_33	どうして俺が怒られたんだ…	Why did I get scolded...
MAP85_e6_p0_7	人食いの獣が住み着いたっていう、	A man-eating beast has moved in there, you said?
MAP85_e6_p0_8	西の監視塔か。	The West Watchtower, huh.
MAP85_e6_p0_9	ピピンも一緒なんだな？	Pipin's coming along, right?
MAP85_e6_p1_14	なら、なんでそんな難しい顔をしてるんだ？	Then why the long face?
MAP85_e6_p1_15	なあ、もしつらいことがあったら、	Hey, if something's weighing on you,
MAP85_e6_p1_16	ひとりで抱え込むんじゃないぞ…？	don't shoulder it alone, alright...?
MAP85_e6_p1_2	…また仕事か？	...Work again?
MAP85_e6_p1_7	どんな仕事かはあえて聞かないさ。	I won't bother asking what it is.
MAP85_e6_p1_8	しかし、ウィン、お前なんだか顔つきが	But Win, your expression seems different
MAP85_e6_p1_9	変わったな…。	somehow...
MAP85_e6_p2_14	すまん、冗談さ、ウィン。	Sorry, just kidding, Win.
MAP85_e6_p2_15	闇のエレメントの復活…	The revival of the Dark Element...
MAP85_e6_p2_16	止めてくれよ。お前なら、きっと出来るさ。	Come on. You've got this, I'm sure.
MAP85_e6_p2_2	これはこれは次期騎士団長どの…	Well, well, if it isn't the future Knight Commander...
MAP85_e6_p2_3	紋章の継承おめでとうございます	Congratulations on inheriting the crest
MAP85_e6_p2_8	浮かれている場合か、若造。	This is no time to be giddy, boy.
MAP85_e6_p2_9	…がんばれよ。	...Do your best.
MAP86_e15_p1_2	…ックーン！	...Yip!
MAP86_e15_p1_5	よしよし、ちゃんとメシもらってるみたいだな！	There, there, looks like you're being fed well!
MAP86_e15_p2_2	クッーン！ッっクーン！	Yip! Yip!
MAP86_e15_p2_5	しかし変な鳴き声の犬だぜ…	What a weird bark for a dog...
MAP86_e15_p3_13	…ナイフ？	...A knife?
MAP86_e15_p3_14	オマエ、一体どっからこんなモンを…？？	You, where on earth did you get something like this...??
MAP86_e15_p3_17	まあいいや、コレはオレがもらっとくぜ！	Whatever, I'll be taking this!
MAP86_e15_p3_2	フッーン！ッっフーン！	Hmph! Hmph!
MAP86_e15_p3_20	クーンックー！	Yip yip!
MAP86_e15_p3_23	　　　　ホノオはマンゴーシュを手に入れた！	Hono obtained a Main Gauche!
MAP86_e15_p3_5	しかし変な鳴き声の犬…	But what a weird bark for a dog...
MAP86_e15_p3_6	って、オマエなんでそんなモン咥えてんだ！？	Hey, why are you carrying something like that in your mouth!?
MAP86_e15_p3_9	　　　　　　ホノオは犬からそれを奪い取った！	Hono snatched it from the dog!
MAP86_e15_p4_2	クッーン！ッっクーン！	Yip! Yip!
MAP86_e15_p4_5	しかし変な鳴き声の犬だぜ…	What a weird bark for a dog...
MAP86_e33_p1_10	無事に帰ってくれ…　ホノオ。	Come home safe... Hono.
MAP86_e33_p1_13	当たり前だろ？　あ、それより、	Of course, right? Oh, anyway,
MAP86_e33_p1_14	アレ、あるか？	you still have it, don't you?
MAP86_e33_p1_17	む、なんのことだ？	Hm? What do you mean?
MAP86_e33_p1_2	おお…　遂に継承者が揃ったか…。	Oh... at last, all the inheritors are gathered...
MAP86_e33_p1_20	王に代々受け継がれる、この国の宝剣だよ。	It's the treasured sword of this kingdom, passed down through its kings.
MAP86_e33_p1_21	ちょっとばかし前倒しにして…	A little ahead of schedule...
MAP86_e33_p1_22	アレをオレにくれないか？	could you give it to me?
MAP86_e33_p1_25	無論かまわんが…	I don't mind at all, but...
MAP86_e33_p1_26	一応しきたりでは王になるときに渡すものだ。	By tradition, it's meant to be given when one becomes king.
MAP86_e33_p1_27	しかし、なぜ急ごうと思った…？	But why the hurry...?
MAP86_e33_p1_3	…暗黒大陸に渡るのだな？	...You're crossing to the Dark Continent, aren't you?
MAP86_e33_p1_30	オレ戦いだと夢中になっちまって、あと先を	When I get into a fight, I get so caught up
MAP86_e33_p1_31	考えなくなっちまうところがあるからよ…	that I stop thinking ahead, you see...
MAP86_e33_p1_34	けど…　右手に王の剣があれば…	But... if I hold the king's sword in my right hand...
MAP86_e33_p1_35	ソレを見る度に思い出せるんじゃねえかと	I figured every time I look at it,
MAP86_e33_p1_36	思ってな…　大事なことを。	I'd remember... what matters most.
MAP86_e33_p1_39	そうか…　よくわかった。	I see... I understand.
MAP86_e33_p1_42	　　　　ホノオはゾモロドネガルを受け取った！	
MAP86_e33_p1_46	ありがとよ、親父！	Thanks, Dad!
MAP86_e33_p1_47	代わりに俺のシャムシールを親父に渡そうか？	How about I give you my Shamshir in return?
MAP86_e33_p1_50	それはやめておこう。形見にもらうようで…	Better not. It'd feel like a keepsake from the dead...
MAP86_e33_p1_51	弱気になりそうだからな…。	it would make me lose heart...
MAP86_e33_p1_54	あ、そう………	Ah, right...
MAP86_e33_p1_55	じゃあ親父、ちょっくら行ってくるぜ！	Well then, Dad, I'm heading out!
MAP86_e33_p1_58	うむ、我が息子に武運を！	Indeed, may fortune favor my son in battle!
MAP86_e33_p1_6	ああ！　行ってくるぜ、親父！	Yeah! I'm off, Dad!
MAP86_e33_p1_9	そうか…　	I see...
MAP86_e33_p2_11	あたしは水の紋章の力を持つものとして、	
MAP86_e33_p2_12	当然のことをしただけです。	
MAP86_e33_p2_15	しかしフレイム王は…	
MAP86_e33_p2_16	まだお身体の具合が優れぬ様子で…	
MAP86_e33_p2_17	心配です。	
MAP86_e33_p2_2	ナガレ殿、　四天王の襲撃の際は、	
MAP86_e33_p2_20	わしのは寿命でしょうな。	
MAP86_e33_p2_21	ナガレ殿のおかげで傷はすっかり完治しておる	
MAP86_e33_p2_24	ひとり残すホノオが心配です…	
MAP86_e33_p2_25	世継ぎどころか、あやつにはいまだ妻もなく…	
MAP86_e33_p2_28	ナガレ殿のようなお強い方が、あやつの近くに	
MAP86_e33_p2_29	おってくれたなら、何の心配もないのだが…	
MAP86_e33_p2_3	本当にありがとうございました。	Thank you so much.
MAP86_e33_p2_32	あはは、そうですね。	
MAP86_e33_p2_35	親父ー？　そういうのやめろな？	
MAP86_e33_p2_6	ナガレ殿のおかげで、城の者たちの殆どが	
MAP86_e33_p2_7	いまは元気になりました。	
MAP86_e33_p2_8	このご恩、わしだけでなく皆忘れないでしょう	
MAP86_e33_p3_10	ああ…　はい、わかりました。	
MAP86_e33_p3_13	オレは？　一応次の王様なんだけど…？	
MAP86_e33_p3_2	我が兵たちにとって、ナガレ殿はいまや	
MAP86_e33_p3_3	皆の救世主、戦場の女神です。	
MAP86_e33_p3_6	よかったら兵たちに声をかけてやって下され。	
MAP86_e33_p3_7	全軍の士気がおおいに上がると思います。	
MAP86_e37_p0_2	　　　左　ホノオ王子の部屋　右　ホムラ王子の部屋	Left: Prince Hono's room  Right: Prince Homura's room
MAP86_e4_p0_2	本来次期国王は、紋章を継承したあとにすぐ	Normally, the next king must, right after inheriting the crest,
MAP86_e4_p0_3	南の遺跡へひとりで赴き、試練を果たさねば	journey alone to the Southern Ruins and complete the trial
MAP86_e4_p0_4	ならん…	—that's the rule...
MAP86_e4_p0_6	しかし最近南の遺跡に魔物が増えたのと、	But with monsters increasing in the Southern Ruins lately,
MAP86_e4_p0_7	何より王子が死んでしまうのを恐れて、	and above all fearing the prince might die,
MAP86_e4_p0_8	王は今回の試練を見送るつもりだったのだ…	the king intended to skip the trial this time...
MAP86_e5_p0_19	陛下…！！	
MAP86_e5_p0_20	お休み中失礼いたします…！	
MAP86_e5_p0_23	光の柱が…	
MAP86_e5_p0_24	ふたたび光の柱が観測されたとのことです！！	
MAP86_e5_p0_27	おお…　あの地で一体何が起こっているのか…	
MAP86_e5_p0_28	ホノオ…　無事でいてくれ…！	
MAP87_e10_p1_2	　　　　ハヤテを使えば目的地にすぐに行けるな	If we use Hayate, we'll reach our destination in no time.
MAP87_e10_p1_3	　　　　　　　　…と、ウィンは思った	...Win thought to himself.
MAP87_e10_p2_2	　　　　ハヤテを使えば目的地にすぐに行けるな	If we use Hayate, we'll reach our destination in no time.
MAP87_e10_p2_3	　　　　　　　　…と、ウィンは思った	...Win thought to himself.
MAP87_e11_p1_2	　　　　ハヤテを使えば目的地にすぐに行けるな	If we use Hayate, we'll reach our destination in no time.
MAP87_e11_p1_3	　　　　　　　　…と、ウィンは思った	...Win thought to himself.
MAP87_e11_p2_2	　　　　ハヤテを使えば目的地にすぐに行けるな	If we use Hayate, we'll reach our destination in no time.
MAP87_e11_p2_3	　　　　　　　　…と、ウィンは思った	...Win thought to himself.
MAP87_e12_p1_2	　　　　ハヤテを使えば目的地にすぐに行けるな	If we use Hayate, we'll reach our destination in no time.
MAP87_e12_p1_3	　　　　　　　　…と、ウィンは思った	...Win thought to himself.
MAP87_e12_p2_2	　　　　ハヤテを使えば目的地にすぐに行けるな	If we use Hayate, we'll reach our destination in no time.
MAP87_e12_p2_3	　　　　　　　　…と、ウィンは思った	...Win thought to himself.
MAP87_e13_p1_2	　　　　ハヤテを使えば目的地にすぐに行けるな	If we use Hayate, we'll reach our destination in no time.
MAP87_e13_p1_3	　　　　　　　　…と、ウィンは思った	...Win thought to himself.
MAP87_e13_p2_2	　　　　ハヤテを使えば目的地にすぐに行けるな	If we use Hayate, we'll reach our destination in no time.
MAP87_e13_p2_3	　　　　　　　　…と、ウィンは思った	...Win thought to himself.
MAP87_e14_p1_2	　　　　ハヤテを使えば目的地にすぐに行けるな	If we use Hayate, we'll reach our destination in no time.
MAP87_e14_p1_3	　　　　　　　　…と、ウィンは思った	...Win thought to himself.
MAP87_e14_p2_2	　　　　ハヤテを使えば目的地にすぐに行けるな	If we use Hayate, we'll reach our destination in no time.
MAP87_e14_p2_3	　　　　　　　　…と、ウィンは思った	...Win thought to himself.
MAP87_e15_p1_2	　　　　ハヤテを使えば目的地にすぐに行けるな	If we use Hayate, we'll reach our destination in no time.
MAP87_e15_p1_3	　　　　　　　　…と、ウィンは思った	...Win thought to himself.
MAP87_e15_p2_2	　　　　ハヤテを使えば目的地にすぐに行けるな	If we use Hayate, we'll reach our destination in no time.
MAP87_e15_p2_3	　　　　　　　　…と、ウィンは思った	...Win thought to himself.
MAP87_e16_p1_2	　　　　ハヤテを使えば目的地にすぐに行けるな	If we use Hayate, we'll reach our destination in no time.
MAP87_e16_p1_3	　　　　　　　　…と、ウィンは思った	...Win thought to himself.
MAP87_e16_p2_2	　　　　ハヤテを使えば目的地にすぐに行けるな	If we use Hayate, we'll reach our destination in no time.
MAP87_e16_p2_3	　　　　　　　　…と、ウィンは思った	...Win thought to himself.
MAP87_e17_p1_2	　　　　ハヤテを使えば目的地にすぐに行けるな	If we use Hayate, we'll reach our destination in no time.
MAP87_e17_p1_3	　　　　　　　　…と、ウィンは思った	...Win thought to himself.
MAP87_e17_p2_2	　　　　ハヤテを使えば目的地にすぐに行けるな	If we use Hayate, we'll reach our destination in no time.
MAP87_e17_p2_3	　　　　　　　　…と、ウィンは思った	...Win thought to himself.
MAP87_e20_p1_12	よし…　じゃあ行くか！	
MAP87_e20_p1_15	ウィン…　あんたには礼を言いたいが…	
MAP87_e20_p1_16	いまは言わないぞ。	
MAP87_e20_p1_19	オレもだ、ウィン！	
MAP87_e20_p1_2	…ここからは、ウィンと、オレたちで別行動だ	
MAP87_e20_p1_20	だって、またすぐに集まって、	
MAP87_e20_p1_21	闇のエレメントを倒さないとだからな！	
MAP87_e20_p1_27	　　　　　　　　　　ウィンは頷いた！	Win nodded!
MAP87_e20_p1_30	よし、行こう！	
MAP87_e20_p1_33	おう！！	
MAP87_e20_p1_5	出発するなら、先にここで買い物を済ませて	
MAP87_e20_p1_6	おこう。向こうに着いたらそれどころじゃない	
MAP87_e20_p1_7	可能性もあるからな。	
MAP87_e23_p0_11	…ああ…　龍よ、お守りください…！	
MAP87_e23_p0_16	ナガレーーーーーッ！！！！	
MAP87_e23_p0_5	光の…柱だ…！！	
MAP87_e53_p0_1	持ち出して役に立つようなものは何も見つけられなかった…	There was nothing worth taking with us...
MAP87_e54_p0_1	持ち出して役に立つようなものは何も見つけられなかった…	There was nothing worth taking with us...
MAP87_e60_p0_11	おーい！！	Heyyy!!
MAP87_e60_p0_15	あたしだけじゃちょっとキツイんだ…	I can't handle this on my own...
MAP87_e60_p0_16	助太刀してくれーーー！！	Give me a hand—!!
MAP87_e60_p0_20	なんかすげえヤバイ感じだな…！	This feels seriously bad...!
MAP87_e60_p0_23	とにかくトリカゼに助太刀しよう！急げ！	Either way, let's help Torikaze! Hurry!
MAP87_e60_p0_5	お、おい…　なんだこりゃあ…！	H-Hey... what the heck is this...!
MAP87_e60_p0_8	川が氾濫した！？　みんなは大丈夫なのか！？	The river flooded!? Is everyone okay!?
MAP87_e61_p1_2	いまここを離れるわけにはいかねえ！！	I can't leave here now!!
MAP87_e65_p0_12	いまいくぜー！！	
MAP87_e65_p0_4	…マハリ！！	
MAP87_e65_p0_7	ナガレ！みなさん！	
MAP87_e65_p0_8	僕だけでは勝てそうにありません！！	
MAP87_e65_p0_9	助けてください！！	
MAP87_e7_p1_2	　　　　ハヤテを使えば目的地にすぐに行けるな	If we use Hayate, we'll reach our destination in no time.
MAP87_e7_p1_3	　　　　　　　　…と、ウィンは思った	...Win thought to himself.
MAP87_e7_p2_2	　　　　ハヤテを使えば目的地にすぐに行けるな	If we use Hayate, we'll reach our destination in no time.
MAP87_e7_p2_3	　　　　　　　　…と、ウィンは思った	...Win thought to himself.
MAP87_e8_p1_2	　　　　ハヤテを使えば目的地にすぐに行けるな	If we use Hayate, we'll reach our destination in no time.
MAP87_e8_p1_3	　　　　　　　　…と、ウィンは思った	...Win thought to himself.
MAP87_e8_p2_2	　　　　ハヤテを使えば目的地にすぐに行けるな	If we use Hayate, we'll reach our destination in no time.
MAP87_e8_p2_3	　　　　　　　　…と、ウィンは思った	...Win thought to himself.
MAP87_e9_p1_2	　　　　ハヤテを使えば目的地にすぐに行けるな	If we use Hayate, we'll reach our destination in no time.
MAP87_e9_p1_3	　　　　　　　　…と、ウィンは思った	...Win thought to himself.
MAP87_e9_p2_2	　　　　ハヤテを使えば目的地にすぐに行けるな	If we use Hayate, we'll reach our destination in no time.
MAP87_e9_p2_3	　　　　　　　　…と、ウィンは思った	...Win thought to himself.
MAP88_e15_p0_11	ダハハハハハハハハーーーッ！！！！	
MAP88_e15_p0_14	なーんだ…	
MAP88_e15_p0_15	全然、自我…？　保てちゃってるんですケド…	
MAP88_e15_p0_18	…チッ！！	
MAP88_e15_p0_24	あああぁぁぁぁアアアァァーーッ…！！！	
MAP88_e15_p0_25	キ…モチ…ィイー……ッ！！！！！	
MAP88_e15_p0_28	コレはもう明らかに…	
MAP88_e15_p0_29	ボクは最強の存在になってしまったァーッ！！	
MAP88_e15_p0_32	ザーンネーーーンッ！！	
MAP88_e15_p0_33	闇インフルエンザでオマエら人間は滅び…	
MAP88_e15_p0_36	この大陸に闇の王国を築きまーーーす！！	
MAP88_e15_p0_37	そしてこの地に溢れ…満ち続ける闇の力を	
MAP88_e15_p0_38	もとに……	
MAP88_e15_p0_41	すべての世界を僕にひざまずかせる時代が	
MAP88_e15_p0_42	決定しましたーーーーー確定でーーす！！！！	
MAP88_e15_p0_45	…闇インフルエンザ…？	
MAP88_e15_p0_46	すべての人間が滅びるだと…！？	
MAP88_e15_p0_52	…ウィン！！　まだ終わっていない！！	
MAP88_e15_p0_53	顔をあげろ！！	
MAP88_e15_p0_59	このガキンチョはいまや…	
MAP88_e15_p0_60	全ての闇のエレメントパワーと一体なんだろ？	
MAP88_e15_p0_63	それなら…　闇のエレメントパワーから生じた	
MAP88_e15_p0_64	災厄のすべても…　コイツを倒せば消えるかも	
MAP88_e15_p0_65	しれん…	
MAP88_e15_p0_71	ダハハハハハ！！！！そうかもーーー！！！！	
MAP88_e15_p0_74	いまのボクは勝手に…　	
MAP88_e15_p0_75	闇のエレメントパワーを全て吸い込んでしまう	
MAP88_e15_p0_76	いわばブラックホール状態！！	
MAP88_e15_p0_79	そのボクがいなくなれば、集まったパワー…	
MAP88_e15_p0_8	フシュルウウウウゥゥゥゥゥアアーッ！！！！	
MAP88_e15_p0_80	そして集まろうとしていたパワーも…	
MAP88_e15_p0_81	全て別次元に吹き飛んでしまうと思うよ？	
MAP88_e15_p0_84	だけど無理だなあああああ！！！！	
MAP88_e15_p0_85	だって…ボクがもっとも究極の存在だから…	
MAP88_e15_p0_86	溢れるダークパワーそのものだからねーー！！	
MAP88_e15_p0_89	お喋りの時間はないと言ったろう？	
MAP88_e15_p0_90	ダフィール…　本当のラストバトルを始めよう	
MAP88_e15_p0_93	バトルになるかも怪しいなーーーー	
MAP88_e15_p0_94	そんなに時間が惜しいなら………	
MAP88_e15_p0_97	一瞬で終りにしてやルォォァァーーアア！！	
MAP88_e15_p1_11	ダハハハハハハハハーーーッ！！！！	
MAP88_e15_p1_14	なーんだ…	
MAP88_e15_p1_15	全然、自我…？　保てちゃってるんですケド…	
MAP88_e15_p1_18	…チッ！！	
MAP88_e15_p1_24	あああぁぁぁぁアアアァァーーッ…！！！	
MAP88_e15_p1_25	キ…モチ…ィイー……ッ！！！！！	
MAP88_e15_p1_28	コレはもう明らかに…	
MAP88_e15_p1_29	ボクは最強の存在になってしまったァーッ！！	
MAP88_e15_p1_32	ザーンネーーーンッ！！	
MAP88_e15_p1_33	闇インフルエンザでオマエら人間は滅び…	
MAP88_e15_p1_36	この大陸に闇の王国を築きまーーーす！！	
MAP88_e15_p1_37	そしてこの地に溢れ…満ち続ける闇の力を	
MAP88_e15_p1_38	もとに……	
MAP88_e15_p1_41	すべての世界を僕にひざまずかせる時代が	
MAP88_e15_p1_42	決定しましたーーーーー確定でーーす！！！！	
MAP88_e15_p1_45	…闇インフルエンザ…？	
MAP88_e15_p1_46	すべての人間が滅びるだと…！？	
MAP88_e15_p1_52	…ウィン！！　まだ終わっていない！！	
MAP88_e15_p1_53	顔をあげろ！！	
MAP88_e15_p1_59	このガキンチョはいまや…	
MAP88_e15_p1_60	全ての闇のエレメントパワーと一体なんだろ？	
MAP88_e15_p1_63	それなら…　闇のエレメントパワーから生じた	
MAP88_e15_p1_64	災厄のすべても…　コイツを倒せば消えるかも	
MAP88_e15_p1_65	しれん…	
MAP88_e15_p1_71	ダハハハハハ！！！！そうかもーーー！！！！	
MAP88_e15_p1_74	いまのボクは勝手に…　	
MAP88_e15_p1_75	闇のエレメントパワーを全て吸い込んでしまう	
MAP88_e15_p1_76	いわばブラックホール状態！！	
MAP88_e15_p1_79	そのボクがいなくなれば、集まったパワー…	
MAP88_e15_p1_8	フシュルウウウウゥゥゥゥゥアアーッ！！！！	
MAP88_e15_p1_80	そして集まろうとしていたパワーも…	
MAP88_e15_p1_81	全て別次元に吹き飛んでしまうと思うよ？	
MAP88_e15_p1_84	だけど無理だなあああああ！！！！	
MAP88_e15_p1_85	だって…ボクがもっとも究極の存在だから…	
MAP88_e15_p1_86	溢れるダークパワーそのものだからねーー！！	
MAP88_e15_p1_89	お喋りの時間はないと言ったろう？	
MAP88_e15_p1_90	ダフィール…　本当のラストバトルを始めよう	
MAP88_e15_p1_93	バトルになるかも怪しいなーーーー	
MAP88_e15_p1_94	そんなに時間が惜しいなら………	
MAP88_e15_p1_97	一瞬で終りにしてやルォォァァーーアア！！	
MAP88_e15_p2_7	…お前の負けだな、ダフィール。	
MAP88_e15_p3_17	愚かなことを…！！	
MAP88_e15_p3_24	何っ…　四天王が…！？	
MAP88_e15_p3_27	安心なさい、あたしらはもう消えるわ…	
MAP88_e15_p3_28	そうねえ…　今回は千年くらいかしら？	
MAP88_e15_p3_34	ダフィ夫君が完全に闇のエレメントパワーと	
MAP88_e15_p3_35	一体にならなかったことで………	
MAP88_e15_p3_38	我々もまた、一体にはなれなかった…	
MAP88_e15_p3_39	そしてまた、散り散りに飛び散って…	
MAP88_e15_p3_40	またまた復活まで長い封印状態に陥る…	
MAP88_e15_p3_43	………なら、俺たちの勝ちってことで、	
MAP88_e15_p3_44	いいんだな、四天王！！	
MAP88_e15_p3_49	そうなるわ…	
MAP88_e15_p3_50	ダフィールがここまで自分を失うことを	
MAP88_e15_p3_51	嫌がっていると知らなかった……	
MAP88_e15_p3_54	それがあたしたちの敗因かしら…	
MAP88_e15_p3_57	そう…だなあ。	
MAP88_e15_p3_63	あんたらは、またしばらくしたら復活する…	
MAP88_e15_p3_64	しかし、こいつ…	
MAP88_e15_p3_65	ダフィールはどうなんだ…？	
MAP88_e15_p3_70	さあ…　大丈夫じゃないかしら。	
MAP88_e15_p3_71	あたしたちを自分から追い出すほどに…	
MAP88_e15_p3_72	自分大好きちゃんなんだから…	
MAP88_e15_p3_75	いやーーーー！？	
MAP88_e15_p3_76	もしかしたら千年後には、ダフィ夫君こそが	
MAP88_e15_p3_77	最強の四天王になっているかも知れんぞー！？	
MAP88_e15_p3_80	私とは全く違うな、このコは。	
MAP88_e15_p3_81	こんな素直でまっすぐなコでも、	
MAP88_e15_p3_82	四天王やれるなんて知らなかったなあ！！	
MAP88_e15_p3_85	ピケピケ、あなたかなり薄くなってるわよ？	
MAP88_e15_p3_86	千年後までもつの、それ…？	
MAP88_e15_p4_11	ああ…　じゃあさすがに今回で卒業かも知れんなあ…	
MAP88_e15_p4_12	残念だけど、どのみち今回最後のつもりでいたし…	
MAP88_e15_p4_13	仕方ないなあ。	
MAP88_e15_p4_19	…そのようね。	
MAP88_e15_p4_20	なんか透けてるって段階も過ぎちゃってるし…	
MAP88_e15_p4_23	おい、あんたらのコトはどうでもいい。	
MAP88_e15_p4_24	…闇インフルエンザとかいう病気は？	
MAP88_e15_p4_25	この大陸の人間は、いまどうなっている？	
MAP88_e15_p4_32	集めた闇のエレメントパワーは飛び散って、また薄れた！！	
MAP88_e15_p4_33	ゆえに、闇の瘴気も薄まって、広まって、飛び散る！！	
MAP88_e15_p4_36	お…らく、何…問題…ない…！	
MAP88_e15_p4_37	キミ…ちは助かった……よ！　おめ……う！…！…	
MAP88_e15_p4_40	声も、あまり聞こえなくなって来ている…	
MAP88_e15_p4_41	分かりやすい死んで行き方だな…	
MAP88_e15_p4_44	あんたらこそ、急ぎなさいよ。	
MAP88_e15_p4_45	闇のエレメントパワーは急速に弱まってる。	
MAP88_e15_p4_46	つまり、紋章の力もどんどん弱まってる。	
MAP88_e15_p4_49	あのナガレとかいうサムライと…	
MAP88_e15_p4_50	火の紋章の継承者だった子…	
MAP88_e15_p4_51	いまなら助けられるわ。	
MAP88_e15_p4_57	…本当か！？	
MAP88_e15_p4_60	本………！…　…々の魔力…元は……レメ…トパワー…	
MAP88_e15_p4_61	…れ…弱ま…ば、…々の残し……法…効果も消…る…	
MAP88_e15_p4_64	…他の奴が説明してくれないか？	
MAP88_e15_p4_67	我々の魔法…　元は闇のエレメントパワー…	
MAP88_e15_p4_68	闇弱まれば…　我々の魔法の効果も消えるのだ	
MAP88_e15_p4_7	えっ！？	Huh!?
MAP88_e15_p4_71	あ、あんたが説明してくれるとは思わなかったが…	
MAP88_e15_p4_74	とにかく分かった…	
MAP88_e15_p4_75	それなら…	In that case...
MAP88_e15_p4_8	そんなに透けてる…！！！？？？	
MAP88_e15_p4_81	ウィン、いくぞ！！	
MAP88_e15_p4_89	　　　　　　　　　　ウィンは頷いた！！	
MAP88_e15_p5_2	　　　　　ダフィールはぐったりと倒れて動かない	Dafill lies limp on the ground, unmoving.
MAP88_e15_p6_14	そのままにしておけ…　オススメできないよ…	
MAP88_e15_p6_15	何が起こるか…　わたしにもわからん…	
MAP88_e15_p6_18	アドバイスはしたからな…？	
MAP88_e15_p6_19	後で文句言われても…知らないよーーーーーん	
MAP88_e15_p6_2	　　　　　ダフィールはぐったりと倒れて動かない	Dafill lies limp on the ground, unmoving.
MAP88_e15_p6_36	あっちゃー…　だから言ったのにいいいい…	
MAP88_e15_p6_40	　　闇が膨らみ　　　　　　　闇が閉じ	The darkness swells... the darkness closes
MAP88_e15_p6_41	　　　　　　　　次元が　　　　　　　　　　歪んでいく	the dimensions... warp apart
MAP88_e15_p6_5	　　　しかしよく見ると、ダフィールの口の中から	But look closely—from inside Dafill's mouth,
MAP88_e15_p6_52	　　　　　　　　闇は開き　　　　闇は広がり	the darkness opens... the darkness spreads
MAP88_e15_p6_53	　　　　次元が　　　　　　戻る	the dimensions... return
MAP88_e15_p6_6	　　　　黒いイモ虫のようなものがはみ出ている…	
MAP88_e15_p7_102	「何度も会ってるだろ！俺とお前らは！！！！	
MAP88_e15_p7_105	「……………誰ですか？	
MAP88_e15_p7_108	「お前まで分からないのか……	
MAP88_e15_p7_109	　それはなんか、ちょっとショックだろ………	
MAP88_e15_p7_112	「この際なにが出てきても驚かん…	"""At this point, nothing could surprise me..."""
MAP88_e15_p7_113	　何でもいい　さっさとかかってこい！	
MAP88_e15_p7_116	「クソ―! ムカつく奴らだぜ！	
MAP88_e15_p7_117	　ああ！もういい！！	
MAP88_e15_p7_118	　俺はバンデッドだ！！	
MAP88_e15_p7_120	バンデッド	Bandit
MAP88_e15_p7_121	「最初は新米だったが、その後熟練に至り…	
MAP88_e15_p7_122	　遂には伝説のバンデッドとなった！！	
MAP88_e15_p7_124	バンデッド	Bandit
MAP88_e15_p7_125	「いまの俺なら、もうお前たちも負けん！！	
MAP88_e15_p7_126	　伝説級の俺の強さに震えるがいい！！	
MAP88_e15_p7_132	バンデッド	Bandit
MAP88_e15_p7_133	「いいか…　終わりじゃない…	"""Listen... this isn't the end..."
MAP88_e15_p7_134	　俺は何度でも蘇って…お前らの前に現れる！	 I'll be reborn again and again... and appear before you!
MAP88_e15_p7_135	　何度でもだ…　　　　　ぐはあッ！！！！	 Again and again... GWAH!!!!
MAP88_e15_p7_14	えーと…　それはちょっと面白そうだなあ	
MAP88_e15_p7_144	　　　　　　　　闇は開き　　　　闇は広がり	the darkness opens... the darkness spreads
MAP88_e15_p7_145	　　　　次元が　　　　　　戻る	the dimensions... return
MAP88_e15_p7_15	いや！　でもオススメはできないぞ！！　キケンだ！！	
MAP88_e15_p7_18	忠告はしたぞ　最低限の親切はしたからな？	
MAP88_e15_p7_19	おそらく伝説のバトルが待っている事だろう…	
MAP88_e15_p7_2	　　　　　ダフィールはぐったりと倒れて動かない	Dafill lies limp on the ground, unmoving.
MAP88_e15_p7_36	どっちが勝つんだろう…　ちょっと楽しみ…	
MAP88_e15_p7_37	それではいってらっしゃーーーーーーい！！	
MAP88_e15_p7_41	　　闇が膨らみ　　　　　　　闇が閉じ	The darkness swells... the darkness closes
MAP88_e15_p7_42	　　　　　　　　次元が　　　　　　　　　　歪んでいく	the dimensions... warp apart
MAP88_e15_p7_5	　　　しかしよく見ると、ダフィールの口の中から	But look closely—from inside Dafill's mouth,
MAP88_e15_p7_54	「あれ？　どこだよ、ここ…？	
MAP88_e15_p7_57	「おまえら…　どうしてここにいる？	
MAP88_e15_p7_6	　　　　黒い蛇のようなものがはみ出ている…	
MAP88_e15_p7_60	「わからないよ…　一体全体何が起こって…	
MAP88_e15_p7_63	「ックックックッ…　	
MAP88_e15_p7_66	「やっぱりな…	
MAP88_e15_p7_67	　俺だけじゃなかったみたいだ…	
MAP88_e15_p7_68	　何度も戦い…　そしてここにたどり着いたのは…	
MAP88_e15_p7_71	「だ、誰だ…！？	"""Wh-Who are you...!?"""
MAP88_e15_p7_74	「まだ他にもなんかいるのか！？	
MAP88_e15_p7_76	「こんなとこ　早く出たいのに！！	
MAP88_e15_p7_79	「この際なにが出てきても驚かん…	"""At this point, nothing could surprise me..."""
MAP88_e15_p7_80	　何でもいい　さっさと出てこい！！	
MAP88_e15_p7_83	「フッ…	
MAP88_e15_p7_84	　いいだろう…そろそろ俺も…	
MAP88_e15_p7_89	「おまえらに勝てるだろうからな！！	
MAP88_e15_p7_93	「だ、誰だ…！？	"""Wh-Who are you...!?"""
MAP88_e15_p7_96	「お前それ最初のセリフと同じじゃねえか！	
MAP88_e15_p7_99	「誰だっオマエは！？	"""Who the heck are you!?"""
MAP88_e15_p8_101	「……………誰ですか？	
MAP88_e15_p8_104	「お前まで分からないのか……	
MAP88_e15_p8_105	　それはなんか、ちょっとショックだろ………	
MAP88_e15_p8_108	「この際なにが出てきても驚かん…	"""At this point, nothing could surprise me..."""
MAP88_e15_p8_109	　何でもいい　さっさとかかってこい！	
MAP88_e15_p8_112	「クソ―! ムカつく奴らだぜ！	
MAP88_e15_p8_113	　ああ！もういい！！	
MAP88_e15_p8_114	　俺はバンデッドだ！！	
MAP88_e15_p8_116	バンデッド	Bandit
MAP88_e15_p8_117	「最初は新米だったが、その後熟練に至り…	
MAP88_e15_p8_118	　遂には伝説のバンデッドとなった！！	
MAP88_e15_p8_120	バンデッド	Bandit
MAP88_e15_p8_121	「いまの俺なら、もうお前たちも負けん！！	
MAP88_e15_p8_122	　伝説級の俺の強さに震えるがいい！！	
MAP88_e15_p8_128	バンデッド	Bandit
MAP88_e15_p8_129	「いいか…　終わりじゃない…	"""Listen... this isn't the end..."
MAP88_e15_p8_130	　俺は何度でも蘇って…お前らの前に現れる！	 I'll be reborn again and again... and appear before you!
MAP88_e15_p8_131	　何度でもだ…　　　　　ぐはあッ！！！！	 Again and again... GWAH!!!!
MAP88_e15_p8_14	えーと…　まだやってるの…？	
MAP88_e15_p8_140	　　　　　　　　闇は開き　　　　闇は広がり	the darkness opens... the darkness spreads
MAP88_e15_p8_141	　　　　次元が　　　　　　戻る	the dimensions... return
MAP88_e15_p8_15	さすがにもう何も用意してないんだけど…	
MAP88_e15_p8_18	ではでは伝説のバトルへどうぞ…	
MAP88_e15_p8_19	もうよくない？	
MAP88_e15_p8_2	　　　　　ダフィールはぐったりと倒れて動かない	Dafill lies limp on the ground, unmoving.
MAP88_e15_p8_37	　　闇が膨らみ　　　　　　　闇が閉じ	The darkness swells... the darkness closes
MAP88_e15_p8_38	　　　　　　　　次元が　　　　　　　　　　歪んでいく	the dimensions... warp apart
MAP88_e15_p8_5	　　　しかしよく見ると、ダフィールの口の中から	But look closely—from inside Dafill's mouth,
MAP88_e15_p8_50	「あれ？　どこだよ、ここ…？	
MAP88_e15_p8_53	「おまえら…　どうしてここにいる？	
MAP88_e15_p8_56	「わからないよ…　一体全体何が起こって…	
MAP88_e15_p8_59	「ックックックッ…　	
MAP88_e15_p8_6	　　　　黒い蛇のようなものがはみ出ている…	
MAP88_e15_p8_62	「やっぱりな…	
MAP88_e15_p8_63	　俺だけじゃなかったみたいだ…	
MAP88_e15_p8_64	　何度も戦い…　そしてここにたどり着いたのは…	
MAP88_e15_p8_67	「だ、誰だ…！？	"""Wh-Who are you...!?"""
MAP88_e15_p8_70	「まだ他にもなんかいるのか！？	
MAP88_e15_p8_72	「こんなとこ　早く出たいのに！！	
MAP88_e15_p8_75	「この際なにが出てきても驚かん…	"""At this point, nothing could surprise me..."""
MAP88_e15_p8_76	　何でもいい　さっさと出てこい！！	
MAP88_e15_p8_79	「フッ…	
MAP88_e15_p8_80	　いいだろう…そろそろ俺も…	
MAP88_e15_p8_85	「おまえらに勝てるだろうからな！！	
MAP88_e15_p8_89	「だ、誰だ…！？	"""Wh-Who are you...!?"""
MAP88_e15_p8_92	「お前それ最初のセリフと同じじゃねえか！	
MAP88_e15_p8_95	「誰だっオマエは！？	"""Who the heck are you!?"""
MAP88_e15_p8_98	「何度も会ってるだろ！俺とお前らは！！！！	
MAP88_e15_p9_2	　　　　　ダフィールはぐったりと倒れて動かない	Dafill lies limp on the ground, unmoving.
MAP88_e16_p1_11	　　　　　　　ナウーは小さく頷いた	
MAP88_e16_p1_17	　　　　　　　ウィンも小さく頷いた	
MAP88_e17_p2_2	…さようなら、ウィン君、ピピン君！！	
MAP88_e18_p0_14	　　　　　　　　　制作・開発　　ＷＧＴ	
MAP88_e1_p1_10	なんだか、また会える気がする…	
MAP88_e1_p1_11	だからさよならは言わないわ。	
MAP88_e1_p1_12	さあ、早く行きなさいよ？	
MAP88_e1_p1_2	…早く行きなさいよ、何してるの？	
MAP88_e1_p1_3	心配しなくてもあたしたちは直ぐに消えるわ。	
MAP88_e1_p1_6	次に復活するときに、	
MAP88_e1_p1_7	あなたたちはもういないけれど…	
MAP89_e2_p0_5	　　　　　もう進むしかないとウィンは思った	
MAP89_e3_p0_10	キュアポーションを手に入れた！	
MAP89_e3_p2_10	キュアポーションを手に入れた！	
MAP89_e4_p0_10	ショックポーションを手に入れた！	
MAP89_e4_p2_10	ショックポーションを手に入れた！	
MAP89_e5_p0_11	　　　　　　　ヒールポーションを手に入れた！	Obtained a Heal Potion!
MAP89_e5_p2_11	　　　　　　　ヒールポーションを手に入れた！	Obtained a Heal Potion!
MAP90_e24_p0_2	俺は歴戦の勇士なんで、こんな任務軽いっすよ	
MAP90_e25_p0_2	どうも状態異常使ってくる魔物が多いね。	
MAP90_e25_p0_3	万金丹を多めに買っておいた方がよさそっす。	
MAP90_e26_p0_2	ライスボールとか万金丹とか、売っている街で	
MAP90_e26_p0_3	微妙に値段違うの知ってるか？	
MAP90_e26_p0_4	びっくりしたよー	
MAP90_e28_p0_2	この前セイリューの錬金術師の店に行ったら、	
MAP90_e28_p0_3	ちょっと割引してましたよ？	
MAP90_e28_p0_4	行ってみてくださいっす。	
MAP90_e29_p0_2	紋章の継承者だと、暗黒大陸の病気が効かない	
MAP90_e29_p0_3	って本当か？　羨ましいな…	
MAP90_e29_p0_4	誰も見たことのない土地へ行けるんだからな。	
MAP90_e5_p0_102	　　　　　　シナリオライター　西園寺ハムカツ	
MAP90_e5_p0_85	おお！！　全員生きて帰ったのか…！！	
MAP90_e5_p0_86	なんとめでたいのだあああああああああ！！！	
MAP90_e5_p0_89	よう、サクソンのおっさん！！	
MAP90_e5_p0_90	橋の守り、ご苦労様だったぜー！！	
MAP90_e5_p0_93	良かった、ここのみんなも無事みたいだな。	
MAP90_e7_p0_13	騎士団のみんな、橋の警備よろしくな！	
MAP90_e7_p0_2	け、継承者の皆様に…敬礼！	
MAP90_e7_p0_7	おっ！　なんだそれ！	
MAP90_e7_p0_8	騎士団はそうやってあいさつすんのか！？	
MAP90_e8_p0_2	継承者御一行様、お通りー！	
MAP91_e10_p1_2	　　　　ハヤテを使えば目的地にすぐに行けるな	If we use Hayate, we'll reach our destination in no time.
MAP91_e10_p1_3	　　　　　　　　…と、ウィンは思った	...Win thought to himself.
MAP91_e10_p2_2	　　　　ハヤテを使えば目的地にすぐに行けるな	If we use Hayate, we'll reach our destination in no time.
MAP91_e10_p2_3	　　　　　　　　…と、ウィンは思った	...Win thought to himself.
MAP91_e11_p1_2	　　　　ハヤテを使えば目的地にすぐに行けるな	If we use Hayate, we'll reach our destination in no time.
MAP91_e11_p1_3	　　　　　　　　…と、ウィンは思った	...Win thought to himself.
MAP91_e11_p2_2	　　　　ハヤテを使えば目的地にすぐに行けるな	If we use Hayate, we'll reach our destination in no time.
MAP91_e11_p2_3	　　　　　　　　…と、ウィンは思った	...Win thought to himself.
MAP91_e12_p1_2	　　　　ハヤテを使えば目的地にすぐに行けるな	If we use Hayate, we'll reach our destination in no time.
MAP91_e12_p1_3	　　　　　　　　…と、ウィンは思った	...Win thought to himself.
MAP91_e12_p2_2	　　　　ハヤテを使えば目的地にすぐに行けるな	If we use Hayate, we'll reach our destination in no time.
MAP91_e12_p2_3	　　　　　　　　…と、ウィンは思った	...Win thought to himself.
MAP91_e13_p1_2	　　　　ハヤテを使えば目的地にすぐに行けるな	If we use Hayate, we'll reach our destination in no time.
MAP91_e13_p1_3	　　　　　　　　…と、ウィンは思った	...Win thought to himself.
MAP91_e13_p2_2	　　　　ハヤテを使えば目的地にすぐに行けるな	If we use Hayate, we'll reach our destination in no time.
MAP91_e13_p2_3	　　　　　　　　…と、ウィンは思った	...Win thought to himself.
MAP91_e14_p1_2	　　　　ハヤテを使えば目的地にすぐに行けるな	If we use Hayate, we'll reach our destination in no time.
MAP91_e14_p1_3	　　　　　　　　…と、ウィンは思った	...Win thought to himself.
MAP91_e14_p2_2	　　　　ハヤテを使えば目的地にすぐに行けるな	If we use Hayate, we'll reach our destination in no time.
MAP91_e14_p2_3	　　　　　　　　…と、ウィンは思った	...Win thought to himself.
MAP91_e15_p1_2	　　　　ハヤテを使えば目的地にすぐに行けるな	If we use Hayate, we'll reach our destination in no time.
MAP91_e15_p1_3	　　　　　　　　…と、ウィンは思った	...Win thought to himself.
MAP91_e15_p2_2	　　　　ハヤテを使えば目的地にすぐに行けるな	If we use Hayate, we'll reach our destination in no time.
MAP91_e15_p2_3	　　　　　　　　…と、ウィンは思った	...Win thought to himself.
MAP91_e16_p1_2	　　　　ハヤテを使えば目的地にすぐに行けるな	If we use Hayate, we'll reach our destination in no time.
MAP91_e16_p1_3	　　　　　　　　…と、ウィンは思った	...Win thought to himself.
MAP91_e16_p2_2	　　　　ハヤテを使えば目的地にすぐに行けるな	If we use Hayate, we'll reach our destination in no time.
MAP91_e16_p2_3	　　　　　　　　…と、ウィンは思った	...Win thought to himself.
MAP91_e17_p1_2	　　　　ハヤテを使えば目的地にすぐに行けるな	If we use Hayate, we'll reach our destination in no time.
MAP91_e17_p1_3	　　　　　　　　…と、ウィンは思った	...Win thought to himself.
MAP91_e17_p2_2	　　　　ハヤテを使えば目的地にすぐに行けるな	If we use Hayate, we'll reach our destination in no time.
MAP91_e17_p2_3	　　　　　　　　…と、ウィンは思った	...Win thought to himself.
MAP91_e23_p0_101	クッ………	
MAP91_e23_p0_102	じゃあ、そこのピンクのやムラサキの…	
MAP91_e23_p0_105	あたしのこと言ってんのかい？	
MAP91_e23_p0_106	ふざけんな、あたしは鍛冶屋の娘だよ！	
MAP91_e23_p0_109	セイリューでは当主の一族しか継承しては	
MAP91_e23_p0_110	いけない決まりです。ピピンさんの場合は	
MAP91_e23_p0_111	非常時ですから仕方ないとしても…	
MAP91_e23_p0_114	次の継承者となるとやはり…	
MAP91_e23_p0_115	ナガレの子どもになりますかねえ…。	
MAP91_e23_p0_118	じゃ、じゃあナガレ、早く子どもを作れ…	
MAP91_e23_p0_119	一刻も早くこの紋章を…	
MAP91_e23_p0_12	よう…帰った…　よう帰ったな、ナガレ！	
MAP91_e23_p0_122	バカ！　まだ相手もいないってのに、	
MAP91_e23_p0_123	どうやって作るんだよ！？	
MAP91_e23_p0_126	まあ、しばらくはあんたが持っていてくれ。	
MAP91_e23_p0_127	その間、こっちでも色々考えてみるからさ！	
MAP91_e23_p0_130	水の紋章…いましばらくお預け致しますぞ、	
MAP91_e23_p0_131	ピピン殿！！	
MAP91_e23_p0_134	クッ………！！	
MAP91_e23_p0_139	　　　　　　　ゲームデザイン　西園寺ハムカツ	
MAP91_e23_p0_15	おかえりなさい！	
MAP91_e23_p0_20	ナガレ―！！　心配したんだぞー！！	
MAP91_e23_p0_21	よかったー！！　よかったナガレー！！	
MAP91_e23_p0_26	すごいよ…　すごいよナガレ！！	
MAP91_e23_p0_27	やっぱりナガレはすごいよ！！	
MAP91_e23_p0_30	お、オレたちも結構がんばったぜ…！！	
MAP91_e23_p0_39	もちろんですじゃ！	
MAP91_e23_p0_40	継承者の方々、皆さまもご苦労様じゃった！	
MAP91_e23_p0_43	へへへ、サンキュー！！	
MAP91_e23_p0_46	…感動の再会中に悪いが…	
MAP91_e23_p0_49	…ナガレ。別れる前に、水の紋章を返したい。	
MAP91_e23_p0_50	左手を出せ。	
MAP91_e23_p0_56	…え？　ああ、でも…	
MAP91_e23_p0_62	おい、ちょっと待て！	
MAP91_e23_p0_65	…もしかして、あんた知らないのか？	
MAP91_e23_p0_68	ハ…？　…何をだ？	
MAP91_e23_p0_71	一度継承者になった奴は、ふたたび紋章を	
MAP91_e23_p0_72	継承出来ないんだよ。	
MAP91_e23_p0_75	ああ、やっぱりそうなのか。	
MAP91_e23_p0_76	セイリューの言い伝えでもそうなんだよ。	
MAP91_e23_p0_79	な…んだと…？	
MAP91_e23_p0_8	オタキ様、姉さま、みんな…	
MAP91_e23_p0_80	本当なのか…！？	
MAP91_e23_p0_83	ああ。	Yeah.
MAP91_e23_p0_86	そ、そんなのは困るぞ…。	
MAP91_e23_p0_87	おい、ナガレ！　お前のばあさんや姉さん…	
MAP91_e23_p0_88	なんでもいい…　ほかに家族はいないのか！？	
MAP91_e23_p0_9	…ただいま帰りました！！	
MAP91_e23_p0_91	オタキ様もシズク様も、既に元継承者だし…	
MAP91_e23_p0_92	そもそもふたりの年齢と病気があったから、	
MAP91_e23_p0_93	あたしが継承したんだぞ？	
MAP91_e23_p0_96	もしふたりが紋章を継承できるのだとしても…	
MAP91_e23_p0_97	無暗に負担を強いる事になる。	
MAP91_e23_p0_98	だから、あたしは許可しない。	
MAP91_e60_p0_11	おーい！！	Heyyy!!
MAP91_e60_p0_15	あたしだけじゃちょっとキツイんだ…	I can't handle this on my own...
MAP91_e60_p0_16	助太刀してくれーーー！！	Give me a hand—!!
MAP91_e60_p0_20	なんかすげえヤバイ感じだな…！	This feels seriously bad...!
MAP91_e60_p0_23	とにかくトリカゼに助太刀しよう！急げ！	Either way, let's help Torikaze! Hurry!
MAP91_e60_p0_5	お、おい…　なんだこりゃあ…！	H-Hey... what the heck is this...!
MAP91_e60_p0_8	川が氾濫した！？　みんなは大丈夫なのか！？	The river flooded!? Is everyone okay!?
MAP91_e61_p1_2	いまここを離れるわけにはいかねえ！！	I can't leave here now!!
MAP91_e7_p1_2	　　　　ハヤテを使えば目的地にすぐに行けるな	If we use Hayate, we'll reach our destination in no time.
MAP91_e7_p1_3	　　　　　　　　…と、ウィンは思った	...Win thought to himself.
MAP91_e7_p2_2	　　　　ハヤテを使えば目的地にすぐに行けるな	If we use Hayate, we'll reach our destination in no time.
MAP91_e7_p2_3	　　　　　　　　…と、ウィンは思った	...Win thought to himself.
MAP91_e8_p1_2	　　　　ハヤテを使えば目的地にすぐに行けるな	If we use Hayate, we'll reach our destination in no time.
MAP91_e8_p1_3	　　　　　　　　…と、ウィンは思った	...Win thought to himself.
MAP91_e8_p2_2	　　　　ハヤテを使えば目的地にすぐに行けるな	If we use Hayate, we'll reach our destination in no time.
MAP91_e8_p2_3	　　　　　　　　…と、ウィンは思った	...Win thought to himself.
MAP91_e9_p1_2	　　　　ハヤテを使えば目的地にすぐに行けるな	If we use Hayate, we'll reach our destination in no time.
MAP91_e9_p1_3	　　　　　　　　…と、ウィンは思った	...Win thought to himself.
MAP91_e9_p2_2	　　　　ハヤテを使えば目的地にすぐに行けるな	If we use Hayate, we'll reach our destination in no time.
MAP91_e9_p2_3	　　　　　　　　…と、ウィンは思った	...Win thought to himself.
MAP92_e15_p1_2	…ックーン！	...Yip!
MAP92_e15_p1_5	よしよし、ちゃんとメシもらってるみたいだな！	There, there, looks like you're being fed well!
MAP92_e15_p2_2	クッーン！ッっクーン！	Yip! Yip!
MAP92_e15_p2_5	しかし変な鳴き声の犬だぜ…	What a weird bark for a dog...
MAP92_e15_p3_13	…ナイフ？	...A knife?
MAP92_e15_p3_14	オマエ、一体どっからこんなモンを…？？	You, where on earth did you get something like this...??
MAP92_e15_p3_17	まあいいや、コレはオレがもらっとくぜ！	Whatever, I'll be taking this!
MAP92_e15_p3_2	フッーン！ッっフーン！	Hmph! Hmph!
MAP92_e15_p3_20	クーンックー！	Yip yip!
MAP92_e15_p3_23	　　　　ホノオはマンゴーシュを手に入れた！	Hono obtained a Main Gauche!
MAP92_e15_p3_5	しかし変な鳴き声の犬…	But what a weird bark for a dog...
MAP92_e15_p3_6	って、オマエなんでそんなモン咥えてんだ！？	Hey, why are you carrying something like that in your mouth!?
MAP92_e15_p3_9	　　　　　　ホノオは犬からそれを奪い取った！	Hono snatched it from the dog!
MAP92_e15_p4_2	クッーン！ッっクーン！	Yip! Yip!
MAP92_e15_p4_5	しかし変な鳴き声の犬だぜ…	What a weird bark for a dog...
MAP92_e1_p0_2	本来次期国王は、紋章を継承したあとにすぐ	Normally, the next king must, right after inheriting the crest,
MAP92_e1_p0_3	南の遺跡へひとりで赴き、試練を果たさねば	journey alone to the Southern Ruins and complete the trial
MAP92_e1_p0_4	ならん…	—that's the rule...
MAP92_e1_p0_6	しかし最近南の遺跡に魔物が増えたのと、	But with monsters increasing in the Southern Ruins lately,
MAP92_e1_p0_7	何より王子が死んでしまうのを恐れて、	and above all fearing the prince might die,
MAP92_e1_p0_8	王は今回の試練を見送るつもりだったのだ…	the king intended to skip the trial this time...
MAP92_e1_p1_10	王子、必ず生きてお帰り下さい。	Prince, please come back alive, I beg you.
MAP92_e1_p1_13	お、おい…急になんかそういうの、よそうよ…	H-Hey... let's not suddenly get all... you know...
MAP92_e1_p1_14	ちょっと、キツイ…	It's a bit much...
MAP92_e1_p1_2	ホノオ王子、行かれるのですな。	Prince Hono, so you're leaving.
MAP92_e1_p1_5	当たり前だろ！オレは火の紋章の勇者様だぜ！	Of course! I'm the hero of the Fire Crest!
MAP92_e1_p1_8	とても、誇らしく、胸高鳴る思いです。	It fills me with pride and a racing heart.
MAP92_e1_p1_9	しかし…同時につらくてたまりません…。	But... at the same time, it hurts so much...
MAP92_e1_p2_10	よかったら世話は私にお任せください！	If you like, please leave his care to me!
MAP92_e1_p2_13	犬を見たことなかったのか…	Have you never seen a dog before...?
MAP92_e1_p2_2	ホノオ王子！あの犬は一体なんですか！？	Prince Hono! What on earth is that dog!?
MAP92_e1_p2_5	なにって…　犬は犬だろ？	What? A dog's a dog, right?
MAP92_e1_p2_8	とてもふさふさですし…	It's so fluffy...
MAP92_e1_p2_9	しかも賢いんですね…。	And clever, too...
MAP92_e2_p0_2	私も試練には反対したのだが…	I opposed the trial as well, but...
MAP92_e2_p0_3	ホノオ王子は勝手に行ってしまった。	Prince Hono went off on his own.
MAP92_e2_p0_4	まったく…思慮の浅いお方で頭が痛い…。	Good grief... that thoughtless boy gives me a headache...
MAP92_e2_p1_2	王子…ウィン殿たちお仲間の言うことを	Prince... listen well to Sir Win and the others,
MAP92_e2_p1_3	よく聞いて…あと…決してひとりで勝手な	and above all... never take reckless action
MAP92_e2_p1_4	行動をしないように。いいですね？	on your own. Understood?
MAP92_e2_p1_7	おいおい、他に言うことないか？	Come on, is that all you have to say?
MAP92_e2_p1_8	オレはこどもか！？	Am I a child!?
MAP92_e37_p0_2	　　　左　ホノオ王子の部屋　右　ホムラ王子の部屋	Left: Prince Hono's room  Right: Prince Homura's room
MAP92_e6_p0_102	…俺が信頼している人間なんて、いないぞ…？	
MAP92_e6_p0_103	せいぜいウィンや…あんたらくらいだ…	
MAP92_e6_p0_106	…お、俺はどうすればいいんだ…	
MAP92_e6_p0_107	何かいい案はないのか！？	
MAP92_e6_p0_11	帰ったぜ！　親父！！	
MAP92_e6_p0_110	…んなこと言われてもな…	
MAP92_e6_p0_113	だからよ…　悪いとは思うんだが…	
MAP92_e6_p0_114	あんた、結構長いこと、継承者のままだぜ！！	
MAP92_e6_p0_117	………ッ	......Hmph
MAP92_e6_p0_120	ピピン殿…　どうかホノオに世継ぎが誕生し…	
MAP92_e6_p0_121	育つまで、火の紋章をお預かりいただきたい。	
MAP92_e6_p0_124	困るんだがな…。	
MAP92_e6_p0_127	もし…！　ピピン殿がどうしても紋章を	
MAP92_e6_p0_128	手放したいとお思いであれば…、他の者に継承	
MAP92_e6_p0_129	してもらっても構わん。	
MAP92_e6_p0_132	なっ…	
MAP92_e6_p0_137	お、親父！？	
MAP92_e6_p0_140	ホノオ…お前も継承者になり、今回の戦いを	
MAP92_e6_p0_141	終えたなら、分かるはず…	
MAP92_e6_p0_144	紋章を継承するということは…	
MAP92_e6_p0_145	重い使命を負うこと。	
MAP92_e6_p0_146	王の責務と同時に負えるような軽い物ではない	
MAP92_e6_p0_149	…そう…　かも知れねえ。	
MAP92_e6_p0_150	俺はたまたま戦士だったから何とかなった…。	
MAP92_e6_p0_151	もしアニキが継承していたらと考えると…	
MAP92_e6_p0_157	紋章は、最も優れた戦士にこそ継承しなければ	
MAP92_e6_p0_158	ならん…　わしはそれがこの度よくわかった。	
MAP92_e6_p0_161	そしてピピン殿…	
MAP92_e6_p0_162	あなたはまさに、最も優れた戦士だ。	
MAP92_e6_p0_165	本来、我々ではなく、あなたにこそ…	
MAP92_e6_p0_166	紋章の未来を決める資格があるのだ。	
MAP92_e6_p0_17	おお…！！　ホノオ！！	
MAP92_e6_p0_172	すぐに、その決心をつけろとは言わん…。	
MAP92_e6_p0_173	時間はたっぷりとあるのだ。	
MAP92_e6_p0_174	考えてもらえまいか…？	
MAP92_e6_p0_177	……はあ…	
MAP92_e6_p0_18	よくぞ帰った！！	
MAP92_e6_p0_182	　       　　　　　総監督　　　まりも	
MAP92_e6_p0_21	お帰りなさいませ、ホノオ王子！！	
MAP92_e6_p0_22	いやあ、立派になられましたな！！	
MAP92_e6_p0_27	元々立派だっつーの！！	
MAP92_e6_p0_30	それには同意できませんが…	
MAP92_e6_p0_31	以前とは違う風格のようなものを、	
MAP92_e6_p0_32	確かに備えられましたな…。	
MAP92_e6_p0_37	今日くらい悪口入れずに褒めてくれよ…	
MAP92_e6_p0_40	いや、ホノオ！	
MAP92_e6_p0_41	お前は既に、フレイム王に相応しい男だ！	
MAP92_e6_p0_46	へへ、親父はちっと褒めすぎだな！	
MAP92_e6_p0_49	わしもそろそろ身体が言うことを聞かん…	
MAP92_e6_p0_50	ならばこれを機に、お前に王位を継承したいと	
MAP92_e6_p0_51	考えているのだ…	
MAP92_e6_p0_54	ちょ、ちょっと待ってくれよ親父！	
MAP92_e6_p0_55	そんなに具合が悪いのか！？	
MAP92_e6_p0_58	今日は調子がよく、こうして立っているが…	
MAP92_e6_p0_59	昨日まではずっと寝たきりだった…	
MAP92_e6_p0_60	いまのわしに王の仕事は務まらんのだ。	
MAP92_e6_p0_63	そ、そうだったのか…	
MAP92_e6_p0_64	スマン、親父…　オレ全然気づかなかったぜ…	
MAP92_e6_p0_67	…大事な話をしているところ悪いが…	
MAP92_e6_p0_72	…俺の火の紋章をフレイムに返したい。	
MAP92_e6_p0_73	しかしどうも…　	
MAP92_e6_p0_76	うむ…。わしは勿論一度継承しておる…	
MAP92_e6_p0_77	そして一族もわしとホノオしかおらぬのでな。	
MAP92_e6_p0_80	…どうすれば…？	
MAP92_e6_p0_83	オレの子どもが出来るまで持っていてくれ！	
MAP92_e6_p0_86	…クッ！　やっぱりか…！	
MAP92_e6_p0_89	ていうかよー…	
MAP92_e6_p0_90	もしオレに、ナガレでも同じだけどさ、	
MAP92_e6_p0_91	子どもが出来たとしても…	
MAP92_e6_p0_94	すぐには継承できないぞ？	
MAP92_e6_p0_95	だって、継承はこころから信頼している相手に	
MAP92_e6_p0_96	しか出来ないからな。	
MAP92_e6_p0_99	…な、んだと…！！！？	
MAP93_e10_p0_100	申せ！　ピピン！	
MAP93_e10_p0_103	…俺は前から思っていた。	
MAP93_e10_p0_104	なぜ、継承者は必ず騎士団長にならねば	
MAP93_e10_p0_105	ならないのか…。	
MAP93_e10_p0_108	騎士団長は、兵たち全てをまとめあげ、	
MAP93_e10_p0_109	城や街の守りを日々管理、監督せねばならん…	
MAP93_e10_p0_110	身体よりも頭を使う仕事だ。	
MAP93_e10_p0_113	その点、継承者は、戦士であればいい。	
MAP93_e10_p0_114	いざとなったときに、闇の力と戦う為に、	
MAP93_e10_p0_115	強いものがならねばならん…それなら…	
MAP93_e10_p0_118	騎士団長と継承者は…求められる能力が違う	
MAP93_e10_p0_119	のだから、別々の者がやればいいと俺は思う。	
MAP93_e10_p0_122	ウィンはこのままで問題ない…。	
MAP93_e10_p0_123	頭もよく経験豊富なロイ…	
MAP93_e10_p0_124	あんたが騎士団長のままでいいだろう。	
MAP93_e10_p0_127	…ほう。	
MAP93_e10_p0_130	確かに…	
MAP93_e10_p0_131	騎士団長の仕事だけを考えれば、	
MAP93_e10_p0_132	継承者を無理に団長に据える必要はない！	
MAP93_e10_p0_137	…陛下	
MAP93_e10_p0_140	ちなみに、これはフレイム王も	
MAP93_e10_p0_141	言っていたことだ。	
MAP93_e10_p0_146	なに！？　フレイムの王が！？	
MAP93_e10_p0_149	フレイム王は俺に、火の紋章の継承者選びを	
MAP93_e10_p0_15	ウィンをはじめ、継承者の者たちの働きにより	
MAP93_e10_p0_150	俺に任せると言った…。	
MAP93_e10_p0_151	必ずしも王族が継承する必要はないと…。	
MAP93_e10_p0_154	つまり…いまや紋章は権力の象徴ではない…	
MAP93_e10_p0_155	本当に強く、持ち主が信頼できる者に受けつぐ	
MAP93_e10_p0_156	べきものだとな…。	
MAP93_e10_p0_16	見事、闇の復活は阻止された…	
MAP93_e10_p0_160	なるほどな…　お前の話、よくわかった。	
MAP93_e10_p0_166	こうなれば…陛下、よろしいですな。	
MAP93_e10_p0_169	うむ…　最早お前の好きにするがいい！	
MAP93_e10_p0_175	では、ウィンよ。	
MAP93_e10_p0_176	お前はいまのまま、継承者でありながら、	
MAP93_e10_p0_177	一般の騎士として勤めるがいい。	
MAP93_e10_p0_180	しかし、ピピンの担当していた騎士隊長の座が	
MAP93_e10_p0_181	空いている…　それをお前に任せる！	
MAP93_e10_p0_187	　　　　　　　　　　ウィンは頷いた	Win nodded
MAP93_e10_p0_19	よくやってくれたぞ！！	
MAP93_e10_p0_192	………よかったな、ウィン。	
MAP93_e10_p0_20	ウィン、ピピン！！	
MAP93_e10_p0_200	…話はついたようだな。	
MAP93_e10_p0_201	なら、俺はこれで失礼する。	
MAP93_e10_p0_202	陛下…　騎士団長…　色々世話になりました…	
MAP93_e10_p0_208	…がんばれよ、騎士隊長殿。	
MAP93_e10_p0_209	ん？…これからの俺について、気になるのか？	
MAP93_e10_p0_212	…暗黒大陸に行こうと思っている。	
MAP93_e10_p0_213	俺なら、闇の瘴気の影響も受けないしな。	
MAP93_e10_p0_214	あそこに他に何があるのかを調べたいんだ。	
MAP93_e10_p0_220	おいおい…心配するなよ…	
MAP93_e10_p0_221	俺を誰だと思ってるんだ？	
MAP93_e10_p0_227	じゃあな、ウィン。	
MAP93_e10_p0_239	どこへ行くつもりだ、騎士ピピン？	
MAP93_e10_p0_247	…なんだって？	...What did you say?
MAP93_e10_p0_250	話は終わっていない…	
MAP93_e10_p0_251	これは、お前の始めた話だ。	
MAP93_e10_p0_254	戦士である継承者と…頭脳を使う騎士団長は、	
MAP93_e10_p0_255	別のものが務める方がいいのだろう？	
MAP93_e10_p0_262	…ああ。	...Yeah.
MAP93_e10_p0_265	であれば…　俺と同じか…それ以上に	
MAP93_e10_p0_266	頭の切れる騎士がいる…	
MAP93_e10_p0_269	その者は頭がいいだけではなく、暗黒大陸に	
MAP93_e10_p0_270	ひとりで向かい、窮地の継承者たちを救い、	
MAP93_e10_p0_271	闇の復活を阻止した…実績も申し分ない騎士だ	
MAP93_e10_p0_274	…あんた、まさか…	
MAP93_e10_p0_277	…まさか？	
MAP93_e10_p0_278	何を言う…　お前の言葉に従えば、俺の判断も	
MAP93_e10_p0_279	至極当然のものだろう。	
MAP93_e10_p0_284	では…　陛下、お願いします。	
MAP93_e10_p0_287	うむ！！！！	
MAP93_e10_p0_29	闇の復活を阻止した継承者であるウィン！！	
MAP93_e10_p0_30	そなたの功績を称え、それに応えるには…	
MAP93_e10_p0_301	騎士ピピンを、ウィンダム騎士団長に命ずる！	
MAP93_e10_p0_306	…な…んだと…！？	
MAP93_e10_p0_312	ピピン…やってくれるな？	
MAP93_e10_p0_315	…いや、本当にいいのか…？	
MAP93_e10_p0_316	だって、俺は………	
MAP93_e10_p0_327	ウィン…	Win...
MAP93_e10_p0_33	お前を騎士団長に任命せねばなるまい！	
MAP93_e10_p0_330	騎士団長ピピン！！　継承者ウィン！！	
MAP93_e10_p0_331	ふたりでこれからも我がウィンダム王国を	
MAP93_e10_p0_332	支えてくれ！！	
MAP93_e10_p0_34	ウィンをこれより、ウィンダム騎士団長に	
MAP93_e10_p0_342	　　　　　　　　ウィンは大きく頷いた！！	
MAP93_e10_p0_345	…どうしてお前は…	
MAP93_e10_p0_346	そんなに嬉しそうなんだ…？　ウィン…	
MAP93_e10_p0_35	任命する！！	
MAP93_e10_p0_356	　　　　　　　制作ツール　ＲＰＧツクールＭＶ	
MAP93_e10_p0_360	　　　　　　　　　　使用プラグイン作者様	
MAP93_e10_p0_363	　　　　　   EnemyBreathing        Yana様	
MAP93_e10_p0_365	　　　　　　　  TurnWindow         Yana様	
MAP93_e10_p0_367	　　　　KZR_WindowStatusInBattle   ぶちょー様	
MAP93_e10_p0_369	　　　　　　BattleBalaneCustom   　木星ペンギン様	
MAP93_e10_p0_371	　　　　　PD_AdjustCharaSprite     しおいぬ様	
MAP93_e10_p0_373	　　　　　　　MakeScreenCapture　　トリアコンタン様	
MAP93_e10_p0_375	　　　　　　　　　　RetryBattle　　トリアコンタン様	
MAP93_e10_p0_377	           UCHU_MobileOperation    uchuzine様	
MAP93_e10_p0_380	　　　　　　　　　使用タイルセット作者様	
MAP93_e10_p0_382	　　　　　　　　MV_hc_tilesets　　　リクドウ様	
MAP93_e10_p0_384	　　　　　　　　　　和風素材　　　　コミュ将様	
MAP93_e10_p0_387	　　　　主人公たちの顔グラフィック　文目ゆうき様	
MAP93_e10_p0_393	　　　　　　　　　　　【エレサガ大王】	
MAP93_e10_p0_394	　　　　　　　　　　　　むにゃ　様	
MAP93_e10_p0_395	　　　　　　(はじまりの二周目裏ボス撃破したもの)	
MAP93_e10_p0_404	　　　　　　　　　　　オリジナル版	
MAP93_e10_p0_406	　　　　　　　2002年　エレメンタルストーリー	
MAP93_e10_p0_408	　　　　　　　　制作ツール　RPGツクール5	
MAP93_e10_p0_41	…急ですまんな、ウィン。	
MAP93_e10_p0_413	　　　　　　　　　　　　リメイク版	
MAP93_e10_p0_415	　　　　　　2019年　エレサガ　Elemental Saga　	
MAP93_e10_p0_417	　　　　　　　　制作ツール　RPGツクールMV	
MAP93_e10_p0_42	しかし陛下からのどうしてもとのお達しだ。	
MAP93_e10_p0_421	　　　　　　　　製作総指揮　西園寺ハムカツ	
MAP93_e10_p0_423	　　　　　　　　　2019　エレサガ制作委員会	
MAP93_e10_p0_429	サンキューフォープレイング！！！！！！！！	
MAP93_e10_p0_432	このお話はこれでおしまいおしまい、だ！！！	
MAP93_e10_p0_435	しかし、二周目も用意した！！	
MAP93_e10_p0_436	基本的には一周目と同じなんだが…	
MAP93_e10_p0_437	難易度その他、幾つかイベントの変更もある！	
MAP93_e10_p0_440	いい意味でも、悪い意味でも何かが起こる！！	
MAP93_e10_p0_441	ふつーに読み逃した本や手に入れそこなった	
MAP93_e10_p0_442	アイテムを探してもいいかもね！！！	
MAP93_e10_p0_445	ではでは本当にこれで終わりーーー	
MAP93_e10_p0_446	もう一回始めちゃう？？	
MAP93_e10_p0_447	それとも終わりにしちゃう？？？？	
MAP93_e10_p0_45	お前の実績と…そしてこの戦いをくぐり抜けた	
MAP93_e10_p0_450	ここで終りにしてももう何も起こらないので、	
MAP93_e10_p0_451	どうせなら、一応二周目をはじめてセーブする	
MAP93_e10_p0_452	のを、オススメしておくぞ！！	
MAP93_e10_p0_46	その実力、お前の就任に誰も反対する者はない。	
MAP93_e10_p0_49	もちろんであります！！	
MAP93_e10_p0_493	そうか…　ざんねんだな………	
MAP93_e10_p0_494	残念だなあああああああああああ…………	
MAP93_e10_p0_497	でも、もしも気が変わったら…	
MAP93_e10_p0_498	クリア前のデータからまたクリアして…	
MAP93_e10_p0_499	二周目してくれてもいいんだからね！！	
MAP93_e10_p0_5	よくぞ戻った！　騎士ウィン！！	
MAP93_e10_p0_502	遊んでくれてありがとう！！！！！！！	
MAP93_e10_p0_503	ではでは………さらば！！	
MAP93_e10_p0_506	　　　　    エレサガ　Elemental Saga　完　！！	
MAP93_e10_p0_52	異論ありません！	
MAP93_e10_p0_55	ウィンなら誰も反対する奴なんていません！！	
MAP93_e10_p0_6	そして…　ピピン！！	
MAP93_e10_p0_64	…お、おい、何て顔をしているんだ、ウィン。	
MAP93_e10_p0_67	お前なら立派な騎士団長になる…	
MAP93_e10_p0_68	俺が保証する。	
MAP93_e10_p0_74	…お前、泣きそうな顔しているぞ…。	
MAP93_e10_p0_75	そんなに騎士団長になるのが嫌なのか…？	
MAP93_e10_p0_81	　　　　　　　　　　ウィンは頷いた！	Win nodded!
MAP93_e10_p0_84	フン…　ったく………	
MAP93_e10_p0_93	…陛下、ロイ騎士団長…	
MAP93_e10_p0_94	騎士ではない俺が、意見を言ってもいいか…？	
MAP93_e10_p0_97	…なんだ、ピピン？	
MAP93_e10_p1_100	申せ！　ピピン！	
MAP93_e10_p1_103	…俺は前から思っていた。	
MAP93_e10_p1_104	なぜ、継承者は必ず騎士団長にならねば	
MAP93_e10_p1_105	ならないのか…。	
MAP93_e10_p1_108	騎士団長は、兵たち全てをまとめあげ、	
MAP93_e10_p1_109	城や街の守りを日々管理、監督せねばならん…	
MAP93_e10_p1_110	身体よりも頭を使う仕事だ。	
MAP93_e10_p1_113	その点、継承者は、戦士であればいい。	
MAP93_e10_p1_114	いざとなったときに、闇の力と戦う為に、	
MAP93_e10_p1_115	強いものがならねばならん…それなら…	
MAP93_e10_p1_118	騎士団長と継承者は…求められる能力が違う	
MAP93_e10_p1_119	のだから、別々の者がやればいいと俺は思う。	
MAP93_e10_p1_122	ウィンはこのままで問題ない…。	
MAP93_e10_p1_123	頭もよく経験豊富なロイ…	
MAP93_e10_p1_124	あんたが騎士団長のままでいいだろう。	
MAP93_e10_p1_127	…ほう。	
MAP93_e10_p1_130	確かに…	
MAP93_e10_p1_131	騎士団長の仕事だけを考えれば、	
MAP93_e10_p1_132	継承者を無理に団長に据える必要はない！	
MAP93_e10_p1_137	…陛下	
MAP93_e10_p1_140	ちなみに、これはフレイム王も	
MAP93_e10_p1_141	言っていたことだ。	
MAP93_e10_p1_146	なに！？　フレイムの王が！？	
MAP93_e10_p1_149	フレイム王は俺に、火の紋章の継承者選びを	
MAP93_e10_p1_15	ウィンをはじめ、継承者の者たちの働きにより	
MAP93_e10_p1_150	俺に任せると言った…。	
MAP93_e10_p1_151	必ずしも王族が継承する必要はないと…。	
MAP93_e10_p1_154	つまり…いまや紋章は権力の象徴ではない…	
MAP93_e10_p1_155	本当に強く、持ち主が信頼できる者に受けつぐ	
MAP93_e10_p1_156	べきものだとな…。	
MAP93_e10_p1_16	見事、闇の復活は阻止された…	
MAP93_e10_p1_160	なるほどな…　お前の話、よくわかった。	
MAP93_e10_p1_166	こうなれば…陛下、よろしいですな。	
MAP93_e10_p1_169	うむ…　最早お前の好きにするがいい！	
MAP93_e10_p1_175	では、ウィンよ。	
MAP93_e10_p1_176	お前はいまのまま、継承者でありながら、	
MAP93_e10_p1_177	一般の騎士として勤めるがいい。	
MAP93_e10_p1_180	しかし、ピピンの担当していた騎士隊長の座が	
MAP93_e10_p1_181	空いている…　それをお前に任せる！	
MAP93_e10_p1_187	　　　　　　　　　　ウィンは頷いた	Win nodded
MAP93_e10_p1_19	よくやってくれたぞ！！	
MAP93_e10_p1_192	………よかったな、ウィン。	
MAP93_e10_p1_20	ウィン、ピピン！！	
MAP93_e10_p1_200	…話はついたようだな。	
MAP93_e10_p1_201	なら、俺はこれで失礼する。	
MAP93_e10_p1_202	陛下…　騎士団長…　色々世話になりました…	
MAP93_e10_p1_208	…がんばれよ、騎士隊長殿。	
MAP93_e10_p1_209	ん？…これからの俺について、気になるのか？	
MAP93_e10_p1_212	…暗黒大陸に行こうと思っている。	
MAP93_e10_p1_213	俺なら、闇の瘴気の影響も受けないしな。	
MAP93_e10_p1_214	あそこに他に何があるのかを調べたいんだ。	
MAP93_e10_p1_220	おいおい…心配するなよ…	
MAP93_e10_p1_221	俺を誰だと思ってるんだ？	
MAP93_e10_p1_227	じゃあな、ウィン。	
MAP93_e10_p1_239	どこへ行くつもりだ、騎士ピピン？	
MAP93_e10_p1_247	…なんだって？	...What did you say?
MAP93_e10_p1_250	話は終わっていない…	
MAP93_e10_p1_251	これは、お前の始めた話だ。	
MAP93_e10_p1_254	戦士である継承者と…頭脳を使う騎士団長は、	
MAP93_e10_p1_255	別のものが務める方がいいのだろう？	
MAP93_e10_p1_262	…ああ。	...Yeah.
MAP93_e10_p1_265	であれば…　俺と同じか…それ以上に	
MAP93_e10_p1_266	頭の切れる騎士がいる…	
MAP93_e10_p1_269	その者は頭がいいだけではなく、暗黒大陸に	
MAP93_e10_p1_270	ひとりで向かい、窮地の継承者たちを救い、	
MAP93_e10_p1_271	闇の復活を阻止した…実績も申し分ない騎士だ	
MAP93_e10_p1_274	…あんた、まさか…	
MAP93_e10_p1_277	…まさか？	
MAP93_e10_p1_278	何を言う…　お前の言葉に従えば、俺の判断も	
MAP93_e10_p1_279	至極当然のものだろう。	
MAP93_e10_p1_284	では…　陛下、お願いします。	
MAP93_e10_p1_287	うむ！！！！	
MAP93_e10_p1_29	闇の復活を阻止した継承者であるウィン！！	
MAP93_e10_p1_30	そなたの功績を称え、それに応えるには…	
MAP93_e10_p1_301	騎士ピピンを、ウィンダム騎士団長に命ずる！	
MAP93_e10_p1_306	…な…んだと…！？	
MAP93_e10_p1_312	ピピン…やってくれるな？	
MAP93_e10_p1_315	…いや、本当にいいのか…？	
MAP93_e10_p1_316	だって、俺は………	
MAP93_e10_p1_327	ウィン…	Win...
MAP93_e10_p1_33	お前を騎士団長に任命せねばなるまい！	
MAP93_e10_p1_330	騎士団長ピピン！！　継承者ウィン！！	
MAP93_e10_p1_331	ふたりでこれからも我がウィンダム王国を	
MAP93_e10_p1_332	支えてくれ！！	
MAP93_e10_p1_34	ウィンをこれより、ウィンダム騎士団長に	
MAP93_e10_p1_342	　　　　　　　　ウィンは大きく頷いた！！	
MAP93_e10_p1_345	…どうしてお前は…	
MAP93_e10_p1_346	そんなに嬉しそうなんだ…？　ウィン…	
MAP93_e10_p1_35	任命する！！	
MAP93_e10_p1_356	　　　　　　　制作ツール　ＲＰＧツクールＭＶ	
MAP93_e10_p1_360	　　　　　　　　　　使用プラグイン作者様	
MAP93_e10_p1_363	　　　　　   EnemyBreathing        Yana様	
MAP93_e10_p1_365	　　　　　　　  TurnWindow         Yana様	
MAP93_e10_p1_367	　　　　KZR_WindowStatusInBattle   ぶちょー様	
MAP93_e10_p1_369	　　　　　　BattleBalaneCustom   　木星ペンギン様	
MAP93_e10_p1_371	　　　　　PD_AdjustCharaSprite     しおいぬ様	
MAP93_e10_p1_373	　　　　　　　MakeScreenCapture　　トリアコンタン様	
MAP93_e10_p1_375	　　　　　　　　　　RetryBattle　　トリアコンタン様	
MAP93_e10_p1_377	           UCHU_MobileOperation    uchuzine様	
MAP93_e10_p1_380	　　　　　　　　　使用タイルセット作者様	
MAP93_e10_p1_382	　　　　　　　　MV_hc_tilesets　　　リクドウ様	
MAP93_e10_p1_384	　　　　　　　　　　和風素材　　　　コミュ将様	
MAP93_e10_p1_387	　　　　主人公たちの顔グラフィック　文目ゆうき様	
MAP93_e10_p1_393	　　　　　　　　　　　【エレサガ大王】	
MAP93_e10_p1_394	　　　　　　　　　　　　むにゃ　様	
MAP93_e10_p1_395	　　　　　　(はじまりの二周目裏ボス撃破したもの)	
MAP93_e10_p1_404	　　　　　　　　　　　オリジナル版	
MAP93_e10_p1_406	　　　　　　　2002年　エレメンタルストーリー	
MAP93_e10_p1_408	　　　　　　　　制作ツール　RPGツクール5	
MAP93_e10_p1_41	…急ですまんな、ウィン。	
MAP93_e10_p1_413	　　　　　　　　　　　　リメイク版	
MAP93_e10_p1_415	　　　　　　2019年　エレサガ　Elemental Saga　	
MAP93_e10_p1_417	　　　　　　　　制作ツール　RPGツクールMV	
MAP93_e10_p1_42	しかし陛下からのどうしてもとのお達しだ。	
MAP93_e10_p1_421	　　　　　　　　製作総指揮　西園寺ハムカツ	
MAP93_e10_p1_423	　　　　　　　　　2019　エレサガ制作委員会	
MAP93_e10_p1_429	サンキューフォープレイング！！！！！！！！	
MAP93_e10_p1_432	このお話はこれでおしまいおしまい、だ！！！	
MAP93_e10_p1_435	しかし、実は３周目も用意した！！	
MAP93_e10_p1_436	でも今度は変更はない！！はず！！！！	
MAP93_e10_p1_439	レベル９９にして作者にすくしょを見せよう！	
MAP93_e10_p1_440	とかを本気にしちゃったちょっとおかしなひと	
MAP93_e10_p1_441	向け…かも知れない…	
MAP93_e10_p1_444	ではではまたまたこれで終わりーーー	
MAP93_e10_p1_445	もう一回始めちゃう？？	
MAP93_e10_p1_446	それとも終わりにしちゃう？？？？	
MAP93_e10_p1_449	ここで終りにしてももう何も起こらないので、	
MAP93_e10_p1_45	お前の実績と…そしてこの戦いをくぐり抜けた	
MAP93_e10_p1_450	どうせなら、一応三周目をはじめてセーブする	
MAP93_e10_p1_451	のを、オススメしておくぞ！！	
MAP93_e10_p1_46	その実力、お前の就任に誰も反対する者はない。	
MAP93_e10_p1_49	もちろんであります！！	
MAP93_e10_p1_492	そうか…　ざんねんだな………	
MAP93_e10_p1_493	残念だなあああああああああああ…………	
MAP93_e10_p1_496	でも、もしも気が変わったら…	
MAP93_e10_p1_497	クリア前のデータからまたクリアして…	
MAP93_e10_p1_498	３周目してくれてもいいんだからね！！	
MAP93_e10_p1_5	よくぞ戻った！　騎士ウィン！！	
MAP93_e10_p1_501	遊んでくれてありがとう！！！！！！！	
MAP93_e10_p1_502	ではでは………さらば！！	
MAP93_e10_p1_505	　　　　    エレサガ　Elemental Saga　完　！！	
MAP93_e10_p1_52	異論ありません！	
MAP93_e10_p1_55	ウィンなら誰も反対する奴なんていません！！	
MAP93_e10_p1_6	そして…　ピピン！！	
MAP93_e10_p1_64	…お、おい、何て顔をしているんだ、ウィン。	
MAP93_e10_p1_67	お前なら立派な騎士団長になる…	
MAP93_e10_p1_68	俺が保証する。	
MAP93_e10_p1_74	…お前、泣きそうな顔しているぞ…。	
MAP93_e10_p1_75	そんなに騎士団長になるのが嫌なのか…？	
MAP93_e10_p1_81	　　　　　　　　　　ウィンは頷いた！	Win nodded!
MAP93_e10_p1_84	フン…　ったく………	
MAP93_e10_p1_93	…陛下、ロイ騎士団長…	
MAP93_e10_p1_94	騎士ではない俺が、意見を言ってもいいか…？	
MAP93_e10_p1_97	…なんだ、ピピン？	
MAP93_e12_p0_2	ここから先は、ウィンダム王とお妃さまの	Past here are the bedchambers of King Windam and his queen...
MAP93_e12_p0_3	寝室だぜ　…って、	hey, you know—
MAP93_e12_p0_4	お前そんなこと知ってるだろ。あっち行った。	you already know that. Let's go.
MAP93_e1_p0_2	ここから先は、ウィンダム王とお妃さまの	Past here are the bedchambers of King Windam and his queen...
MAP93_e1_p0_3	寝室だぜ　…って、	hey, you know—
MAP93_e1_p0_4	お前そんなこと知ってるだろ。あっち行った。	you already know that. Let's go.
MAP93_e4_p0_2	ここから先は、ウィンダム王とお妃さまの	Past here are the bedchambers of King Windam and his queen...
MAP93_e4_p0_3	寝室だぜ　…って、	hey, you know—
MAP93_e4_p0_4	お前そんなこと知ってるだろ。あっち行った。	you already know that. Let's go.
MAP93_e5_p0_12	どこの自称天才さんの話だ？おい？	Who's this self-proclaimed genius, huh?
MAP93_e5_p0_15	げっ！いたのかピピン！！	Gah! Pipin, you're here!!
MAP93_e5_p0_16	ま、とりあえず、ウィン！がんばれよ！	Well, anyway, Win! Do your best!
MAP93_e5_p0_17	…ピピンもな。	...You too, Pipin.
MAP93_e5_p0_2	よう、ウィン。最近どうだ？	Yo, Win. How's it going?
MAP93_e5_p0_22	なんだなんだ、騎士学校トップで卒業した	What's this? You graduated top of the knight academy,
MAP93_e5_p0_23	お前が、そんなパッとしない顔して。	and you're wearing such a dull face.
MAP93_e5_p0_24	最近実家のパン食べてないのか？	Haven't been eating your folks' bread lately?
MAP93_e5_p0_7	そりゃあよかった！俺はお前ならきっと	Glad to hear it! I'm sure you'll
MAP93_e5_p0_8	騎士団長になると思ってるんだ。	become Knight Commander one day.
MAP93_e5_p0_9	あんな性格の悪い自称天才でなく…	Not some mean-spirited self-proclaimed genius like that guy...
MAP93_e5_p1_13	そうか…。	I see...
MAP93_e5_p1_14	俺はてっきりケンカでもしたのかと。	I figured you two had gotten into a fight.
MAP93_e5_p1_2	よう、ウィン。あれ、ピピンは…	Yo, Win. Huh, where's Pipin...
MAP93_e5_p1_7	うんてウィン…	Umm, Win...
MAP93_e5_p1_8	なんだお前ら、ケンカしたかー？	What's this, you two fighting?
MAP93_e5_p2_14	ちがうってなんだよ…	It's not what you think...
MAP93_e5_p2_15	おい！手を隠すなって！	Hey! Don't hide your hand!
MAP93_e5_p2_2	ウィン、聞いたぞ！	Win, I heard!
MAP93_e5_p2_3	おまえ…　紋章を継承したって…！	You... inherited the crest...!
MAP93_e5_p2_8	てことはお前…将来の騎士団長じゃねえか…	That means you... you're gonna be Knight Commander someday...
MAP93_e5_p2_9	出世早すぎるだろ！すげえな！	Talk about a fast promotion! Amazing!
MAP93_e6_p0_12	ああ。	Yeah.
MAP93_e6_p0_15	…それなら安心だ。	...Then I'm relieved.
MAP93_e6_p0_16	ピピンと一緒なら、ウィンも色々勉強に	With Pipin alongside you, Win will learn a great deal.
MAP93_e6_p0_17	なるだろう。ピピン、ウィンをよろしくな。	Pipin, take good care of Win.
MAP93_e6_p0_2	…仕事か？	...More work?
MAP93_e6_p0_22	なんでだ！仕事だろう！？	Why!? It's a mission, right!?
MAP93_e6_p0_23	まさかウイン、	Don't tell me, Win,
MAP93_e6_p0_24	お前、陛下の話を聞いてなかったのか！？	you weren't listening to His Majesty!?
MAP93_e6_p0_27	俺も聞いていた、仕事だよな？ウィン。	I heard it too. It's a mission, right, Win?
MAP93_e6_p0_28	知っていて聞いた俺が悪かったよ。	Fine, my bad for asking when I already knew.
MAP93_e6_p0_29	…しかしピピンは怒り過ぎだ。うるさい。	...But Pipin's overreacting. So loud.
MAP93_e6_p0_32	…クッ	...Ugh
MAP93_e6_p0_33	どうして俺が怒られたんだ…	Why did I get scolded...
MAP93_e6_p0_7	人食いの獣が住み着いたっていう、	A man-eating beast has moved in there, you said?
MAP93_e6_p0_8	西の監視塔か。	The West Watchtower, huh.
MAP93_e6_p0_9	ピピンも一緒なんだな？	Pipin's coming along, right?
MAP93_e6_p1_14	なら、なんでそんな難しい顔をしてるんだ？	Then why the long face?
MAP93_e6_p1_15	なあ、もしつらいことがあったら、	Hey, if something's weighing on you,
MAP93_e6_p1_16	ひとりで抱え込むんじゃないぞ…？	don't shoulder it alone, alright...?
MAP93_e6_p1_2	…また仕事か？	...Work again?
MAP93_e6_p1_7	どんな仕事かはあえて聞かないさ。	I won't bother asking what it is.
MAP93_e6_p1_8	しかし、ウィン、お前なんだか顔つきが	But Win, your expression seems different
MAP93_e6_p1_9	変わったな…。	somehow...
MAP93_e6_p2_14	すまん、冗談さ、ウィン。	Sorry, just kidding, Win.
MAP93_e6_p2_15	闇のエレメントの復活…	The revival of the Dark Element...
MAP93_e6_p2_16	止めてくれよ。お前なら、きっと出来るさ。	Come on. You've got this, I'm sure.
MAP93_e6_p2_2	これはこれは次期騎士団長どの…	Well, well, if it isn't the future Knight Commander...
MAP93_e6_p2_3	紋章の継承おめでとうございます	Congratulations on inheriting the crest
MAP93_e6_p2_8	浮かれている場合か、若造。	This is no time to be giddy, boy.
MAP93_e6_p2_9	…がんばれよ。	...Do your best.
MAP93_e8_p0_12	ああ。	Yeah.
MAP93_e8_p0_15	…それなら安心だ。	...Then I'm relieved.
MAP93_e8_p0_16	ピピンと一緒なら、ウィンも色々勉強に	With Pipin alongside you, Win will learn a great deal.
MAP93_e8_p0_17	なるだろう。ピピン、ウィンをよろしくな。	Pipin, take good care of Win.
MAP93_e8_p0_2	…仕事か？	...More work?
MAP93_e8_p0_22	なんでだ！仕事だろう！？	Why!? It's a mission, right!?
MAP93_e8_p0_23	まさかウイン、	Don't tell me, Win,
MAP93_e8_p0_24	お前、陛下の話を聞いてなかったのか！？	you weren't listening to His Majesty!?
MAP93_e8_p0_27	俺も聞いていた、仕事だよな？ウィン。	I heard it too. It's a mission, right, Win?
MAP93_e8_p0_28	知っていて聞いた俺が悪かったよ。	Fine, my bad for asking when I already knew.
MAP93_e8_p0_29	…しかしピピンは怒り過ぎだ。うるさい。	...But Pipin's overreacting. So loud.
MAP93_e8_p0_32	…クッ	...Ugh
MAP93_e8_p0_33	どうして俺が怒られたんだ…	Why did I get scolded...
MAP93_e8_p0_7	人食いの獣が住み着いたっていう、	A man-eating beast has moved in there, you said?
MAP93_e8_p0_8	西の監視塔か。	The West Watchtower, huh.
MAP93_e8_p0_9	ピピンも一緒なんだな？	Pipin's coming along, right?
MAP93_e8_p1_14	なら、なんでそんな難しい顔をしてるんだ？	Then why the long face?
MAP93_e8_p1_15	なあ、もしつらいことがあったら、	Hey, if something's weighing on you,
MAP93_e8_p1_16	ひとりで抱え込むんじゃないぞ…？	don't shoulder it alone, alright...?
MAP93_e8_p1_2	…また仕事か？	...Work again?
MAP93_e8_p1_7	どんな仕事かはあえて聞かないさ。	I won't bother asking what it is.
MAP93_e8_p1_8	しかし、ウィン、お前なんだか顔つきが	But Win, your expression seems different
MAP93_e8_p1_9	変わったな…。	somehow...
MAP93_e8_p2_14	すまん、冗談さ、ウィン。	Sorry, just kidding, Win.
MAP93_e8_p2_15	闇のエレメントの復活…	The revival of the Dark Element...
MAP93_e8_p2_16	止めてくれよ。お前なら、きっと出来るさ。	Come on. You've got this, I'm sure.
MAP93_e8_p2_2	これはこれは次期騎士団長どの…	Well, well, if it isn't the future Knight Commander...
MAP93_e8_p2_3	紋章の継承おめでとうございます	Congratulations on inheriting the crest
MAP93_e8_p2_8	浮かれている場合か、若造。	This is no time to be giddy, boy.
MAP93_e8_p2_9	…がんばれよ。	...Do your best.
MAP93_e9_p0_12	ああ。	Yeah.
MAP93_e9_p0_15	…それなら安心だ。	...Then I'm relieved.
MAP93_e9_p0_16	ピピンと一緒なら、ウィンも色々勉強に	With Pipin alongside you, Win will learn a great deal.
MAP93_e9_p0_17	なるだろう。ピピン、ウィンをよろしくな。	Pipin, take good care of Win.
MAP93_e9_p0_2	…仕事か？	...More work?
MAP93_e9_p0_22	なんでだ！仕事だろう！？	Why!? It's a mission, right!?
MAP93_e9_p0_23	まさかウイン、	Don't tell me, Win,
MAP93_e9_p0_24	お前、陛下の話を聞いてなかったのか！？	you weren't listening to His Majesty!?
MAP93_e9_p0_27	俺も聞いていた、仕事だよな？ウィン。	I heard it too. It's a mission, right, Win?
MAP93_e9_p0_28	知っていて聞いた俺が悪かったよ。	Fine, my bad for asking when I already knew.
MAP93_e9_p0_29	…しかしピピンは怒り過ぎだ。うるさい。	...But Pipin's overreacting. So loud.
MAP93_e9_p0_32	…クッ	...Ugh
MAP93_e9_p0_33	どうして俺が怒られたんだ…	Why did I get scolded...
MAP93_e9_p0_7	人食いの獣が住み着いたっていう、	A man-eating beast has moved in there, you said?
MAP93_e9_p0_8	西の監視塔か。	The West Watchtower, huh.
MAP93_e9_p0_9	ピピンも一緒なんだな？	Pipin's coming along, right?
MAP93_e9_p1_14	なら、なんでそんな難しい顔をしてるんだ？	Then why the long face?
MAP93_e9_p1_15	なあ、もしつらいことがあったら、	Hey, if something's weighing on you,
MAP93_e9_p1_16	ひとりで抱え込むんじゃないぞ…？	don't shoulder it alone, alright...?
MAP93_e9_p1_2	…また仕事か？	...Work again?
MAP93_e9_p1_7	どんな仕事かはあえて聞かないさ。	I won't bother asking what it is.
MAP93_e9_p1_8	しかし、ウィン、お前なんだか顔つきが	But Win, your expression seems different
MAP93_e9_p1_9	変わったな…。	somehow...
MAP93_e9_p2_14	すまん、冗談さ、ウィン。	Sorry, just kidding, Win.
MAP93_e9_p2_15	闇のエレメントの復活…	The revival of the Dark Element...
MAP93_e9_p2_16	止めてくれよ。お前なら、きっと出来るさ。	Come on. You've got this, I'm sure.
MAP93_e9_p2_2	これはこれは次期騎士団長どの…	Well, well, if it isn't the future Knight Commander...
MAP93_e9_p2_3	紋章の継承おめでとうございます	Congratulations on inheriting the crest
MAP93_e9_p2_8	浮かれている場合か、若造。	This is no time to be giddy, boy.
MAP93_e9_p2_9	…がんばれよ。	...Do your best.
MAP96_e1_p0_1	　　　　　ここからは正体不明の世界の	
MAP96_e1_p0_10	　　　　　　　まず火の紋章の継承者を	
MAP96_e1_p0_11	　　　　　　　　選んでください	
MAP96_e1_p0_13	ホノオ　　…　バランス型　素早さと力がやや高め	
MAP96_e1_p0_14	フレイム王…　パワー型　力と体力多め	
MAP96_e1_p0_15	ホムラ　　…　魔力型　魔力高め　他低め	
MAP96_e1_p0_2	　　　不可思議なダンジョンをひたすら進む	
MAP96_e1_p0_26	　　　　　　次に水の紋章の継承者を選んでください	
MAP96_e1_p0_28	ナガレ　…　パワー型　力とぼうぎょ高め	
MAP96_e1_p0_29	シズク　…　魔力型　魔力高め　他低め　	
MAP96_e1_p0_3	　　　　　　　　ことになります	
MAP96_e1_p0_30	オタキ　…　バランス型　力と魔力高め	
MAP96_e1_p0_41	　　　　次に風の紋章の継承者を選んでください	
MAP96_e1_p0_43	ウィン　…　スピード型　素早さと会心率、回避率高め	
MAP96_e1_p0_44	ロイ　　…　バランス型　力と魔力高め	
MAP96_e1_p0_45	サクソン…　パワー型　力と体力多め	
MAP96_e1_p0_56	　　　最後に継承者ではないメンバーを選んでください	
MAP96_e1_p0_58	ピピン　…　バランス型　力素早さ魔力など高め	
MAP96_e1_p0_59	ウィンダム王…　パワー型　力と体力高め	
MAP96_e1_p0_6	　　　　　　攻略メンバー４人を選んでください	
MAP96_e1_p0_60	トリカゼ　…　スピード型　力と素早さ高め	
MAP96_e1_p0_61	マハリ　…　魔力型　魔力と素早さ高め	
MAP96_e1_p0_7	　　　　　　　メンバーは途中で変更できません	
MAP97_e5_p0_1	傷薬を　１個　手に入れた！	Obtained a Healing Herb!
MAP97_e5_p1_1	持ち出して役に立つようなものは何も見つけられなかった…	There was nothing worth taking with us...
MAP97_e6_p0_5	なんちゅう荒れっぷりだ…	What a disaster zone...
MAP97_e6_p0_6	放置してから数カ月どころじゃないぞ、これは	This place has been abandoned for way more than a few months.
MAP97_e7_p0_10	1000\\G 手に入れた！	
MAP99_e3_p0_1	持ち出して役に立つようなものは何も見つけられなかった…	There was nothing worth taking with us...
MAP100_e3_p0_11	…なんだいまの化け物は…	...What was that monster...
MAP100_e3_p0_12	ぜんぜんドッグじゃなかったぞ…！？	
MAP100_e3_p0_15	ウィン、中々やるじゃないか…お前。	
MAP100_e3_p0_20	それよりも…　最上階から物音がする。	Anyway... there's a noise from the top floor.
MAP100_e3_p0_21	誰かいるかも知れない。調査するぞ。	Someone might be there. Let's investigate.
MAP100_e3_p0_28	おい、お前、本気で言っているのか？	Hey, are you serious?
MAP100_e3_p0_29	自分の力の程度も把握できていないとはな…。	You don't even know your own strength...
MAP100_e3_p0_30	先が思いやられる奴だぜ…。	What a worrying guy...
MAP100_e3_p0_33	それよりも…　最上階から物音がする。	Anyway... there's a noise from the top floor.
MAP100_e3_p0_34	誰かいるかも知れない。調査するぞ。	Someone might be there. Let's investigate.
MAP100_e3_p0_6	…犬の声？	...A dog's bark?
MAP100_e3_p0_7	どこにいるんだ？　　　うわっ！	Where is it?    Whoa!
MAP100_e4_p0_1	万金丹を　１個　手に入れた！	Obtained a Mankintan!
MAP100_e4_p1_1	持ち出して役に立つようなものは何も見つけられなかった…	There was nothing worth taking with us...
MAP100_e5_p0_10	力のエレメントを手に入れた！	
MAP101_e10_p0_10	水のエレメントを手に入れた！	
MAP101_e11_p0_10	守りのエレメントを手に入れた！	
MAP101_e6_p0_13	おい、なんでこんなに明るいんだ。	Hey, why is it so bright in here?
MAP101_e6_p0_14	真っ暗闇って話だったはずだが…。	I thought this place was supposed to be pitch black...
MAP101_e6_p0_17	ああ、それならオレとウィンの紋章を	Oh, that's because my crest and Win's
MAP101_e6_p0_18	光らせてるからだ。	are shining.
MAP101_e6_p0_21	え…？	Huh...?
MAP101_e6_p0_23	…そうなのか？	...Is that so?
MAP101_e6_p0_29	　　　　　　　　　　　ウィンは頷いた	Win nodded
MAP101_e6_p0_32	あ、そう…　べ、便利だな…	O-Oh... H-Handy, huh...
MAP101_e6_p1_13	おい、なんでこんなに明るいんだ。	Hey, why is it so bright in here?
MAP101_e6_p1_14	真っ暗闇って話だったはずだが…。	I thought this place was supposed to be pitch black...
MAP101_e6_p1_17	ああ、それならオレとウィンの紋章を	Oh, that's because my crest and Win's
MAP101_e6_p1_18	光らせてるからだ。	are shining.
MAP101_e6_p1_21	え…？	Huh...?
MAP101_e6_p1_23	…そうなのか？	...Is that so?
MAP101_e6_p1_29	　　　　　　　　　　　ウィンは頷いた	Win nodded
MAP101_e6_p1_32	あ、そう…　べ、便利だな…	O-Oh... H-Handy, huh...
MAP101_e6_p1_35	しっかし…　かなり魔物の気配がするぜ…	
MAP101_e6_p1_36	明るいからって油断すんなよー…	
MAP101_e7_p0_11	で…　どうすんだこれ…。	
MAP101_e7_p0_12	落っこちるのかよ…？	
MAP101_e7_p0_15	当たり前だろう？	
MAP101_e7_p0_16	落っこちながら龍の頭に、	
MAP101_e7_p0_17	みんなで剣をぶっ刺すのさ！	
MAP101_e7_p0_2	例の落っこちると龍がいるって穴…	
MAP101_e7_p0_20	いやいやいやいや…	
MAP101_e7_p0_21	本気で言ってるのか冗談なのか分からんから…	
MAP101_e7_p0_24	…もちろん冗談だよ。	
MAP101_e7_p0_25	屋敷から長い縄を持ってきてる。	
MAP101_e7_p0_26	これを伝って降りるぞ。	
MAP101_e7_p0_29	あ、そうですか…。	
MAP101_e7_p0_3	これだろうな…。	
MAP101_e7_p0_30	しかしそれだって、十分におっかねえなー…。	
MAP101_e7_p0_37	…結構降りたが…まだ全然下が見えねえぞ。	
MAP101_e7_p0_40	…水の者だかなんだかも、	
MAP101_e7_p0_41	落っこちながら考え事をしていたらしいから、	
MAP101_e7_p0_42	相当に深い穴なんだろうな。	
MAP101_e7_p0_47	少しひかりが見えてきた…！	
MAP101_e7_p0_48	そろそろ着くみたいだぞ！	
MAP101_e7_p0_51	…やっとかー	
MAP101_e7_p0_52	ちょっと待て…　	
MAP101_e7_p0_53	…なんか下から話し声がしねえか…？	
MAP101_e7_p0_56	………本当だ。	
MAP101_e7_p0_57	…龍じゃなくてひとがいる？	
MAP101_e7_p0_58	龍が話す？そうだとしても、誰と…？	
MAP101_e7_p0_6	そうだろうな。	
MAP101_e7_p0_61	あっ！！	Ah!!
MAP101_e7_p0_64	おわーーーっ！？	
MAP101_e7_p0_65	お、おちるーーーー！！！！	
MAP101_e7_p0_7	他にそれらしい穴はなかった…	
MAP101_e7_p0_8	間違いないだろう。	
MAP101_e8_p0_2	穴が見えてきた…	
MAP101_e8_p0_3	きっとあれに落ちたら龍がいる…。	
MAP101_e8_p0_4	みんな、気を引き締めた方がいい。	
MAP101_e9_p0_10	にっかり青江を手に入れた！	
MAP102_e10_p1_11	「誰だっオマエは！？	"""Who the heck are you!?"""
MAP102_e10_p1_13	「うるさい！！問答無用だああああああ	
MAP102_e10_p1_15	バンデッド	Bandit
MAP102_e10_p1_16	「いまの俺なら、もうお前たちには負けん！！	
MAP102_e10_p1_17	　かかってこい！！！	
MAP102_e10_p1_2	バンデッド	Bandit
MAP102_e10_p1_22	バンデッド	Bandit
MAP102_e10_p1_23	「いいか…　終わりじゃない…	"""Listen... this isn't the end..."
MAP102_e10_p1_24	　俺は何度でも蘇って…お前らの前に現れる！	 I'll be reborn again and again... and appear before you!
MAP102_e10_p1_25	　何度でもだ…　　　　　ぐはあッ！！！！	 Again and again... GWAH!!!!
MAP102_e10_p1_3	「待っていたぞ！！	
MAP102_e10_p1_4	　俺は何度でも蘇る！！	
MAP102_e10_p1_8	「だ、誰だ…！？	"""Wh-Who are you...!?"""
MAP102_e11_p0_10	ドラゴンバスターを手に入れた！	
MAP102_e12_p0_11	藤四郎（大業物）を手に入れた！	
MAP102_e13_p0_11	村雨を手に入れた！	
MAP102_e14_p0_10	50000\\G 手に入れた！	
MAP102_e1_p0_10	ロングソード（匠）を手に入れた！	
MAP102_e2_p0_11	骨喰みを手に入れた！	
MAP102_e3_p0_2	　　　　ハヤテを使えば目的地にすぐに行けるな	If we use Hayate, we'll reach our destination in no time.
MAP102_e3_p0_3	　　　　　　　　…と、ウィンは思った	...Win thought to himself.
MAP102_e4_p0_2	　　　　ハヤテを使えば目的地にすぐに行けるな	If we use Hayate, we'll reach our destination in no time.
MAP102_e4_p0_3	　　　　　　　　…と、ウィンは思った	...Win thought to himself.
MAP102_e5_p0_2	　　　　ハヤテを使えば目的地にすぐに行けるな	If we use Hayate, we'll reach our destination in no time.
MAP102_e5_p0_3	　　　　　　　　…と、ウィンは思った	...Win thought to himself.
MAP102_e6_p0_12	まー、どのみちここまで来といて、	
MAP102_e6_p0_13	今更引き返すつもりはねーけど。	
MAP102_e6_p0_16	ウィン、どうする？	
MAP102_e6_p0_17	入っちまってもいいかー？	
MAP102_e6_p0_2	…ここから先は、進んだら全てが終わるまで、	
MAP102_e6_p0_22	よっしゃー！	Alright!
MAP102_e6_p0_23	じゃあいくかーーーー！	Then let's go—!
MAP102_e6_p0_3	もう戻れない気がするな…。	
MAP102_e6_p0_30	確かに…　薬とか、もっと買っておいた方が	
MAP102_e6_p0_31	いいかも。	
MAP102_e6_p0_6	なんだよそれ、カンか？	
MAP102_e6_p0_9	そうだよ。	
MAP102_e6_p1_2	よっしゃー！	Alright!
MAP102_e6_p1_3	じゃあいくかーーーー！	Then let's go—!
MAP102_e7_p0_13	おいおい…　なんだよココは！	
MAP102_e7_p0_14	街…？　いや、城…？　があったのか…？	
MAP102_e7_p0_17	この地は未開の、無人の地のはずだ…	
MAP102_e7_p0_18	もっと大昔にはここにひとが住んでいたのか？	
MAP102_e7_p0_21	なんか建物とかも…見た事ねえ感じだ。	
MAP102_e7_p0_22	オレらもしかして、歴史上の大発見してる…？	
MAP102_e7_p0_25	そうかもな。	
MAP102_e8_p0_11	藤四郎を手に入れた！	
MAP102_e9_p0_10	グレートソード（匠）を手に入れた！	
